Unity Editor version:    6000.5.9f1 (b57deb96f08d)
Branch:                  6000.5/staging
Build type:              Release
Batch mode:              YES
macOS version:           Version 26.6.2 (Build 25G83)
Darwin version:          25.6.0
Architecture:            arm64
Running under Rosetta:   NO
Available memory:        16384 MB
Date:                    2026-09-01T06:02:15Z
[Licensing::Module] Trying to connect to existing licensing client channel...
[Licensing::IpcConnector] Successfully connected to: "LicenseClient-raghavarun" at "2026-09-01T06:02:15.66253Z"

COMMAND LINE ARGUMENTS:
/Applications/Unity/Hub/Editor/6000.5.9f1/Unity.app/Contents/MacOS/Unity
-adb2
-batchMode
-noUpm
-name
AssetImportWorkerHW0
-projectPath
/Users/raghavarun/FirstCardboardExperience
-logFile
Logs/AssetImportWorkerHW0.log
-srvPort
49799
-parentPid
6183
-analyticsCloudUserId
anonymous
-analyticsCloudProjectId
d35c4c8e-6878-458c-acd3-1c87f775f9e6
-analyticsLocalProjectId
7c210cdf8058f4333be6ec4abf868883
-editorAnalyticsEnabled
1
-cbmEditorLicense
8a479e30f61be197078c3bde9e2185f7623b18f7
-cbmMachineId
fkxImH8ZEJHnkoR+254FxgJakgw=
-licensingIpc
LicenseClient-raghavarun
-noDiagnosticSwitchPersistentStore
-job-worker-count
3
-background-job-worker-count
8
-asset-garbage-collectors
1
-force-metal
-name AssetImport
Successfully changed project path to: /Users/raghavarun/FirstCardboardExperience
/Users/raghavarun/FirstCardboardExperience
[UnityMemory] Configuration Parameters - Can be set up in boot.config
    "memorysetup-temp-allocator-size-gi-baking-worker=262144"
    "memorysetup-temp-allocator-size-gi-baking-worker=262144"
    "memorysetup-temp-allocator-size-gi-baking-worker=262144"
    "memorysetup-temp-allocator-size-gi-baking-worker=262144"
    "memorysetup-temp-allocator-size-gi-baking-worker=262144"
    "memorysetup-temp-allocator-size-nav-mesh-worker=65536"
    "memorysetup-temp-allocator-size-audio-worker=65536"
    "memorysetup-temp-allocator-size-cloud-worker=32768"
    "memorysetup-allocator-temp-initial-block-size-main=262144"
    "memorysetup-allocator-temp-initial-block-size-worker=262144"
    "memorysetup-temp-allocator-size-preload-manager=33554432"
    "memorysetup-remapper-allocator-initial-capacity=32768"
    "memorysetup-temp-allocator-size-gfx=262144"
    "memorysetup-temp-allocator-size-background-worker=32768"
    "memorysetup-temp-allocator-size-job-worker=262144"
    "memorysetup-bucket-allocator-granularity=16"
    "memorysetup-bucket-allocator-bucket-count=8"
    "memorysetup-bucket-allocator-block-size=33554432"
    "memorysetup-bucket-allocator-block-count=8"
    "memorysetup-main-allocator-block-size=16777216"
    "memorysetup-thread-allocator-block-size=16777216"
    "memorysetup-main-allocator-mimalloc-enabled=0"
    "memorysetup-gfx-main-allocator-block-size=16777216"
    "memorysetup-gfx-thread-allocator-block-size=16777216"
    "memorysetup-cache-allocator-block-size=4194304"
    "memorysetup-typetree-allocator-block-size=2097152"
    "memorysetup-profiler-bucket-allocator-granularity=16"
    "memorysetup-profiler-bucket-allocator-bucket-count=8"
    "memorysetup-profiler-bucket-allocator-block-size=33554432"
    "memorysetup-profiler-bucket-allocator-block-count=8"
    "memorysetup-profiler-allocator-block-size=16777216"
    "memorysetup-profiler-editor-allocator-block-size=1048576"
    "memorysetup-temp-allocator-size-main=16777216"
    "memorysetup-job-temp-allocator-block-size=2097152"
    "memorysetup-job-temp-allocator-block-size-background=1048576"
    "memorysetup-job-temp-allocator-reduction-small-platforms=262144"
Player connection [8383504768]  Target information:

Player connection [8383504768]  * "[IP] 192.168.1.245 [Port] 0 [Flags] 2 [Guid] 4213241502 [EditorId] 4213241502 [Version] 1048832 [Id] OSXEditor(0,Raghavs-MacBook-Air-6.local) [Debug] 1 [PackageName] OSXEditor [ProjectName] Editor" 

Player connection [8383504768]  * "[IP] 169.254.95.242 [Port] 0 [Flags] 2 [Guid] 4213241502 [EditorId] 4213241502 [Version] 1048832 [Id] OSXEditor(0,Raghavs-MacBook-Air-6.local) [Debug] 1 [PackageName] OSXEditor [ProjectName] Editor" 

Player connection [8383504768] Host joined multi-casting on [225.0.0.222:54997]...
Player connection [8383504768] Host joined alternative multi-casting on [225.0.0.222:34997]...
JobSystem: Creating JobQueue using job-worker-count value 3
Input System module state changed to: Initialized.
[Physics::Module] Initialized fallback backend.
[Physics::Module] Id: 0xdecafbad
Library Redirect Path: Library/
[Licensing::Client] Error: HandshakeResponse reported an error:
	ResponseCode: 505
	ResponseStatus: Unsupported protocol version '1.18.3'.
[Licensing::Module] Error: Failed to handshake to channel: "LicenseClient-raghavarun"
[Licensing::IpcConnector] LicenseClient-raghavarun channel disconnected successfully.
[Licensing::IpcConnector] Successfully connected to: "LicenseClient-raghavarun-6000.5.9" at "2026-09-01T06:02:16.224238Z"
[Physics::Module] Selected backend.
[Physics::Module] Name: PhysX
[Physics::Module] Id: 0xf2b8ea05
[Physics::Module] SDK Version: 4.1.2
[Physics::Module] Integration Version: 1.0.0
[Physics::Module] Threading Mode: Multi-Threaded
[Licensing::Module] Licensing is not yet initialized.
[Licensing::Client] Handshaking with LicensingClient:
  Version:                 1.18.3+d7ffd15
  Session Id:              c6a1aeecbdfa457ab0058f0e58a96180
  Correlation Id:          c437f337561b0a95036a72c0dd70b710
  External correlation Id: 2862834089842238848
  Machine Id:              fkxImH8ZEJHnkoR+254FxgJakgw=
[Licensing::Module] Successfully connected to LicensingClient on channel: "LicenseClient-raghavarun-6000.5.9" (connect: 0.00s, validation: 0.00s, handshake: 0.42s)
[Licensing::IpcConnector] Successfully connected to: "LicenseClient-raghavarun-6000.5.9-notifications" at "2026-09-01T06:02:16.642874Z"
[Licensing::Module] Licensing Background thread has ended after 0.98s
[Licensing::Module] Licensing is initialized (took 0.41s).
[Licensing::Client] Successfully resolved entitlement details
[Licensing::Module] License group:
  Id: 2476031991391-UnityPersXXXX
  Product: Unity Personal
  Type: Assigned
  Expiration: Unlimited
Refreshing native plugins compatible for Editor in 2.45 ms, found 3 plugins.
Initialize engine version: 6000.5.9f1 (b57deb96f08d)
[Subsystems] Discovering subsystems at path /Applications/Unity/Hub/Editor/6000.5.9f1/Unity.app/Contents/Resources/UnitySubsystems
[Subsystems] Discovering subsystems at path /Users/raghavarun/FirstCardboardExperience/Assets
Forcing GfxDevice: Metal
GfxDevice: creating device client; kGfxThreadingModeNonThreaded
 preferred device: Apple M2 (high power)
Metal devices available: 1
0: Apple M2 (high power)
Using device Apple M2 (high power)
Initializing Metal device caps: Apple M2
Mac GPU Family: 2
Apple GPU Family: 8
MSL Version: 3.0
Has Float MSAA: 1
Has Float Filtering: 1
ReadWrite Texture Tier: 2
Initialize mono
Mono path[0] = '/Applications/Unity/Hub/Editor/6000.5.9f1/Unity.app/Contents/Resources/Scripting/Managed'
Mono path[1] = '/Applications/Unity/Hub/Editor/6000.5.9f1/Unity.app/Contents/Resources/Scripting/BCLExtensions/runtime/netstandard2.1'
Mono path[2] = '/Applications/Unity/Hub/Editor/6000.5.9f1/Unity.app/Contents/Resources/Scripting/MonoBleedingEdge/lib/mono/unityjit-macos'
Mono config path = '/Applications/Unity/Hub/Editor/6000.5.9f1/Unity.app/Contents/Resources/Scripting/MonoBleedingEdge/etc'
Using monoOptions --debugger-agent=transport=dt_socket,embedding=1,server=y,suspend=n,address=127.0.0.1:56234
CodeReloadManager initialized
Begin MonoManager ReloadAssembly
Registering precompiled unity dll's ...
Register platform support module: /Applications/Unity/Hub/Editor/6000.5.9f1/PlaybackEngines/WebGLSupport/UnityEditor.WebGL.Extensions.dll
Register platform support module: /Applications/Unity/Hub/Editor/6000.5.9f1/PlaybackEngines/MacStandaloneSupport/UnityEditor.OSXStandalone.Extensions.dll
[Licensing::Client] Successfully resolved entitlement details
Register platform support module: /Applications/Unity/Hub/Editor/6000.5.9f1/PlaybackEngines/AndroidPlayer/UnityEditor.Android.Extensions.dll
Register platform support module: /Applications/Unity/Hub/Editor/6000.5.9f1/PlaybackEngines/iOSSupport/UnityEditor.iOS.Extensions.dll
Registered in 0.001480 seconds.
[usbmuxd] Start listen thread
[usbmuxd] Listen thread started
[usbmuxd] Send listen message
Native extension for iOS target not found
[usbmuxd] Attached: 1 00008150-001110A60E62401C
2026-09-01 02:02:17.324 Unity[6234:55722] [XcodeApplications] Expected com.apple.dt.Xcode CFBundleIdentifier but found com.microsoft.VSCode in /Applications/Visual Studio Code.app/Contents/Info.plist
Native extension for Android target not found
Native extension for OSXStandalone target not found
Native extension for WebGL target not found
Package Manager log level set to [2]
[Package Manager] Failed to launch server process. Reason: Unity was launched with the -noUpm command-line argument
[Package Manager] Unable to send message (not connected to server process).
[Package Manager] Cannot connect to Unity Package Manager local server
ScheduleIndexationOnStartup MainProcess:False IndexOnStartup:True
Mono: successfully reloaded assembly
- Finished resetting the current domain, in  0.461 seconds
Domain Reload Profiling: 781ms
	BeginReloadAssembly (64ms)
	RebuildCommonClasses (3ms)
	RebuildNativeTypeToScriptingClass (13ms)
	initialDomainReloadingComplete (39ms)
	LoadAllAssembliesAndSetupDomain (201ms)
		LoadAssemblies (64ms)
		AnalyzeDomain (153ms)
			TypeCache.Refresh (152ms)
				TypeCache.ScanAssembly (138ms)
	FinalizeReload (461ms)
		SetupLoadedEditorAssemblies (0ms)
			InitializePlatformSupportModulesInManaged (49ms)
			BeforeProcessingInitializeOnLoad (56ms)
			ProcessInitializeOnLoadAttributes (58ms)
			ProcessInitializeOnLoadMethodAttributes (246ms)
Initializing Unity extensions:
[Licensing::Client] Successfully resolved entitlement details
[CoreBusinessMetrics] Unexpected thread when updating session info.
[CoreBusinessMetrics] Unexpected thread when updating session info.
========================================================================
Worker process is ready to serve import requests
Import Worker Mode flag is 0x00
Curl error 3: URL rejected: Error
Begin MonoManager ReloadAssembly
Native extension for iOS target not found
2026-09-01 02:02:19.132 Unity[6234:55722] [XcodeApplications] Expected com.apple.dt.Xcode CFBundleIdentifier but found com.microsoft.VSCode in /Applications/Visual Studio Code.app/Contents/Info.plist
Native extension for Android target not found
Native extension for OSXStandalone target not found
Native extension for WebGL target not found
[Package Manager] Failed to launch server process. Reason: Unity was launched with the -noUpm command-line argument
[Package Manager] Unable to send message (not connected to server process).
[Package Manager] Cannot connect to Unity Package Manager local server
[Package Manager] Failed to launch server process. Reason: Unity was launched with the -noUpm command-line argument
[Package Manager] Unable to send message (not connected to server process).
[Package Manager] Cannot connect to Unity Package Manager local server
ScheduleIndexationOnStartup MainProcess:False IndexOnStartup:True
Mono: successfully reloaded assembly
[Package Manager] Failed to launch server process. Reason: Unity was launched with the -noUpm command-line argument
[Package Manager] Unable to send message (not connected to server process).
[Package Manager] Cannot connect to Unity Package Manager local server
[Package Manager] Failed to launch server process. Reason: Unity was launched with the -noUpm command-line argument
[Package Manager] Unable to send message (not connected to server process).
[Package Manager] Cannot connect to Unity Package Manager local server
- Finished resetting the current domain, in  1.031 seconds
Domain Reload Profiling: 1520ms
	BeginReloadAssembly (94ms)
		DisableScriptedObjects (5ms)
		CreateAndSetChildDomain (15ms)
	RebuildCommonClasses (6ms)
	RebuildNativeTypeToScriptingClass (13ms)
	initialDomainReloadingComplete (27ms)
	LoadAllAssembliesAndSetupDomain (349ms)
		LoadAssemblies (157ms)
		AnalyzeDomain (164ms)
			TypeCache.Refresh (130ms)
				TypeCache.ScanAssembly (115ms)
			BuildScriptInfoCaches (30ms)
	FinalizeReload (1031ms)
		SetupLoadedEditorAssemblies (0ms)
			InitializePlatformSupportModulesInManaged (535ms)
			BeforeProcessingInitializeOnLoad (56ms)
			ProcessInitializeOnLoadAttributes (245ms)
			ProcessInitializeOnLoadMethodAttributes (66ms)
		AwakeInstancesAfterBackupRestoration (5ms)
AcceleratorClientConnectionCallback - disconnected - :0
WARNING: Shader Unsupported: 'Hidden/Simulation/URP/Synthetic' - All subshaders removed
WARNING: Shader Did you use #pragma only_renderers and omit this platform?
WARNING: Shader If subshaders removal was intentional, you may have forgotten turning Fallback off?
WARNING: Shader Unsupported: 'Simulation/URP/Room X-Ray' - All subshaders removed
WARNING: Shader Did you use #pragma only_renderers and omit this platform?
WARNING: Shader If subshaders removal was intentional, you may have forgotten turning Fallback off?
WARNING: Shader Unsupported: 'Simulation/Standard Lit' - All subshaders removed
WARNING: Shader Did you use #pragma only_renderers and omit this platform?
WARNING: Shader If subshaders removal was intentional, you may have forgotten turning Fallback off?
WARNING: Shader Unsupported: 'Simulation/URP/Lit' - All subshaders removed
WARNING: Shader Did you use #pragma only_renderers and omit this platform?
WARNING: Shader If subshaders removal was intentional, you may have forgotten turning Fallback off?
WARNING: Shader Unsupported: 'Hidden/Simulation/Synthetic Lit' - All subshaders removed
WARNING: Shader Did you use #pragma only_renderers and omit this platform?
WARNING: Shader If subshaders removal was intentional, you may have forgotten turning Fallback off?
WARNING: Shader Unsupported: 'Simulation/Room X-Ray' - All subshaders removed
WARNING: Shader Did you use #pragma only_renderers and omit this platform?
WARNING: Shader If subshaders removal was intentional, you may have forgotten turning Fallback off?
Launching external process: /Applications/Unity/Hub/Editor/6000.5.9f1/Unity.app/Contents/Helpers/UnityShaderCompiler
Launched and connected shader compiler UnityShaderCompiler after 0.03 seconds
Unloading 6 Unused Serialized files (Serialized files now loaded: 0)
Curl error 3: URL rejected: Error
Unloading 5311 unused Assets / (4.7 MB). Loaded Objects now: 6089.
Memory consumption went from 137.3 MB to 132.6 MB.
Total: 24.066125 ms (FindLiveObjects: 3.763667 ms CreateObjectMapping: 1.911959 ms MarkObjects: 14.740791 ms  DeleteObjects: 3.647584 ms)

========================================================================
Received Prepare
AcceleratorClientConnectionCallback - disconnected - :0
WARNING: Shader Unsupported: 'Hidden/Simulation/URP/Synthetic' - All subshaders removed
WARNING: Shader Did you use #pragma only_renderers and omit this platform?
WARNING: Shader If subshaders removal was intentional, you may have forgotten turning Fallback off?
WARNING: Shader Unsupported: 'Simulation/URP/Room X-Ray' - All subshaders removed
WARNING: Shader Did you use #pragma only_renderers and omit this platform?
WARNING: Shader If subshaders removal was intentional, you may have forgotten turning Fallback off?
WARNING: Shader Unsupported: 'Simulation/Standard Lit' - All subshaders removed
WARNING: Shader Did you use #pragma only_renderers and omit this platform?
WARNING: Shader If subshaders removal was intentional, you may have forgotten turning Fallback off?
WARNING: Shader Unsupported: 'Simulation/URP/Lit' - All subshaders removed
WARNING: Shader Did you use #pragma only_renderers and omit this platform?
WARNING: Shader If subshaders removal was intentional, you may have forgotten turning Fallback off?
WARNING: Shader Unsupported: 'Hidden/Simulation/Synthetic Lit' - All subshaders removed
WARNING: Shader Did you use #pragma only_renderers and omit this platform?
WARNING: Shader If subshaders removal was intentional, you may have forgotten turning Fallback off?
WARNING: Shader Unsupported: 'Simulation/Room X-Ray' - All subshaders removed
WARNING: Shader Did you use #pragma only_renderers and omit this platform?
WARNING: Shader If subshaders removal was intentional, you may have forgotten turning Fallback off?
Refreshing native plugins compatible for Editor in 7.51 ms, found 3 plugins.
Unloading 6 Unused Serialized files (Serialized files now loaded: 0)
Unloading 6 unused Assets / (342.1 KB). Loaded Objects now: 6089.
Memory consumption went from 131.2 MB to 130.8 MB.
Total: 11.497750 ms (FindLiveObjects: 0.437458 ms CreateObjectMapping: 0.603958 ms MarkObjects: 10.253250 ms  DeleteObjects: 0.202750 ms)

Prepare: number of updated asset objects reloaded= 0
========================================================================
Received Import Request.
  Time of request: 2026-09-01T06:04:45.495576Z
  Time since last request: 1634.24344695800005 seconds.
  importAddress: GUID: a8437ae6df3ab4de78c661f8e1148bbb - Path: Packages/com.unity.xr.management/package.json - Importer: ScriptedImporter/UnityEditor.QuickSearchModule:UnityEditor.Search:ASIAI0B
Importing 'GUID: a8437ae6df3ab4de78c661f8e1148bbb - Path: Packages/com.unity.xr.management/package.json - Importer: ScriptedImporter/UnityEditor.QuickSearchModule:UnityEditor.Search:ASIAI0B' with importer (ScriptedImporter : UnityEditor.QuickSearchModule:UnityEditor.Search:ASIAI0B)
Imported 'GUID: a8437ae6df3ab4de78c661f8e1148bbb' -> (Import Result ID: 'adc4e59fdc94750f701656e172da0e3c') in 0.051 seconds [static and dynamic dependencies]. Details - ImportResultOutputID=0b9a02470221be1917f1c74f9b59cfde DependenciesID=00b6bc3130cba6dfe253c840a80e8e72 StaticDependenciesID=bbc04a74e7dcb377c498037d6c0a201d 
Number of updated asset objects reloaded before import = 0
Number of asset objects unloaded after import = 1
========================================================================
Received Import Request.
  Time of request: 2026-09-01T06:04:45.549743Z
  Time since last request: 0.001383584 seconds.
  importAddress: GUID: 7870a2ee9789f42f180ed4aff3154d02 - Path: Packages/com.unity.xr.core-utils/Tests/Editor/XRCoreUtilities/Unity.XR.CoreUtils.Editor.Tests.asmdef - Importer: ScriptedImporter/UnityEditor.QuickSearchModule:UnityEditor.Search:ASIAI0B
Importing 'GUID: 7870a2ee9789f42f180ed4aff3154d02 - Path: Packages/com.unity.xr.core-utils/Tests/Editor/XRCoreUtilities/Unity.XR.CoreUtils.Editor.Tests.asmdef - Importer: ScriptedImporter/UnityEditor.QuickSearchModule:UnityEditor.Search:ASIAI0B' with importer (ScriptedImporter : UnityEditor.QuickSearchModule:UnityEditor.Search:ASIAI0B)
Imported 'GUID: 7870a2ee9789f42f180ed4aff3154d02' -> (Import Result ID: '095087f8ae5d7f9b6b7d2ebaa5cdb891') in 0.006 seconds [static and dynamic dependencies]. Details - ImportResultOutputID=d3f816e90215b11171d4c7c9f5768016 DependenciesID=bb9d80e358042fb5cec1105ab017cf35 StaticDependenciesID=b62b0837e294db8f97957b0d367f18e7 
Number of updated asset objects reloaded before import = 0
Number of asset objects unloaded after import = 1
========================================================================
Received Import Request.
  Time of request: 2026-09-01T06:04:45.557477Z
  Time since last request: 0.000761291 seconds.
  importAddress: GUID: ea786eac680c3452ab2eb44a28b99bd6 - Path: Packages/com.unity.xr.core-utils/Runtime/Extensions/TypeExtensions.cs - Importer: ScriptedImporter/UnityEditor.QuickSearchModule:UnityEditor.Search:ASIAI0B
Importing 'GUID: ea786eac680c3452ab2eb44a28b99bd6 - Path: Packages/com.unity.xr.core-utils/Runtime/Extensions/TypeExtensions.cs - Importer: ScriptedImporter/UnityEditor.QuickSearchModule:UnityEditor.Search:ASIAI0B' with importer (ScriptedImporter : UnityEditor.QuickSearchModule:UnityEditor.Search:ASIAI0B)
Imported 'GUID: ea786eac680c3452ab2eb44a28b99bd6' -> (Import Result ID: '705b7588f183682d34c7a1aa3a36b978') in 0.024 seconds [static and dynamic dependencies]. Details - ImportResultOutputID=05dd6ca443f2ba9164be1e0734de35a6 DependenciesID=c16c1fdc53196c4ce85ddc91c0a3ce0a StaticDependenciesID=4d119d43314a002f0920ff9c81544268 
Number of updated asset objects reloaded before import = 0
Number of asset objects unloaded after import = 0
========================================================================
Received Import Request.
  Time of request: 2026-09-01T06:04:45.582524Z
  Time since last request: 0.000836916 seconds.
  importAddress: GUID: 50398ca4cf0584f9c8380e117fa8108e - Path: Packages/com.unity.xr.core-utils/Runtime/ComponentUtils.cs - Importer: ScriptedImporter/UnityEditor.QuickSearchModule:UnityEditor.Search:ASIAI0B
Importing 'GUID: 50398ca4cf0584f9c8380e117fa8108e - Path: Packages/com.unity.xr.core-utils/Runtime/ComponentUtils.cs - Importer: ScriptedImporter/UnityEditor.QuickSearchModule:UnityEditor.Search:ASIAI0B' with importer (ScriptedImporter : UnityEditor.QuickSearchModule:UnityEditor.Search:ASIAI0B)
Imported 'GUID: 50398ca4cf0584f9c8380e117fa8108e' -> (Import Result ID: '2a04da7e9a840f2565a9f9ae29d7a643') in 0.002 seconds [static and dynamic dependencies]. Details - ImportResultOutputID=cd27440f5377b2bbd5df08ba93037f9f DependenciesID=31720ebc45b27dd35a27b8834b47ada4 StaticDependenciesID=a2796b9e8f226dc2b1a84f4e2e45174c 
Number of updated asset objects reloaded before import = 0
Number of asset objects unloaded after import = 0
========================================================================
Received Import Request.
  Time of request: 2026-09-01T06:04:45.586223Z
  Time since last request: 0.001030917 seconds.
  importAddress: GUID: a2483b9bd782f9449a5972b61b7d51a9 - Path: Packages/com.unity.xr.legacyinputhelpers/Runtime/CameraOffset.cs - Importer: ScriptedImporter/UnityEditor.QuickSearchModule:UnityEditor.Search:ASIAI0B
Importing 'GUID: a2483b9bd782f9449a5972b61b7d51a9 - Path: Packages/com.unity.xr.legacyinputhelpers/Runtime/CameraOffset.cs - Importer: ScriptedImporter/UnityEditor.QuickSearchModule:UnityEditor.Search:ASIAI0B' with importer (ScriptedImporter : UnityEditor.QuickSearchModule:UnityEditor.Search:ASIAI0B)
Imported 'GUID: a2483b9bd782f9449a5972b61b7d51a9' -> (Import Result ID: '0c16a08cb63a8a221d0587a60937bb1c') in 0.002 seconds [static and dynamic dependencies]. Details - ImportResultOutputID=27e2751ea216a2c942ed14c9c290c00d DependenciesID=82c4937644bf166714a9342da2db01eb StaticDependenciesID=609c9ed62775f0eeac1ae6935e2de93a 
Number of updated asset objects reloaded before import = 0
Number of asset objects unloaded after import = 0
========================================================================
Received Import Request.
  Time of request: 2026-09-01T06:04:45.588917Z
  Time since last request: 0.000424167 seconds.
  importAddress: GUID: f9035a4ac3e4ce042a1ee7dc14c7998e - Path: Packages/com.unity.xr.core-utils/Editor/Datums/DatumPropertyDrawer.cs - Importer: ScriptedImporter/UnityEditor.QuickSearchModule:UnityEditor.Search:ASIAI0B
Importing 'GUID: f9035a4ac3e4ce042a1ee7dc14c7998e - Path: Packages/com.unity.xr.core-utils/Editor/Datums/DatumPropertyDrawer.cs - Importer: ScriptedImporter/UnityEditor.QuickSearchModule:UnityEditor.Search:ASIAI0B' with importer (ScriptedImporter : UnityEditor.QuickSearchModule:UnityEditor.Search:ASIAI0B)
Imported 'GUID: f9035a4ac3e4ce042a1ee7dc14c7998e' -> (Import Result ID: '4cce5edaea3f4c9b039c89c1f32f1a26') in 0.003 seconds [static and dynamic dependencies]. Details - ImportResultOutputID=06f20d6b800b6cd57426afa32170aa35 DependenciesID=0521bdc43889afd63dd08f481c3c4a29 StaticDependenciesID=1c6726c2ae8efdc8f46cfdce71ef5f70 
Number of updated asset objects reloaded before import = 0
Number of asset objects unloaded after import = 0
========================================================================
Received Import Request.
  Time of request: 2026-09-01T06:04:45.592866Z
  Time since last request: 0.000587083 seconds.
  importAddress: GUID: 89c097ec5a9e1d0409a12d54380028f9 - Path: Packages/com.unity.xr.legacyinputhelpers/Editor/TrackedPoseDriver/TrackedPoseDriverEditor.cs - Importer: ScriptedImporter/UnityEditor.QuickSearchModule:UnityEditor.Search:ASIAI0B
Importing 'GUID: 89c097ec5a9e1d0409a12d54380028f9 - Path: Packages/com.unity.xr.legacyinputhelpers/Editor/TrackedPoseDriver/TrackedPoseDriverEditor.cs - Importer: ScriptedImporter/UnityEditor.QuickSearchModule:UnityEditor.Search:ASIAI0B' with importer (ScriptedImporter : UnityEditor.QuickSearchModule:UnityEditor.Search:ASIAI0B)
Imported 'GUID: 89c097ec5a9e1d0409a12d54380028f9' -> (Import Result ID: '3480c015ae107175e49de37e62d23456') in 0.002 seconds [static and dynamic dependencies]. Details - ImportResultOutputID=52565cb0c678b0c84fdbb55069c0dc08 DependenciesID=f285fa522f4a609f9022daac55f7fb01 StaticDependenciesID=81339b2a2b601b0df4f52459fcd941cd 
Number of updated asset objects reloaded before import = 0
Number of asset objects unloaded after import = 0
========================================================================
Received Import Request.
  Time of request: 2026-09-01T06:04:45.595941Z
  Time since last request: 0.000720542 seconds.
  importAddress: GUID: 6b80a2fa3f96045ef894f789045bf20b - Path: Packages/com.unity.xr.core-utils/Tests/Editor/CodeSamples/ScriptedCapabilityProfileSamples.cs - Importer: ScriptedImporter/UnityEditor.QuickSearchModule:UnityEditor.Search:ASIAI0B
Importing 'GUID: 6b80a2fa3f96045ef894f789045bf20b - Path: Packages/com.unity.xr.core-utils/Tests/Editor/CodeSamples/ScriptedCapabilityProfileSamples.cs - Importer: ScriptedImporter/UnityEditor.QuickSearchModule:UnityEditor.Search:ASIAI0B' with importer (ScriptedImporter : UnityEditor.QuickSearchModule:UnityEditor.Search:ASIAI0B)
Imported 'GUID: 6b80a2fa3f96045ef894f789045bf20b' -> (Import Result ID: '9ea463f7efa4138bf984e3e3f4121e4e') in 0.002 seconds [static and dynamic dependencies]. Details - ImportResultOutputID=f0c09fe3a3f82854c6129f41760a386c DependenciesID=17238a7c4a46ca24a44f9765dfe4d072 StaticDependenciesID=9478d7011e0c7b1f7fb59529d0224298 
Number of updated asset objects reloaded before import = 0
Number of asset objects unloaded after import = 0
========================================================================
Received Import Request.
  Time of request: 2026-09-01T06:04:45.5987Z
  Time since last request: 0.000785959 seconds.
  importAddress: GUID: dc36b3fdc14f47ebb36fd484a67e268a - Path: Assets/TextMesh Pro/Examples & Extras/Resources/Fonts & Materials/Electronic Highway Sign SDF.asset - Importer: ScriptedImporter/UnityEditor.QuickSearchModule:UnityEditor.Search:ASIAI0B
Importing 'GUID: dc36b3fdc14f47ebb36fd484a67e268a - Path: Assets/TextMesh Pro/Examples & Extras/Resources/Fonts & Materials/Electronic Highway Sign SDF.asset - Importer: ScriptedImporter/UnityEditor.QuickSearchModule:UnityEditor.Search:ASIAI0B' with importer (ScriptedImporter : UnityEditor.QuickSearchModule:UnityEditor.Search:ASIAI0B)
Imported 'GUID: dc36b3fdc14f47ebb36fd484a67e268a' -> (Import Result ID: 'a44c76899ba8d431911f5d737ec9dd61') in 0.035 seconds [static and dynamic dependencies]. Details - ImportResultOutputID=300d5c1961de7a70757cd2d58c0f9da6 DependenciesID=fa9e858e620b8fc3e78ff29b560e2c29 StaticDependenciesID=ffae24f0ebdc2b90e7d709adcc4ca417 
Number of updated asset objects reloaded before import = 0
Number of asset objects unloaded after import = 5
========================================================================
Received Import Request.
  Time of request: 2026-09-01T06:04:45.63451Z
  Time since last request: 0.000517459 seconds.
  importAddress: GUID: f5db190cfda014bd292cbb0202470485 - Path: Packages/com.unity.xr.core-utils/Runtime/ScriptableSettingsBase.cs - Importer: ScriptedImporter/UnityEditor.QuickSearchModule:UnityEditor.Search:ASIAI0B
Importing 'GUID: f5db190cfda014bd292cbb0202470485 - Path: Packages/com.unity.xr.core-utils/Runtime/ScriptableSettingsBase.cs - Importer: ScriptedImporter/UnityEditor.QuickSearchModule:UnityEditor.Search:ASIAI0B' with importer (ScriptedImporter : UnityEditor.QuickSearchModule:UnityEditor.Search:ASIAI0B)
Imported 'GUID: f5db190cfda014bd292cbb0202470485' -> (Import Result ID: 'c699dd04ea127b5df43a60582da76e46') in 0.001 seconds [static and dynamic dependencies]. Details - ImportResultOutputID=c47c24746ce462be6974f55837189308 DependenciesID=d959f7c344b74302c453c981e0d622a1 StaticDependenciesID=08ea13387e3e586ce30101850afdfa7a 
Number of updated asset objects reloaded before import = 0
Number of asset objects unloaded after import = 0
========================================================================
Received Import Request.
  Time of request: 2026-09-01T06:04:45.637156Z
  Time since last request: 0.000728125 seconds.
  importAddress: GUID: bd37ccc84c2cb414eacfa2044d871820 - Path: Packages/com.unity.xr.core-utils/Runtime/Extensions/StringExtensions.cs - Importer: ScriptedImporter/UnityEditor.QuickSearchModule:UnityEditor.Search:ASIAI0B
Importing 'GUID: bd37ccc84c2cb414eacfa2044d871820 - Path: Packages/com.unity.xr.core-utils/Runtime/Extensions/StringExtensions.cs - Importer: ScriptedImporter/UnityEditor.QuickSearchModule:UnityEditor.Search:ASIAI0B' with importer (ScriptedImporter : UnityEditor.QuickSearchModule:UnityEditor.Search:ASIAI0B)
Imported 'GUID: bd37ccc84c2cb414eacfa2044d871820' -> (Import Result ID: '1791a33b54b953925cd9838b6e2cb6f0') in 0.001 seconds [static and dynamic dependencies]. Details - ImportResultOutputID=b7ad41ea59bc939d7ad3d08c10773024 DependenciesID=e2ef4cae69604ddf884387a0dc1ca623 StaticDependenciesID=45f3c0a9e9619d89437b680393ca209e 
Number of updated asset objects reloaded before import = 0
Number of asset objects unloaded after import = 0
========================================================================
Received Import Request.
  Time of request: 2026-09-01T06:04:45.641112Z
  Time since last request: 0.002129459 seconds.
  importAddress: GUID: 28c8363a46afc475bb1a7901a0dd2ad2 - Path: Packages/com.unity.xr.management/Editor/TypeLoaderExtensions.cs - Importer: ScriptedImporter/UnityEditor.QuickSearchModule:UnityEditor.Search:ASIAI0B
Importing 'GUID: 28c8363a46afc475bb1a7901a0dd2ad2 - Path: Packages/com.unity.xr.management/Editor/TypeLoaderExtensions.cs - Importer: ScriptedImporter/UnityEditor.QuickSearchModule:UnityEditor.Search:ASIAI0B' with importer (ScriptedImporter : UnityEditor.QuickSearchModule:UnityEditor.Search:ASIAI0B)
Imported 'GUID: 28c8363a46afc475bb1a7901a0dd2ad2' -> (Import Result ID: 'aae2b5230b279ac462d33d144ac532ab') in 0.002 seconds [static and dynamic dependencies]. Details - ImportResultOutputID=f61432db39276f85c8bd651d78469494 DependenciesID=4256d9d3d59c01eb212f57207d118fed StaticDependenciesID=8ec1bd4d0f6e950cde7bfcd52afcb405 
Number of updated asset objects reloaded before import = 0
Number of asset objects unloaded after import = 0
========================================================================
Received Import Request.
  Time of request: 2026-09-01T06:04:45.644203Z
  Time since last request: 0.000843 seconds.
  importAddress: GUID: 007be4edd5e343b43ada0c16355e5543 - Path: Packages/com.unity.xr.core-utils/Editor/Analytics/CoreUtilsAnalytics/BuildingBlocksUsageEvent.cs - Importer: ScriptedImporter/UnityEditor.QuickSearchModule:UnityEditor.Search:ASIAI0B
Importing 'GUID: 007be4edd5e343b43ada0c16355e5543 - Path: Packages/com.unity.xr.core-utils/Editor/Analytics/CoreUtilsAnalytics/BuildingBlocksUsageEvent.cs - Importer: ScriptedImporter/UnityEditor.QuickSearchModule:UnityEditor.Search:ASIAI0B' with importer (ScriptedImporter : UnityEditor.QuickSearchModule:UnityEditor.Search:ASIAI0B)
Imported 'GUID: 007be4edd5e343b43ada0c16355e5543' -> (Import Result ID: '869d0150816d9569a847970f8c93c418') in 0.002 seconds [static and dynamic dependencies]. Details - ImportResultOutputID=1b2c8e0e86fcebdfc97deae910f2f38e DependenciesID=8f7db1b8aca482843d5f8e507855b65d StaticDependenciesID=bba36f780c1b140479b2858c2124020e 
Number of updated asset objects reloaded before import = 0
Number of asset objects unloaded after import = 0
========================================================================
Received Import Request.
  Time of request: 2026-09-01T06:04:45.647745Z
  Time since last request: 0.000788375 seconds.
  importAddress: GUID: 44a4662640bd4279bc9e22498cf2b65e - Path: Packages/com.unity.xr.core-utils/Runtime/Collections/ReadOnlyListSpan.cs - Importer: ScriptedImporter/UnityEditor.QuickSearchModule:UnityEditor.Search:ASIAI0B
Importing 'GUID: 44a4662640bd4279bc9e22498cf2b65e - Path: Packages/com.unity.xr.core-utils/Runtime/Collections/ReadOnlyListSpan.cs - Importer: ScriptedImporter/UnityEditor.QuickSearchModule:UnityEditor.Search:ASIAI0B' with importer (ScriptedImporter : UnityEditor.QuickSearchModule:UnityEditor.Search:ASIAI0B)
Imported 'GUID: 44a4662640bd4279bc9e22498cf2b65e' -> (Import Result ID: 'f6a5a6f5d81cbe14ba49c06c7ab6ad21') in 0.002 seconds [static and dynamic dependencies]. Details - ImportResultOutputID=3e8ccd3b9d02312d5b0610a12d8073cb DependenciesID=89378b74039a0eadc7a9a2c5b15b520b StaticDependenciesID=4f3e57b7da7fb4cab387d8ce766fbd92 
Number of updated asset objects reloaded before import = 0
Number of asset objects unloaded after import = 0
========================================================================
Received Import Request.
  Time of request: 2026-09-01T06:04:45.651634Z
  Time since last request: 0.001002375 seconds.
  importAddress: GUID: 3002446ae56064926a8c6ffbf0eeb963 - Path: Packages/com.unity.xr.core-utils/Runtime/NativeArrayUtils.cs - Importer: ScriptedImporter/UnityEditor.QuickSearchModule:UnityEditor.Search:ASIAI0B
Importing 'GUID: 3002446ae56064926a8c6ffbf0eeb963 - Path: Packages/com.unity.xr.core-utils/Runtime/NativeArrayUtils.cs - Importer: ScriptedImporter/UnityEditor.QuickSearchModule:UnityEditor.Search:ASIAI0B' with importer (ScriptedImporter : UnityEditor.QuickSearchModule:UnityEditor.Search:ASIAI0B)
Imported 'GUID: 3002446ae56064926a8c6ffbf0eeb963' -> (Import Result ID: '03b7beea9b0e32085abc72fc3e6129b6') in 0.002 seconds [static and dynamic dependencies]. Details - ImportResultOutputID=c10ed4736dad92f3f48843983d269b38 DependenciesID=887fb5f2796df8515c3ae62c0b3e6862 StaticDependenciesID=d34c6ea53c6d4215de9725dfec7a38ea 
Number of updated asset objects reloaded before import = 0
Number of asset objects unloaded after import = 0
========================================================================
Received Import Request.
  Time of request: 2026-09-01T06:04:45.654663Z
  Time since last request: 0.000887333 seconds.
  importAddress: GUID: 9d501258623f540488015bc406eac50e - Path: Packages/com.unity.xr.core-utils/Editor/AssemblyInfo.cs - Importer: ScriptedImporter/UnityEditor.QuickSearchModule:UnityEditor.Search:ASIAI0B
Importing 'GUID: 9d501258623f540488015bc406eac50e - Path: Packages/com.unity.xr.core-utils/Editor/AssemblyInfo.cs - Importer: ScriptedImporter/UnityEditor.QuickSearchModule:UnityEditor.Search:ASIAI0B' with importer (ScriptedImporter : UnityEditor.QuickSearchModule:UnityEditor.Search:ASIAI0B)
Imported 'GUID: 9d501258623f540488015bc406eac50e' -> (Import Result ID: '1baab39b704d254ef67e1b875608929d') in 0.002 seconds [static and dynamic dependencies]. Details - ImportResultOutputID=7f4550dc90edec3096d414844aea1c29 DependenciesID=7e04f7ddf7a019558a87c842bdfd0813 StaticDependenciesID=252a47490ccd70aedc0003c831231fda 
Number of updated asset objects reloaded before import = 0
Number of asset objects unloaded after import = 0
========================================================================
Received Import Request.
  Time of request: 2026-09-01T06:04:45.657395Z
  Time since last request: 0.000809625 seconds.
  importAddress: GUID: 1d40f8b653be8438ca441215b233c599 - Path: Assets/Scoreboard.cs - Importer: ScriptedImporter/UnityEditor.QuickSearchModule:UnityEditor.Search:ASIAI0B
Importing 'GUID: 1d40f8b653be8438ca441215b233c599 - Path: Assets/Scoreboard.cs - Importer: ScriptedImporter/UnityEditor.QuickSearchModule:UnityEditor.Search:ASIAI0B' with importer (ScriptedImporter : UnityEditor.QuickSearchModule:UnityEditor.Search:ASIAI0B)
Imported 'GUID: 1d40f8b653be8438ca441215b233c599' -> (Import Result ID: 'be42312fb1eceacf6fb34653582edc5d') in 0.001 seconds [static and dynamic dependencies]. Details - ImportResultOutputID=b9753239e2d717487eaac63d056ceee4 DependenciesID=4017d4ae55f1cfa5509ab282917f937d StaticDependenciesID=291c56d72301a1971a8d4c59c0df6eb3 
Number of updated asset objects reloaded before import = 0
Number of asset objects unloaded after import = 0
========================================================================
Received Import Request.
  Time of request: 2026-09-01T06:04:45.659699Z
  Time since last request: 0.000602167 seconds.
  importAddress: GUID: c85bf3e7afcc14a9e8a6925fd11aff0e - Path: Assets/BallPrefab.unity - Importer: ScriptedImporter/UnityEditor.QuickSearchModule:UnityEditor.Search:ASIAI0B
Importing 'GUID: c85bf3e7afcc14a9e8a6925fd11aff0e - Path: Assets/BallPrefab.unity - Importer: ScriptedImporter/UnityEditor.QuickSearchModule:UnityEditor.Search:ASIAI0B' with importer (ScriptedImporter : UnityEditor.QuickSearchModule:UnityEditor.Search:ASIAI0B)
Imported 'GUID: c85bf3e7afcc14a9e8a6925fd11aff0e' -> (Import Result ID: 'e256cfdc6e0c522bafa37f294bb2e5b8') in 0.003 seconds [static and dynamic dependencies]. Details - ImportResultOutputID=b976defe87afdbade34e2057240633d8 DependenciesID=7df03d0dd972ec4ab84fb2b1093138b2 StaticDependenciesID=16d109cc02a7ea210bf3ab6664acdc63 
Number of updated asset objects reloaded before import = 0
Number of asset objects unloaded after import = 1
========================================================================
Received Import Request.
  Time of request: 2026-09-01T06:04:45.663775Z
  Time since last request: 0.0009375 seconds.
  importAddress: GUID: 98015eb30108048a38465d5a383d574a - Path: Assets/TargetMovement.cs - Importer: ScriptedImporter/UnityEditor.QuickSearchModule:UnityEditor.Search:ASIAI0B
Importing 'GUID: 98015eb30108048a38465d5a383d574a - Path: Assets/TargetMovement.cs - Importer: ScriptedImporter/UnityEditor.QuickSearchModule:UnityEditor.Search:ASIAI0B' with importer (ScriptedImporter : UnityEditor.QuickSearchModule:UnityEditor.Search:ASIAI0B)
Imported 'GUID: 98015eb30108048a38465d5a383d574a' -> (Import Result ID: 'ffe17d470aae79cae752bcd2b17220b7') in 0.001 seconds [static and dynamic dependencies]. Details - ImportResultOutputID=4e2f264051aeaf94ea2d083be677b33e DependenciesID=fe5782616c4e27cb0b6a3f62e24d9924 StaticDependenciesID=95da8a55de2124eb68588e849ca94ca1 
Number of updated asset objects reloaded before import = 0
Number of asset objects unloaded after import = 0
========================================================================
Received Import Request.
  Time of request: 2026-09-01T06:04:45.666362Z
  Time since last request: 0.00054425 seconds.
  importAddress: GUID: 11b7ddcb82a4003458b0b49ba21f3289 - Path: Packages/com.unity.xr.core-utils/Editor/Analytics/CoreUtilsAnalytics/CoreUtilsEditorAnalyticsEvent.cs - Importer: ScriptedImporter/UnityEditor.QuickSearchModule:UnityEditor.Search:ASIAI0B
Importing 'GUID: 11b7ddcb82a4003458b0b49ba21f3289 - Path: Packages/com.unity.xr.core-utils/Editor/Analytics/CoreUtilsAnalytics/CoreUtilsEditorAnalyticsEvent.cs - Importer: ScriptedImporter/UnityEditor.QuickSearchModule:UnityEditor.Search:ASIAI0B' with importer (ScriptedImporter : UnityEditor.QuickSearchModule:UnityEditor.Search:ASIAI0B)
Imported 'GUID: 11b7ddcb82a4003458b0b49ba21f3289' -> (Import Result ID: 'b6a56da5a2d127182bcb4f45d36d2051') in 0.002 seconds [static and dynamic dependencies]. Details - ImportResultOutputID=cb808a6e5eb48e61a23e2f2d91dc008d DependenciesID=3734ecfdde582b3b6f4b938c92e43fe0 StaticDependenciesID=677496ce148f3e08602564b9da948f6c 
Number of updated asset objects reloaded before import = 0
Number of asset objects unloaded after import = 0
========================================================================
Received Import Request.
  Time of request: 2026-09-01T06:04:45.66906Z
  Time since last request: 0.000494084 seconds.
  importAddress: GUID: 013b7dbbc8ec54c4182940c05c060ee9 - Path: Packages/com.unity.xr.management/Tests/StandaloneSubsystem/StandaloneSubsystemDescriptor.cs - Importer: ScriptedImporter/UnityEditor.QuickSearchModule:UnityEditor.Search:ASIAI0B
Importing 'GUID: 013b7dbbc8ec54c4182940c05c060ee9 - Path: Packages/com.unity.xr.management/Tests/StandaloneSubsystem/StandaloneSubsystemDescriptor.cs - Importer: ScriptedImporter/UnityEditor.QuickSearchModule:UnityEditor.Search:ASIAI0B' with importer (ScriptedImporter : UnityEditor.QuickSearchModule:UnityEditor.Search:ASIAI0B)
Imported 'GUID: 013b7dbbc8ec54c4182940c05c060ee9' -> (Import Result ID: '060b8b58720905bdcfc9d4858d79bd40') in 0.002 seconds [static and dynamic dependencies]. Details - ImportResultOutputID=9a5cbcbbbc981e86c9d584f661641688 DependenciesID=76ae26a0a1eca32c059d8f82105f006f StaticDependenciesID=149ce7b69c24ebaa6ef3df32cdf74707 
Number of updated asset objects reloaded before import = 0
Number of asset objects unloaded after import = 0
========================================================================
Received Import Request.
  Time of request: 2026-09-01T06:04:45.671335Z
  Time since last request: 0.000370834 seconds.
  importAddress: GUID: 239813eae45e14dad8d54b17f6d52e5b - Path: Packages/com.unity.xr.core-utils/Runtime/Extensions - Importer: ScriptedImporter/UnityEditor.QuickSearchModule:UnityEditor.Search:ASIAI0B
Importing 'GUID: 239813eae45e14dad8d54b17f6d52e5b - Path: Packages/com.unity.xr.core-utils/Runtime/Extensions - Importer: ScriptedImporter/UnityEditor.QuickSearchModule:UnityEditor.Search:ASIAI0B' with importer (ScriptedImporter : UnityEditor.QuickSearchModule:UnityEditor.Search:ASIAI0B)
Imported 'GUID: 239813eae45e14dad8d54b17f6d52e5b' -> (Import Result ID: '176b0736231dbf5a9df35487dc788bcb') in 0.002 seconds [static and dynamic dependencies]. Details - ImportResultOutputID=925ab879de82484ae5d64b17b82f5707 DependenciesID=ab5e71653efa4971c37fe3830a83f1df StaticDependenciesID=5cf11449d6fc3e60c8dc66074dc8af51 
Number of updated asset objects reloaded before import = 0
Number of asset objects unloaded after import = 1
========================================================================
Received Import Request.
  Time of request: 2026-09-01T06:04:45.674343Z
  Time since last request: 0.000808791 seconds.
  importAddress: GUID: dcfbcd3f5f6514657924b8e122d97765 - Path: Packages/com.unity.xr.management/Editor - Importer: ScriptedImporter/UnityEditor.QuickSearchModule:UnityEditor.Search:ASIAI0B
Importing 'GUID: dcfbcd3f5f6514657924b8e122d97765 - Path: Packages/com.unity.xr.management/Editor - Importer: ScriptedImporter/UnityEditor.QuickSearchModule:UnityEditor.Search:ASIAI0B' with importer (ScriptedImporter : UnityEditor.QuickSearchModule:UnityEditor.Search:ASIAI0B)
Imported 'GUID: dcfbcd3f5f6514657924b8e122d97765' -> (Import Result ID: 'b599d8f44fcc0dc5899ae9404234c58e') in 0.001 seconds [static and dynamic dependencies]. Details - ImportResultOutputID=77b7ebbebebf7e9b26f5201ba0ba53c2 DependenciesID=c1a6e8b66a098c96d8d1c18fa7e5227e StaticDependenciesID=eea6978650a03ead916f334299c69157 
Number of updated asset objects reloaded before import = 0
Number of asset objects unloaded after import = 1
========================================================================
Received Import Request.
  Time of request: 2026-09-01T06:04:45.676193Z
  Time since last request: 0.000287417 seconds.
  importAddress: GUID: 9b8b61ec9cb92d1439beb03814dc2cb0 - Path: Packages/com.unity.xr.management/Tests/TestPackage/Runtime/Uniyt.XR.Management.TestPackage.asmdef - Importer: ScriptedImporter/UnityEditor.QuickSearchModule:UnityEditor.Search:ASIAI0B
Importing 'GUID: 9b8b61ec9cb92d1439beb03814dc2cb0 - Path: Packages/com.unity.xr.management/Tests/TestPackage/Runtime/Uniyt.XR.Management.TestPackage.asmdef - Importer: ScriptedImporter/UnityEditor.QuickSearchModule:UnityEditor.Search:ASIAI0B' with importer (ScriptedImporter : UnityEditor.QuickSearchModule:UnityEditor.Search:ASIAI0B)
Imported 'GUID: 9b8b61ec9cb92d1439beb03814dc2cb0' -> (Import Result ID: 'ba84568361a3adca003fd8a489912c50') in 0.003 seconds [static and dynamic dependencies]. Details - ImportResultOutputID=705d375ca0822e1206b87bfea96e0536 DependenciesID=cc6c9cc77604d687645baaf5765f5e79 StaticDependenciesID=bc710bc41028975ae29a9721db7dc255 
Number of updated asset objects reloaded before import = 0
Number of asset objects unloaded after import = 1
========================================================================
Received Import Request.
  Time of request: 2026-09-01T06:04:45.68015Z
  Time since last request: 0.00074925 seconds.
  importAddress: GUID: 9c0a719dddf9b4e17a284e56d381071d - Path: Packages/com.unity.xr.core-utils/Runtime/GeometryUtils.cs - Importer: ScriptedImporter/UnityEditor.QuickSearchModule:UnityEditor.Search:ASIAI0B
Importing 'GUID: 9c0a719dddf9b4e17a284e56d381071d - Path: Packages/com.unity.xr.core-utils/Runtime/GeometryUtils.cs - Importer: ScriptedImporter/UnityEditor.QuickSearchModule:UnityEditor.Search:ASIAI0B' with importer (ScriptedImporter : UnityEditor.QuickSearchModule:UnityEditor.Search:ASIAI0B)
Imported 'GUID: 9c0a719dddf9b4e17a284e56d381071d' -> (Import Result ID: '083b1d19a23181cbf3a99901b461ed54') in 0.002 seconds [static and dynamic dependencies]. Details - ImportResultOutputID=fde318e2f7d15f5639f59a80337d0070 DependenciesID=1497f3b5e165f9a7bd6436f569dbf3b3 StaticDependenciesID=d13ab5176e3804ad3784703e0f803819 
Number of updated asset objects reloaded before import = 0
Number of asset objects unloaded after import = 0
========================================================================
Received Import Request.
  Time of request: 2026-09-01T06:04:45.683055Z
  Time since last request: 0.000426917 seconds.
  importAddress: GUID: 125cb55b44b24c4393181402bc6200e6 - Path: Assets/TextMesh Pro/Examples & Extras/Resources/Fonts & Materials/Bangers SDF.asset - Importer: ScriptedImporter/UnityEditor.QuickSearchModule:UnityEditor.Search:ASIAI0B
Importing 'GUID: 125cb55b44b24c4393181402bc6200e6 - Path: Assets/TextMesh Pro/Examples & Extras/Resources/Fonts & Materials/Bangers SDF.asset - Importer: ScriptedImporter/UnityEditor.QuickSearchModule:UnityEditor.Search:ASIAI0B' with importer (ScriptedImporter : UnityEditor.QuickSearchModule:UnityEditor.Search:ASIAI0B)
Imported 'GUID: 125cb55b44b24c4393181402bc6200e6' -> (Import Result ID: '0892d43dfeef218f07e05ccc0da427e3') in 0.008 seconds [static and dynamic dependencies]. Details - ImportResultOutputID=953ad94e42f1c020c906c21e0691ab54 DependenciesID=fff75ed304d51b4f789d3b08de35e150 StaticDependenciesID=56a251733503fa086b1a64e7aedc9400 
Number of updated asset objects reloaded before import = 0
Number of asset objects unloaded after import = 5
========================================================================
Received Import Request.
  Time of request: 2026-09-01T06:04:45.692354Z
  Time since last request: 0.000353416 seconds.
  importAddress: GUID: 5302535af1044152a457ed104f1f4b91 - Path: Assets/TextMesh Pro/Examples & Extras/Resources/Fonts & Materials/Roboto-Bold SDF.asset - Importer: ScriptedImporter/UnityEditor.QuickSearchModule:UnityEditor.Search:ASIAI0B
Importing 'GUID: 5302535af1044152a457ed104f1f4b91 - Path: Assets/TextMesh Pro/Examples & Extras/Resources/Fonts & Materials/Roboto-Bold SDF.asset - Importer: ScriptedImporter/UnityEditor.QuickSearchModule:UnityEditor.Search:ASIAI0B' with importer (ScriptedImporter : UnityEditor.QuickSearchModule:UnityEditor.Search:ASIAI0B)
Imported 'GUID: 5302535af1044152a457ed104f1f4b91' -> (Import Result ID: '519550f6c16c37a5cbaecdfacc798d1f') in 0.008 seconds [static and dynamic dependencies]. Details - ImportResultOutputID=86d0a880b9fd979082dcaacc52276503 DependenciesID=6b03ae3de270f17d803fdc7e1338d603 StaticDependenciesID=3d1c6dfe8d4f9d678ca9a06b2902563b 
Number of updated asset objects reloaded before import = 0
Number of asset objects unloaded after import = 5
========================================================================
Received Import Request.
  Time of request: 2026-09-01T06:04:45.701043Z
  Time since last request: 0.000586458 seconds.
  importAddress: GUID: abd74e060b6444ffe880023f0bc02e10 - Path: Packages/com.unity.xr.management/LICENSE.md - Importer: ScriptedImporter/UnityEditor.QuickSearchModule:UnityEditor.Search:ASIAI0B
Importing 'GUID: abd74e060b6444ffe880023f0bc02e10 - Path: Packages/com.unity.xr.management/LICENSE.md - Importer: ScriptedImporter/UnityEditor.QuickSearchModule:UnityEditor.Search:ASIAI0B' with importer (ScriptedImporter : UnityEditor.QuickSearchModule:UnityEditor.Search:ASIAI0B)
Imported 'GUID: abd74e060b6444ffe880023f0bc02e10' -> (Import Result ID: 'f77ddb8661073bb1b829bc5ca8b9ee15') in 0.002 seconds [static and dynamic dependencies]. Details - ImportResultOutputID=790c3d7a41c710776138e30a7f62c81e DependenciesID=5646c72216b48fa62344c228b43b321d StaticDependenciesID=63d166cf608547d5cb1e9eb646daf878 
Number of updated asset objects reloaded before import = 0
Number of asset objects unloaded after import = 1
========================================================================
Received Import Request.
  Time of request: 2026-09-01T06:04:45.703735Z
  Time since last request: 0.000396041 seconds.
  importAddress: GUID: 3b248a17b8a04d7ba8aa58b2a7793d52 - Path: Packages/com.unity.xr.core-utils/Tests/Editor/XRCoreUtilities/ReadOnlyListSpanTests.cs - Importer: ScriptedImporter/UnityEditor.QuickSearchModule:UnityEditor.Search:ASIAI0B
Importing 'GUID: 3b248a17b8a04d7ba8aa58b2a7793d52 - Path: Packages/com.unity.xr.core-utils/Tests/Editor/XRCoreUtilities/ReadOnlyListSpanTests.cs - Importer: ScriptedImporter/UnityEditor.QuickSearchModule:UnityEditor.Search:ASIAI0B' with importer (ScriptedImporter : UnityEditor.QuickSearchModule:UnityEditor.Search:ASIAI0B)
Imported 'GUID: 3b248a17b8a04d7ba8aa58b2a7793d52' -> (Import Result ID: 'e894d7fb80af69587e9faec9856998a5') in 0.001 seconds [static and dynamic dependencies]. Details - ImportResultOutputID=00989f18dcd1b538d5a70d5529f852aa DependenciesID=73c808dbf637675e326243a1a7d8501d StaticDependenciesID=2b050a9833c6f1c407b1bf8d70f7ab66 
Number of updated asset objects reloaded before import = 0
Number of asset objects unloaded after import = 0
========================================================================
Received Import Request.
  Time of request: 2026-09-01T06:04:45.706329Z
  Time since last request: 0.000904917 seconds.
  importAddress: GUID: 8c9e419ebaf1f524baa492abf4fd09fa - Path: Packages/com.unity.xr.core-utils/Runtime/Datums/IntDatum.cs - Importer: ScriptedImporter/UnityEditor.QuickSearchModule:UnityEditor.Search:ASIAI0B
Importing 'GUID: 8c9e419ebaf1f524baa492abf4fd09fa - Path: Packages/com.unity.xr.core-utils/Runtime/Datums/IntDatum.cs - Importer: ScriptedImporter/UnityEditor.QuickSearchModule:UnityEditor.Search:ASIAI0B' with importer (ScriptedImporter : UnityEditor.QuickSearchModule:UnityEditor.Search:ASIAI0B)
Imported 'GUID: 8c9e419ebaf1f524baa492abf4fd09fa' -> (Import Result ID: 'a61384d73e00f599d7d78c755d164a16') in 0.002 seconds [static and dynamic dependencies]. Details - ImportResultOutputID=2cbf362173df83133fc582bea5984081 DependenciesID=f7ba457f7d3faf5cf1aa16aabcd23257 StaticDependenciesID=f232cf2283dfc11f877e906fe52d7182 
Number of updated asset objects reloaded before import = 0
Number of asset objects unloaded after import = 0
========================================================================
Received Import Request.
  Time of request: 2026-09-01T06:04:45.709456Z
  Time since last request: 0.000903 seconds.
  importAddress: GUID: c62e52ceb3eed4ec994fd23ddb0a4609 - Path: Packages/com.unity.xr.core-utils/Runtime/EnumValues.cs - Importer: ScriptedImporter/UnityEditor.QuickSearchModule:UnityEditor.Search:ASIAI0B
Importing 'GUID: c62e52ceb3eed4ec994fd23ddb0a4609 - Path: Packages/com.unity.xr.core-utils/Runtime/EnumValues.cs - Importer: ScriptedImporter/UnityEditor.QuickSearchModule:UnityEditor.Search:ASIAI0B' with importer (ScriptedImporter : UnityEditor.QuickSearchModule:UnityEditor.Search:ASIAI0B)
Imported 'GUID: c62e52ceb3eed4ec994fd23ddb0a4609' -> (Import Result ID: '5b7906c3a7644083ced68b11e2886945') in 0.001 seconds [static and dynamic dependencies]. Details - ImportResultOutputID=3859f2d64684bfbce10212907a8a6787 DependenciesID=31ecf634366a35ba79994c1598b90908 StaticDependenciesID=2bac75f595b5436f54ba9f42be1c9f45 
Number of updated asset objects reloaded before import = 0
Number of asset objects unloaded after import = 0
========================================================================
Received Import Request.
  Time of request: 2026-09-01T06:04:45.711812Z
  Time since last request: 0.000602083 seconds.
  importAddress: GUID: dc4741424d47f444c80f9c5a8774dab7 - Path: Packages/com.unity.xr.core-utils/Tests/Editor/XRCoreUtilities/GameObjectExtensionsTests.cs - Importer: ScriptedImporter/UnityEditor.QuickSearchModule:UnityEditor.Search:ASIAI0B
Importing 'GUID: dc4741424d47f444c80f9c5a8774dab7 - Path: Packages/com.unity.xr.core-utils/Tests/Editor/XRCoreUtilities/GameObjectExtensionsTests.cs - Importer: ScriptedImporter/UnityEditor.QuickSearchModule:UnityEditor.Search:ASIAI0B' with importer (ScriptedImporter : UnityEditor.QuickSearchModule:UnityEditor.Search:ASIAI0B)
Imported 'GUID: dc4741424d47f444c80f9c5a8774dab7' -> (Import Result ID: '7843829b6b5e588ae505631ed93c0442') in 0.002 seconds [static and dynamic dependencies]. Details - ImportResultOutputID=2ec65353fb863dc3e92b0b43048fd89a DependenciesID=8c643c403e4ad5dffddc70ed869d6cd7 StaticDependenciesID=e239c82f4b8febd28901990ff24b21f6 
Number of updated asset objects reloaded before import = 0
Number of asset objects unloaded after import = 0
========================================================================
Received Import Request.
  Time of request: 2026-09-01T06:04:45.715407Z
  Time since last request: 0.000777667 seconds.
  importAddress: GUID: ba171b3dd2a51234ab864770f99741a5 - Path: Packages/com.unity.xr.legacyinputhelpers/Runtime/TrackedPoseDriver/UnityEngine.SpatialTracking.asmdef - Importer: ScriptedImporter/UnityEditor.QuickSearchModule:UnityEditor.Search:ASIAI0B
Importing 'GUID: ba171b3dd2a51234ab864770f99741a5 - Path: Packages/com.unity.xr.legacyinputhelpers/Runtime/TrackedPoseDriver/UnityEngine.SpatialTracking.asmdef - Importer: ScriptedImporter/UnityEditor.QuickSearchModule:UnityEditor.Search:ASIAI0B' with importer (ScriptedImporter : UnityEditor.QuickSearchModule:UnityEditor.Search:ASIAI0B)
Imported 'GUID: ba171b3dd2a51234ab864770f99741a5' -> (Import Result ID: '8e265198cba79e45e3b4dfd9146c92bc') in 0.002 seconds [static and dynamic dependencies]. Details - ImportResultOutputID=5e9285ea7c7a167abbdf6d47935d7fca DependenciesID=41104b2f42e1aa175f0bea4b1cc8a792 StaticDependenciesID=ac2655d9d28de022e5e436172233e240 
Number of updated asset objects reloaded before import = 0
Number of asset objects unloaded after import = 1
========================================================================
Received Import Request.
  Time of request: 2026-09-01T06:04:45.718787Z
  Time since last request: 0.00057375 seconds.
  importAddress: GUID: c3ca8b668738d4c438b8005d898233a8 - Path: Packages/com.unity.xr.core-utils/Tests/Runtime/Scripts/CustomApproximatePerformanceTest.cs - Importer: ScriptedImporter/UnityEditor.QuickSearchModule:UnityEditor.Search:ASIAI0B
Importing 'GUID: c3ca8b668738d4c438b8005d898233a8 - Path: Packages/com.unity.xr.core-utils/Tests/Runtime/Scripts/CustomApproximatePerformanceTest.cs - Importer: ScriptedImporter/UnityEditor.QuickSearchModule:UnityEditor.Search:ASIAI0B' with importer (ScriptedImporter : UnityEditor.QuickSearchModule:UnityEditor.Search:ASIAI0B)
Imported 'GUID: c3ca8b668738d4c438b8005d898233a8' -> (Import Result ID: 'b33de533331df07ec01253d56e8dab5a') in 0.002 seconds [static and dynamic dependencies]. Details - ImportResultOutputID=c320ccd6afc5ef01fe8cfbbb8f763b06 DependenciesID=b23bee2ff124a5e49bc5b8401c51775c StaticDependenciesID=7f5bca7996846917453719580a94b4f1 
Number of updated asset objects reloaded before import = 0
Number of asset objects unloaded after import = 0
========================================================================
Received Import Request.
  Time of request: 2026-09-01T06:04:45.721322Z
  Time since last request: 0.000595583 seconds.
  importAddress: GUID: 1ed4e84183ad15c43b32a13aeca25b98 - Path: Packages/com.unity.xr.legacyinputhelpers/Runtime/ArmModels/ArmModel.cs - Importer: ScriptedImporter/UnityEditor.QuickSearchModule:UnityEditor.Search:ASIAI0B
Importing 'GUID: 1ed4e84183ad15c43b32a13aeca25b98 - Path: Packages/com.unity.xr.legacyinputhelpers/Runtime/ArmModels/ArmModel.cs - Importer: ScriptedImporter/UnityEditor.QuickSearchModule:UnityEditor.Search:ASIAI0B' with importer (ScriptedImporter : UnityEditor.QuickSearchModule:UnityEditor.Search:ASIAI0B)
Imported 'GUID: 1ed4e84183ad15c43b32a13aeca25b98' -> (Import Result ID: 'a9fcfa664f7dd939e8e30a4ed76ae01c') in 0.002 seconds [static and dynamic dependencies]. Details - ImportResultOutputID=6ad35c743c185a64973979aa3e4e2b16 DependenciesID=9ff01f6e79244feadbf6c8987673f8ef StaticDependenciesID=7f4cd247f2ef698b2330b00f7b4ea76a 
Number of updated asset objects reloaded before import = 0
Number of asset objects unloaded after import = 0
========================================================================
Received Import Request.
  Time of request: 2026-09-01T06:04:45.723664Z
  Time since last request: 0.000242458 seconds.
  importAddress: GUID: 297beccc71164b5d846c0179e3691ff2 - Path: Packages/com.unity.xr.core-utils/Editor/BuildingBlocks/PrefabCreatorBuildingBlock.cs - Importer: ScriptedImporter/UnityEditor.QuickSearchModule:UnityEditor.Search:ASIAI0B
Importing 'GUID: 297beccc71164b5d846c0179e3691ff2 - Path: Packages/com.unity.xr.core-utils/Editor/BuildingBlocks/PrefabCreatorBuildingBlock.cs - Importer: ScriptedImporter/UnityEditor.QuickSearchModule:UnityEditor.Search:ASIAI0B' with importer (ScriptedImporter : UnityEditor.QuickSearchModule:UnityEditor.Search:ASIAI0B)
Imported 'GUID: 297beccc71164b5d846c0179e3691ff2' -> (Import Result ID: 'c3051652d188672757f0941c9fca9958') in 0.002 seconds [static and dynamic dependencies]. Details - ImportResultOutputID=aa9608c1ab2cb0d3b6a154dd27c51e27 DependenciesID=7c11f61c669e87cb93ef690cfc72dd25 StaticDependenciesID=e56b0f304e9734569f407cc259f2ecb2 
Number of updated asset objects reloaded before import = 0
Number of asset objects unloaded after import = 0
========================================================================
Received Import Request.
  Time of request: 2026-09-01T06:04:45.726553Z
  Time since last request: 0.000567291 seconds.
  importAddress: GUID: 14fc8b46bbbe44c8384c288cda0b3a64 - Path: Packages/com.unity.xr.core-utils/Tests/Runtime/Scenes/ConvexHullPerformanceTest.unity - Importer: ScriptedImporter/UnityEditor.QuickSearchModule:UnityEditor.Search:ASIAI0B
Importing 'GUID: 14fc8b46bbbe44c8384c288cda0b3a64 - Path: Packages/com.unity.xr.core-utils/Tests/Runtime/Scenes/ConvexHullPerformanceTest.unity - Importer: ScriptedImporter/UnityEditor.QuickSearchModule:UnityEditor.Search:ASIAI0B' with importer (ScriptedImporter : UnityEditor.QuickSearchModule:UnityEditor.Search:ASIAI0B)
Imported 'GUID: 14fc8b46bbbe44c8384c288cda0b3a64' -> (Import Result ID: '1469aa02c89c16595b8bc3d8a465c2e8') in 0.002 seconds [static and dynamic dependencies]. Details - ImportResultOutputID=1e74438fe9d89bab737bbaa85282ef3e DependenciesID=cf248f75a668b099387c1e9fe48c186a StaticDependenciesID=7369580be79bcc3996fa33da7d3392ff 
Number of updated asset objects reloaded before import = 0
Number of asset objects unloaded after import = 1
========================================================================
Received Import Request.
  Time of request: 2026-09-01T06:04:45.729652Z
  Time since last request: 0.00090475 seconds.
  importAddress: GUID: 44e6ef670bba14ab2aa714579d266b1c - Path: Packages/com.unity.xr.core-utils/Runtime/CachedComponentFilter.cs - Importer: ScriptedImporter/UnityEditor.QuickSearchModule:UnityEditor.Search:ASIAI0B
Importing 'GUID: 44e6ef670bba14ab2aa714579d266b1c - Path: Packages/com.unity.xr.core-utils/Runtime/CachedComponentFilter.cs - Importer: ScriptedImporter/UnityEditor.QuickSearchModule:UnityEditor.Search:ASIAI0B' with importer (ScriptedImporter : UnityEditor.QuickSearchModule:UnityEditor.Search:ASIAI0B)
Imported 'GUID: 44e6ef670bba14ab2aa714579d266b1c' -> (Import Result ID: '955182488d4d3932c80b3214244f8c86') in 0.002 seconds [static and dynamic dependencies]. Details - ImportResultOutputID=a568244ec5a4251420ee212a7fe34332 DependenciesID=ef6c75e35e6fc0e3fa71a58906ff130e StaticDependenciesID=fe21fe58ef3f4c811f7547df80f55fc6 
Number of updated asset objects reloaded before import = 0
Number of asset objects unloaded after import = 0
========================================================================
Received Import Request.
  Time of request: 2026-09-01T06:04:45.732432Z
  Time since last request: 0.000694042 seconds.
  importAddress: GUID: 24772c9264eb4f3d8e1f026e3c3881b2 - Path: Packages/com.unity.xr.core-utils/ValidationExceptions.json - Importer: ScriptedImporter/UnityEditor.QuickSearchModule:UnityEditor.Search:ASIAI0B
Importing 'GUID: 24772c9264eb4f3d8e1f026e3c3881b2 - Path: Packages/com.unity.xr.core-utils/ValidationExceptions.json - Importer: ScriptedImporter/UnityEditor.QuickSearchModule:UnityEditor.Search:ASIAI0B' with importer (ScriptedImporter : UnityEditor.QuickSearchModule:UnityEditor.Search:ASIAI0B)
Imported 'GUID: 24772c9264eb4f3d8e1f026e3c3881b2' -> (Import Result ID: 'b75be99bc0889465401dd752d71981cd') in 0.002 seconds [static and dynamic dependencies]. Details - ImportResultOutputID=9680f9e1e0c3a98e41bfe901b095c31a DependenciesID=7a1fcf939e376d5e4bffd3c6ad0a4349 StaticDependenciesID=c257e88617b59431cf56a7c653ef376b 
Number of updated asset objects reloaded before import = 0
Number of asset objects unloaded after import = 1
========================================================================
Received Import Request.
  Time of request: 2026-09-01T06:04:45.735891Z
  Time since last request: 0.000593459 seconds.
  importAddress: GUID: 8443d3621b17161459d890b196695db3 - Path: Packages/com.unity.xr.management/xrmanifest.androidlib - Importer: ScriptedImporter/UnityEditor.QuickSearchModule:UnityEditor.Search:ASIAI0B
Importing 'GUID: 8443d3621b17161459d890b196695db3 - Path: Packages/com.unity.xr.management/xrmanifest.androidlib - Importer: ScriptedImporter/UnityEditor.QuickSearchModule:UnityEditor.Search:ASIAI0B' with importer (ScriptedImporter : UnityEditor.QuickSearchModule:UnityEditor.Search:ASIAI0B)
Imported 'GUID: 8443d3621b17161459d890b196695db3' -> (Import Result ID: 'e09e64a132a1750cdd04f027f57f699a') in 0.005 seconds [static and dynamic dependencies]. Details - ImportResultOutputID=e75f81297c8ff6580344a0c5ee604a36 DependenciesID=0924828ce59f2bcb3e46bf34a91523cb StaticDependenciesID=51b099d85db33d2fa8a231fb6644e906 
Number of updated asset objects reloaded before import = 0
Number of asset objects unloaded after import = 0
========================================================================
Received Import Request.
  Time of request: 2026-09-01T06:04:45.741853Z
  Time since last request: 0.000518125 seconds.
  importAddress: GUID: 7933e59e06c3346c1bf7f1b0c943bef6 - Path: Packages/com.unity.xr.core-utils/Tests/Editor/CodeSamples/ScriptedBuildingBlockSample.cs - Importer: ScriptedImporter/UnityEditor.QuickSearchModule:UnityEditor.Search:ASIAI0B
Importing 'GUID: 7933e59e06c3346c1bf7f1b0c943bef6 - Path: Packages/com.unity.xr.core-utils/Tests/Editor/CodeSamples/ScriptedBuildingBlockSample.cs - Importer: ScriptedImporter/UnityEditor.QuickSearchModule:UnityEditor.Search:ASIAI0B' with importer (ScriptedImporter : UnityEditor.QuickSearchModule:UnityEditor.Search:ASIAI0B)
Imported 'GUID: 7933e59e06c3346c1bf7f1b0c943bef6' -> (Import Result ID: '2f2bde55097a735b3d725159083a679e') in 0.003 seconds [static and dynamic dependencies]. Details - ImportResultOutputID=deca44feeb1353aa7cdb69675901fe1d DependenciesID=1e2f4b548b2bb362909d2422b83eef38 StaticDependenciesID=3510dde3396f89633a3163be0eb8ebc2 
Number of updated asset objects reloaded before import = 0
Number of asset objects unloaded after import = 0
========================================================================
Received Import Request.
  Time of request: 2026-09-01T06:04:45.745986Z
  Time since last request: 0.000527083 seconds.
  importAddress: GUID: 7ab8f828152c8463fb4814b55b59fa9c - Path: Packages/com.unity.xr.core-utils/Runtime/AssemblyInfo.cs - Importer: ScriptedImporter/UnityEditor.QuickSearchModule:UnityEditor.Search:ASIAI0B
Importing 'GUID: 7ab8f828152c8463fb4814b55b59fa9c - Path: Packages/com.unity.xr.core-utils/Runtime/AssemblyInfo.cs - Importer: ScriptedImporter/UnityEditor.QuickSearchModule:UnityEditor.Search:ASIAI0B' with importer (ScriptedImporter : UnityEditor.QuickSearchModule:UnityEditor.Search:ASIAI0B)
Imported 'GUID: 7ab8f828152c8463fb4814b55b59fa9c' -> (Import Result ID: '84451d0cfa351ffab8d52966d5d6f861') in 0.001 seconds [static and dynamic dependencies]. Details - ImportResultOutputID=e9cb1e087c8e23993276f65119dead98 DependenciesID=44f94ecae94fd44f38b7a847fd285c9f StaticDependenciesID=f5a23ea794f5dad664fd8e6e52e9fc4a 
Number of updated asset objects reloaded before import = 0
Number of asset objects unloaded after import = 0
========================================================================
Received Import Request.
  Time of request: 2026-09-01T06:04:45.748128Z
  Time since last request: 0.000516125 seconds.
  importAddress: GUID: d6557a9db2cb4198a0f3fdafec2b533b - Path: Packages/com.unity.xr.core-utils/Runtime/Extensions/UnityEventExtensions.cs - Importer: ScriptedImporter/UnityEditor.QuickSearchModule:UnityEditor.Search:ASIAI0B
Importing 'GUID: d6557a9db2cb4198a0f3fdafec2b533b - Path: Packages/com.unity.xr.core-utils/Runtime/Extensions/UnityEventExtensions.cs - Importer: ScriptedImporter/UnityEditor.QuickSearchModule:UnityEditor.Search:ASIAI0B' with importer (ScriptedImporter : UnityEditor.QuickSearchModule:UnityEditor.Search:ASIAI0B)
Imported 'GUID: d6557a9db2cb4198a0f3fdafec2b533b' -> (Import Result ID: '6a7d7979c7b9a2cd035f62b878de1c97') in 0.002 seconds [static and dynamic dependencies]. Details - ImportResultOutputID=e61cbccb5b5e3c61e9b5932ebc135ed3 DependenciesID=bf133935dae7e25f90e8a3c67e46a17a StaticDependenciesID=b67960e955c2d631b9d0484f583d5322 
Number of updated asset objects reloaded before import = 0
Number of asset objects unloaded after import = 0
========================================================================
Received Import Request.
  Time of request: 2026-09-01T06:04:45.751456Z
  Time since last request: 0.000833875 seconds.
  importAddress: GUID: c90dd1f3ec17d4f0a8381dfdd02572fa - Path: Packages/com.unity.xr.core-utils/Runtime/HashCodeUtil.cs - Importer: ScriptedImporter/UnityEditor.QuickSearchModule:UnityEditor.Search:ASIAI0B
Importing 'GUID: c90dd1f3ec17d4f0a8381dfdd02572fa - Path: Packages/com.unity.xr.core-utils/Runtime/HashCodeUtil.cs - Importer: ScriptedImporter/UnityEditor.QuickSearchModule:UnityEditor.Search:ASIAI0B' with importer (ScriptedImporter : UnityEditor.QuickSearchModule:UnityEditor.Search:ASIAI0B)
Imported 'GUID: c90dd1f3ec17d4f0a8381dfdd02572fa' -> (Import Result ID: '02568fe1c7f6bcf467e0e2ac51481bb5') in 0.001 seconds [static and dynamic dependencies]. Details - ImportResultOutputID=0d7d88affc23f35c7748e0b2f1d55136 DependenciesID=b78c0be84b443e7633a193c2cc892b67 StaticDependenciesID=3928302760c2986dc3385cc2ca7184d3 
Number of updated asset objects reloaded before import = 0
Number of asset objects unloaded after import = 0
========================================================================
Received Import Request.
  Time of request: 2026-09-01T06:04:45.753615Z
  Time since last request: 0.000385583 seconds.
  importAddress: GUID: e86550dadb60245419b14c8eb438c00a - Path: Packages/com.unity.xr.core-utils/CHANGELOG.md - Importer: ScriptedImporter/UnityEditor.QuickSearchModule:UnityEditor.Search:ASIAI0B
Importing 'GUID: e86550dadb60245419b14c8eb438c00a - Path: Packages/com.unity.xr.core-utils/CHANGELOG.md - Importer: ScriptedImporter/UnityEditor.QuickSearchModule:UnityEditor.Search:ASIAI0B' with importer (ScriptedImporter : UnityEditor.QuickSearchModule:UnityEditor.Search:ASIAI0B)
Imported 'GUID: e86550dadb60245419b14c8eb438c00a' -> (Import Result ID: 'd311834ad29568f966e2230e70c86fb2') in 0.002 seconds [static and dynamic dependencies]. Details - ImportResultOutputID=c9e9601cf579a9427bb2c41b574b6fe8 DependenciesID=30703fd43e6560638afd51aefb4c8217 StaticDependenciesID=50cf0b47a921f615b26d59c822f0df16 
Number of updated asset objects reloaded before import = 0
Number of asset objects unloaded after import = 1
========================================================================
Received Import Request.
  Time of request: 2026-09-01T06:04:45.756521Z
  Time since last request: 0.000725958 seconds.
  importAddress: GUID: 2e498d1c8094910479dc3e1b768306a4 - Path: Assets/TextMesh Pro/Resources/Fonts & Materials/LiberationSans SDF - Fallback.asset - Importer: ScriptedImporter/UnityEditor.QuickSearchModule:UnityEditor.Search:ASIAI0B
Importing 'GUID: 2e498d1c8094910479dc3e1b768306a4 - Path: Assets/TextMesh Pro/Resources/Fonts & Materials/LiberationSans SDF - Fallback.asset - Importer: ScriptedImporter/UnityEditor.QuickSearchModule:UnityEditor.Search:ASIAI0B' with importer (ScriptedImporter : UnityEditor.QuickSearchModule:UnityEditor.Search:ASIAI0B)
Imported 'GUID: 2e498d1c8094910479dc3e1b768306a4' -> (Import Result ID: 'c590914224b7bc7b0febcfec3d615971') in 0.008 seconds [static and dynamic dependencies]. Details - ImportResultOutputID=9f17cee18d7ffb36ea1beafc457a5c9c DependenciesID=be4be4096ba3b6c36ffd499b1fd0db3b StaticDependenciesID=80daf0f257972e53d9d328d729b52386 
Number of updated asset objects reloaded before import = 0
Number of asset objects unloaded after import = 5
========================================================================
Received Import Request.
  Time of request: 2026-09-01T06:04:45.764901Z
  Time since last request: 0.000296417 seconds.
  importAddress: GUID: e9daff4fe23774448a307aef3faeecfb - Path: Packages/com.unity.xr.core-utils/Tests/Runtime/Scripts/PerformanceComparisonTest.cs - Importer: ScriptedImporter/UnityEditor.QuickSearchModule:UnityEditor.Search:ASIAI0B
Importing 'GUID: e9daff4fe23774448a307aef3faeecfb - Path: Packages/com.unity.xr.core-utils/Tests/Runtime/Scripts/PerformanceComparisonTest.cs - Importer: ScriptedImporter/UnityEditor.QuickSearchModule:UnityEditor.Search:ASIAI0B' with importer (ScriptedImporter : UnityEditor.QuickSearchModule:UnityEditor.Search:ASIAI0B)
Imported 'GUID: e9daff4fe23774448a307aef3faeecfb' -> (Import Result ID: '7d3364da96def72713c99ab44d09dc1f') in 0.002 seconds [static and dynamic dependencies]. Details - ImportResultOutputID=7acbca7412e23ce5240b304c520e8fce DependenciesID=7ba844f6f56467acf86dbc7e37f11c77 StaticDependenciesID=0d101dc56dbd6b3105340d5558e30f25 
Number of updated asset objects reloaded before import = 0
Number of asset objects unloaded after import = 0
========================================================================
Received Import Request.
  Time of request: 2026-09-01T06:04:45.76821Z
  Time since last request: 0.00079075 seconds.
  importAddress: GUID: e9fe38c4546984d20972b92aae24104c - Path: Packages/com.unity.xr.core-utils/Runtime/Extensions/GameObjectExtensions.cs - Importer: ScriptedImporter/UnityEditor.QuickSearchModule:UnityEditor.Search:ASIAI0B
Importing 'GUID: e9fe38c4546984d20972b92aae24104c - Path: Packages/com.unity.xr.core-utils/Runtime/Extensions/GameObjectExtensions.cs - Importer: ScriptedImporter/UnityEditor.QuickSearchModule:UnityEditor.Search:ASIAI0B' with importer (ScriptedImporter : UnityEditor.QuickSearchModule:UnityEditor.Search:ASIAI0B)
Imported 'GUID: e9fe38c4546984d20972b92aae24104c' -> (Import Result ID: '3525d767a3757458c434dc5881c945c8') in 0.001 seconds [static and dynamic dependencies]. Details - ImportResultOutputID=5ac96700212d864cca555f80cf6dfd9e DependenciesID=48d281db22031f359c5b6a55549e656b StaticDependenciesID=00cfd4ad1299d97d92851faa6f78b953 
Number of updated asset objects reloaded before import = 0
Number of asset objects unloaded after import = 0
========================================================================
Received Import Request.
  Time of request: 2026-09-01T06:04:45.770341Z
  Time since last request: 0.000289708 seconds.
  importAddress: GUID: 5daaf8658cee34d98bc49e23809e3305 - Path: Packages/com.unity.xr.core-utils/Runtime/OnDestroyNotifier.cs - Importer: ScriptedImporter/UnityEditor.QuickSearchModule:UnityEditor.Search:ASIAI0B
Importing 'GUID: 5daaf8658cee34d98bc49e23809e3305 - Path: Packages/com.unity.xr.core-utils/Runtime/OnDestroyNotifier.cs - Importer: ScriptedImporter/UnityEditor.QuickSearchModule:UnityEditor.Search:ASIAI0B' with importer (ScriptedImporter : UnityEditor.QuickSearchModule:UnityEditor.Search:ASIAI0B)
Imported 'GUID: 5daaf8658cee34d98bc49e23809e3305' -> (Import Result ID: '24f8507fd8b6b665618b1927f87a9871') in 0.002 seconds [static and dynamic dependencies]. Details - ImportResultOutputID=c0d365972943e1f3da45a5769e7bcebb DependenciesID=796cac817fa0c560851064a2a7635c6d StaticDependenciesID=23f1258460ea1fb0f6a848cf7ff5b221 
Number of updated asset objects reloaded before import = 0
Number of asset objects unloaded after import = 0
========================================================================
Received Import Request.
  Time of request: 2026-09-01T06:04:45.773086Z
  Time since last request: 0.000822958 seconds.
  importAddress: GUID: aa503a6fc773346398bd8a96c8695179 - Path: Assets/Target.cs - Importer: ScriptedImporter/UnityEditor.QuickSearchModule:UnityEditor.Search:ASIAI0B
Importing 'GUID: aa503a6fc773346398bd8a96c8695179 - Path: Assets/Target.cs - Importer: ScriptedImporter/UnityEditor.QuickSearchModule:UnityEditor.Search:ASIAI0B' with importer (ScriptedImporter : UnityEditor.QuickSearchModule:UnityEditor.Search:ASIAI0B)
Imported 'GUID: aa503a6fc773346398bd8a96c8695179' -> (Import Result ID: '986a7198bbc5cc19211a84b70366a46b') in 0.001 seconds [static and dynamic dependencies]. Details - ImportResultOutputID=a96c657556ac215225232bf3194880ab DependenciesID=32fddf9ea8afcda94f469ade6246028e StaticDependenciesID=839b3e7f6a7563d8b4f8fd5421d43849 
Number of updated asset objects reloaded before import = 0
Number of asset objects unloaded after import = 0
========================================================================
Received Import Request.
  Time of request: 2026-09-01T06:04:45.775945Z
  Time since last request: 0.000805042 seconds.
  importAddress: GUID: e1e933fc85b5d7444902c305f62c695a - Path: Packages/com.unity.xr.legacyinputhelpers/CHANGELOG.md - Importer: ScriptedImporter/UnityEditor.QuickSearchModule:UnityEditor.Search:ASIAI0B
Importing 'GUID: e1e933fc85b5d7444902c305f62c695a - Path: Packages/com.unity.xr.legacyinputhelpers/CHANGELOG.md - Importer: ScriptedImporter/UnityEditor.QuickSearchModule:UnityEditor.Search:ASIAI0B' with importer (ScriptedImporter : UnityEditor.QuickSearchModule:UnityEditor.Search:ASIAI0B)
Imported 'GUID: e1e933fc85b5d7444902c305f62c695a' -> (Import Result ID: 'f7f7ce904934b276419fc74e9a2360d9') in 0.002 seconds [static and dynamic dependencies]. Details - ImportResultOutputID=fd07f27ef547226517638649d42a5c2d DependenciesID=f455b32857aa55741f6535689f98ee63 StaticDependenciesID=dee6f80e5ec0af9932719fb58b78ab24 
Number of updated asset objects reloaded before import = 0
Number of asset objects unloaded after import = 1
========================================================================
Received Import Request.
  Time of request: 2026-09-01T06:04:45.778973Z
  Time since last request: 0.000406833 seconds.
  importAddress: GUID: 7c691f0ea17c03e47ac0c3d4c7125748 - Path: Packages/com.unity.xr.legacyinputhelpers/Runtime/TrackedPoseDriver - Importer: ScriptedImporter/UnityEditor.QuickSearchModule:UnityEditor.Search:ASIAI0B
Importing 'GUID: 7c691f0ea17c03e47ac0c3d4c7125748 - Path: Packages/com.unity.xr.legacyinputhelpers/Runtime/TrackedPoseDriver - Importer: ScriptedImporter/UnityEditor.QuickSearchModule:UnityEditor.Search:ASIAI0B' with importer (ScriptedImporter : UnityEditor.QuickSearchModule:UnityEditor.Search:ASIAI0B)
Imported 'GUID: 7c691f0ea17c03e47ac0c3d4c7125748' -> (Import Result ID: 'e25f1b1062fc97db5332a5437603b973') in 0.002 seconds [static and dynamic dependencies]. Details - ImportResultOutputID=1c4a103bc991a16bfc182703b257711e DependenciesID=eee3357ce3172f23e2ffed98228549d5 StaticDependenciesID=b7716e5069d8fbf1bd1f4109c2a34b74 
Number of updated asset objects reloaded before import = 0
Number of asset objects unloaded after import = 1
========================================================================
Received Import Request.
  Time of request: 2026-09-01T06:04:45.781303Z
  Time since last request: 0.000404792 seconds.
  importAddress: GUID: 959729105aadc7641ad7824c190bf9a7 - Path: Packages/com.unity.xr.core-utils/Runtime/Datums/AnimationCurveDatumProperty.cs - Importer: ScriptedImporter/UnityEditor.QuickSearchModule:UnityEditor.Search:ASIAI0B
Importing 'GUID: 959729105aadc7641ad7824c190bf9a7 - Path: Packages/com.unity.xr.core-utils/Runtime/Datums/AnimationCurveDatumProperty.cs - Importer: ScriptedImporter/UnityEditor.QuickSearchModule:UnityEditor.Search:ASIAI0B' with importer (ScriptedImporter : UnityEditor.QuickSearchModule:UnityEditor.Search:ASIAI0B)
Imported 'GUID: 959729105aadc7641ad7824c190bf9a7' -> (Import Result ID: '2ed6795fad125b5954f417d5dd970833') in 0.002 seconds [static and dynamic dependencies]. Details - ImportResultOutputID=77415df927e5836d25a9d17b680f010c DependenciesID=7d4ac27b46812b03ce40881cc14554bc StaticDependenciesID=f7571e187e4b94ce140271047aab61c1 
Number of updated asset objects reloaded before import = 0
Number of asset objects unloaded after import = 0
========================================================================
Received Import Request.
  Time of request: 2026-09-01T06:04:45.783527Z
  Time since last request: 0.000332708 seconds.
  importAddress: GUID: 71c45f80bffdb9145ad2c456254c862e - Path: Packages/com.unity.collab-proxy/Editor/Assets/Images/d_iconlockedlocaloverlay.png - Importer: ScriptedImporter/UnityEditor.QuickSearchModule:UnityEditor.Search:ASIAI0B
Importing 'GUID: 71c45f80bffdb9145ad2c456254c862e - Path: Packages/com.unity.collab-proxy/Editor/Assets/Images/d_iconlockedlocaloverlay.png - Importer: ScriptedImporter/UnityEditor.QuickSearchModule:UnityEditor.Search:ASIAI0B' with importer (ScriptedImporter : UnityEditor.QuickSearchModule:UnityEditor.Search:ASIAI0B)
[Licensing::Client] Successfully resolved entitlement details
[Licensing::Client] Successfully resolved entitlement details
Imported 'GUID: 71c45f80bffdb9145ad2c456254c862e' -> (Import Result ID: '292fa1740b9315867a743e6562382163') in 0.057 seconds [static and dynamic dependencies]. Details - ImportResultOutputID=f2298b415bf253c1abc89ef5611dc92e DependenciesID=19b486f0b8197aead823a1efd904d31e StaticDependenciesID=3fbf076bf379353377a7e6d69723507b 
Number of updated asset objects reloaded before import = 0
Number of asset objects unloaded after import = 1
========================================================================
Received Import Request.
  Time of request: 2026-09-01T06:04:45.841204Z
  Time since last request: 0.000374667 seconds.
  importAddress: GUID: c74ff79ae2bd54ff399dd059b20e955b - Path: Packages/com.unity.xr.core-utils/Runtime/Collections/ReadOnlyList.cs - Importer: ScriptedImporter/UnityEditor.QuickSearchModule:UnityEditor.Search:ASIAI0B
Importing 'GUID: c74ff79ae2bd54ff399dd059b20e955b - Path: Packages/com.unity.xr.core-utils/Runtime/Collections/ReadOnlyList.cs - Importer: ScriptedImporter/UnityEditor.QuickSearchModule:UnityEditor.Search:ASIAI0B' with importer (ScriptedImporter : UnityEditor.QuickSearchModule:UnityEditor.Search:ASIAI0B)
Imported 'GUID: c74ff79ae2bd54ff399dd059b20e955b' -> (Import Result ID: '4c91e5d5883fe8c2d99931c89fcf3ec0') in 0.003 seconds [static and dynamic dependencies]. Details - ImportResultOutputID=343e1b53e341bb3cc2275390b7bb9487 DependenciesID=0680671f0253ec1b47eef3a1059d343f StaticDependenciesID=1c88f587b33c3b76a8a325a38ef900e8 
Number of updated asset objects reloaded before import = 0
Number of asset objects unloaded after import = 0
========================================================================
Received Import Request.
  Time of request: 2026-09-01T06:04:45.844967Z
  Time since last request: 0.000548125 seconds.
  importAddress: GUID: 8533e922e0177449da62244d62b53da1 - Path: Packages/com.unity.xr.core-utils/Tests/Editor - Importer: ScriptedImporter/UnityEditor.QuickSearchModule:UnityEditor.Search:ASIAI0B
Importing 'GUID: 8533e922e0177449da62244d62b53da1 - Path: Packages/com.unity.xr.core-utils/Tests/Editor - Importer: ScriptedImporter/UnityEditor.QuickSearchModule:UnityEditor.Search:ASIAI0B' with importer (ScriptedImporter : UnityEditor.QuickSearchModule:UnityEditor.Search:ASIAI0B)
Imported 'GUID: 8533e922e0177449da62244d62b53da1' -> (Import Result ID: '5e56cef31769fadd3f6168b427f41e49') in 0.002 seconds [static and dynamic dependencies]. Details - ImportResultOutputID=71700312c9ec732df64257bc912782aa DependenciesID=a421b45ee4595a7f4e2fa7f56a5186e4 StaticDependenciesID=793cddf4319ea560588ea865824e7fd6 
Number of updated asset objects reloaded before import = 0
Number of asset objects unloaded after import = 1
========================================================================
Received Import Request.
  Time of request: 2026-09-01T06:04:45.84819Z
  Time since last request: 0.000767417 seconds.
  importAddress: GUID: c077772b186f48118aed074774d1148e - Path: Packages/com.unity.xr.core-utils/Runtime/Datums - Importer: ScriptedImporter/UnityEditor.QuickSearchModule:UnityEditor.Search:ASIAI0B
Importing 'GUID: c077772b186f48118aed074774d1148e - Path: Packages/com.unity.xr.core-utils/Runtime/Datums - Importer: ScriptedImporter/UnityEditor.QuickSearchModule:UnityEditor.Search:ASIAI0B' with importer (ScriptedImporter : UnityEditor.QuickSearchModule:UnityEditor.Search:ASIAI0B)
Imported 'GUID: c077772b186f48118aed074774d1148e' -> (Import Result ID: '27dc89b12a2aaf20cc7f566702756cd8') in 0.002 seconds [static and dynamic dependencies]. Details - ImportResultOutputID=8179c55e5f6a6838a8e3281d491f550e DependenciesID=cdd5959ad1d0b5e0fe8dd917c15a9ded StaticDependenciesID=31ae7da3768aabfc55101075e2089f85 
Number of updated asset objects reloaded before import = 0
Number of asset objects unloaded after import = 1
========================================================================
Received Import Request.
  Time of request: 2026-09-01T06:04:45.851224Z
  Time since last request: 0.000425208 seconds.
  importAddress: GUID: fb57695f08fca444e833816572c9cb83 - Path: Packages/com.unity.xr.core-utils/Runtime/CapabilityProfile/Dictionary/CustomCapabilityKeyAttribute.cs - Importer: ScriptedImporter/UnityEditor.QuickSearchModule:UnityEditor.Search:ASIAI0B
Importing 'GUID: fb57695f08fca444e833816572c9cb83 - Path: Packages/com.unity.xr.core-utils/Runtime/CapabilityProfile/Dictionary/CustomCapabilityKeyAttribute.cs - Importer: ScriptedImporter/UnityEditor.QuickSearchModule:UnityEditor.Search:ASIAI0B' with importer (ScriptedImporter : UnityEditor.QuickSearchModule:UnityEditor.Search:ASIAI0B)
Imported 'GUID: fb57695f08fca444e833816572c9cb83' -> (Import Result ID: '20fa21497893229ec4799f1d9f12156d') in 0.002 seconds [static and dynamic dependencies]. Details - ImportResultOutputID=70a1921e54152ede2265592de1a71105 DependenciesID=d0790e014878d64ee9ce996ef5d5b60f StaticDependenciesID=64cb0dcea230289af5f1e8863f72b2a8 
Number of updated asset objects reloaded before import = 0
Number of asset objects unloaded after import = 0
========================================================================
Received Import Request.
  Time of request: 2026-09-01T06:04:45.854024Z
  Time since last request: 0.000887917 seconds.
  importAddress: GUID: 15f789f4848004249b8e67d3fcf33a78 - Path: Packages/com.unity.xr.management/Editor/XRConstants.cs - Importer: ScriptedImporter/UnityEditor.QuickSearchModule:UnityEditor.Search:ASIAI0B
Importing 'GUID: 15f789f4848004249b8e67d3fcf33a78 - Path: Packages/com.unity.xr.management/Editor/XRConstants.cs - Importer: ScriptedImporter/UnityEditor.QuickSearchModule:UnityEditor.Search:ASIAI0B' with importer (ScriptedImporter : UnityEditor.QuickSearchModule:UnityEditor.Search:ASIAI0B)
Imported 'GUID: 15f789f4848004249b8e67d3fcf33a78' -> (Import Result ID: '01abf3e0ee10827ab0b300e508a8007c') in 0.001 seconds [static and dynamic dependencies]. Details - ImportResultOutputID=af8cc07a411abcd35f8dcf2c91cb8550 DependenciesID=c05047e80391c84cc3f34f07335c8cb0 StaticDependenciesID=70b4c850896f3eeaf9cc1c2dde4b52fa 
Number of updated asset objects reloaded before import = 0
Number of asset objects unloaded after import = 0
========================================================================
Received Import Request.
  Time of request: 2026-09-01T06:04:45.856869Z
  Time since last request: 0.00065975 seconds.
  importAddress: GUID: ff2e0cd9f58c405bb6e9b217860eebca - Path: Packages/com.unity.xr.core-utils/Editor/Datums - Importer: ScriptedImporter/UnityEditor.QuickSearchModule:UnityEditor.Search:ASIAI0B
Importing 'GUID: ff2e0cd9f58c405bb6e9b217860eebca - Path: Packages/com.unity.xr.core-utils/Editor/Datums - Importer: ScriptedImporter/UnityEditor.QuickSearchModule:UnityEditor.Search:ASIAI0B' with importer (ScriptedImporter : UnityEditor.QuickSearchModule:UnityEditor.Search:ASIAI0B)
Imported 'GUID: ff2e0cd9f58c405bb6e9b217860eebca' -> (Import Result ID: 'fd079c09e327641c4f46783f01fe2839') in 0.003 seconds [static and dynamic dependencies]. Details - ImportResultOutputID=289701af7e5cb06db70a7385ddc0cf0c DependenciesID=1b1b9d1c214721bd95b0c3d6c1b87f9a StaticDependenciesID=1fa599876b55c11e8f0b10cdd33a6cbe 
Number of updated asset objects reloaded before import = 0
Number of asset objects unloaded after import = 1
========================================================================
Received Import Request.
  Time of request: 2026-09-01T06:04:45.861022Z
  Time since last request: 0.000434833 seconds.
  importAddress: GUID: 8a89fa14b10d46a99122fd4f73fca9a2 - Path: Assets/TextMesh Pro/Examples & Extras/Resources/Fonts & Materials/Anton SDF.asset - Importer: ScriptedImporter/UnityEditor.QuickSearchModule:UnityEditor.Search:ASIAI0B
Importing 'GUID: 8a89fa14b10d46a99122fd4f73fca9a2 - Path: Assets/TextMesh Pro/Examples & Extras/Resources/Fonts & Materials/Anton SDF.asset - Importer: ScriptedImporter/UnityEditor.QuickSearchModule:UnityEditor.Search:ASIAI0B' with importer (ScriptedImporter : UnityEditor.QuickSearchModule:UnityEditor.Search:ASIAI0B)
Imported 'GUID: 8a89fa14b10d46a99122fd4f73fca9a2' -> (Import Result ID: '530b4a79f321a106eada35fac5e58ff8') in 0.007 seconds [static and dynamic dependencies]. Details - ImportResultOutputID=779f747614e660b4f82fa215f986cc6e DependenciesID=4b42b934ba6579cc5b79991040730210 StaticDependenciesID=59c4d6eb3dfbf42cba671322ecc2570c 
Number of updated asset objects reloaded before import = 0
Number of asset objects unloaded after import = 5
========================================================================
Received Import Request.
  Time of request: 2026-09-01T06:04:45.868763Z
  Time since last request: 0.000690625 seconds.
  importAddress: GUID: 4fe3c04927134484ea79de7138b541c9 - Path: Packages/com.unity.xr.core-utils/Editor/ScriptableSettingsProvider.cs - Importer: ScriptedImporter/UnityEditor.QuickSearchModule:UnityEditor.Search:ASIAI0B
Importing 'GUID: 4fe3c04927134484ea79de7138b541c9 - Path: Packages/com.unity.xr.core-utils/Editor/ScriptableSettingsProvider.cs - Importer: ScriptedImporter/UnityEditor.QuickSearchModule:UnityEditor.Search:ASIAI0B' with importer (ScriptedImporter : UnityEditor.QuickSearchModule:UnityEditor.Search:ASIAI0B)
Imported 'GUID: 4fe3c04927134484ea79de7138b541c9' -> (Import Result ID: '4cd4694e3184f43a454e9f75ce63f7ac') in 0.002 seconds [static and dynamic dependencies]. Details - ImportResultOutputID=a239b9dbfd0e58b46cb847ef02b99695 DependenciesID=864fcaed805d2aecfadc59172251089d StaticDependenciesID=defa1ce75424325591f1a941cc79c92f 
Number of updated asset objects reloaded before import = 0
Number of asset objects unloaded after import = 0
========================================================================
Received Import Request.
  Time of request: 2026-09-01T06:04:45.872026Z
  Time since last request: 0.000831834 seconds.
  importAddress: GUID: 6c3d3d09ebc374be3affa52024d1f644 - Path: Packages/com.unity.xr.core-utils/Runtime/Attributes/FlagsPropertyAttribute.cs - Importer: ScriptedImporter/UnityEditor.QuickSearchModule:UnityEditor.Search:ASIAI0B
Importing 'GUID: 6c3d3d09ebc374be3affa52024d1f644 - Path: Packages/com.unity.xr.core-utils/Runtime/Attributes/FlagsPropertyAttribute.cs - Importer: ScriptedImporter/UnityEditor.QuickSearchModule:UnityEditor.Search:ASIAI0B' with importer (ScriptedImporter : UnityEditor.QuickSearchModule:UnityEditor.Search:ASIAI0B)
Imported 'GUID: 6c3d3d09ebc374be3affa52024d1f644' -> (Import Result ID: 'f7706c5b37558915e6d687579b760778') in 0.001 seconds [static and dynamic dependencies]. Details - ImportResultOutputID=2ee37373ad2ef94d06e3ca9d13518c6c DependenciesID=a963e21c008f9b6bd7c5a62664591207 StaticDependenciesID=30865bcbaa7f0f48f55ce4878b94f1dc 
Number of updated asset objects reloaded before import = 0
Number of asset objects unloaded after import = 0
========================================================================
Received Import Request.
  Time of request: 2026-09-01T06:04:45.874354Z
  Time since last request: 0.00049725 seconds.
  importAddress: GUID: 9ebb01c3a5ac7564d80fe780a7058df0 - Path: Packages/com.unity.xr.legacyinputhelpers/Editor/SeedXRInputBindings/SeedXRInputBindings.cs - Importer: ScriptedImporter/UnityEditor.QuickSearchModule:UnityEditor.Search:ASIAI0B
Importing 'GUID: 9ebb01c3a5ac7564d80fe780a7058df0 - Path: Packages/com.unity.xr.legacyinputhelpers/Editor/SeedXRInputBindings/SeedXRInputBindings.cs - Importer: ScriptedImporter/UnityEditor.QuickSearchModule:UnityEditor.Search:ASIAI0B' with importer (ScriptedImporter : UnityEditor.QuickSearchModule:UnityEditor.Search:ASIAI0B)
Imported 'GUID: 9ebb01c3a5ac7564d80fe780a7058df0' -> (Import Result ID: '15bb71d00f849c2b183c4cff08906114') in 0.002 seconds [static and dynamic dependencies]. Details - ImportResultOutputID=66ab101fde5b6eacd1148d49804f1d08 DependenciesID=211249ade67af4bb1dabd4812700aa8c StaticDependenciesID=dc986dcdc72d3337faa34c75f879e708 
Number of updated asset objects reloaded before import = 0
Number of asset objects unloaded after import = 0
========================================================================
Received Import Request.
  Time of request: 2026-09-01T06:04:45.897377Z
  Time since last request: 0.020019583 seconds.
  importAddress: GUID: f46fc3751c3e84133af5527f7c1abae5 - Path: Packages/com.unity.xr.management/Tests/Editor/Unity.XR.Management.EditorTests.asmdef - Importer: ScriptedImporter/UnityEditor.QuickSearchModule:UnityEditor.Search:ASIAI0B
Importing 'GUID: f46fc3751c3e84133af5527f7c1abae5 - Path: Packages/com.unity.xr.management/Tests/Editor/Unity.XR.Management.EditorTests.asmdef - Importer: ScriptedImporter/UnityEditor.QuickSearchModule:UnityEditor.Search:ASIAI0B' with importer (ScriptedImporter : UnityEditor.QuickSearchModule:UnityEditor.Search:ASIAI0B)
Imported 'GUID: f46fc3751c3e84133af5527f7c1abae5' -> (Import Result ID: '49d0814777a4576d032c424ed55d5d7d') in 0.002 seconds [static and dynamic dependencies]. Details - ImportResultOutputID=17231370ee3334c7e7cf33d7d2d94355 DependenciesID=45c13e5791dca5c7cf5fc53e833a8af5 StaticDependenciesID=8d2cd786cefd8225253a127ccfb0b027 
Number of updated asset objects reloaded before import = 0
Number of asset objects unloaded after import = 1
========================================================================
Received Import Request.
  Time of request: 2026-09-01T06:04:45.90072Z
  Time since last request: 0.000709375 seconds.
  importAddress: GUID: 3e2f74c6408554b1c974e34fab0da678 - Path: Packages/com.unity.xr.core-utils/Tests/Editor/XRCoreUtilities/ReadOnlyListTests.cs - Importer: ScriptedImporter/UnityEditor.QuickSearchModule:UnityEditor.Search:ASIAI0B
Importing 'GUID: 3e2f74c6408554b1c974e34fab0da678 - Path: Packages/com.unity.xr.core-utils/Tests/Editor/XRCoreUtilities/ReadOnlyListTests.cs - Importer: ScriptedImporter/UnityEditor.QuickSearchModule:UnityEditor.Search:ASIAI0B' with importer (ScriptedImporter : UnityEditor.QuickSearchModule:UnityEditor.Search:ASIAI0B)
Imported 'GUID: 3e2f74c6408554b1c974e34fab0da678' -> (Import Result ID: '4c44803996e7a0959365509efd9cecb0') in 0.003 seconds [static and dynamic dependencies]. Details - ImportResultOutputID=a7ff8a6975d4955fa5aa9756c70175ac DependenciesID=d322ecc4992610289e00e49586a6bfdc StaticDependenciesID=06a748764408a394e1e8b6c749c4eea3 
Number of updated asset objects reloaded before import = 0
Number of asset objects unloaded after import = 0
========================================================================
Received Import Request.
  Time of request: 2026-09-01T06:04:45.90451Z
  Time since last request: 0.000609792 seconds.
  importAddress: GUID: ad402f78648da2543942ac459d856573 - Path: Packages/com.unity.xr.management/Editor/Metadata/KnownPackages.cs - Importer: ScriptedImporter/UnityEditor.QuickSearchModule:UnityEditor.Search:ASIAI0B
Importing 'GUID: ad402f78648da2543942ac459d856573 - Path: Packages/com.unity.xr.management/Editor/Metadata/KnownPackages.cs - Importer: ScriptedImporter/UnityEditor.QuickSearchModule:UnityEditor.Search:ASIAI0B' with importer (ScriptedImporter : UnityEditor.QuickSearchModule:UnityEditor.Search:ASIAI0B)
Imported 'GUID: ad402f78648da2543942ac459d856573' -> (Import Result ID: '49f3b52abe13f752e6d8be45398df15e') in 0.002 seconds [static and dynamic dependencies]. Details - ImportResultOutputID=15baa839b591360ba64eceb946349d72 DependenciesID=de3e2012b1656ce320548ffa580f7380 StaticDependenciesID=e90de7b1bf9dc1a6f1124e216041bae4 
Number of updated asset objects reloaded before import = 0
Number of asset objects unloaded after import = 0
========================================================================
Received Import Request.
  Time of request: 2026-09-01T06:04:45.907585Z
  Time since last request: 0.000410416 seconds.
  importAddress: GUID: ab121e37ba25f5549b3f70723f0587a2 - Path: Packages/com.unity.xr.management/Tests/TestPackage/Editor/TestPackage.cs - Importer: ScriptedImporter/UnityEditor.QuickSearchModule:UnityEditor.Search:ASIAI0B
Importing 'GUID: ab121e37ba25f5549b3f70723f0587a2 - Path: Packages/com.unity.xr.management/Tests/TestPackage/Editor/TestPackage.cs - Importer: ScriptedImporter/UnityEditor.QuickSearchModule:UnityEditor.Search:ASIAI0B' with importer (ScriptedImporter : UnityEditor.QuickSearchModule:UnityEditor.Search:ASIAI0B)
Imported 'GUID: ab121e37ba25f5549b3f70723f0587a2' -> (Import Result ID: '0f8c1f4f3c7ddd9aa7e1a9430ecba0a1') in 0.002 seconds [static and dynamic dependencies]. Details - ImportResultOutputID=49ec2581dc8cbf037ee16a6caf24c1b8 DependenciesID=4aa852c545b26e06b7866437b3595a66 StaticDependenciesID=74a812f6d897e99e6ee4b19a6852cab7 
Number of updated asset objects reloaded before import = 0
Number of asset objects unloaded after import = 0
========================================================================
Received Import Request.
  Time of request: 2026-09-01T06:04:45.910759Z
  Time since last request: 0.0010735 seconds.
  importAddress: GUID: a84e8d6608ad27148aaa4b31158a0288 - Path: Packages/com.unity.xr.management/Editor/XRPluginManagementProjectValidation.cs - Importer: ScriptedImporter/UnityEditor.QuickSearchModule:UnityEditor.Search:ASIAI0B
Importing 'GUID: a84e8d6608ad27148aaa4b31158a0288 - Path: Packages/com.unity.xr.management/Editor/XRPluginManagementProjectValidation.cs - Importer: ScriptedImporter/UnityEditor.QuickSearchModule:UnityEditor.Search:ASIAI0B' with importer (ScriptedImporter : UnityEditor.QuickSearchModule:UnityEditor.Search:ASIAI0B)
Imported 'GUID: a84e8d6608ad27148aaa4b31158a0288' -> (Import Result ID: '979c79dce3de623945a9eebf78b008ce') in 0.001 seconds [static and dynamic dependencies]. Details - ImportResultOutputID=2bf5cc6139fe849a082fdb525fa53533 DependenciesID=ab1768d554bb163c8e8c04e95593060a StaticDependenciesID=f5d19e489ccb1de3672f1ea270a0d5de 
Number of updated asset objects reloaded before import = 0
Number of asset objects unloaded after import = 0
========================================================================
Received Import Request.
  Time of request: 2026-09-01T06:04:45.913523Z
  Time since last request: 0.000729167 seconds.
  importAddress: GUID: 0cb5ab924d5b50c498ffc64879877e86 - Path: Packages/com.unity.xr.legacyinputhelpers/Tests/Runtime/TrackedPoseDriver/TrackedPoseDriverTests.cs - Importer: ScriptedImporter/UnityEditor.QuickSearchModule:UnityEditor.Search:ASIAI0B
Importing 'GUID: 0cb5ab924d5b50c498ffc64879877e86 - Path: Packages/com.unity.xr.legacyinputhelpers/Tests/Runtime/TrackedPoseDriver/TrackedPoseDriverTests.cs - Importer: ScriptedImporter/UnityEditor.QuickSearchModule:UnityEditor.Search:ASIAI0B' with importer (ScriptedImporter : UnityEditor.QuickSearchModule:UnityEditor.Search:ASIAI0B)
Imported 'GUID: 0cb5ab924d5b50c498ffc64879877e86' -> (Import Result ID: '39baa0c5be7baa66ceccc36790baeb62') in 0.002 seconds [static and dynamic dependencies]. Details - ImportResultOutputID=55c3e7a5e10363a084e2d4de9a05bdc9 DependenciesID=21ff6589b044b26ff3ce78f2ca90cb1b StaticDependenciesID=9ffeb4668e7cdf49893b1a4236bd4d77 
Number of updated asset objects reloaded before import = 0
Number of asset objects unloaded after import = 0
========================================================================
Received Import Request.
  Time of request: 2026-09-01T06:04:45.916339Z
  Time since last request: 0.000699167 seconds.
  importAddress: GUID: d16ab7e2b2998ad4c9729d86bb9aa666 - Path: Packages/com.unity.xr.legacyinputhelpers/package.json - Importer: ScriptedImporter/UnityEditor.QuickSearchModule:UnityEditor.Search:ASIAI0B
Importing 'GUID: d16ab7e2b2998ad4c9729d86bb9aa666 - Path: Packages/com.unity.xr.legacyinputhelpers/package.json - Importer: ScriptedImporter/UnityEditor.QuickSearchModule:UnityEditor.Search:ASIAI0B' with importer (ScriptedImporter : UnityEditor.QuickSearchModule:UnityEditor.Search:ASIAI0B)
Imported 'GUID: d16ab7e2b2998ad4c9729d86bb9aa666' -> (Import Result ID: 'e7081ce362dd353ff2a7993f87195f45') in 0.002 seconds [static and dynamic dependencies]. Details - ImportResultOutputID=9dcbffcd454bf60defd9dc79468bc0cf DependenciesID=1cec50d61f872bd94250c476568a1399 StaticDependenciesID=f61fcbc3d5a8b016f14e62ca12156b5e 
Number of updated asset objects reloaded before import = 0
Number of asset objects unloaded after import = 1
========================================================================
Received Import Request.
  Time of request: 2026-09-01T06:04:45.919596Z
  Time since last request: 0.000545708 seconds.
  importAddress: GUID: 7ebb72c361215e847825cb9b0a224f95 - Path: Packages/com.unity.xr.core-utils/Editor/Analytics/CoreUtilsAnalytics - Importer: ScriptedImporter/UnityEditor.QuickSearchModule:UnityEditor.Search:ASIAI0B
Importing 'GUID: 7ebb72c361215e847825cb9b0a224f95 - Path: Packages/com.unity.xr.core-utils/Editor/Analytics/CoreUtilsAnalytics - Importer: ScriptedImporter/UnityEditor.QuickSearchModule:UnityEditor.Search:ASIAI0B' with importer (ScriptedImporter : UnityEditor.QuickSearchModule:UnityEditor.Search:ASIAI0B)
Imported 'GUID: 7ebb72c361215e847825cb9b0a224f95' -> (Import Result ID: 'f3f9094f09dd6f623218ad6c0ca7efc0') in 0.001 seconds [static and dynamic dependencies]. Details - ImportResultOutputID=1218ea9d1accd8c444dc0aa2f2ce1c22 DependenciesID=1496d55aa84cf1b8c423acd00d547167 StaticDependenciesID=1e49d34f2d6b516e1e48e9dec620aa71 
Number of updated asset objects reloaded before import = 0
Number of asset objects unloaded after import = 1
========================================================================
Received Import Request.
  Time of request: 2026-09-01T06:04:45.922099Z
  Time since last request: 0.000486333 seconds.
  importAddress: GUID: 90e21806b8f84bedb947662baf96994e - Path: Packages/com.unity.xr.core-utils/Runtime/Collections - Importer: ScriptedImporter/UnityEditor.QuickSearchModule:UnityEditor.Search:ASIAI0B
Importing 'GUID: 90e21806b8f84bedb947662baf96994e - Path: Packages/com.unity.xr.core-utils/Runtime/Collections - Importer: ScriptedImporter/UnityEditor.QuickSearchModule:UnityEditor.Search:ASIAI0B' with importer (ScriptedImporter : UnityEditor.QuickSearchModule:UnityEditor.Search:ASIAI0B)
Imported 'GUID: 90e21806b8f84bedb947662baf96994e' -> (Import Result ID: '1b5ba8479107b500a467759238d242c6') in 0.002 seconds [static and dynamic dependencies]. Details - ImportResultOutputID=9d24823414ccc4a21f5be9d89c786904 DependenciesID=92d56a9e0e7d9bd8b81af4b88d7f42ae StaticDependenciesID=c595321b04dcdd40c7963bc43b3c74ab 
Number of updated asset objects reloaded before import = 0
Number of asset objects unloaded after import = 1
========================================================================
Received Import Request.
  Time of request: 2026-09-01T06:04:45.924558Z
  Time since last request: 0.000352583 seconds.
  importAddress: GUID: b57ad971c794aac44b06caa8c9a8cf33 - Path: Packages/com.unity.xr.core-utils/Editor/BuildingBlocks/BuildingBlockManager.cs - Importer: ScriptedImporter/UnityEditor.QuickSearchModule:UnityEditor.Search:ASIAI0B
Importing 'GUID: b57ad971c794aac44b06caa8c9a8cf33 - Path: Packages/com.unity.xr.core-utils/Editor/BuildingBlocks/BuildingBlockManager.cs - Importer: ScriptedImporter/UnityEditor.QuickSearchModule:UnityEditor.Search:ASIAI0B' with importer (ScriptedImporter : UnityEditor.QuickSearchModule:UnityEditor.Search:ASIAI0B)
Imported 'GUID: b57ad971c794aac44b06caa8c9a8cf33' -> (Import Result ID: '124575fab296bbc9e90a4ba41eefd468') in 0.001 seconds [static and dynamic dependencies]. Details - ImportResultOutputID=e7e222c7664757625a89f9542c4d4274 DependenciesID=e85c7b7e5bc131c02a9c16f0ab854664 StaticDependenciesID=fd31e77eb412d8527b431df28c822d87 
Number of updated asset objects reloaded before import = 0
Number of asset objects unloaded after import = 0
========================================================================
Received Import Request.
  Time of request: 2026-09-01T06:04:45.926676Z
  Time since last request: 0.000341125 seconds.
  importAddress: GUID: aa29f6b16faf667488069bc2272a9364 - Path: Packages/com.unity.xr.management/Editor/XRGeneralBuildProcessor.cs - Importer: ScriptedImporter/UnityEditor.QuickSearchModule:UnityEditor.Search:ASIAI0B
Importing 'GUID: aa29f6b16faf667488069bc2272a9364 - Path: Packages/com.unity.xr.management/Editor/XRGeneralBuildProcessor.cs - Importer: ScriptedImporter/UnityEditor.QuickSearchModule:UnityEditor.Search:ASIAI0B' with importer (ScriptedImporter : UnityEditor.QuickSearchModule:UnityEditor.Search:ASIAI0B)
Imported 'GUID: aa29f6b16faf667488069bc2272a9364' -> (Import Result ID: '48ca804057ec07fceeb68fd1d3dcdf5e') in 0.002 seconds [static and dynamic dependencies]. Details - ImportResultOutputID=9f06967dd5f6f9933d733ba268779d01 DependenciesID=b7657f9fc1899c680ed4220bd36edc88 StaticDependenciesID=f6f9ea8eb66b026171ddaa68b5969e71 
Number of updated asset objects reloaded before import = 0
Number of asset objects unloaded after import = 0
========================================================================
Received Import Request.
  Time of request: 2026-09-01T06:04:45.929294Z
  Time since last request: 0.000457584 seconds.
  importAddress: GUID: 215aa718ae432a2458439d4959fc9471 - Path: Packages/com.unity.xr.legacyinputhelpers/LICENSE.md - Importer: ScriptedImporter/UnityEditor.QuickSearchModule:UnityEditor.Search:ASIAI0B
Importing 'GUID: 215aa718ae432a2458439d4959fc9471 - Path: Packages/com.unity.xr.legacyinputhelpers/LICENSE.md - Importer: ScriptedImporter/UnityEditor.QuickSearchModule:UnityEditor.Search:ASIAI0B' with importer (ScriptedImporter : UnityEditor.QuickSearchModule:UnityEditor.Search:ASIAI0B)
Imported 'GUID: 215aa718ae432a2458439d4959fc9471' -> (Import Result ID: '3ae202b4c37beb0250648a47074445e3') in 0.002 seconds [static and dynamic dependencies]. Details - ImportResultOutputID=a89319e732d4467256c1cc08bd1a263b DependenciesID=91f531730f4d13023a3d29ed3c960a24 StaticDependenciesID=4b62bf1b69fba5deb66ea0a0913e01a1 
Number of updated asset objects reloaded before import = 0
Number of asset objects unloaded after import = 1
========================================================================
Received Import Request.
  Time of request: 2026-09-01T06:04:45.93231Z
  Time since last request: 0.000367958 seconds.
  importAddress: GUID: e7c5bc223371546e79a935a5fdca1cee - Path: Packages/com.unity.xr.core-utils/Tests/Editor/XRCoreUtilities/ScriptableSettingsTests.cs - Importer: ScriptedImporter/UnityEditor.QuickSearchModule:UnityEditor.Search:ASIAI0B
Importing 'GUID: e7c5bc223371546e79a935a5fdca1cee - Path: Packages/com.unity.xr.core-utils/Tests/Editor/XRCoreUtilities/ScriptableSettingsTests.cs - Importer: ScriptedImporter/UnityEditor.QuickSearchModule:UnityEditor.Search:ASIAI0B' with importer (ScriptedImporter : UnityEditor.QuickSearchModule:UnityEditor.Search:ASIAI0B)
Imported 'GUID: e7c5bc223371546e79a935a5fdca1cee' -> (Import Result ID: '3240676e3cc912c97532846d5ca8b865') in 0.001 seconds [static and dynamic dependencies]. Details - ImportResultOutputID=a4ec12644ff05df140d9378835cdcf75 DependenciesID=19184ee0cda7c588a2704ec272ded978 StaticDependenciesID=51fe924bad9058e76f03afe9681ce4f6 
Number of updated asset objects reloaded before import = 0
Number of asset objects unloaded after import = 0
========================================================================
Received Import Request.
  Time of request: 2026-09-01T06:04:45.934471Z
  Time since last request: 0.000456208 seconds.
  importAddress: GUID: bdda55d4c239b3f438a25afea4860171 - Path: Packages/com.unity.xr.management/Tests/TestPackage/Runtime/TestSettings.cs - Importer: ScriptedImporter/UnityEditor.QuickSearchModule:UnityEditor.Search:ASIAI0B
Importing 'GUID: bdda55d4c239b3f438a25afea4860171 - Path: Packages/com.unity.xr.management/Tests/TestPackage/Runtime/TestSettings.cs - Importer: ScriptedImporter/UnityEditor.QuickSearchModule:UnityEditor.Search:ASIAI0B' with importer (ScriptedImporter : UnityEditor.QuickSearchModule:UnityEditor.Search:ASIAI0B)
Imported 'GUID: bdda55d4c239b3f438a25afea4860171' -> (Import Result ID: '41b09a83e1f352077aa894d9aed7e68f') in 0.001 seconds [static and dynamic dependencies]. Details - ImportResultOutputID=60b5ea14a3a28d064b6d18d9b76ccba8 DependenciesID=9a48c96690fa2c14522765f57a3eea46 StaticDependenciesID=a95dc952cb308c5818788f72c75bb349 
Number of updated asset objects reloaded before import = 0
Number of asset objects unloaded after import = 0
========================================================================
Received Import Request.
  Time of request: 2026-09-01T06:04:45.937061Z
  Time since last request: 0.001146458 seconds.
  importAddress: GUID: 2123c8f818b44f8ba77edbede7fc25a8 - Path: Packages/com.unity.xr.core-utils/Runtime/Datums/StringDatum.cs - Importer: ScriptedImporter/UnityEditor.QuickSearchModule:UnityEditor.Search:ASIAI0B
Importing 'GUID: 2123c8f818b44f8ba77edbede7fc25a8 - Path: Packages/com.unity.xr.core-utils/Runtime/Datums/StringDatum.cs - Importer: ScriptedImporter/UnityEditor.QuickSearchModule:UnityEditor.Search:ASIAI0B' with importer (ScriptedImporter : UnityEditor.QuickSearchModule:UnityEditor.Search:ASIAI0B)
Imported 'GUID: 2123c8f818b44f8ba77edbede7fc25a8' -> (Import Result ID: '1b686ea962c918319761322f0c84fde2') in 0.005 seconds [static and dynamic dependencies]. Details - ImportResultOutputID=09913b433cf36c387281c13c6ad45a37 DependenciesID=bc5d5e100259f628efc45f8d2dd2fffd StaticDependenciesID=4acbfc738dd1992082613e1b4594b3ba 
Number of updated asset objects reloaded before import = 0
Number of asset objects unloaded after import = 0
========================================================================
Received Import Request.
  Time of request: 2026-09-01T06:04:45.94301Z
  Time since last request: 0.000598958 seconds.
  importAddress: GUID: cba647f3d99e54240836f357799fd1ad - Path: Packages/com.unity.xr.core-utils/Editor/GUI/EnumDisplayPropertyDrawer.cs - Importer: ScriptedImporter/UnityEditor.QuickSearchModule:UnityEditor.Search:ASIAI0B
Importing 'GUID: cba647f3d99e54240836f357799fd1ad - Path: Packages/com.unity.xr.core-utils/Editor/GUI/EnumDisplayPropertyDrawer.cs - Importer: ScriptedImporter/UnityEditor.QuickSearchModule:UnityEditor.Search:ASIAI0B' with importer (ScriptedImporter : UnityEditor.QuickSearchModule:UnityEditor.Search:ASIAI0B)
Imported 'GUID: cba647f3d99e54240836f357799fd1ad' -> (Import Result ID: '078de96b00b68115b4d8962a3e22f04f') in 0.001 seconds [static and dynamic dependencies]. Details - ImportResultOutputID=25247dad7fbe912d7b13040aaab8e4e2 DependenciesID=4e8c2ad5ef014440b5c059fc44c04963 StaticDependenciesID=508f9728c6a939d97f36cf177c08bf8a 
Number of updated asset objects reloaded before import = 0
Number of asset objects unloaded after import = 0
========================================================================
Received Import Request.
  Time of request: 2026-09-01T06:04:45.945243Z
  Time since last request: 0.000282208 seconds.
  importAddress: GUID: c11112540deeeb64aa1a24e1bd8793aa - Path: Packages/com.unity.xr.core-utils/Runtime/Bindings/Variables/BindableVariableTaskPredicate.cs - Importer: ScriptedImporter/UnityEditor.QuickSearchModule:UnityEditor.Search:ASIAI0B
Importing 'GUID: c11112540deeeb64aa1a24e1bd8793aa - Path: Packages/com.unity.xr.core-utils/Runtime/Bindings/Variables/BindableVariableTaskPredicate.cs - Importer: ScriptedImporter/UnityEditor.QuickSearchModule:UnityEditor.Search:ASIAI0B' with importer (ScriptedImporter : UnityEditor.QuickSearchModule:UnityEditor.Search:ASIAI0B)
Imported 'GUID: c11112540deeeb64aa1a24e1bd8793aa' -> (Import Result ID: '2d1c3bba35e30984e9d6c761c9f9f03d') in 0.002 seconds [static and dynamic dependencies]. Details - ImportResultOutputID=1ca01ef3a0308dd39bad6bd4048fe4a0 DependenciesID=0388ff02ddd1cd3db6de4eed0843f326 StaticDependenciesID=24f56a734cb0135c0c008f1803bc3a39 
Number of updated asset objects reloaded before import = 0
Number of asset objects unloaded after import = 0
========================================================================
Received Import Request.
  Time of request: 2026-09-01T06:04:45.947957Z
  Time since last request: 0.000814792 seconds.
  importAddress: GUID: 93492893b74ab764b83d940916a59b03 - Path: Packages/com.unity.xr.legacyinputhelpers/Runtime/ArmModels/TransitionArmModel.cs - Importer: ScriptedImporter/UnityEditor.QuickSearchModule:UnityEditor.Search:ASIAI0B
Importing 'GUID: 93492893b74ab764b83d940916a59b03 - Path: Packages/com.unity.xr.legacyinputhelpers/Runtime/ArmModels/TransitionArmModel.cs - Importer: ScriptedImporter/UnityEditor.QuickSearchModule:UnityEditor.Search:ASIAI0B' with importer (ScriptedImporter : UnityEditor.QuickSearchModule:UnityEditor.Search:ASIAI0B)
Imported 'GUID: 93492893b74ab764b83d940916a59b03' -> (Import Result ID: '95632a8b1f2b6d5ba0806fcb4d072e5f') in 0.001 seconds [static and dynamic dependencies]. Details - ImportResultOutputID=7fe888381fa84410d9efd44be5e9646b DependenciesID=3808894b70b0fb9337f3fa5e1dceed17 StaticDependenciesID=c6b9d1eaf359e2a9590bfc2f7dff540c 
Number of updated asset objects reloaded before import = 0
Number of asset objects unloaded after import = 0
========================================================================
Received Import Request.
  Time of request: 2026-09-01T06:04:45.950491Z
  Time since last request: 0.000670417 seconds.
  importAddress: GUID: 559bcbd55c770ea4d959cfdb857c39a5 - Path: Packages/com.unity.xr.legacyinputhelpers/Tests/Editor/UnityEditor.XR.LegacyInputHelpers.Tests.asmdef - Importer: ScriptedImporter/UnityEditor.QuickSearchModule:UnityEditor.Search:ASIAI0B
Importing 'GUID: 559bcbd55c770ea4d959cfdb857c39a5 - Path: Packages/com.unity.xr.legacyinputhelpers/Tests/Editor/UnityEditor.XR.LegacyInputHelpers.Tests.asmdef - Importer: ScriptedImporter/UnityEditor.QuickSearchModule:UnityEditor.Search:ASIAI0B' with importer (ScriptedImporter : UnityEditor.QuickSearchModule:UnityEditor.Search:ASIAI0B)
Imported 'GUID: 559bcbd55c770ea4d959cfdb857c39a5' -> (Import Result ID: 'ded38bc6c684548a0f4fe4f61cccf774') in 0.002 seconds [static and dynamic dependencies]. Details - ImportResultOutputID=91a52e1dbf79022f942a93cfa1779eaf DependenciesID=8fd35656d090e93639351f14078be7f9 StaticDependenciesID=e94c4a4f30e86a967002035e0c8957f6 
Number of updated asset objects reloaded before import = 0
Number of asset objects unloaded after import = 1
========================================================================
Received Import Request.
  Time of request: 2026-09-01T06:04:45.953525Z
  Time since last request: 0.000756417 seconds.
  importAddress: GUID: e96b3142cde73414a8bb286718cacebd - Path: Packages/com.unity.xr.management/Editor/Metadata - Importer: ScriptedImporter/UnityEditor.QuickSearchModule:UnityEditor.Search:ASIAI0B
Importing 'GUID: e96b3142cde73414a8bb286718cacebd - Path: Packages/com.unity.xr.management/Editor/Metadata - Importer: ScriptedImporter/UnityEditor.QuickSearchModule:UnityEditor.Search:ASIAI0B' with importer (ScriptedImporter : UnityEditor.QuickSearchModule:UnityEditor.Search:ASIAI0B)
Imported 'GUID: e96b3142cde73414a8bb286718cacebd' -> (Import Result ID: 'bfd655016da5263439aff5bdd6eadf32') in 0.001 seconds [static and dynamic dependencies]. Details - ImportResultOutputID=d94f842bb0972fe203d66866ee29a6d4 DependenciesID=631eb98ff9b89c06db03d601e833d975 StaticDependenciesID=22ca8a45b9a1bd9d945cfa3c7329f9ee 
Number of updated asset objects reloaded before import = 0
Number of asset objects unloaded after import = 1
========================================================================
Received Import Request.
  Time of request: 2026-09-01T06:04:45.955556Z
  Time since last request: 0.000461292 seconds.
  importAddress: GUID: 918a2ed9fc11fbe42982c69db3aa5dc9 - Path: Packages/com.unity.xr.management/Editor/BuildHelpers.cs - Importer: ScriptedImporter/UnityEditor.QuickSearchModule:UnityEditor.Search:ASIAI0B
Importing 'GUID: 918a2ed9fc11fbe42982c69db3aa5dc9 - Path: Packages/com.unity.xr.management/Editor/BuildHelpers.cs - Importer: ScriptedImporter/UnityEditor.QuickSearchModule:UnityEditor.Search:ASIAI0B' with importer (ScriptedImporter : UnityEditor.QuickSearchModule:UnityEditor.Search:ASIAI0B)
Imported 'GUID: 918a2ed9fc11fbe42982c69db3aa5dc9' -> (Import Result ID: 'bccd6619676a15ca6383621d2d8a3555') in 0.001 seconds [static and dynamic dependencies]. Details - ImportResultOutputID=9611d79ebcbbaef115c3ad5379663eee DependenciesID=8256e699b318a6cf5ddc1cae135ae76c StaticDependenciesID=2f511e80c39decb9ad866c408dfbd95d 
Number of updated asset objects reloaded before import = 0
Number of asset objects unloaded after import = 0
========================================================================
Received Import Request.
  Time of request: 2026-09-01T06:04:45.958102Z
  Time since last request: 0.000689042 seconds.
  importAddress: GUID: ee37b6842e73b46b5bfbc98bbb8d3c6a - Path: Packages/com.unity.xr.core-utils/Editor/ProjectValidation/PackageVersion.cs - Importer: ScriptedImporter/UnityEditor.QuickSearchModule:UnityEditor.Search:ASIAI0B
Importing 'GUID: ee37b6842e73b46b5bfbc98bbb8d3c6a - Path: Packages/com.unity.xr.core-utils/Editor/ProjectValidation/PackageVersion.cs - Importer: ScriptedImporter/UnityEditor.QuickSearchModule:UnityEditor.Search:ASIAI0B' with importer (ScriptedImporter : UnityEditor.QuickSearchModule:UnityEditor.Search:ASIAI0B)
Imported 'GUID: ee37b6842e73b46b5bfbc98bbb8d3c6a' -> (Import Result ID: '99ff6343220deb333a8d56c29afe74a9') in 0.001 seconds [static and dynamic dependencies]. Details - ImportResultOutputID=b5c39e3be70713fd823fea717358488c DependenciesID=86d169541a621f21c355230e83ee839c StaticDependenciesID=63653da5d0befa64591e5e5f5134184b 
Number of updated asset objects reloaded before import = 0
Number of asset objects unloaded after import = 0
========================================================================
Received Import Request.
  Time of request: 2026-09-01T06:04:45.960035Z
  Time since last request: 0.000490333 seconds.
  importAddress: GUID: 7f3098a431eba6a4abbb32c7e344d73b - Path: Packages/com.unity.xr.legacyinputhelpers/Runtime/ArmModels - Importer: ScriptedImporter/UnityEditor.QuickSearchModule:UnityEditor.Search:ASIAI0B
Importing 'GUID: 7f3098a431eba6a4abbb32c7e344d73b - Path: Packages/com.unity.xr.legacyinputhelpers/Runtime/ArmModels - Importer: ScriptedImporter/UnityEditor.QuickSearchModule:UnityEditor.Search:ASIAI0B' with importer (ScriptedImporter : UnityEditor.QuickSearchModule:UnityEditor.Search:ASIAI0B)
Imported 'GUID: 7f3098a431eba6a4abbb32c7e344d73b' -> (Import Result ID: 'ffd217b69bed0b3c9f3e1a7968bcf904') in 0.001 seconds [static and dynamic dependencies]. Details - ImportResultOutputID=6fca5fc0267bb0ba063ecbcc678416ae DependenciesID=60470bbbf8772f438934d56049860b0b StaticDependenciesID=3cbfdda1bdd16d5ed41a0d69fcf2f515 
Number of updated asset objects reloaded before import = 0
Number of asset objects unloaded after import = 1
========================================================================
Received Import Request.
  Time of request: 2026-09-01T06:04:45.961846Z
  Time since last request: 0.000384083 seconds.
  importAddress: GUID: 05bccdb13ab63410bb91245419b1b4e8 - Path: Packages/com.unity.xr.management/Tests/Runtime - Importer: ScriptedImporter/UnityEditor.QuickSearchModule:UnityEditor.Search:ASIAI0B
Importing 'GUID: 05bccdb13ab63410bb91245419b1b4e8 - Path: Packages/com.unity.xr.management/Tests/Runtime - Importer: ScriptedImporter/UnityEditor.QuickSearchModule:UnityEditor.Search:ASIAI0B' with importer (ScriptedImporter : UnityEditor.QuickSearchModule:UnityEditor.Search:ASIAI0B)
Imported 'GUID: 05bccdb13ab63410bb91245419b1b4e8' -> (Import Result ID: 'de354ebbdfa687e8f67ad7e6b5e48359') in 0.002 seconds [static and dynamic dependencies]. Details - ImportResultOutputID=0164b8c4ffb8fffc56514685cf85f948 DependenciesID=ef6cc2b3c93144c956d97c2b6996070c StaticDependenciesID=709bc9bd12e70eeae9ece6c6505f8d41 
Number of updated asset objects reloaded before import = 0
Number of asset objects unloaded after import = 1
========================================================================
Received Import Request.
  Time of request: 2026-09-01T06:04:45.964511Z
  Time since last request: 0.000458334 seconds.
  importAddress: GUID: b7946b77bfe414414b6b0db94b03943f - Path: Packages/com.unity.xr.core-utils/Tests/Editor/XRCoreUtilities/BoundsUtilsTests.cs - Importer: ScriptedImporter/UnityEditor.QuickSearchModule:UnityEditor.Search:ASIAI0B
Importing 'GUID: b7946b77bfe414414b6b0db94b03943f - Path: Packages/com.unity.xr.core-utils/Tests/Editor/XRCoreUtilities/BoundsUtilsTests.cs - Importer: ScriptedImporter/UnityEditor.QuickSearchModule:UnityEditor.Search:ASIAI0B' with importer (ScriptedImporter : UnityEditor.QuickSearchModule:UnityEditor.Search:ASIAI0B)
Imported 'GUID: b7946b77bfe414414b6b0db94b03943f' -> (Import Result ID: '2df5aabb213b709cd616dcf9b97a61c9') in 0.002 seconds [static and dynamic dependencies]. Details - ImportResultOutputID=ae266da2565b8e3772f6cab4ec3a57f5 DependenciesID=a20a61eefdd6419babbb48363ac5ba58 StaticDependenciesID=c2c787ee7b8a31c9e5df6459c9b918d8 
Number of updated asset objects reloaded before import = 0
Number of asset objects unloaded after import = 0
========================================================================
Received Import Request.
  Time of request: 2026-09-01T06:04:45.967129Z
  Time since last request: 0.000339584 seconds.
  importAddress: GUID: 911a78dede4cd48149481a5b2b636d20 - Path: Packages/com.unity.xr.core-utils/Editor/ProjectValidation - Importer: ScriptedImporter/UnityEditor.QuickSearchModule:UnityEditor.Search:ASIAI0B
Importing 'GUID: 911a78dede4cd48149481a5b2b636d20 - Path: Packages/com.unity.xr.core-utils/Editor/ProjectValidation - Importer: ScriptedImporter/UnityEditor.QuickSearchModule:UnityEditor.Search:ASIAI0B' with importer (ScriptedImporter : UnityEditor.QuickSearchModule:UnityEditor.Search:ASIAI0B)
Imported 'GUID: 911a78dede4cd48149481a5b2b636d20' -> (Import Result ID: '2c26f87cd60c20fada7359cd49abe8a8') in 0.001 seconds [static and dynamic dependencies]. Details - ImportResultOutputID=8e64f6110a6e52a325aa2f43e2ba475a DependenciesID=0d117d7d6aefe8ea17f66aab60e60fa7 StaticDependenciesID=7914b2df0ff9782d082c964203dc6fb2 
Number of updated asset objects reloaded before import = 0
Number of asset objects unloaded after import = 1
========================================================================
Received Import Request.
  Time of request: 2026-09-01T06:04:45.96931Z
  Time since last request: 0.000607042 seconds.
  importAddress: GUID: 219303ab0adbf4d9ba3c14ba722e7fff - Path: Packages/com.unity.xr.core-utils/Runtime/Extensions/StopwatchExtensions.cs - Importer: ScriptedImporter/UnityEditor.QuickSearchModule:UnityEditor.Search:ASIAI0B
Importing 'GUID: 219303ab0adbf4d9ba3c14ba722e7fff - Path: Packages/com.unity.xr.core-utils/Runtime/Extensions/StopwatchExtensions.cs - Importer: ScriptedImporter/UnityEditor.QuickSearchModule:UnityEditor.Search:ASIAI0B' with importer (ScriptedImporter : UnityEditor.QuickSearchModule:UnityEditor.Search:ASIAI0B)
Imported 'GUID: 219303ab0adbf4d9ba3c14ba722e7fff' -> (Import Result ID: '416f3fcafb2edc5c3d8dab6d0223b8f2') in 0.001 seconds [static and dynamic dependencies]. Details - ImportResultOutputID=040e036d66449e5a6d15b767e801c672 DependenciesID=9299bb66f837b4f50ca80e4734a66dc8 StaticDependenciesID=222426f9ce0a470daedc51cb0448e9e4 
Number of updated asset objects reloaded before import = 0
Number of asset objects unloaded after import = 0
========================================================================
Received Import Request.
  Time of request: 2026-09-01T06:04:45.971267Z
  Time since last request: 0.000373791 seconds.
  importAddress: GUID: 6af6320c483042e49ec265b78b370087 - Path: Packages/com.unity.xr.core-utils/Runtime/Collections/ReadOnlyHashSet.cs - Importer: ScriptedImporter/UnityEditor.QuickSearchModule:UnityEditor.Search:ASIAI0B
Importing 'GUID: 6af6320c483042e49ec265b78b370087 - Path: Packages/com.unity.xr.core-utils/Runtime/Collections/ReadOnlyHashSet.cs - Importer: ScriptedImporter/UnityEditor.QuickSearchModule:UnityEditor.Search:ASIAI0B' with importer (ScriptedImporter : UnityEditor.QuickSearchModule:UnityEditor.Search:ASIAI0B)
Imported 'GUID: 6af6320c483042e49ec265b78b370087' -> (Import Result ID: '2db9ecf75da2f992ef7680f772db82cc') in 0.002 seconds [static and dynamic dependencies]. Details - ImportResultOutputID=24c5f626950c6c1e7b4b70e2201d85da DependenciesID=4575ea0e23eb91e88606c28d3a25a093 StaticDependenciesID=e95e006321a629d4d8c6608aae9cf9c2 
Number of updated asset objects reloaded before import = 0
Number of asset objects unloaded after import = 0
========================================================================
Received Import Request.
  Time of request: 2026-09-01T06:04:45.974228Z
  Time since last request: 0.000438875 seconds.
  importAddress: GUID: 199b1132f38d3f441aa719318365d5e9 - Path: Packages/com.unity.xr.management/Tests/Editor/BuildTests.cs - Importer: ScriptedImporter/UnityEditor.QuickSearchModule:UnityEditor.Search:ASIAI0B
Importing 'GUID: 199b1132f38d3f441aa719318365d5e9 - Path: Packages/com.unity.xr.management/Tests/Editor/BuildTests.cs - Importer: ScriptedImporter/UnityEditor.QuickSearchModule:UnityEditor.Search:ASIAI0B' with importer (ScriptedImporter : UnityEditor.QuickSearchModule:UnityEditor.Search:ASIAI0B)
Imported 'GUID: 199b1132f38d3f441aa719318365d5e9' -> (Import Result ID: '25d7ba908b94cfc14639eedd335091ae') in 0.001 seconds [static and dynamic dependencies]. Details - ImportResultOutputID=4055c9d31d3e42e3d4f762aa8627b403 DependenciesID=8ef983e5db04c3dc86c7a324c9f26a94 StaticDependenciesID=d06a17c4e03bd9836804076f71aa1de4 
Number of updated asset objects reloaded before import = 0
Number of asset objects unloaded after import = 0
========================================================================
Received Import Request.
  Time of request: 2026-09-01T06:04:45.976133Z
  Time since last request: 0.000455042 seconds.
  importAddress: GUID: f9b5ee52eeb698d449cdce3bd1d87a17 - Path: Packages/com.unity.xr.core-utils/Editor/ProjectValidation/SceneValidationUIUtils.cs - Importer: ScriptedImporter/UnityEditor.QuickSearchModule:UnityEditor.Search:ASIAI0B
Importing 'GUID: f9b5ee52eeb698d449cdce3bd1d87a17 - Path: Packages/com.unity.xr.core-utils/Editor/ProjectValidation/SceneValidationUIUtils.cs - Importer: ScriptedImporter/UnityEditor.QuickSearchModule:UnityEditor.Search:ASIAI0B' with importer (ScriptedImporter : UnityEditor.QuickSearchModule:UnityEditor.Search:ASIAI0B)
Imported 'GUID: f9b5ee52eeb698d449cdce3bd1d87a17' -> (Import Result ID: '8f829947e7e434613cdba605c831724b') in 0.001 seconds [static and dynamic dependencies]. Details - ImportResultOutputID=ef4052cdce930be024842a8a156d8c44 DependenciesID=4b00f4514b15629eb88068a6c91ff9c3 StaticDependenciesID=68bd67aaa7867994e7231ba23b5c956e 
Number of updated asset objects reloaded before import = 0
Number of asset objects unloaded after import = 0
========================================================================
Received Import Request.
  Time of request: 2026-09-01T06:04:45.978344Z
  Time since last request: 0.0007255 seconds.
  importAddress: GUID: 43ecf40d317c4dc984148ad3608527f7 - Path: Packages/com.unity.xr.management/Tests/Editor/Utils.cs - Importer: ScriptedImporter/UnityEditor.QuickSearchModule:UnityEditor.Search:ASIAI0B
Importing 'GUID: 43ecf40d317c4dc984148ad3608527f7 - Path: Packages/com.unity.xr.management/Tests/Editor/Utils.cs - Importer: ScriptedImporter/UnityEditor.QuickSearchModule:UnityEditor.Search:ASIAI0B' with importer (ScriptedImporter : UnityEditor.QuickSearchModule:UnityEditor.Search:ASIAI0B)
Imported 'GUID: 43ecf40d317c4dc984148ad3608527f7' -> (Import Result ID: 'c000fc63fc9b8d68b03fad698e51d05a') in 0.001 seconds [static and dynamic dependencies]. Details - ImportResultOutputID=32e5608ffb394e92ccccbbe35ab4785b DependenciesID=c9e69cc925fe88ede3f31c6258d4a2ce StaticDependenciesID=cca7510804ac0624c5a5d87017b599d3 
Number of updated asset objects reloaded before import = 0
Number of asset objects unloaded after import = 0
========================================================================
Received Import Request.
  Time of request: 2026-09-01T06:04:45.980462Z
  Time since last request: 0.000674084 seconds.
  importAddress: GUID: d19006cf3476fe8418e1018605a8ef99 - Path: Packages/com.unity.xr.management/Editor/AndroidManifest/AndroidManifestBuildEventReceiver.cs - Importer: ScriptedImporter/UnityEditor.QuickSearchModule:UnityEditor.Search:ASIAI0B
Importing 'GUID: d19006cf3476fe8418e1018605a8ef99 - Path: Packages/com.unity.xr.management/Editor/AndroidManifest/AndroidManifestBuildEventReceiver.cs - Importer: ScriptedImporter/UnityEditor.QuickSearchModule:UnityEditor.Search:ASIAI0B' with importer (ScriptedImporter : UnityEditor.QuickSearchModule:UnityEditor.Search:ASIAI0B)
Imported 'GUID: d19006cf3476fe8418e1018605a8ef99' -> (Import Result ID: '1e81d3576bed46d4b76ebd889d389912') in 0.001 seconds [static and dynamic dependencies]. Details - ImportResultOutputID=a65790ff5a48609aa2bf01e9706960eb DependenciesID=7538e232430df6f38c5ca8fe7862163b StaticDependenciesID=e343e98538b12ef7ae601e23adc6aaf3 
Number of updated asset objects reloaded before import = 0
Number of asset objects unloaded after import = 0
========================================================================
Received Import Request.
  Time of request: 2026-09-01T06:04:45.983028Z
  Time since last request: 0.00051075 seconds.
  importAddress: GUID: d9ec7417c3cdb4a7abb3e7a0f8888196 - Path: Packages/com.unity.xr.core-utils/Editor/EditorUtils.cs - Importer: ScriptedImporter/UnityEditor.QuickSearchModule:UnityEditor.Search:ASIAI0B
Importing 'GUID: d9ec7417c3cdb4a7abb3e7a0f8888196 - Path: Packages/com.unity.xr.core-utils/Editor/EditorUtils.cs - Importer: ScriptedImporter/UnityEditor.QuickSearchModule:UnityEditor.Search:ASIAI0B' with importer (ScriptedImporter : UnityEditor.QuickSearchModule:UnityEditor.Search:ASIAI0B)
Imported 'GUID: d9ec7417c3cdb4a7abb3e7a0f8888196' -> (Import Result ID: '71efab058c907e39098a0c1e3de036e7') in 0.001 seconds [static and dynamic dependencies]. Details - ImportResultOutputID=fd82cba187e79d8d5e616b5425e79a7a DependenciesID=555d03de7b409fb0b3dd61f5e532ee02 StaticDependenciesID=e5d88b48caec4016141075662e653d8d 
Number of updated asset objects reloaded before import = 0
Number of asset objects unloaded after import = 0
========================================================================
Received Import Request.
  Time of request: 2026-09-01T06:04:45.985296Z
  Time since last request: 0.000564708 seconds.
  importAddress: GUID: fef4fc329798c42f6b9acaee0f26768d - Path: Packages/com.unity.xr.core-utils/Tests/Runtime/Scripts/TestData.cs - Importer: ScriptedImporter/UnityEditor.QuickSearchModule:UnityEditor.Search:ASIAI0B
Importing 'GUID: fef4fc329798c42f6b9acaee0f26768d - Path: Packages/com.unity.xr.core-utils/Tests/Runtime/Scripts/TestData.cs - Importer: ScriptedImporter/UnityEditor.QuickSearchModule:UnityEditor.Search:ASIAI0B' with importer (ScriptedImporter : UnityEditor.QuickSearchModule:UnityEditor.Search:ASIAI0B)
Imported 'GUID: fef4fc329798c42f6b9acaee0f26768d' -> (Import Result ID: '8d321e4d450ebe63b4661db7526b83fa') in 0.001 seconds [static and dynamic dependencies]. Details - ImportResultOutputID=232eeee52c27b79fa6fb5a86d862aac9 DependenciesID=ec10cc17663d7c705118254f4f461a02 StaticDependenciesID=09d013ccbd689ac26f08612219f492c2 
Number of updated asset objects reloaded before import = 0
Number of asset objects unloaded after import = 0
========================================================================
Received Import Request.
  Time of request: 2026-09-01T06:04:45.987458Z
  Time since last request: 0.00043025 seconds.
  importAddress: GUID: 80ce73850af91a64db881df56edfb826 - Path: Packages/com.unity.xr.management/Tests/TestPackage/Runtime/TestLoaderTwo.cs - Importer: ScriptedImporter/UnityEditor.QuickSearchModule:UnityEditor.Search:ASIAI0B
Importing 'GUID: 80ce73850af91a64db881df56edfb826 - Path: Packages/com.unity.xr.management/Tests/TestPackage/Runtime/TestLoaderTwo.cs - Importer: ScriptedImporter/UnityEditor.QuickSearchModule:UnityEditor.Search:ASIAI0B' with importer (ScriptedImporter : UnityEditor.QuickSearchModule:UnityEditor.Search:ASIAI0B)
Imported 'GUID: 80ce73850af91a64db881df56edfb826' -> (Import Result ID: '95f5e85ab4bdf4f4dc7731b3b9e94d0c') in 0.003 seconds [static and dynamic dependencies]. Details - ImportResultOutputID=509094ec1ae88322bdf14cf15eb5975a DependenciesID=a9e27210434066653d1754c17b215178 StaticDependenciesID=bb32d6c5013e4457363be60e9222cb12 
Number of updated asset objects reloaded before import = 0
Number of asset objects unloaded after import = 0
========================================================================
Received Import Request.
  Time of request: 2026-09-01T06:04:45.991349Z
  Time since last request: 0.000594166 seconds.
  importAddress: GUID: 9151ca8fd58644888a41255e61243e68 - Path: Packages/com.unity.xr.core-utils/Tests/Editor/XRCoreUtilities/GameObjectUtilsTests.cs - Importer: ScriptedImporter/UnityEditor.QuickSearchModule:UnityEditor.Search:ASIAI0B
Importing 'GUID: 9151ca8fd58644888a41255e61243e68 - Path: Packages/com.unity.xr.core-utils/Tests/Editor/XRCoreUtilities/GameObjectUtilsTests.cs - Importer: ScriptedImporter/UnityEditor.QuickSearchModule:UnityEditor.Search:ASIAI0B' with importer (ScriptedImporter : UnityEditor.QuickSearchModule:UnityEditor.Search:ASIAI0B)
Imported 'GUID: 9151ca8fd58644888a41255e61243e68' -> (Import Result ID: '815da739cf955bd2c7b9c9111420cd01') in 0.001 seconds [static and dynamic dependencies]. Details - ImportResultOutputID=b88c14b07afec735c60c6b6c303c91c7 DependenciesID=53b1209960ff09e810e6a9d86ddff78e StaticDependenciesID=ced66d5384ae0774b8d8e8ee8d0af0f6 
Number of updated asset objects reloaded before import = 0
Number of asset objects unloaded after import = 0
========================================================================
Received Import Request.
  Time of request: 2026-09-01T06:04:45.993465Z
  Time since last request: 0.00041425 seconds.
  importAddress: GUID: dcdb7fd950b514fd0b408f6b6f677069 - Path: Packages/com.unity.xr.core-utils/Runtime/Collections/ReadOnlyStructSpan.cs - Importer: ScriptedImporter/UnityEditor.QuickSearchModule:UnityEditor.Search:ASIAI0B
Importing 'GUID: dcdb7fd950b514fd0b408f6b6f677069 - Path: Packages/com.unity.xr.core-utils/Runtime/Collections/ReadOnlyStructSpan.cs - Importer: ScriptedImporter/UnityEditor.QuickSearchModule:UnityEditor.Search:ASIAI0B' with importer (ScriptedImporter : UnityEditor.QuickSearchModule:UnityEditor.Search:ASIAI0B)
Imported 'GUID: dcdb7fd950b514fd0b408f6b6f677069' -> (Import Result ID: 'ba6c631497a068a38cc49173166b5f5f') in 0.001 seconds [static and dynamic dependencies]. Details - ImportResultOutputID=a4e98a04d95e7bb81044e2ded469b480 DependenciesID=a2a80f1ce1b8a31ae4583b96d8e7926b StaticDependenciesID=48de2ef141e3c3a01fdfa20208dcd78b 
Number of updated asset objects reloaded before import = 0
Number of asset objects unloaded after import = 0
========================================================================
Received Import Request.
  Time of request: 2026-09-01T06:04:45.99527Z
  Time since last request: 0.000403375 seconds.
  importAddress: GUID: a401cbed40abb430895eec5ceb8b5353 - Path: Packages/com.unity.xr.core-utils/Tests/Runtime/Scenes/CustomApproximatelyPerformanceTest.unity - Importer: ScriptedImporter/UnityEditor.QuickSearchModule:UnityEditor.Search:ASIAI0B
Importing 'GUID: a401cbed40abb430895eec5ceb8b5353 - Path: Packages/com.unity.xr.core-utils/Tests/Runtime/Scenes/CustomApproximatelyPerformanceTest.unity - Importer: ScriptedImporter/UnityEditor.QuickSearchModule:UnityEditor.Search:ASIAI0B' with importer (ScriptedImporter : UnityEditor.QuickSearchModule:UnityEditor.Search:ASIAI0B)
Imported 'GUID: a401cbed40abb430895eec5ceb8b5353' -> (Import Result ID: '03b5e2130c17319da8191519f69a29fb') in 0.001 seconds [static and dynamic dependencies]. Details - ImportResultOutputID=473658aabe43bf0c9d58f45dc7cd0992 DependenciesID=5c107268a8f85ca1c1e6c5ba664340a1 StaticDependenciesID=d057650c2ee5db8fa77f5a80b41d1dd6 
Number of updated asset objects reloaded before import = 0
Number of asset objects unloaded after import = 1
========================================================================
Received Import Request.
  Time of request: 2026-09-01T06:04:45.997392Z
  Time since last request: 0.000397041 seconds.
  importAddress: GUID: 995310d042f3f40cd9926d1bb8b08cc0 - Path: Packages/com.unity.xr.core-utils/Runtime/Extensions/LayerMaskExtensions.cs - Importer: ScriptedImporter/UnityEditor.QuickSearchModule:UnityEditor.Search:ASIAI0B
Importing 'GUID: 995310d042f3f40cd9926d1bb8b08cc0 - Path: Packages/com.unity.xr.core-utils/Runtime/Extensions/LayerMaskExtensions.cs - Importer: ScriptedImporter/UnityEditor.QuickSearchModule:UnityEditor.Search:ASIAI0B' with importer (ScriptedImporter : UnityEditor.QuickSearchModule:UnityEditor.Search:ASIAI0B)
Imported 'GUID: 995310d042f3f40cd9926d1bb8b08cc0' -> (Import Result ID: '253692d7a61fec1891704daf5bc5c2a8') in 0.001 seconds [static and dynamic dependencies]. Details - ImportResultOutputID=499fb36b85a290f43792b9a5af1bfac4 DependenciesID=50e0d8d88c5adf7f1d807b9125a88c5f StaticDependenciesID=71d2dc673a93e6bb26700cedbf7d14ea 
Number of updated asset objects reloaded before import = 0
Number of asset objects unloaded after import = 0
========================================================================
Received Import Request.
  Time of request: 2026-09-01T06:04:45.999013Z
  Time since last request: 0.0003655 seconds.
  importAddress: GUID: 884ae4fe7305be74891d10cf05b91f0e - Path: Packages/com.unity.xr.core-utils/Editor/CapabilityProfile/CapabilityProfileSelection.cs - Importer: ScriptedImporter/UnityEditor.QuickSearchModule:UnityEditor.Search:ASIAI0B
Importing 'GUID: 884ae4fe7305be74891d10cf05b91f0e - Path: Packages/com.unity.xr.core-utils/Editor/CapabilityProfile/CapabilityProfileSelection.cs - Importer: ScriptedImporter/UnityEditor.QuickSearchModule:UnityEditor.Search:ASIAI0B' with importer (ScriptedImporter : UnityEditor.QuickSearchModule:UnityEditor.Search:ASIAI0B)
Imported 'GUID: 884ae4fe7305be74891d10cf05b91f0e' -> (Import Result ID: '59c6bac41462bb9bdb8c26c3810cfe2f') in 0.001 seconds [static and dynamic dependencies]. Details - ImportResultOutputID=7a1e2ac3d1a803edf86af82880b63c95 DependenciesID=6da0cf14d874ac90dfea9ddd5a9efe62 StaticDependenciesID=bca21a770cd12d3419252d531ee62205 
Number of updated asset objects reloaded before import = 0
Number of asset objects unloaded after import = 0
========================================================================
Received Import Request.
  Time of request: 2026-09-01T06:04:46.000557Z
  Time since last request: 0.000301459 seconds.
  importAddress: GUID: 4f594677a2340704797934efc5ba0678 - Path: Packages/com.unity.xr.legacyinputhelpers/Editor/MenuUtils.cs - Importer: ScriptedImporter/UnityEditor.QuickSearchModule:UnityEditor.Search:ASIAI0B
Importing 'GUID: 4f594677a2340704797934efc5ba0678 - Path: Packages/com.unity.xr.legacyinputhelpers/Editor/MenuUtils.cs - Importer: ScriptedImporter/UnityEditor.QuickSearchModule:UnityEditor.Search:ASIAI0B' with importer (ScriptedImporter : UnityEditor.QuickSearchModule:UnityEditor.Search:ASIAI0B)
Imported 'GUID: 4f594677a2340704797934efc5ba0678' -> (Import Result ID: 'bf13f6ee2238df1058ca26d85305c894') in 0.001 seconds [static and dynamic dependencies]. Details - ImportResultOutputID=3a44ce194dec61da8fbc0693988c6f8c DependenciesID=372f6b3df4d2078787b4e4e976ee6496 StaticDependenciesID=cd80257dfcab4e2a2cba7e451c6f993d 
Number of updated asset objects reloaded before import = 0
Number of asset objects unloaded after import = 0
========================================================================
Received Import Request.
  Time of request: 2026-09-01T06:04:46.001998Z
  Time since last request: 0.000315833 seconds.
  importAddress: GUID: 4f9b2b17cfd02430b99d104616f45273 - Path: Packages/com.unity.xr.management/Runtime/XRConfigurationData.cs - Importer: ScriptedImporter/UnityEditor.QuickSearchModule:UnityEditor.Search:ASIAI0B
Importing 'GUID: 4f9b2b17cfd02430b99d104616f45273 - Path: Packages/com.unity.xr.management/Runtime/XRConfigurationData.cs - Importer: ScriptedImporter/UnityEditor.QuickSearchModule:UnityEditor.Search:ASIAI0B' with importer (ScriptedImporter : UnityEditor.QuickSearchModule:UnityEditor.Search:ASIAI0B)
Imported 'GUID: 4f9b2b17cfd02430b99d104616f45273' -> (Import Result ID: '61ecab7306e02a795fb27988db84f361') in 0.001 seconds [static and dynamic dependencies]. Details - ImportResultOutputID=406a08c61cc118265f4ace222755f660 DependenciesID=1dc9a0d2efb8e849eaf7643ee4371dee StaticDependenciesID=34eead5410da18990747e772e897b505 
Number of updated asset objects reloaded before import = 0
Number of asset objects unloaded after import = 0
========================================================================
Received Import Request.
  Time of request: 2026-09-01T06:04:46.003746Z
  Time since last request: 0.000568 seconds.
  importAddress: GUID: 5ba78bf6845c72b4685fe0ed8e9ef834 - Path: Packages/com.unity.xr.core-utils/Runtime/Datums/FloatDatum.cs - Importer: ScriptedImporter/UnityEditor.QuickSearchModule:UnityEditor.Search:ASIAI0B
Importing 'GUID: 5ba78bf6845c72b4685fe0ed8e9ef834 - Path: Packages/com.unity.xr.core-utils/Runtime/Datums/FloatDatum.cs - Importer: ScriptedImporter/UnityEditor.QuickSearchModule:UnityEditor.Search:ASIAI0B' with importer (ScriptedImporter : UnityEditor.QuickSearchModule:UnityEditor.Search:ASIAI0B)
Imported 'GUID: 5ba78bf6845c72b4685fe0ed8e9ef834' -> (Import Result ID: '53ec5dfe54af1714538ff19fe4d29021') in 0.001 seconds [static and dynamic dependencies]. Details - ImportResultOutputID=56bf8da17556d858ac76589019cdca25 DependenciesID=c31776b258424ed3d068bdaf914268b3 StaticDependenciesID=4c8b7e784134c18acf6dcb95eb12c85c 
Number of updated asset objects reloaded before import = 0
Number of asset objects unloaded after import = 0
========================================================================
Received Import Request.
  Time of request: 2026-09-01T06:04:46.007157Z
  Time since last request: 0.002015958 seconds.
  importAddress: GUID: 46ccde6dd3204e59b7b370dee0d95ca1 - Path: Packages/com.unity.xr.management/Runtime/AssemblyInfo.cs - Importer: ScriptedImporter/UnityEditor.QuickSearchModule:UnityEditor.Search:ASIAI0B
Importing 'GUID: 46ccde6dd3204e59b7b370dee0d95ca1 - Path: Packages/com.unity.xr.management/Runtime/AssemblyInfo.cs - Importer: ScriptedImporter/UnityEditor.QuickSearchModule:UnityEditor.Search:ASIAI0B' with importer (ScriptedImporter : UnityEditor.QuickSearchModule:UnityEditor.Search:ASIAI0B)
Imported 'GUID: 46ccde6dd3204e59b7b370dee0d95ca1' -> (Import Result ID: 'a02fba7dbe64e4a6db19462bec28c4db') in 0.002 seconds [static and dynamic dependencies]. Details - ImportResultOutputID=fc02ffff34bc6bc4ac630809aeed6e7e DependenciesID=b582f7d45db93fda2adab5e1ac1230d0 StaticDependenciesID=3d0f54003247511ea7050531851608e8 
Number of updated asset objects reloaded before import = 0
Number of asset objects unloaded after import = 0
========================================================================
Received Import Request.
  Time of request: 2026-09-01T06:04:46.010422Z
  Time since last request: 0.000835958 seconds.
  importAddress: GUID: ae3d005fd595c0841ac79b5c0d7fcb35 - Path: Packages/com.unity.xr.management/Editor/XRLoaderInfoManager.cs - Importer: ScriptedImporter/UnityEditor.QuickSearchModule:UnityEditor.Search:ASIAI0B
Importing 'GUID: ae3d005fd595c0841ac79b5c0d7fcb35 - Path: Packages/com.unity.xr.management/Editor/XRLoaderInfoManager.cs - Importer: ScriptedImporter/UnityEditor.QuickSearchModule:UnityEditor.Search:ASIAI0B' with importer (ScriptedImporter : UnityEditor.QuickSearchModule:UnityEditor.Search:ASIAI0B)
Imported 'GUID: ae3d005fd595c0841ac79b5c0d7fcb35' -> (Import Result ID: '69eca67a0c58d133fad806812750bf23') in 0.001 seconds [static and dynamic dependencies]. Details - ImportResultOutputID=5cf68dab3d6c161920773c856d52e422 DependenciesID=fb685e458a4369a164974b67867964e7 StaticDependenciesID=1e36740178845f9f13767c5d4dc93cbb 
Number of updated asset objects reloaded before import = 0
Number of asset objects unloaded after import = 0
========================================================================
Received Import Request.
  Time of request: 2026-09-01T06:04:46.012265Z
  Time since last request: 0.000414625 seconds.
  importAddress: GUID: 759b8a665f0e4234db4a1b9a1514aa1d - Path: Packages/com.unity.xr.legacyinputhelpers/Editor/ArmModels/SwingArmModelEditor.cs - Importer: ScriptedImporter/UnityEditor.QuickSearchModule:UnityEditor.Search:ASIAI0B
Importing 'GUID: 759b8a665f0e4234db4a1b9a1514aa1d - Path: Packages/com.unity.xr.legacyinputhelpers/Editor/ArmModels/SwingArmModelEditor.cs - Importer: ScriptedImporter/UnityEditor.QuickSearchModule:UnityEditor.Search:ASIAI0B' with importer (ScriptedImporter : UnityEditor.QuickSearchModule:UnityEditor.Search:ASIAI0B)
Imported 'GUID: 759b8a665f0e4234db4a1b9a1514aa1d' -> (Import Result ID: 'd0e43fd1bce642736132d4d1f18116c2') in 0.001 seconds [static and dynamic dependencies]. Details - ImportResultOutputID=23565239ae01f5b5cf9874b21c70e42f DependenciesID=b444eaeb268759155dcb5572316347c8 StaticDependenciesID=8d1b5e046a76dd817a0f712f07d2ea90 
Number of updated asset objects reloaded before import = 0
Number of asset objects unloaded after import = 0
========================================================================
Received Import Request.
  Time of request: 2026-09-01T06:04:46.014198Z
  Time since last request: 0.000730542 seconds.
  importAddress: GUID: 4209e16f276e327468a3bba1ee24a3dd - Path: Packages/com.unity.xr.legacyinputhelpers/Editor/ArmModels - Importer: ScriptedImporter/UnityEditor.QuickSearchModule:UnityEditor.Search:ASIAI0B
Importing 'GUID: 4209e16f276e327468a3bba1ee24a3dd - Path: Packages/com.unity.xr.legacyinputhelpers/Editor/ArmModels - Importer: ScriptedImporter/UnityEditor.QuickSearchModule:UnityEditor.Search:ASIAI0B' with importer (ScriptedImporter : UnityEditor.QuickSearchModule:UnityEditor.Search:ASIAI0B)
Imported 'GUID: 4209e16f276e327468a3bba1ee24a3dd' -> (Import Result ID: 'b66c4d855ba16e0361e8003bc9c4c036') in 0.001 seconds [static and dynamic dependencies]. Details - ImportResultOutputID=372d3fca7030bdaa8934f3bf588d654a DependenciesID=bb23952a87d8f6e9d1e18acfbe1df418 StaticDependenciesID=fa84b0ec0fb4160b4864b570fe91220a 
Number of updated asset objects reloaded before import = 0
Number of asset objects unloaded after import = 1
========================================================================
Received Import Request.
  Time of request: 2026-09-01T06:04:46.016295Z
  Time since last request: 0.00057525 seconds.
  importAddress: GUID: 264fc56f389a44bb8e057ee6584603ed - Path: Packages/com.unity.xr.core-utils/Tests/Editor/XRCoreUtilities/NativeArrayUtilsTests.cs - Importer: ScriptedImporter/UnityEditor.QuickSearchModule:UnityEditor.Search:ASIAI0B
Importing 'GUID: 264fc56f389a44bb8e057ee6584603ed - Path: Packages/com.unity.xr.core-utils/Tests/Editor/XRCoreUtilities/NativeArrayUtilsTests.cs - Importer: ScriptedImporter/UnityEditor.QuickSearchModule:UnityEditor.Search:ASIAI0B' with importer (ScriptedImporter : UnityEditor.QuickSearchModule:UnityEditor.Search:ASIAI0B)
Imported 'GUID: 264fc56f389a44bb8e057ee6584603ed' -> (Import Result ID: 'dfc36d7710ec0e9dd07fd5b0bbdd21a3') in 0.001 seconds [static and dynamic dependencies]. Details - ImportResultOutputID=11f4dd08ebc5260523ab2f71c9456e92 DependenciesID=b7ce6589ce52f3eb903fe878d3d1cdf5 StaticDependenciesID=06694ec34006f61cf9c5c85713348bb2 
Number of updated asset objects reloaded before import = 0
Number of asset objects unloaded after import = 0
========================================================================
Received Import Request.
  Time of request: 2026-09-01T06:04:46.018265Z
  Time since last request: 0.000422083 seconds.
  importAddress: GUID: f9fe0089ec81f4079af78eb2287a6163 - Path: Packages/com.unity.xr.management/Editor/Unity.XR.Management.Editor.asmdef - Importer: ScriptedImporter/UnityEditor.QuickSearchModule:UnityEditor.Search:ASIAI0B
Importing 'GUID: f9fe0089ec81f4079af78eb2287a6163 - Path: Packages/com.unity.xr.management/Editor/Unity.XR.Management.Editor.asmdef - Importer: ScriptedImporter/UnityEditor.QuickSearchModule:UnityEditor.Search:ASIAI0B' with importer (ScriptedImporter : UnityEditor.QuickSearchModule:UnityEditor.Search:ASIAI0B)
Imported 'GUID: f9fe0089ec81f4079af78eb2287a6163' -> (Import Result ID: 'd3142f1801c80e6dc741d1d963a73b82') in 0.003 seconds [static and dynamic dependencies]. Details - ImportResultOutputID=84245e47441b4cba345f0d89b5a36fc0 DependenciesID=1153a17c4e5ebda9b558ece6255d6c2c StaticDependenciesID=36eef9ea82790c5010d32e9568e86046 
Number of updated asset objects reloaded before import = 0
Number of asset objects unloaded after import = 1
========================================================================
Received Import Request.
  Time of request: 2026-09-01T06:04:46.023004Z
  Time since last request: 0.00090375 seconds.
  importAddress: GUID: c7f8f78ecf92489094dfb5edffd6a1f8 - Path: Packages/com.unity.xr.core-utils/Runtime/AwaitableUtils.cs - Importer: ScriptedImporter/UnityEditor.QuickSearchModule:UnityEditor.Search:ASIAI0B
Importing 'GUID: c7f8f78ecf92489094dfb5edffd6a1f8 - Path: Packages/com.unity.xr.core-utils/Runtime/AwaitableUtils.cs - Importer: ScriptedImporter/UnityEditor.QuickSearchModule:UnityEditor.Search:ASIAI0B' with importer (ScriptedImporter : UnityEditor.QuickSearchModule:UnityEditor.Search:ASIAI0B)
Imported 'GUID: c7f8f78ecf92489094dfb5edffd6a1f8' -> (Import Result ID: 'cebe45d2510a5e814847d62263c4c44b') in 0.003 seconds [static and dynamic dependencies]. Details - ImportResultOutputID=160c99e0445c41419769f26b81fd6b85 DependenciesID=857343c26bf5c13242bc3358ec99a01a StaticDependenciesID=c031437de921a3d1db8ef739ffce7755 
Number of updated asset objects reloaded before import = 0
Number of asset objects unloaded after import = 0
========================================================================
Received Import Request.
  Time of request: 2026-09-01T06:04:46.027116Z
  Time since last request: 0.000791875 seconds.
  importAddress: GUID: 448825531749b994e86774114faa299a - Path: Packages/com.unity.xr.core-utils/Runtime/Datums/FloatDatumProperty.cs - Importer: ScriptedImporter/UnityEditor.QuickSearchModule:UnityEditor.Search:ASIAI0B
Importing 'GUID: 448825531749b994e86774114faa299a - Path: Packages/com.unity.xr.core-utils/Runtime/Datums/FloatDatumProperty.cs - Importer: ScriptedImporter/UnityEditor.QuickSearchModule:UnityEditor.Search:ASIAI0B' with importer (ScriptedImporter : UnityEditor.QuickSearchModule:UnityEditor.Search:ASIAI0B)
Imported 'GUID: 448825531749b994e86774114faa299a' -> (Import Result ID: 'f856ecb67a12aef068fc8eaf5dbb962f') in 0.001 seconds [static and dynamic dependencies]. Details - ImportResultOutputID=31f015cd1247d00cfb061d5e6ce16a3d DependenciesID=48e91b7b51c54933d830a517f4f70d38 StaticDependenciesID=cc50c31a3f4d29527137d00f978d084c 
Number of updated asset objects reloaded before import = 0
Number of asset objects unloaded after import = 0
========================================================================
Received Import Request.
  Time of request: 2026-09-01T06:04:46.030135Z
  Time since last request: 0.001075459 seconds.
  importAddress: GUID: 6a6688728f64a5d498cc40767d3c8ff2 - Path: Packages/com.unity.xr.core-utils/Editor/Datums/StringDatumPropertyDrawer.cs - Importer: ScriptedImporter/UnityEditor.QuickSearchModule:UnityEditor.Search:ASIAI0B
Importing 'GUID: 6a6688728f64a5d498cc40767d3c8ff2 - Path: Packages/com.unity.xr.core-utils/Editor/Datums/StringDatumPropertyDrawer.cs - Importer: ScriptedImporter/UnityEditor.QuickSearchModule:UnityEditor.Search:ASIAI0B' with importer (ScriptedImporter : UnityEditor.QuickSearchModule:UnityEditor.Search:ASIAI0B)
Imported 'GUID: 6a6688728f64a5d498cc40767d3c8ff2' -> (Import Result ID: '7a2f9b2ff878f2f77582cf6ddd25bf85') in 0.001 seconds [static and dynamic dependencies]. Details - ImportResultOutputID=4cf77cd9f9a33611320571582fc8afed DependenciesID=b076e6d412030d5fd815e16559d4997b StaticDependenciesID=5a55fe7229863de8e0214995f02d4a23 
Number of updated asset objects reloaded before import = 0
Number of asset objects unloaded after import = 0
========================================================================
Received Import Request.
  Time of request: 2026-09-01T06:04:46.032493Z
  Time since last request: 0.000711166 seconds.
  importAddress: GUID: 69dd6727f817cfd42a88eb2b632c436d - Path: Packages/com.unity.xr.management/Tests/Runtime/RuntimeTestSettings.cs - Importer: ScriptedImporter/UnityEditor.QuickSearchModule:UnityEditor.Search:ASIAI0B
Importing 'GUID: 69dd6727f817cfd42a88eb2b632c436d - Path: Packages/com.unity.xr.management/Tests/Runtime/RuntimeTestSettings.cs - Importer: ScriptedImporter/UnityEditor.QuickSearchModule:UnityEditor.Search:ASIAI0B' with importer (ScriptedImporter : UnityEditor.QuickSearchModule:UnityEditor.Search:ASIAI0B)
Imported 'GUID: 69dd6727f817cfd42a88eb2b632c436d' -> (Import Result ID: '64fdd478efe52aecf7371d946cabcac3') in 0.001 seconds [static and dynamic dependencies]. Details - ImportResultOutputID=23e9ea70bb840a7dcd0f0bc88d5d60b6 DependenciesID=e097512ee28927f5b49a267e27280b1c StaticDependenciesID=2379d7bb9bc0239dc39592f0953e186f 
Number of updated asset objects reloaded before import = 0
Number of asset objects unloaded after import = 0
========================================================================
Received Import Request.
  Time of request: 2026-09-01T06:04:46.035067Z
  Time since last request: 0.000563917 seconds.
  importAddress: GUID: d8780bc1cfd044fd58ba8e8c776e1db7 - Path: Packages/com.unity.xr.core-utils/Tests/Editor/XRCoreUtilities/PoseExtensionsTests.cs - Importer: ScriptedImporter/UnityEditor.QuickSearchModule:UnityEditor.Search:ASIAI0B
Importing 'GUID: d8780bc1cfd044fd58ba8e8c776e1db7 - Path: Packages/com.unity.xr.core-utils/Tests/Editor/XRCoreUtilities/PoseExtensionsTests.cs - Importer: ScriptedImporter/UnityEditor.QuickSearchModule:UnityEditor.Search:ASIAI0B' with importer (ScriptedImporter : UnityEditor.QuickSearchModule:UnityEditor.Search:ASIAI0B)
Imported 'GUID: d8780bc1cfd044fd58ba8e8c776e1db7' -> (Import Result ID: 'c9b8d61f8174f0e942e95b6bf85451de') in 0.003 seconds [static and dynamic dependencies]. Details - ImportResultOutputID=d276f788381b30b0ed3c91125ee0e3be DependenciesID=a7165ed25db6ff21372e605d4a64ca28 StaticDependenciesID=3203de90b849ea2460155475a0b50dc0 
Number of updated asset objects reloaded before import = 0
Number of asset objects unloaded after import = 0
========================================================================
Received Import Request.
  Time of request: 2026-09-01T06:04:46.039046Z
  Time since last request: 0.000753958 seconds.
  importAddress: GUID: 88d2132b5a4df4c659790dc2260104b3 - Path: Packages/com.unity.xr.management/README.md - Importer: ScriptedImporter/UnityEditor.QuickSearchModule:UnityEditor.Search:ASIAI0B
Importing 'GUID: 88d2132b5a4df4c659790dc2260104b3 - Path: Packages/com.unity.xr.management/README.md - Importer: ScriptedImporter/UnityEditor.QuickSearchModule:UnityEditor.Search:ASIAI0B' with importer (ScriptedImporter : UnityEditor.QuickSearchModule:UnityEditor.Search:ASIAI0B)
Imported 'GUID: 88d2132b5a4df4c659790dc2260104b3' -> (Import Result ID: 'd75c99f2a17cc93f88c07ff678909695') in 0.004 seconds [static and dynamic dependencies]. Details - ImportResultOutputID=fcec00fa883e34d30ac8b8fe2d8e4df7 DependenciesID=386ff1b640d5742bcac6f900cb61d0f8 StaticDependenciesID=5ebfe4604a65008f7bbb82ab927904c6 
Number of updated asset objects reloaded before import = 0
Number of asset objects unloaded after import = 1
========================================================================
Received Import Request.
  Time of request: 2026-09-01T06:04:46.044853Z
  Time since last request: 0.00094825 seconds.
  importAddress: GUID: 11a5cf454eec528428e2df5463d6a0ee - Path: Packages/com.unity.xr.legacyinputhelpers/Tests/Runtime - Importer: ScriptedImporter/UnityEditor.QuickSearchModule:UnityEditor.Search:ASIAI0B
Importing 'GUID: 11a5cf454eec528428e2df5463d6a0ee - Path: Packages/com.unity.xr.legacyinputhelpers/Tests/Runtime - Importer: ScriptedImporter/UnityEditor.QuickSearchModule:UnityEditor.Search:ASIAI0B' with importer (ScriptedImporter : UnityEditor.QuickSearchModule:UnityEditor.Search:ASIAI0B)
Imported 'GUID: 11a5cf454eec528428e2df5463d6a0ee' -> (Import Result ID: 'c19c4df1d5eb7ae6819598a99a94e0c8') in 0.002 seconds [static and dynamic dependencies]. Details - ImportResultOutputID=27bac2a724621387c6bd612c8420225f DependenciesID=bab6752b3f7b0356294dc55685b9a7e4 StaticDependenciesID=6876424070dc2dde5e80017c397b750d 
Number of updated asset objects reloaded before import = 0
Number of asset objects unloaded after import = 1
========================================================================
Received Import Request.
  Time of request: 2026-09-01T06:04:46.048425Z
  Time since last request: 0.000567208 seconds.
  importAddress: GUID: cb6c8be553d2743f793b078de11b5c31 - Path: Packages/com.unity.xr.core-utils/Runtime/GuidUtil.cs - Importer: ScriptedImporter/UnityEditor.QuickSearchModule:UnityEditor.Search:ASIAI0B
Importing 'GUID: cb6c8be553d2743f793b078de11b5c31 - Path: Packages/com.unity.xr.core-utils/Runtime/GuidUtil.cs - Importer: ScriptedImporter/UnityEditor.QuickSearchModule:UnityEditor.Search:ASIAI0B' with importer (ScriptedImporter : UnityEditor.QuickSearchModule:UnityEditor.Search:ASIAI0B)
Imported 'GUID: cb6c8be553d2743f793b078de11b5c31' -> (Import Result ID: '3e931bd436b19494df77dcb868fc5d33') in 0.003 seconds [static and dynamic dependencies]. Details - ImportResultOutputID=9a53674feb73c6c1326ef14dc973b78c DependenciesID=a3d56e1ccf900ac5ed5385caeb652232 StaticDependenciesID=7fd2eace4817b36d38839a804fc94b86 
Number of updated asset objects reloaded before import = 0
Number of asset objects unloaded after import = 0
========================================================================
Received Import Request.
  Time of request: 2026-09-01T06:04:46.052296Z
  Time since last request: 0.000672542 seconds.
  importAddress: GUID: 575f7633d101095488b014272f40d6f7 - Path: Packages/com.unity.xr.management/Tests/StandaloneSubsystem/Unity.XR.Management.Tests.Standalone.asmdef - Importer: ScriptedImporter/UnityEditor.QuickSearchModule:UnityEditor.Search:ASIAI0B
Importing 'GUID: 575f7633d101095488b014272f40d6f7 - Path: Packages/com.unity.xr.management/Tests/StandaloneSubsystem/Unity.XR.Management.Tests.Standalone.asmdef - Importer: ScriptedImporter/UnityEditor.QuickSearchModule:UnityEditor.Search:ASIAI0B' with importer (ScriptedImporter : UnityEditor.QuickSearchModule:UnityEditor.Search:ASIAI0B)
Imported 'GUID: 575f7633d101095488b014272f40d6f7' -> (Import Result ID: '033538d94dcc4fa630a1dfb74cbd40fe') in 0.002 seconds [static and dynamic dependencies]. Details - ImportResultOutputID=c4d5c2c4806d314e476abe8dbb311162 DependenciesID=63e6260ab37956bb60d5b2b67f05ff91 StaticDependenciesID=cc5f7d3dc206f616c07d56bed0d3e901 
Number of updated asset objects reloaded before import = 0
Number of asset objects unloaded after import = 1
========================================================================
Received Import Request.
  Time of request: 2026-09-01T06:04:46.05469Z
  Time since last request: 0.000310459 seconds.
  importAddress: GUID: f4df83f3347dd498681ec72e93b47e9a - Path: Packages/com.unity.xr.core-utils/Runtime/Extensions/Vector2Extensions.cs - Importer: ScriptedImporter/UnityEditor.QuickSearchModule:UnityEditor.Search:ASIAI0B
Importing 'GUID: f4df83f3347dd498681ec72e93b47e9a - Path: Packages/com.unity.xr.core-utils/Runtime/Extensions/Vector2Extensions.cs - Importer: ScriptedImporter/UnityEditor.QuickSearchModule:UnityEditor.Search:ASIAI0B' with importer (ScriptedImporter : UnityEditor.QuickSearchModule:UnityEditor.Search:ASIAI0B)
Imported 'GUID: f4df83f3347dd498681ec72e93b47e9a' -> (Import Result ID: '96c4de6de63ee5f5c8517e83af16502f') in 0.002 seconds [static and dynamic dependencies]. Details - ImportResultOutputID=b7ce77acb78a9dd78aefe72c96b8ae48 DependenciesID=5501a71c15357804f11aa79f31859fac StaticDependenciesID=2b52bb6496c3f8166b27bd1eaaa98baf 
Number of updated asset objects reloaded before import = 0
Number of asset objects unloaded after import = 0
========================================================================
Received Import Request.
  Time of request: 2026-09-01T06:04:46.057182Z
  Time since last request: 0.000453041 seconds.
  importAddress: GUID: 5a8e2fc6e8e958443a0bf0c78e6e867d - Path: Packages/com.unity.xr.core-utils/Editor/GUI/EditorGUIUtils.cs - Importer: ScriptedImporter/UnityEditor.QuickSearchModule:UnityEditor.Search:ASIAI0B
Importing 'GUID: 5a8e2fc6e8e958443a0bf0c78e6e867d - Path: Packages/com.unity.xr.core-utils/Editor/GUI/EditorGUIUtils.cs - Importer: ScriptedImporter/UnityEditor.QuickSearchModule:UnityEditor.Search:ASIAI0B' with importer (ScriptedImporter : UnityEditor.QuickSearchModule:UnityEditor.Search:ASIAI0B)
Imported 'GUID: 5a8e2fc6e8e958443a0bf0c78e6e867d' -> (Import Result ID: 'db940d22327ed692a8f551b812c99c89') in 0.002 seconds [static and dynamic dependencies]. Details - ImportResultOutputID=c419fc93d89b47da438b6174d30be027 DependenciesID=6e3ed757a3ff734dc74b52013db2d8bd StaticDependenciesID=d0c366f2a937369249d94baf89b5402d 
Number of updated asset objects reloaded before import = 0
Number of asset objects unloaded after import = 0
========================================================================
Received Import Request.
  Time of request: 2026-09-01T06:04:46.060143Z
  Time since last request: 0.000366834 seconds.
  importAddress: GUID: 5a5fb3c69ece94eadada0dacf019b141 - Path: Packages/com.unity.xr.management/ValidationExceptions.json - Importer: ScriptedImporter/UnityEditor.QuickSearchModule:UnityEditor.Search:ASIAI0B
Importing 'GUID: 5a5fb3c69ece94eadada0dacf019b141 - Path: Packages/com.unity.xr.management/ValidationExceptions.json - Importer: ScriptedImporter/UnityEditor.QuickSearchModule:UnityEditor.Search:ASIAI0B' with importer (ScriptedImporter : UnityEditor.QuickSearchModule:UnityEditor.Search:ASIAI0B)
Imported 'GUID: 5a5fb3c69ece94eadada0dacf019b141' -> (Import Result ID: '48280b6c4967467430b06838aaae6c3e') in 0.001 seconds [static and dynamic dependencies]. Details - ImportResultOutputID=8b10836f057d3cefe51121d98c059828 DependenciesID=40ec0a47c013e74e10cb8c79a7b26227 StaticDependenciesID=7982cabdbcaf8b2694265f2a35b2782e 
Number of updated asset objects reloaded before import = 0
Number of asset objects unloaded after import = 1
========================================================================
Received Import Request.
  Time of request: 2026-09-01T06:04:46.062568Z
  Time since last request: 0.000503834 seconds.
  importAddress: GUID: 99f4b9eeea3644938b85e2ac5221e6b7 - Path: Packages/com.unity.xr.core-utils/Runtime/Extensions/HashSetExtensions.cs - Importer: ScriptedImporter/UnityEditor.QuickSearchModule:UnityEditor.Search:ASIAI0B
Importing 'GUID: 99f4b9eeea3644938b85e2ac5221e6b7 - Path: Packages/com.unity.xr.core-utils/Runtime/Extensions/HashSetExtensions.cs - Importer: ScriptedImporter/UnityEditor.QuickSearchModule:UnityEditor.Search:ASIAI0B' with importer (ScriptedImporter : UnityEditor.QuickSearchModule:UnityEditor.Search:ASIAI0B)
Imported 'GUID: 99f4b9eeea3644938b85e2ac5221e6b7' -> (Import Result ID: 'dcda72c3f18443a1e561f16794879475') in 0.001 seconds [static and dynamic dependencies]. Details - ImportResultOutputID=329b0940c1583db9d87e3be7066b762c DependenciesID=833f46b645c9ef2e297a88fc9ff7b2a8 StaticDependenciesID=cd8b9c2eb24b8dc15ab5edf264cd3de6 
Number of updated asset objects reloaded before import = 0
Number of asset objects unloaded after import = 0
========================================================================
Received Import Request.
  Time of request: 2026-09-01T06:04:46.064554Z
  Time since last request: 0.000571667 seconds.
  importAddress: GUID: 4fb10c2185e1347c4bef41feca4a8845 - Path: Packages/com.unity.xr.management/Runtime - Importer: ScriptedImporter/UnityEditor.QuickSearchModule:UnityEditor.Search:ASIAI0B
Importing 'GUID: 4fb10c2185e1347c4bef41feca4a8845 - Path: Packages/com.unity.xr.management/Runtime - Importer: ScriptedImporter/UnityEditor.QuickSearchModule:UnityEditor.Search:ASIAI0B' with importer (ScriptedImporter : UnityEditor.QuickSearchModule:UnityEditor.Search:ASIAI0B)
Imported 'GUID: 4fb10c2185e1347c4bef41feca4a8845' -> (Import Result ID: 'f6ed6e63419af43e9d441062a8541251') in 0.001 seconds [static and dynamic dependencies]. Details - ImportResultOutputID=50f1b3320e0a3bb54aab8d25538fd114 DependenciesID=e2de83ab435b2ddcbea9de164f2ec39e StaticDependenciesID=eb3e9f8f16b81f90b341c6d85455ab7e 
Number of updated asset objects reloaded before import = 0
Number of asset objects unloaded after import = 1
========================================================================
Received Import Request.
  Time of request: 2026-09-01T06:04:46.066213Z
  Time since last request: 0.000315208 seconds.
  importAddress: GUID: 4caaaba15559d47f7b3f773241c999af - Path: Packages/com.unity.xr.core-utils/package.json - Importer: ScriptedImporter/UnityEditor.QuickSearchModule:UnityEditor.Search:ASIAI0B
Importing 'GUID: 4caaaba15559d47f7b3f773241c999af - Path: Packages/com.unity.xr.core-utils/package.json - Importer: ScriptedImporter/UnityEditor.QuickSearchModule:UnityEditor.Search:ASIAI0B' with importer (ScriptedImporter : UnityEditor.QuickSearchModule:UnityEditor.Search:ASIAI0B)
Imported 'GUID: 4caaaba15559d47f7b3f773241c999af' -> (Import Result ID: '6c93071d3df8634cfbf0648a27339c43') in 0.001 seconds [static and dynamic dependencies]. Details - ImportResultOutputID=5c24d62bb67b3ea857a9b20dcc77ce61 DependenciesID=8d6758b7f8ce03cdac7f81f75f71bc0f StaticDependenciesID=94ddc3171842d262a65972431b05fedc 
Number of updated asset objects reloaded before import = 0
Number of asset objects unloaded after import = 1
========================================================================
Received Import Request.
  Time of request: 2026-09-01T06:04:46.082306Z
  Time since last request: 0.014528667 seconds.
  importAddress: GUID: e4a56a86cd4cad64dbb336df449f2412 - Path: Packages/com.unity.xr.core-utils/Editor/Datums/AnimationCurveDatumPropertyDrawer.cs - Importer: ScriptedImporter/UnityEditor.QuickSearchModule:UnityEditor.Search:ASIAI0B
Importing 'GUID: e4a56a86cd4cad64dbb336df449f2412 - Path: Packages/com.unity.xr.core-utils/Editor/Datums/AnimationCurveDatumPropertyDrawer.cs - Importer: ScriptedImporter/UnityEditor.QuickSearchModule:UnityEditor.Search:ASIAI0B' with importer (ScriptedImporter : UnityEditor.QuickSearchModule:UnityEditor.Search:ASIAI0B)
Imported 'GUID: e4a56a86cd4cad64dbb336df449f2412' -> (Import Result ID: '87ea23275caf8a4bfd16d1b32493796a') in 0.002 seconds [static and dynamic dependencies]. Details - ImportResultOutputID=3476042712448fd7c0c82a89b00adca3 DependenciesID=91fc35c02213a4684fb15d26b7b62231 StaticDependenciesID=7fa2a9b58957919428e9eab73caa82a7 
Number of updated asset objects reloaded before import = 0
Number of asset objects unloaded after import = 0
========================================================================
Received Import Request.
  Time of request: 2026-09-01T06:04:46.085416Z
  Time since last request: 0.000603167 seconds.
  importAddress: GUID: 69702e9e8a6e4a5780a3fc575847e88e - Path: Packages/com.unity.xr.core-utils/Runtime/Bindings/Variables/BindableVariableBase.cs - Importer: ScriptedImporter/UnityEditor.QuickSearchModule:UnityEditor.Search:ASIAI0B
Importing 'GUID: 69702e9e8a6e4a5780a3fc575847e88e - Path: Packages/com.unity.xr.core-utils/Runtime/Bindings/Variables/BindableVariableBase.cs - Importer: ScriptedImporter/UnityEditor.QuickSearchModule:UnityEditor.Search:ASIAI0B' with importer (ScriptedImporter : UnityEditor.QuickSearchModule:UnityEditor.Search:ASIAI0B)
Imported 'GUID: 69702e9e8a6e4a5780a3fc575847e88e' -> (Import Result ID: 'e7f81cf2f6a7cead53aee075a0fbd6e0') in 0.001 seconds [static and dynamic dependencies]. Details - ImportResultOutputID=324d1383d03307e7b64ba4efc60aacbd DependenciesID=be4583f7a30297b622c5acc6784bc573 StaticDependenciesID=cb11dd809d70f935d7f553a2b1e170b5 
Number of updated asset objects reloaded before import = 0
Number of asset objects unloaded after import = 0
========================================================================
Received Import Request.
  Time of request: 2026-09-01T06:04:46.087605Z
  Time since last request: 0.000363875 seconds.
  importAddress: GUID: e871fd23b6baf497c86228b141d7f67c - Path: Packages/com.unity.xr.core-utils/Editor/ProjectValidation/ProjectValidationDrawer.cs - Importer: ScriptedImporter/UnityEditor.QuickSearchModule:UnityEditor.Search:ASIAI0B
Importing 'GUID: e871fd23b6baf497c86228b141d7f67c - Path: Packages/com.unity.xr.core-utils/Editor/ProjectValidation/ProjectValidationDrawer.cs - Importer: ScriptedImporter/UnityEditor.QuickSearchModule:UnityEditor.Search:ASIAI0B' with importer (ScriptedImporter : UnityEditor.QuickSearchModule:UnityEditor.Search:ASIAI0B)
Imported 'GUID: e871fd23b6baf497c86228b141d7f67c' -> (Import Result ID: 'e7b1de96c9807aab292a147e1e0b7313') in 0.003 seconds [static and dynamic dependencies]. Details - ImportResultOutputID=600438c65f46c5959f0aa146441421f2 DependenciesID=4e9de01fdd553311455d6483b8b3a623 StaticDependenciesID=e2773a330ffaa7dded420f57f487d34b 
Number of updated asset objects reloaded before import = 0
Number of asset objects unloaded after import = 0
========================================================================
Received Import Request.
  Time of request: 2026-09-01T06:04:46.091625Z
  Time since last request: 0.000840041 seconds.
  importAddress: GUID: 9d946764bf264718a9549b8925a774f7 - Path: Packages/com.unity.xr.management/Editor/AssemblyInfo.cs - Importer: ScriptedImporter/UnityEditor.QuickSearchModule:UnityEditor.Search:ASIAI0B
Importing 'GUID: 9d946764bf264718a9549b8925a774f7 - Path: Packages/com.unity.xr.management/Editor/AssemblyInfo.cs - Importer: ScriptedImporter/UnityEditor.QuickSearchModule:UnityEditor.Search:ASIAI0B' with importer (ScriptedImporter : UnityEditor.QuickSearchModule:UnityEditor.Search:ASIAI0B)
Imported 'GUID: 9d946764bf264718a9549b8925a774f7' -> (Import Result ID: '4e4299f2dcae1a92d3ee9010288f57c5') in 0.001 seconds [static and dynamic dependencies]. Details - ImportResultOutputID=31b17e11c155fcd66ee4fe3acd1bc6d8 DependenciesID=005557636698a9ba405c0ff35f3932de StaticDependenciesID=f77c0354122f776b5e8ee7167832cc46 
Number of updated asset objects reloaded before import = 0
Number of asset objects unloaded after import = 0
========================================================================
Received Import Request.
  Time of request: 2026-09-01T06:04:46.093686Z
  Time since last request: 0.000359583 seconds.
  importAddress: GUID: 4125b72fb8d964ddd9e2d704725a7cbc - Path: Packages/com.unity.xr.management/Tests/Runtime/RuntimeTests.cs - Importer: ScriptedImporter/UnityEditor.QuickSearchModule:UnityEditor.Search:ASIAI0B
Importing 'GUID: 4125b72fb8d964ddd9e2d704725a7cbc - Path: Packages/com.unity.xr.management/Tests/Runtime/RuntimeTests.cs - Importer: ScriptedImporter/UnityEditor.QuickSearchModule:UnityEditor.Search:ASIAI0B' with importer (ScriptedImporter : UnityEditor.QuickSearchModule:UnityEditor.Search:ASIAI0B)
Imported 'GUID: 4125b72fb8d964ddd9e2d704725a7cbc' -> (Import Result ID: '6fbf7fa05da5eae225c0ee12f12fc194') in 0.001 seconds [static and dynamic dependencies]. Details - ImportResultOutputID=2c6fb1997e37aebda8926db20e1d11d7 DependenciesID=d7fcd4e1dd77fe271822d25fb3b406cf StaticDependenciesID=46c2505f725a981be8785846893dbda5 
Number of updated asset objects reloaded before import = 0
Number of asset objects unloaded after import = 0
========================================================================
Received Import Request.
  Time of request: 2026-09-01T06:04:46.095874Z
  Time since last request: 0.000558208 seconds.
  importAddress: GUID: e0cb9aa70a22847b5925ee5f067c10a9 - Path: Packages/com.unity.xr.core-utils/Runtime/XROrigin.cs - Importer: ScriptedImporter/UnityEditor.QuickSearchModule:UnityEditor.Search:ASIAI0B
Importing 'GUID: e0cb9aa70a22847b5925ee5f067c10a9 - Path: Packages/com.unity.xr.core-utils/Runtime/XROrigin.cs - Importer: ScriptedImporter/UnityEditor.QuickSearchModule:UnityEditor.Search:ASIAI0B' with importer (ScriptedImporter : UnityEditor.QuickSearchModule:UnityEditor.Search:ASIAI0B)
Imported 'GUID: e0cb9aa70a22847b5925ee5f067c10a9' -> (Import Result ID: '6fe24e028e2a925da920a2faab0fde65') in 0.002 seconds [static and dynamic dependencies]. Details - ImportResultOutputID=4bb0be41cda0454e60d1b28e1b704148 DependenciesID=a1860094d457c0421d7bd1a3fa5da123 StaticDependenciesID=099dea856e3dc5166e79373499a9b977 
Number of updated asset objects reloaded before import = 0
Number of asset objects unloaded after import = 0
========================================================================
Received Import Request.
  Time of request: 2026-09-01T06:04:46.098127Z
  Time since last request: 0.000332375 seconds.
  importAddress: GUID: 8c1cd2953a621294593c8424a464d578 - Path: Packages/com.unity.xr.core-utils/Editor/CapabilityProfile/Dictionary/CapabilityKeysDefinition.cs - Importer: ScriptedImporter/UnityEditor.QuickSearchModule:UnityEditor.Search:ASIAI0B
Importing 'GUID: 8c1cd2953a621294593c8424a464d578 - Path: Packages/com.unity.xr.core-utils/Editor/CapabilityProfile/Dictionary/CapabilityKeysDefinition.cs - Importer: ScriptedImporter/UnityEditor.QuickSearchModule:UnityEditor.Search:ASIAI0B' with importer (ScriptedImporter : UnityEditor.QuickSearchModule:UnityEditor.Search:ASIAI0B)
Imported 'GUID: 8c1cd2953a621294593c8424a464d578' -> (Import Result ID: '817a43e5cc650ed01d180261142969b8') in 0.002 seconds [static and dynamic dependencies]. Details - ImportResultOutputID=a75b7a40501b9aedb4cae25e37c4ec18 DependenciesID=30d8a9a785c7fd42b0d7611aad10c9b7 StaticDependenciesID=93feb107f38ca8a9dd4283b17ccc233f 
Number of updated asset objects reloaded before import = 0
Number of asset objects unloaded after import = 0
========================================================================
Received Import Request.
  Time of request: 2026-09-01T06:04:46.100961Z
  Time since last request: 0.000439042 seconds.
  importAddress: GUID: 4006c03e10483472685ea4284f73055f - Path: Packages/com.unity.xr.core-utils/Editor/EditorPrefsUtils.cs - Importer: ScriptedImporter/UnityEditor.QuickSearchModule:UnityEditor.Search:ASIAI0B
Importing 'GUID: 4006c03e10483472685ea4284f73055f - Path: Packages/com.unity.xr.core-utils/Editor/EditorPrefsUtils.cs - Importer: ScriptedImporter/UnityEditor.QuickSearchModule:UnityEditor.Search:ASIAI0B' with importer (ScriptedImporter : UnityEditor.QuickSearchModule:UnityEditor.Search:ASIAI0B)
Imported 'GUID: 4006c03e10483472685ea4284f73055f' -> (Import Result ID: '29d449637557c1c3f5c52dcfb409eda4') in 0.003 seconds [static and dynamic dependencies]. Details - ImportResultOutputID=6527047e854e0cc155c18419c85c4c0a DependenciesID=d252e0a2d8f68d3e044519d76c56de49 StaticDependenciesID=ce7923ae1e22ac05cf89f4e6b6df1262 
Number of updated asset objects reloaded before import = 0
Number of asset objects unloaded after import = 0
========================================================================
Received Import Request.
  Time of request: 2026-09-01T06:04:46.104587Z
  Time since last request: 0.000425 seconds.
  importAddress: GUID: 77c19ca0f79b44f3f9676efea35425d1 - Path: Packages/com.unity.xr.core-utils/Runtime/Extensions/MonoBehaviourExtensions.cs - Importer: ScriptedImporter/UnityEditor.QuickSearchModule:UnityEditor.Search:ASIAI0B
Importing 'GUID: 77c19ca0f79b44f3f9676efea35425d1 - Path: Packages/com.unity.xr.core-utils/Runtime/Extensions/MonoBehaviourExtensions.cs - Importer: ScriptedImporter/UnityEditor.QuickSearchModule:UnityEditor.Search:ASIAI0B' with importer (ScriptedImporter : UnityEditor.QuickSearchModule:UnityEditor.Search:ASIAI0B)
Imported 'GUID: 77c19ca0f79b44f3f9676efea35425d1' -> (Import Result ID: '670271804e42bd148aa84199ec97bc14') in 0.002 seconds [static and dynamic dependencies]. Details - ImportResultOutputID=b37d32832babdf69228d59f96ad5c89a DependenciesID=d40e92f3d564b56ec3b1da15b178ad84 StaticDependenciesID=9bd48cf3911c47d68a7fd34e15e3ffa4 
Number of updated asset objects reloaded before import = 0
Number of asset objects unloaded after import = 0
========================================================================
Received Import Request.
  Time of request: 2026-09-01T06:04:46.108108Z
  Time since last request: 0.000715166 seconds.
  importAddress: GUID: 3985d44688bb0d44696a49e9c1f77074 - Path: Packages/com.unity.xr.core-utils/Runtime/CapabilityProfile - Importer: ScriptedImporter/UnityEditor.QuickSearchModule:UnityEditor.Search:ASIAI0B
Importing 'GUID: 3985d44688bb0d44696a49e9c1f77074 - Path: Packages/com.unity.xr.core-utils/Runtime/CapabilityProfile - Importer: ScriptedImporter/UnityEditor.QuickSearchModule:UnityEditor.Search:ASIAI0B' with importer (ScriptedImporter : UnityEditor.QuickSearchModule:UnityEditor.Search:ASIAI0B)
Imported 'GUID: 3985d44688bb0d44696a49e9c1f77074' -> (Import Result ID: '5683a12e11526137168af8d18812c73a') in 0.002 seconds [static and dynamic dependencies]. Details - ImportResultOutputID=48d8831ed2d7871d2ea7d373c2a538cd DependenciesID=6662e5e205a4ae539145fc9f71663a56 StaticDependenciesID=3773b6ace475a83e4537f3fc2665e0e4 
Number of updated asset objects reloaded before import = 0
Number of asset objects unloaded after import = 1
========================================================================
Received Import Request.
  Time of request: 2026-09-01T06:04:46.110825Z
  Time since last request: 0.000631959 seconds.
  importAddress: GUID: 003ef503999604566b6c94a6b9fa4e5f - Path: Packages/com.unity.xr.core-utils/Tests/Editor/XRCoreUtilities/QuaternionExtensionsTests.cs - Importer: ScriptedImporter/UnityEditor.QuickSearchModule:UnityEditor.Search:ASIAI0B
Importing 'GUID: 003ef503999604566b6c94a6b9fa4e5f - Path: Packages/com.unity.xr.core-utils/Tests/Editor/XRCoreUtilities/QuaternionExtensionsTests.cs - Importer: ScriptedImporter/UnityEditor.QuickSearchModule:UnityEditor.Search:ASIAI0B' with importer (ScriptedImporter : UnityEditor.QuickSearchModule:UnityEditor.Search:ASIAI0B)
Imported 'GUID: 003ef503999604566b6c94a6b9fa4e5f' -> (Import Result ID: '70a9be44fecf48a47b771685ea48eaf7') in 0.001 seconds [static and dynamic dependencies]. Details - ImportResultOutputID=926f4eed5697e0d2ac0ab3c5ee7cc251 DependenciesID=7ef1cda99f773dd95f3a34d617c5182d StaticDependenciesID=c6a35381781a2b821b374213b3d9b067 
Number of updated asset objects reloaded before import = 0
Number of asset objects unloaded after import = 0
========================================================================
Received Import Request.
  Time of request: 2026-09-01T06:04:46.113086Z
  Time since last request: 0.0006335 seconds.
  importAddress: GUID: dc2befcfbdba54cc1af22e20e1c4fb61 - Path: Packages/com.unity.xr.core-utils/Editor/Analytics/EditorAnalyticsEvent.cs - Importer: ScriptedImporter/UnityEditor.QuickSearchModule:UnityEditor.Search:ASIAI0B
Importing 'GUID: dc2befcfbdba54cc1af22e20e1c4fb61 - Path: Packages/com.unity.xr.core-utils/Editor/Analytics/EditorAnalyticsEvent.cs - Importer: ScriptedImporter/UnityEditor.QuickSearchModule:UnityEditor.Search:ASIAI0B' with importer (ScriptedImporter : UnityEditor.QuickSearchModule:UnityEditor.Search:ASIAI0B)
Imported 'GUID: dc2befcfbdba54cc1af22e20e1c4fb61' -> (Import Result ID: '63acdc0cbdd62b888c175f62af624051') in 0.001 seconds [static and dynamic dependencies]. Details - ImportResultOutputID=8276329bcec1227c2d80a0699f17a49f DependenciesID=c4dcc81921ad8ae70dc13e62b2220109 StaticDependenciesID=5194c27c555d9eaefcd3d701c8badae2 
Number of updated asset objects reloaded before import = 0
Number of asset objects unloaded after import = 0
========================================================================
Received Import Request.
  Time of request: 2026-09-01T06:04:46.115166Z
  Time since last request: 0.000434709 seconds.
  importAddress: GUID: da06c8b7da54b44cfba8b42d206be064 - Path: Packages/com.unity.xr.core-utils/Editor/ProjectValidation/ProjectValidationSettingsProvider.cs - Importer: ScriptedImporter/UnityEditor.QuickSearchModule:UnityEditor.Search:ASIAI0B
Importing 'GUID: da06c8b7da54b44cfba8b42d206be064 - Path: Packages/com.unity.xr.core-utils/Editor/ProjectValidation/ProjectValidationSettingsProvider.cs - Importer: ScriptedImporter/UnityEditor.QuickSearchModule:UnityEditor.Search:ASIAI0B' with importer (ScriptedImporter : UnityEditor.QuickSearchModule:UnityEditor.Search:ASIAI0B)
Imported 'GUID: da06c8b7da54b44cfba8b42d206be064' -> (Import Result ID: 'd123f5cdff4c140f0662d2d935209d95') in 0.002 seconds [static and dynamic dependencies]. Details - ImportResultOutputID=b2d17b9ff098746381f404de83bcad74 DependenciesID=7a10a19c802e8b1a9bc88ea55a4c2d2d StaticDependenciesID=1cc2cd2917615e49163adc7d43e4e923 
Number of updated asset objects reloaded before import = 0
Number of asset objects unloaded after import = 0
========================================================================
Received Import Request.
  Time of request: 2026-09-01T06:04:46.118485Z
  Time since last request: 0.000594208 seconds.
  importAddress: GUID: 3ff8e099033239542a4d9e3d3b4d21ab - Path: Packages/com.unity.xr.management/Tests/TestPackage - Importer: ScriptedImporter/UnityEditor.QuickSearchModule:UnityEditor.Search:ASIAI0B
Importing 'GUID: 3ff8e099033239542a4d9e3d3b4d21ab - Path: Packages/com.unity.xr.management/Tests/TestPackage - Importer: ScriptedImporter/UnityEditor.QuickSearchModule:UnityEditor.Search:ASIAI0B' with importer (ScriptedImporter : UnityEditor.QuickSearchModule:UnityEditor.Search:ASIAI0B)
Imported 'GUID: 3ff8e099033239542a4d9e3d3b4d21ab' -> (Import Result ID: '43a4c76e09d4bcdd3e0d3e7eb55552b3') in 0.002 seconds [static and dynamic dependencies]. Details - ImportResultOutputID=c54aa65046d961cd0f87043dc0e56817 DependenciesID=8c447318c7fd4da3974c7c7c8094e6e6 StaticDependenciesID=2cbf004de2acb516111f3b253232f1e5 
Number of updated asset objects reloaded before import = 0
Number of asset objects unloaded after import = 1
========================================================================
Received Import Request.
  Time of request: 2026-09-01T06:04:46.121202Z
  Time since last request: 0.000620208 seconds.
  importAddress: GUID: 2347e1b1823e47c08eff7191fda9e354 - Path: Packages/com.unity.xr.core-utils/Runtime/Bindings/EventBinding.cs - Importer: ScriptedImporter/UnityEditor.QuickSearchModule:UnityEditor.Search:ASIAI0B
Importing 'GUID: 2347e1b1823e47c08eff7191fda9e354 - Path: Packages/com.unity.xr.core-utils/Runtime/Bindings/EventBinding.cs - Importer: ScriptedImporter/UnityEditor.QuickSearchModule:UnityEditor.Search:ASIAI0B' with importer (ScriptedImporter : UnityEditor.QuickSearchModule:UnityEditor.Search:ASIAI0B)
Imported 'GUID: 2347e1b1823e47c08eff7191fda9e354' -> (Import Result ID: 'acac5c16ca12a6840103cbf11f9244b7') in 0.001 seconds [static and dynamic dependencies]. Details - ImportResultOutputID=11c22b9a46f69bc10a0417bbe8e9e9f7 DependenciesID=020ffe8e45038851fd316c5488e18b36 StaticDependenciesID=5382c7f11ea5a27ef4e1ea8d1d2791b1 
Number of updated asset objects reloaded before import = 0
Number of asset objects unloaded after import = 0
========================================================================
Received Import Request.
  Time of request: 2026-09-01T06:04:46.123482Z
  Time since last request: 0.000631042 seconds.
  importAddress: GUID: 3b34a109dca7f438ba5b953052547fa0 - Path: Packages/com.unity.xr.core-utils/Editor - Importer: ScriptedImporter/UnityEditor.QuickSearchModule:UnityEditor.Search:ASIAI0B
Importing 'GUID: 3b34a109dca7f438ba5b953052547fa0 - Path: Packages/com.unity.xr.core-utils/Editor - Importer: ScriptedImporter/UnityEditor.QuickSearchModule:UnityEditor.Search:ASIAI0B' with importer (ScriptedImporter : UnityEditor.QuickSearchModule:UnityEditor.Search:ASIAI0B)
Imported 'GUID: 3b34a109dca7f438ba5b953052547fa0' -> (Import Result ID: '5d94e7b630b6b62cd7e4a3b67d2361a7') in 0.001 seconds [static and dynamic dependencies]. Details - ImportResultOutputID=404c260d420bb45cf10a0e75f950185e DependenciesID=712902c6215f96b12d5881162e9e927b StaticDependenciesID=e2cf9937a9887f0660f9c9fe15f8c4e0 
Number of updated asset objects reloaded before import = 0
Number of asset objects unloaded after import = 1
========================================================================
Received Import Request.
  Time of request: 2026-09-01T06:04:46.125791Z
  Time since last request: 0.00078225 seconds.
  importAddress: GUID: 174dd372073128d46a2d10d2daaf414f - Path: Packages/com.unity.xr.management/Tests/TestTooling/Unity.XR.TestSupport.asmdef - Importer: ScriptedImporter/UnityEditor.QuickSearchModule:UnityEditor.Search:ASIAI0B
Importing 'GUID: 174dd372073128d46a2d10d2daaf414f - Path: Packages/com.unity.xr.management/Tests/TestTooling/Unity.XR.TestSupport.asmdef - Importer: ScriptedImporter/UnityEditor.QuickSearchModule:UnityEditor.Search:ASIAI0B' with importer (ScriptedImporter : UnityEditor.QuickSearchModule:UnityEditor.Search:ASIAI0B)
Imported 'GUID: 174dd372073128d46a2d10d2daaf414f' -> (Import Result ID: 'c0a6329e87b07895a28c10ae29acf731') in 0.002 seconds [static and dynamic dependencies]. Details - ImportResultOutputID=1ef6b3661e493d85b2cc1223d94ca0b4 DependenciesID=d4971e0adfd393a8e339f8937f5ddd70 StaticDependenciesID=075499b44c3a2431f4ff5309f8af0db6 
Number of updated asset objects reloaded before import = 0
Number of asset objects unloaded after import = 1
========================================================================
Received Import Request.
  Time of request: 2026-09-01T06:04:46.12829Z
  Time since last request: 0.000423584 seconds.
  importAddress: GUID: b054e4ef38291b542aed12bfba2ddf07 - Path: Packages/com.unity.xr.core-utils/Runtime/CapabilityProfile/Dictionary/CapabilityDictionary.cs - Importer: ScriptedImporter/UnityEditor.QuickSearchModule:UnityEditor.Search:ASIAI0B
Importing 'GUID: b054e4ef38291b542aed12bfba2ddf07 - Path: Packages/com.unity.xr.core-utils/Runtime/CapabilityProfile/Dictionary/CapabilityDictionary.cs - Importer: ScriptedImporter/UnityEditor.QuickSearchModule:UnityEditor.Search:ASIAI0B' with importer (ScriptedImporter : UnityEditor.QuickSearchModule:UnityEditor.Search:ASIAI0B)
Imported 'GUID: b054e4ef38291b542aed12bfba2ddf07' -> (Import Result ID: 'c5c99762da9db397b9b1742511ee34ba') in 0.001 seconds [static and dynamic dependencies]. Details - ImportResultOutputID=dc26fa2ff66e4fa4d5c739a70c2ccc9a DependenciesID=6b8b1747946b8c5e223706f00fb7b33d StaticDependenciesID=f46160bcdb085607067ac39cbc96ed9b 
Number of updated asset objects reloaded before import = 0
Number of asset objects unloaded after import = 0
========================================================================
Received Import Request.
  Time of request: 2026-09-01T06:04:46.130199Z
  Time since last request: 0.000363709 seconds.
  importAddress: GUID: af3eeb05b5023df4f9a0c43e69c89318 - Path: Packages/com.unity.xr.core-utils/Runtime/CapabilityProfile/CapabilityProfile.cs - Importer: ScriptedImporter/UnityEditor.QuickSearchModule:UnityEditor.Search:ASIAI0B
Importing 'GUID: af3eeb05b5023df4f9a0c43e69c89318 - Path: Packages/com.unity.xr.core-utils/Runtime/CapabilityProfile/CapabilityProfile.cs - Importer: ScriptedImporter/UnityEditor.QuickSearchModule:UnityEditor.Search:ASIAI0B' with importer (ScriptedImporter : UnityEditor.QuickSearchModule:UnityEditor.Search:ASIAI0B)
Imported 'GUID: af3eeb05b5023df4f9a0c43e69c89318' -> (Import Result ID: 'c641d68cbb0d1131758a638ec06d6cb3') in 0.001 seconds [static and dynamic dependencies]. Details - ImportResultOutputID=5aa1d74120ba5a012e0095e6aae071cf DependenciesID=5f2c05485e5802e4ad0f6a395c2f67c4 StaticDependenciesID=6d9027955f52a5f2e7bcf5d0f4685c1f 
Number of updated asset objects reloaded before import = 0
Number of asset objects unloaded after import = 0
========================================================================
Received Import Request.
  Time of request: 2026-09-01T06:04:46.132286Z
  Time since last request: 0.000657666 seconds.
  importAddress: GUID: f054bb8325ac45040b14bf8bd85066f2 - Path: Packages/com.unity.xr.management/Tests/Editor/PackageManagementTests.cs - Importer: ScriptedImporter/UnityEditor.QuickSearchModule:UnityEditor.Search:ASIAI0B
Importing 'GUID: f054bb8325ac45040b14bf8bd85066f2 - Path: Packages/com.unity.xr.management/Tests/Editor/PackageManagementTests.cs - Importer: ScriptedImporter/UnityEditor.QuickSearchModule:UnityEditor.Search:ASIAI0B' with importer (ScriptedImporter : UnityEditor.QuickSearchModule:UnityEditor.Search:ASIAI0B)
Imported 'GUID: f054bb8325ac45040b14bf8bd85066f2' -> (Import Result ID: 'b9720428cc7869917134e852b1c204e0') in 0.002 seconds [static and dynamic dependencies]. Details - ImportResultOutputID=76c8c7fe01abe43731f4a76b8e0cbd54 DependenciesID=763418fa95b37ce3c166a4f38e36aa40 StaticDependenciesID=be044736dc4d28797928ff486b94088e 
Number of updated asset objects reloaded before import = 0
Number of asset objects unloaded after import = 0
========================================================================
Received Import Request.
  Time of request: 2026-09-01T06:04:46.135488Z
  Time since last request: 0.000636291 seconds.
  importAddress: GUID: 8fe979d5973bf424080cd97a9917fb53 - Path: Packages/com.unity.xr.management/Editor/XRCustomLoaderUIManager.cs - Importer: ScriptedImporter/UnityEditor.QuickSearchModule:UnityEditor.Search:ASIAI0B
Importing 'GUID: 8fe979d5973bf424080cd97a9917fb53 - Path: Packages/com.unity.xr.management/Editor/XRCustomLoaderUIManager.cs - Importer: ScriptedImporter/UnityEditor.QuickSearchModule:UnityEditor.Search:ASIAI0B' with importer (ScriptedImporter : UnityEditor.QuickSearchModule:UnityEditor.Search:ASIAI0B)
Imported 'GUID: 8fe979d5973bf424080cd97a9917fb53' -> (Import Result ID: '59ddcba6d12c4402677e435fcec6e839') in 0.001 seconds [static and dynamic dependencies]. Details - ImportResultOutputID=31ab9480f48549538a610eaf99fcbbda DependenciesID=3ae51d57ff8f4850af33c7ad5d85cff1 StaticDependenciesID=9eba111731676666aa04ceffb3c13811 
Number of updated asset objects reloaded before import = 0
Number of asset objects unloaded after import = 0
========================================================================
Received Import Request.
  Time of request: 2026-09-01T06:04:46.137613Z
  Time since last request: 0.000362917 seconds.
  importAddress: GUID: b37f1a0baeea04f6d847fe737e1f6b7b - Path: Packages/com.unity.xr.core-utils/Tests/Editor/XRCoreUtilities/TypeExtensionsTests.cs - Importer: ScriptedImporter/UnityEditor.QuickSearchModule:UnityEditor.Search:ASIAI0B
Importing 'GUID: b37f1a0baeea04f6d847fe737e1f6b7b - Path: Packages/com.unity.xr.core-utils/Tests/Editor/XRCoreUtilities/TypeExtensionsTests.cs - Importer: ScriptedImporter/UnityEditor.QuickSearchModule:UnityEditor.Search:ASIAI0B' with importer (ScriptedImporter : UnityEditor.QuickSearchModule:UnityEditor.Search:ASIAI0B)
Imported 'GUID: b37f1a0baeea04f6d847fe737e1f6b7b' -> (Import Result ID: '65ce7d32fba833fc04e7ca560b01b112') in 0.001 seconds [static and dynamic dependencies]. Details - ImportResultOutputID=b1cca48c448d0e2263fe5ec938438137 DependenciesID=a0ee6cee791cca81f6e90ae59c2f06ff StaticDependenciesID=7247bdfc8080414c497ea5c35e9465eb 
Number of updated asset objects reloaded before import = 0
Number of asset objects unloaded after import = 0
========================================================================
Received Import Request.
  Time of request: 2026-09-01T06:04:46.140739Z
  Time since last request: 0.001549875 seconds.
  importAddress: GUID: 0ed2122ec3d57864e862de5fb40f7eae - Path: Packages/com.unity.xr.legacyinputhelpers/Tests/Runtime/TrackedPoseDriver/UnityEngine.SpatialTracking.Tests.asmdef - Importer: ScriptedImporter/UnityEditor.QuickSearchModule:UnityEditor.Search:ASIAI0B
Importing 'GUID: 0ed2122ec3d57864e862de5fb40f7eae - Path: Packages/com.unity.xr.legacyinputhelpers/Tests/Runtime/TrackedPoseDriver/UnityEngine.SpatialTracking.Tests.asmdef - Importer: ScriptedImporter/UnityEditor.QuickSearchModule:UnityEditor.Search:ASIAI0B' with importer (ScriptedImporter : UnityEditor.QuickSearchModule:UnityEditor.Search:ASIAI0B)
Imported 'GUID: 0ed2122ec3d57864e862de5fb40f7eae' -> (Import Result ID: '6aa0345729f05cec66bcb951111602b0') in 0.002 seconds [static and dynamic dependencies]. Details - ImportResultOutputID=93cc7ac2b0874204e8caaf6da4cb9972 DependenciesID=a8ec3e3f59eae25a7b08ea851d5266d1 StaticDependenciesID=a129f5e8d26e3ad2fd76b7f3200ea60b 
Number of updated asset objects reloaded before import = 0
Number of asset objects unloaded after import = 1
========================================================================
Received Import Request.
  Time of request: 2026-09-01T06:04:46.143561Z
  Time since last request: 0.000392542 seconds.
  importAddress: GUID: fe5c30c1d5f39024cb890d87f6eea1a6 - Path: Packages/com.unity.xr.legacyinputhelpers/Editor/TrackedPoseDriver - Importer: ScriptedImporter/UnityEditor.QuickSearchModule:UnityEditor.Search:ASIAI0B
Importing 'GUID: fe5c30c1d5f39024cb890d87f6eea1a6 - Path: Packages/com.unity.xr.legacyinputhelpers/Editor/TrackedPoseDriver - Importer: ScriptedImporter/UnityEditor.QuickSearchModule:UnityEditor.Search:ASIAI0B' with importer (ScriptedImporter : UnityEditor.QuickSearchModule:UnityEditor.Search:ASIAI0B)
Imported 'GUID: fe5c30c1d5f39024cb890d87f6eea1a6' -> (Import Result ID: 'f20967f904d28c8d5e630217114d2c20') in 0.001 seconds [static and dynamic dependencies]. Details - ImportResultOutputID=0e25bf8aa986c0367107db01170581c5 DependenciesID=d9d051f378f87af71f4382ca43cad632 StaticDependenciesID=dc3887f295c9a8505030dfe01a4bca63 
Number of updated asset objects reloaded before import = 0
Number of asset objects unloaded after import = 1
========================================================================
Received Import Request.
  Time of request: 2026-09-01T06:04:46.145826Z
  Time since last request: 0.000648333 seconds.
  importAddress: GUID: 512b5ce46e6094261b398793e1efd1ff - Path: Packages/com.unity.xr.core-utils/Tests/Runtime/Scripts - Importer: ScriptedImporter/UnityEditor.QuickSearchModule:UnityEditor.Search:ASIAI0B
Importing 'GUID: 512b5ce46e6094261b398793e1efd1ff - Path: Packages/com.unity.xr.core-utils/Tests/Runtime/Scripts - Importer: ScriptedImporter/UnityEditor.QuickSearchModule:UnityEditor.Search:ASIAI0B' with importer (ScriptedImporter : UnityEditor.QuickSearchModule:UnityEditor.Search:ASIAI0B)
Imported 'GUID: 512b5ce46e6094261b398793e1efd1ff' -> (Import Result ID: '4eca89f1ab1c03ee1221a25e29613f0d') in 0.001 seconds [static and dynamic dependencies]. Details - ImportResultOutputID=aadd62fa195cd692e9ddf3b296760dfb DependenciesID=f87ffd831f2f972b7c3a94f55c2e5369 StaticDependenciesID=436fd48d77ac8cf7e464ecf2f4cd5d51 
Number of updated asset objects reloaded before import = 0
Number of asset objects unloaded after import = 1
========================================================================
Received Import Request.
  Time of request: 2026-09-01T06:04:46.147509Z
  Time since last request: 0.000431333 seconds.
  importAddress: GUID: fdb486bdadc974172af71a77878d57c7 - Path: Packages/com.unity.xr.core-utils/Runtime/TextureUtils.cs - Importer: ScriptedImporter/UnityEditor.QuickSearchModule:UnityEditor.Search:ASIAI0B
Importing 'GUID: fdb486bdadc974172af71a77878d57c7 - Path: Packages/com.unity.xr.core-utils/Runtime/TextureUtils.cs - Importer: ScriptedImporter/UnityEditor.QuickSearchModule:UnityEditor.Search:ASIAI0B' with importer (ScriptedImporter : UnityEditor.QuickSearchModule:UnityEditor.Search:ASIAI0B)
Imported 'GUID: fdb486bdadc974172af71a77878d57c7' -> (Import Result ID: 'b3d53cb7058adbf4a5912dc8dd897334') in 0.001 seconds [static and dynamic dependencies]. Details - ImportResultOutputID=ce5181fe9fbb2c01bc5fa08c88e31b4a DependenciesID=f4d064eb1672fecf4fb4b455d2af5191 StaticDependenciesID=8d52f89051bb01dd0c9e42bba70514ed 
Number of updated asset objects reloaded before import = 0
Number of asset objects unloaded after import = 0
========================================================================
Received Import Request.
  Time of request: 2026-09-01T06:04:46.150025Z
  Time since last request: 0.000708583 seconds.
  importAddress: GUID: 9e7ca530b84ee45eeb6a93e76c89135c - Path: Packages/com.unity.xr.core-utils/Runtime/Extensions/CameraExtensions.cs - Importer: ScriptedImporter/UnityEditor.QuickSearchModule:UnityEditor.Search:ASIAI0B
Importing 'GUID: 9e7ca530b84ee45eeb6a93e76c89135c - Path: Packages/com.unity.xr.core-utils/Runtime/Extensions/CameraExtensions.cs - Importer: ScriptedImporter/UnityEditor.QuickSearchModule:UnityEditor.Search:ASIAI0B' with importer (ScriptedImporter : UnityEditor.QuickSearchModule:UnityEditor.Search:ASIAI0B)
Imported 'GUID: 9e7ca530b84ee45eeb6a93e76c89135c' -> (Import Result ID: '98c93c5f5393eaa5b22710d49d56e6a4') in 0.002 seconds [static and dynamic dependencies]. Details - ImportResultOutputID=33c775717516858f5518bd55f24196ab DependenciesID=e281c110537bd0930a84da7126c256c4 StaticDependenciesID=f99db47a5849a69aec86ab5c2049ab5f 
Number of updated asset objects reloaded before import = 0
Number of asset objects unloaded after import = 0
========================================================================
Received Import Request.
  Time of request: 2026-09-01T06:04:46.15277Z
  Time since last request: 0.000580375 seconds.
  importAddress: GUID: c0a94b5e5b3401d40984b1aff6cb2e14 - Path: Packages/com.unity.xr.core-utils/Editor/Datums/IntDatumPropertyDrawer.cs - Importer: ScriptedImporter/UnityEditor.QuickSearchModule:UnityEditor.Search:ASIAI0B
Importing 'GUID: c0a94b5e5b3401d40984b1aff6cb2e14 - Path: Packages/com.unity.xr.core-utils/Editor/Datums/IntDatumPropertyDrawer.cs - Importer: ScriptedImporter/UnityEditor.QuickSearchModule:UnityEditor.Search:ASIAI0B' with importer (ScriptedImporter : UnityEditor.QuickSearchModule:UnityEditor.Search:ASIAI0B)
Imported 'GUID: c0a94b5e5b3401d40984b1aff6cb2e14' -> (Import Result ID: '03fb9e16056fe969233ca0f36207fd98') in 0.001 seconds [static and dynamic dependencies]. Details - ImportResultOutputID=5cade4283b40682532865b7cd16d2361 DependenciesID=a99aaf751e37ac21e16a95558e7971a9 StaticDependenciesID=bc8fd9cf8a1a96ff2a6756bc3a8fcf1c 
Number of updated asset objects reloaded before import = 0
Number of asset objects unloaded after import = 0
========================================================================
Received Import Request.
  Time of request: 2026-09-01T06:04:46.154653Z
  Time since last request: 0.0003875 seconds.
  importAddress: GUID: dc960734dc080426fa6612f1c5fe95f3 - Path: Packages/com.unity.xr.core-utils/Runtime/Unity.XR.CoreUtils.asmdef - Importer: ScriptedImporter/UnityEditor.QuickSearchModule:UnityEditor.Search:ASIAI0B
Importing 'GUID: dc960734dc080426fa6612f1c5fe95f3 - Path: Packages/com.unity.xr.core-utils/Runtime/Unity.XR.CoreUtils.asmdef - Importer: ScriptedImporter/UnityEditor.QuickSearchModule:UnityEditor.Search:ASIAI0B' with importer (ScriptedImporter : UnityEditor.QuickSearchModule:UnityEditor.Search:ASIAI0B)
Imported 'GUID: dc960734dc080426fa6612f1c5fe95f3' -> (Import Result ID: '079c3a61c027536847db906b68c6dfa3') in 0.001 seconds [static and dynamic dependencies]. Details - ImportResultOutputID=8bf4952fbab02995356c85e7e40b9aea DependenciesID=68420e4afa1292bf21d6bdbd909f4f91 StaticDependenciesID=b0b4e526651e0fb9c6765da4084b1322 
Number of updated asset objects reloaded before import = 0
Number of asset objects unloaded after import = 1
========================================================================
Received Import Request.
  Time of request: 2026-09-01T06:04:46.156918Z
  Time since last request: 0.000471 seconds.
  importAddress: GUID: 902f21a0d518a402d89f7bb511532e2f - Path: Packages/com.unity.xr.core-utils/Runtime/Extensions/BoundsExtensions.cs - Importer: ScriptedImporter/UnityEditor.QuickSearchModule:UnityEditor.Search:ASIAI0B
Importing 'GUID: 902f21a0d518a402d89f7bb511532e2f - Path: Packages/com.unity.xr.core-utils/Runtime/Extensions/BoundsExtensions.cs - Importer: ScriptedImporter/UnityEditor.QuickSearchModule:UnityEditor.Search:ASIAI0B' with importer (ScriptedImporter : UnityEditor.QuickSearchModule:UnityEditor.Search:ASIAI0B)
Imported 'GUID: 902f21a0d518a402d89f7bb511532e2f' -> (Import Result ID: 'a8b98c9a3f9a37611c8ba425cb807967') in 0.001 seconds [static and dynamic dependencies]. Details - ImportResultOutputID=c431e3bbc89d7c3789c39aabdebf8373 DependenciesID=1e1831d036e5e83645a9f9192d3da484 StaticDependenciesID=29bcfb62b8e761f0b1e5a3cedc68a5d6 
Number of updated asset objects reloaded before import = 0
Number of asset objects unloaded after import = 0
========================================================================
Received Import Request.
  Time of request: 2026-09-01T06:04:46.158965Z
  Time since last request: 0.00042925 seconds.
  importAddress: GUID: f2052235d412b9845bcb42de2b6ec306 - Path: Packages/com.unity.xr.management/Editor/XRGeneralSettingsUpgrade.cs - Importer: ScriptedImporter/UnityEditor.QuickSearchModule:UnityEditor.Search:ASIAI0B
Importing 'GUID: f2052235d412b9845bcb42de2b6ec306 - Path: Packages/com.unity.xr.management/Editor/XRGeneralSettingsUpgrade.cs - Importer: ScriptedImporter/UnityEditor.QuickSearchModule:UnityEditor.Search:ASIAI0B' with importer (ScriptedImporter : UnityEditor.QuickSearchModule:UnityEditor.Search:ASIAI0B)
Imported 'GUID: f2052235d412b9845bcb42de2b6ec306' -> (Import Result ID: '0f9f2c3e48e7527e704beeadebe06915') in 0.001 seconds [static and dynamic dependencies]. Details - ImportResultOutputID=5852bc9a89273f99ce2e5b3e9a8b4a28 DependenciesID=4b2687d60f78fa202cc81e41b2463fef StaticDependenciesID=04d3869634cab77189187bd45130e7d9 
Number of updated asset objects reloaded before import = 0
Number of asset objects unloaded after import = 0
========================================================================
Received Import Request.
  Time of request: 2026-09-01T06:04:46.160488Z
  Time since last request: 0.000284791 seconds.
  importAddress: GUID: 81b4aa850da6b0e47be8180dfdbca4f6 - Path: Packages/com.unity.xr.management/Editor/XRCustomLoaderUI.cs - Importer: ScriptedImporter/UnityEditor.QuickSearchModule:UnityEditor.Search:ASIAI0B
Importing 'GUID: 81b4aa850da6b0e47be8180dfdbca4f6 - Path: Packages/com.unity.xr.management/Editor/XRCustomLoaderUI.cs - Importer: ScriptedImporter/UnityEditor.QuickSearchModule:UnityEditor.Search:ASIAI0B' with importer (ScriptedImporter : UnityEditor.QuickSearchModule:UnityEditor.Search:ASIAI0B)
Imported 'GUID: 81b4aa850da6b0e47be8180dfdbca4f6' -> (Import Result ID: 'c992eb505e19d6004d5e48754a75da36') in 0.001 seconds [static and dynamic dependencies]. Details - ImportResultOutputID=cb0da6e059e36e44cbc0fd5155628bc1 DependenciesID=cbfa106e15548da64f803a68a43750b3 StaticDependenciesID=f685bbe4302631f9672362410e117743 
Number of updated asset objects reloaded before import = 0
Number of asset objects unloaded after import = 0
========================================================================
Received Import Request.
  Time of request: 2026-09-01T06:04:46.162147Z
  Time since last request: 0.000425 seconds.
  importAddress: GUID: 7070354fd57a74c118e1ca1a5be0ddbd - Path: Packages/com.unity.xr.core-utils/Tests - Importer: ScriptedImporter/UnityEditor.QuickSearchModule:UnityEditor.Search:ASIAI0B
Importing 'GUID: 7070354fd57a74c118e1ca1a5be0ddbd - Path: Packages/com.unity.xr.core-utils/Tests - Importer: ScriptedImporter/UnityEditor.QuickSearchModule:UnityEditor.Search:ASIAI0B' with importer (ScriptedImporter : UnityEditor.QuickSearchModule:UnityEditor.Search:ASIAI0B)
Imported 'GUID: 7070354fd57a74c118e1ca1a5be0ddbd' -> (Import Result ID: '83d45e9057b1c0e019110d97770df621') in 0.001 seconds [static and dynamic dependencies]. Details - ImportResultOutputID=57124ec29399549038669b7eb0739e7a DependenciesID=f521a781899dce2e23e4a41a9044da41 StaticDependenciesID=1f34d5b0db8a737b57d990e43cc295c3 
Number of updated asset objects reloaded before import = 0
Number of asset objects unloaded after import = 1
========================================================================
Received Import Request.
  Time of request: 2026-09-01T06:04:46.163812Z
  Time since last request: 0.000387542 seconds.
  importAddress: GUID: c270717213d3f48f59cfd8b720bedecf - Path: Packages/com.unity.xr.core-utils/Runtime/GUI - Importer: ScriptedImporter/UnityEditor.QuickSearchModule:UnityEditor.Search:ASIAI0B
Importing 'GUID: c270717213d3f48f59cfd8b720bedecf - Path: Packages/com.unity.xr.core-utils/Runtime/GUI - Importer: ScriptedImporter/UnityEditor.QuickSearchModule:UnityEditor.Search:ASIAI0B' with importer (ScriptedImporter : UnityEditor.QuickSearchModule:UnityEditor.Search:ASIAI0B)
Imported 'GUID: c270717213d3f48f59cfd8b720bedecf' -> (Import Result ID: '80180e65e2a7dd3256e7e979915dfe4f') in 0.001 seconds [static and dynamic dependencies]. Details - ImportResultOutputID=33345a1e953d244d1f977ea803f02907 DependenciesID=622815cc976f9660e0b86f8ff474ec1e StaticDependenciesID=d198f258f2c1e89d1bf356b666c98638 
Number of updated asset objects reloaded before import = 0
Number of asset objects unloaded after import = 1
========================================================================
Received Import Request.
  Time of request: 2026-09-01T06:04:46.165818Z
  Time since last request: 0.000659417 seconds.
  importAddress: GUID: 5214b96c71282412dbc95a42b13d6226 - Path: Packages/com.unity.xr.core-utils/Editor/GUI/FlagsPropertyDrawer.cs - Importer: ScriptedImporter/UnityEditor.QuickSearchModule:UnityEditor.Search:ASIAI0B
Importing 'GUID: 5214b96c71282412dbc95a42b13d6226 - Path: Packages/com.unity.xr.core-utils/Editor/GUI/FlagsPropertyDrawer.cs - Importer: ScriptedImporter/UnityEditor.QuickSearchModule:UnityEditor.Search:ASIAI0B' with importer (ScriptedImporter : UnityEditor.QuickSearchModule:UnityEditor.Search:ASIAI0B)
Imported 'GUID: 5214b96c71282412dbc95a42b13d6226' -> (Import Result ID: 'e9a031426fa867b745f5e475a2bb6763') in 0.002 seconds [static and dynamic dependencies]. Details - ImportResultOutputID=791de27598a0932afa4bf45a39293be9 DependenciesID=e6d97a83f7b532e9973a489d246d32a3 StaticDependenciesID=ba0d8f7e9ff63b170548237d4c2a06a1 
Number of updated asset objects reloaded before import = 0
Number of asset objects unloaded after import = 0
========================================================================
Received Import Request.
  Time of request: 2026-09-01T06:04:46.169095Z
  Time since last request: 0.000899417 seconds.
  importAddress: GUID: baf06bf299ee548a2a569f8ba13c9bcd - Path: Packages/com.unity.xr.core-utils/Runtime/Attributes/ScriptableSettingsPathAttribute.cs - Importer: ScriptedImporter/UnityEditor.QuickSearchModule:UnityEditor.Search:ASIAI0B
Importing 'GUID: baf06bf299ee548a2a569f8ba13c9bcd - Path: Packages/com.unity.xr.core-utils/Runtime/Attributes/ScriptableSettingsPathAttribute.cs - Importer: ScriptedImporter/UnityEditor.QuickSearchModule:UnityEditor.Search:ASIAI0B' with importer (ScriptedImporter : UnityEditor.QuickSearchModule:UnityEditor.Search:ASIAI0B)
Imported 'GUID: baf06bf299ee548a2a569f8ba13c9bcd' -> (Import Result ID: 'd95d9b2e66cbd4804d0b3864a88dea85') in 0.001 seconds [static and dynamic dependencies]. Details - ImportResultOutputID=da031bcf97f14730a52d589aa08e5540 DependenciesID=f25174d508a763ae506abb2f8c298bf5 StaticDependenciesID=2a0c6af80b6b892e34fb1fd0eaaf3b38 
Number of updated asset objects reloaded before import = 0
Number of asset objects unloaded after import = 0
========================================================================
Received Import Request.
  Time of request: 2026-09-01T06:04:46.171484Z
  Time since last request: 0.0005535 seconds.
  importAddress: GUID: 673fc24707a94c16b0680813a80b298a - Path: Packages/com.unity.xr.core-utils/Runtime/Bindings - Importer: ScriptedImporter/UnityEditor.QuickSearchModule:UnityEditor.Search:ASIAI0B
Importing 'GUID: 673fc24707a94c16b0680813a80b298a - Path: Packages/com.unity.xr.core-utils/Runtime/Bindings - Importer: ScriptedImporter/UnityEditor.QuickSearchModule:UnityEditor.Search:ASIAI0B' with importer (ScriptedImporter : UnityEditor.QuickSearchModule:UnityEditor.Search:ASIAI0B)
Imported 'GUID: 673fc24707a94c16b0680813a80b298a' -> (Import Result ID: '42ee4c2c0a4e33447bbefce4d070b3a5') in 0.001 seconds [static and dynamic dependencies]. Details - ImportResultOutputID=ab83069af34113052d1b861669b35a57 DependenciesID=68e70c3fab267e2e681c921488635e84 StaticDependenciesID=7104e22852832286152dfbee9e59da9c 
Number of updated asset objects reloaded before import = 0
Number of asset objects unloaded after import = 1
========================================================================
Received Import Request.
  Time of request: 2026-09-01T06:04:46.173509Z
  Time since last request: 0.00036025 seconds.
  importAddress: GUID: 52c867deb3832554c84dc4202bd47258 - Path: Packages/com.unity.xr.legacyinputhelpers/Editor/UnityEditor.XR.LegacyInputHelpers.asmdef - Importer: ScriptedImporter/UnityEditor.QuickSearchModule:UnityEditor.Search:ASIAI0B
Importing 'GUID: 52c867deb3832554c84dc4202bd47258 - Path: Packages/com.unity.xr.legacyinputhelpers/Editor/UnityEditor.XR.LegacyInputHelpers.asmdef - Importer: ScriptedImporter/UnityEditor.QuickSearchModule:UnityEditor.Search:ASIAI0B' with importer (ScriptedImporter : UnityEditor.QuickSearchModule:UnityEditor.Search:ASIAI0B)
Imported 'GUID: 52c867deb3832554c84dc4202bd47258' -> (Import Result ID: 'fdbd448c214d68fa934725b55d4880d7') in 0.001 seconds [static and dynamic dependencies]. Details - ImportResultOutputID=f113b1ab0f13bdfda1cad132eb01eb8c DependenciesID=b7a6277eb1c58305caaab040d6b64a66 StaticDependenciesID=df486f0c8874c7eedfbb0a154c1abe31 
Number of updated asset objects reloaded before import = 0
Number of asset objects unloaded after import = 1
========================================================================
Received Import Request.
  Time of request: 2026-09-01T06:04:46.175805Z
  Time since last request: 0.00043525 seconds.
  importAddress: GUID: 0a2131d7629b4e90b187ef2249434178 - Path: Packages/com.unity.xr.core-utils/Runtime/Bindings/Variables - Importer: ScriptedImporter/UnityEditor.QuickSearchModule:UnityEditor.Search:ASIAI0B
Importing 'GUID: 0a2131d7629b4e90b187ef2249434178 - Path: Packages/com.unity.xr.core-utils/Runtime/Bindings/Variables - Importer: ScriptedImporter/UnityEditor.QuickSearchModule:UnityEditor.Search:ASIAI0B' with importer (ScriptedImporter : UnityEditor.QuickSearchModule:UnityEditor.Search:ASIAI0B)
Imported 'GUID: 0a2131d7629b4e90b187ef2249434178' -> (Import Result ID: '294a6fe5b1240460ed76a68a63bda0c4') in 0.001 seconds [static and dynamic dependencies]. Details - ImportResultOutputID=ed0f4b1a1f3a74a7a847a54ac71b7436 DependenciesID=c38fd7b342326a681e0243aff3f478f8 StaticDependenciesID=c20bb88a56dfcc7002853e182b6a171c 
Number of updated asset objects reloaded before import = 0
Number of asset objects unloaded after import = 1
========================================================================
Received Import Request.
  Time of request: 2026-09-01T06:04:46.177586Z
  Time since last request: 0.000394625 seconds.
  importAddress: GUID: 5e9f162077efb1f47999f145871d9097 - Path: Packages/com.unity.xr.core-utils/Runtime/CapabilityProfile/Dictionary - Importer: ScriptedImporter/UnityEditor.QuickSearchModule:UnityEditor.Search:ASIAI0B
Importing 'GUID: 5e9f162077efb1f47999f145871d9097 - Path: Packages/com.unity.xr.core-utils/Runtime/CapabilityProfile/Dictionary - Importer: ScriptedImporter/UnityEditor.QuickSearchModule:UnityEditor.Search:ASIAI0B' with importer (ScriptedImporter : UnityEditor.QuickSearchModule:UnityEditor.Search:ASIAI0B)
Imported 'GUID: 5e9f162077efb1f47999f145871d9097' -> (Import Result ID: '7970eaca4d0f54f3ae7c666a5da07baf') in 0.001 seconds [static and dynamic dependencies]. Details - ImportResultOutputID=d6dc5b734f223a897bc983beb4402e1b DependenciesID=f90ed5900fa4ec99a5278a0a35d05975 StaticDependenciesID=be2261c3c19cedf8399d1a7b6bbe0eaa 
Number of updated asset objects reloaded before import = 0
Number of asset objects unloaded after import = 1
========================================================================
Received Import Request.
  Time of request: 2026-09-01T06:04:46.179427Z
  Time since last request: 0.000330875 seconds.
  importAddress: GUID: 3091c54c6bc1d4d5f84fef874bd22c5a - Path: Packages/com.unity.xr.core-utils/Runtime/ARTrackablesParentTransformChangedEventArgs.cs - Importer: ScriptedImporter/UnityEditor.QuickSearchModule:UnityEditor.Search:ASIAI0B
Importing 'GUID: 3091c54c6bc1d4d5f84fef874bd22c5a - Path: Packages/com.unity.xr.core-utils/Runtime/ARTrackablesParentTransformChangedEventArgs.cs - Importer: ScriptedImporter/UnityEditor.QuickSearchModule:UnityEditor.Search:ASIAI0B' with importer (ScriptedImporter : UnityEditor.QuickSearchModule:UnityEditor.Search:ASIAI0B)
Imported 'GUID: 3091c54c6bc1d4d5f84fef874bd22c5a' -> (Import Result ID: 'deeb119373c6eb19bfbd2a2555c372d7') in 0.001 seconds [static and dynamic dependencies]. Details - ImportResultOutputID=b97324c3376ffc54629adec1a1cfe98c DependenciesID=cb847ede20ff65408faab7503dce8b46 StaticDependenciesID=3bf40c42aab3d9b3aa9517f5a8ff426d 
Number of updated asset objects reloaded before import = 0
Number of asset objects unloaded after import = 0
========================================================================
Received Import Request.
  Time of request: 2026-09-01T06:04:46.181266Z
  Time since last request: 0.000412167 seconds.
  importAddress: GUID: f5020ebb9f8898c40a3b02af96a06b0a - Path: Packages/com.unity.xr.management/Tests/Runtime/RuntimeLoaderTests.cs - Importer: ScriptedImporter/UnityEditor.QuickSearchModule:UnityEditor.Search:ASIAI0B
Importing 'GUID: f5020ebb9f8898c40a3b02af96a06b0a - Path: Packages/com.unity.xr.management/Tests/Runtime/RuntimeLoaderTests.cs - Importer: ScriptedImporter/UnityEditor.QuickSearchModule:UnityEditor.Search:ASIAI0B' with importer (ScriptedImporter : UnityEditor.QuickSearchModule:UnityEditor.Search:ASIAI0B)
Imported 'GUID: f5020ebb9f8898c40a3b02af96a06b0a' -> (Import Result ID: '09e00fb0603e4d51b9504bd5c538e327') in 0.001 seconds [static and dynamic dependencies]. Details - ImportResultOutputID=85bf329ac32b4862be5f920e7e1aa0e3 DependenciesID=d7b33d27f169d76f993c87affd86b33a StaticDependenciesID=d49dbb68889e87960ab652ab25ffb61b 
Number of updated asset objects reloaded before import = 0
Number of asset objects unloaded after import = 0
========================================================================
Received Import Request.
  Time of request: 2026-09-01T06:04:46.183445Z
  Time since last request: 0.000561541 seconds.
  importAddress: GUID: e5ec5f9a418bb4b48b411b4ad9c0d26a - Path: Packages/com.unity.xr.core-utils/Runtime/MathUtility.cs - Importer: ScriptedImporter/UnityEditor.QuickSearchModule:UnityEditor.Search:ASIAI0B
Importing 'GUID: e5ec5f9a418bb4b48b411b4ad9c0d26a - Path: Packages/com.unity.xr.core-utils/Runtime/MathUtility.cs - Importer: ScriptedImporter/UnityEditor.QuickSearchModule:UnityEditor.Search:ASIAI0B' with importer (ScriptedImporter : UnityEditor.QuickSearchModule:UnityEditor.Search:ASIAI0B)
Imported 'GUID: e5ec5f9a418bb4b48b411b4ad9c0d26a' -> (Import Result ID: '18f5d79226c340425caf9d288f5b249c') in 0.001 seconds [static and dynamic dependencies]. Details - ImportResultOutputID=0d06a77e158d6d27427622276325b356 DependenciesID=a4714f147a61d76b8e6650ac27ad502c StaticDependenciesID=3a1627cc0fcbfe2f21dc0340068bc969 
Number of updated asset objects reloaded before import = 0
Number of asset objects unloaded after import = 0
========================================================================
Received Import Request.
  Time of request: 2026-09-01T06:04:46.18554Z
  Time since last request: 0.000690708 seconds.
  importAddress: GUID: d9619e68605d1439eb49319b2d076662 - Path: Packages/com.unity.xr.core-utils/Tests/Runtime/Unity.XR.CoreUtils.Tests.asmdef - Importer: ScriptedImporter/UnityEditor.QuickSearchModule:UnityEditor.Search:ASIAI0B
Importing 'GUID: d9619e68605d1439eb49319b2d076662 - Path: Packages/com.unity.xr.core-utils/Tests/Runtime/Unity.XR.CoreUtils.Tests.asmdef - Importer: ScriptedImporter/UnityEditor.QuickSearchModule:UnityEditor.Search:ASIAI0B' with importer (ScriptedImporter : UnityEditor.QuickSearchModule:UnityEditor.Search:ASIAI0B)
Imported 'GUID: d9619e68605d1439eb49319b2d076662' -> (Import Result ID: '1aeeb5e17347f8e881b3ae6a0bced106') in 0.002 seconds [static and dynamic dependencies]. Details - ImportResultOutputID=352fb3b020457e389f901924063f4ec0 DependenciesID=1217db9c298aa7f7db8c2793fafa47ef StaticDependenciesID=c64f9d6df571b49d97b2e534fcf86a8d 
Number of updated asset objects reloaded before import = 0
Number of asset objects unloaded after import = 1
========================================================================
Received Import Request.
  Time of request: 2026-09-01T06:04:46.188068Z
  Time since last request: 0.000366875 seconds.
  importAddress: GUID: c853c94f681311649b0271cf8533db45 - Path: Packages/com.unity.xr.core-utils/Editor/Analytics/CoreUtilsAnalytics/CoreUtilsAnalytics.cs - Importer: ScriptedImporter/UnityEditor.QuickSearchModule:UnityEditor.Search:ASIAI0B
Importing 'GUID: c853c94f681311649b0271cf8533db45 - Path: Packages/com.unity.xr.core-utils/Editor/Analytics/CoreUtilsAnalytics/CoreUtilsAnalytics.cs - Importer: ScriptedImporter/UnityEditor.QuickSearchModule:UnityEditor.Search:ASIAI0B' with importer (ScriptedImporter : UnityEditor.QuickSearchModule:UnityEditor.Search:ASIAI0B)
Imported 'GUID: c853c94f681311649b0271cf8533db45' -> (Import Result ID: '4caae7b73a8eca5891db75ebaec5b65f') in 0.001 seconds [static and dynamic dependencies]. Details - ImportResultOutputID=076674b5889b84a9253c0b32f80499c2 DependenciesID=9e1a53a49468a307fcb5ff24cbafd8ea StaticDependenciesID=15a1d734f0a28acc6aa053e3fd8908b4 
Number of updated asset objects reloaded before import = 0
Number of asset objects unloaded after import = 0
========================================================================
Received Import Request.
  Time of request: 2026-09-01T06:04:46.190528Z
  Time since last request: 0.000447584 seconds.
  importAddress: GUID: 9e7df4d0693d3c849843e2ab19c172cb - Path: Packages/com.unity.xr.core-utils/Runtime/Datums/Datum.cs - Importer: ScriptedImporter/UnityEditor.QuickSearchModule:UnityEditor.Search:ASIAI0B
Importing 'GUID: 9e7df4d0693d3c849843e2ab19c172cb - Path: Packages/com.unity.xr.core-utils/Runtime/Datums/Datum.cs - Importer: ScriptedImporter/UnityEditor.QuickSearchModule:UnityEditor.Search:ASIAI0B' with importer (ScriptedImporter : UnityEditor.QuickSearchModule:UnityEditor.Search:ASIAI0B)
Imported 'GUID: 9e7df4d0693d3c849843e2ab19c172cb' -> (Import Result ID: '17468e6853c2895e4b6d1c296dd332a4') in 0.001 seconds [static and dynamic dependencies]. Details - ImportResultOutputID=d1d75d587350c17cf9afbc3056620134 DependenciesID=fb7578d4d27b59037344bfec13092dd7 StaticDependenciesID=ec91d48ad3543abb281c36d5a45f4e9c 
Number of updated asset objects reloaded before import = 0
Number of asset objects unloaded after import = 0
========================================================================
Received Import Request.
  Time of request: 2026-09-01T06:04:46.192488Z
  Time since last request: 0.000336375 seconds.
  importAddress: GUID: a4f5a6cbd6c24c82af4b4ea747b76ef4 - Path: Packages/com.unity.xr.core-utils/Tests/Editor/XRCoreUtilities/PackageVersionTests.cs - Importer: ScriptedImporter/UnityEditor.QuickSearchModule:UnityEditor.Search:ASIAI0B
Importing 'GUID: a4f5a6cbd6c24c82af4b4ea747b76ef4 - Path: Packages/com.unity.xr.core-utils/Tests/Editor/XRCoreUtilities/PackageVersionTests.cs - Importer: ScriptedImporter/UnityEditor.QuickSearchModule:UnityEditor.Search:ASIAI0B' with importer (ScriptedImporter : UnityEditor.QuickSearchModule:UnityEditor.Search:ASIAI0B)
Imported 'GUID: a4f5a6cbd6c24c82af4b4ea747b76ef4' -> (Import Result ID: '245ef221b4e0d0fcd8d0a3d8ac2c67ff') in 0.001 seconds [static and dynamic dependencies]. Details - ImportResultOutputID=9aa2d718863af6ebfeca33d45a223f08 DependenciesID=3d845eb9fcd052444ddd5504e0646d6f StaticDependenciesID=b87882236d0375472dfe5c67d12da20f 
Number of updated asset objects reloaded before import = 0
Number of asset objects unloaded after import = 0
========================================================================
Received Import Request.
  Time of request: 2026-09-01T06:04:46.194208Z
  Time since last request: 0.0003895 seconds.
  importAddress: GUID: 10f0a397e079845a386e3374b2cdb655 - Path: Packages/com.unity.xr.core-utils/Editor/GUI - Importer: ScriptedImporter/UnityEditor.QuickSearchModule:UnityEditor.Search:ASIAI0B
Importing 'GUID: 10f0a397e079845a386e3374b2cdb655 - Path: Packages/com.unity.xr.core-utils/Editor/GUI - Importer: ScriptedImporter/UnityEditor.QuickSearchModule:UnityEditor.Search:ASIAI0B' with importer (ScriptedImporter : UnityEditor.QuickSearchModule:UnityEditor.Search:ASIAI0B)
Imported 'GUID: 10f0a397e079845a386e3374b2cdb655' -> (Import Result ID: 'b8c4a3d3ea8ddc1d7cc0b0fc53cb868c') in 0.001 seconds [static and dynamic dependencies]. Details - ImportResultOutputID=8ac3cc32d6aa9fda2003a6c363776b1e DependenciesID=d85c87b8e6a86e5719c056185729f9eb StaticDependenciesID=a3313c6e3f3b72e4ac793610cc1b707e 
Number of updated asset objects reloaded before import = 0
Number of asset objects unloaded after import = 1
========================================================================
Received Import Request.
  Time of request: 2026-09-01T06:04:46.195884Z
  Time since last request: 0.000334916 seconds.
  importAddress: GUID: 4c784d820354d455f9061b21127468b2 - Path: Packages/com.unity.xr.core-utils/Tests/Runtime/Scenes - Importer: ScriptedImporter/UnityEditor.QuickSearchModule:UnityEditor.Search:ASIAI0B
Importing 'GUID: 4c784d820354d455f9061b21127468b2 - Path: Packages/com.unity.xr.core-utils/Tests/Runtime/Scenes - Importer: ScriptedImporter/UnityEditor.QuickSearchModule:UnityEditor.Search:ASIAI0B' with importer (ScriptedImporter : UnityEditor.QuickSearchModule:UnityEditor.Search:ASIAI0B)
Imported 'GUID: 4c784d820354d455f9061b21127468b2' -> (Import Result ID: '51a7dcf6f56497cf856109763e5a7257') in 0.001 seconds [static and dynamic dependencies]. Details - ImportResultOutputID=fa99cf8de7df8d1dcf1a4a6ea432a399 DependenciesID=8e98f076797aac6b8a72263371f64a38 StaticDependenciesID=5899bb1f06dea1e585eb483a4bf48112 
Number of updated asset objects reloaded before import = 0
Number of asset objects unloaded after import = 1
========================================================================
Received Import Request.
  Time of request: 2026-09-01T06:04:46.197534Z
  Time since last request: 0.000454375 seconds.
  importAddress: GUID: b86fcb497e00a403cb7ff203982f7ff3 - Path: Packages/com.unity.xr.core-utils/Runtime/Extensions/QuaternionExtensions.cs - Importer: ScriptedImporter/UnityEditor.QuickSearchModule:UnityEditor.Search:ASIAI0B
Importing 'GUID: b86fcb497e00a403cb7ff203982f7ff3 - Path: Packages/com.unity.xr.core-utils/Runtime/Extensions/QuaternionExtensions.cs - Importer: ScriptedImporter/UnityEditor.QuickSearchModule:UnityEditor.Search:ASIAI0B' with importer (ScriptedImporter : UnityEditor.QuickSearchModule:UnityEditor.Search:ASIAI0B)
Imported 'GUID: b86fcb497e00a403cb7ff203982f7ff3' -> (Import Result ID: '287816fab476690ef88f3ed95294e19b') in 0.001 seconds [static and dynamic dependencies]. Details - ImportResultOutputID=5519d9d32fbb2204716ecdd89b621dd0 DependenciesID=04781085ff15b8f5d452a819c4b0c569 StaticDependenciesID=96260c5e7e76cae8b0b078dad3dc8cff 
Number of updated asset objects reloaded before import = 0
Number of asset objects unloaded after import = 0
========================================================================
Received Import Request.
  Time of request: 2026-09-01T06:04:46.19925Z
  Time since last request: 0.000390292 seconds.
  importAddress: GUID: a01285314f691c540930d22a6a820b09 - Path: Packages/com.unity.xr.management/Editor/XRPackageInitializationSettings.cs - Importer: ScriptedImporter/UnityEditor.QuickSearchModule:UnityEditor.Search:ASIAI0B
Importing 'GUID: a01285314f691c540930d22a6a820b09 - Path: Packages/com.unity.xr.management/Editor/XRPackageInitializationSettings.cs - Importer: ScriptedImporter/UnityEditor.QuickSearchModule:UnityEditor.Search:ASIAI0B' with importer (ScriptedImporter : UnityEditor.QuickSearchModule:UnityEditor.Search:ASIAI0B)
Imported 'GUID: a01285314f691c540930d22a6a820b09' -> (Import Result ID: '6c5ceeb63aa923df6a81968e9f899060') in 0.001 seconds [static and dynamic dependencies]. Details - ImportResultOutputID=8c6c36781722a0cddd7ee70d930793ac DependenciesID=67da8bbbbe4618f98dc0a83a369bb808 StaticDependenciesID=35a23605c7a3aa924c3e1f71e867d74f 
Number of updated asset objects reloaded before import = 0
Number of asset objects unloaded after import = 0
========================================================================
Received Import Request.
  Time of request: 2026-09-01T06:04:46.201027Z
  Time since last request: 0.000325958 seconds.
  importAddress: GUID: ced37f4c4700b454da463e2fb217245e - Path: Packages/com.unity.xr.core-utils/Editor/XROriginEditor.cs - Importer: ScriptedImporter/UnityEditor.QuickSearchModule:UnityEditor.Search:ASIAI0B
Importing 'GUID: ced37f4c4700b454da463e2fb217245e - Path: Packages/com.unity.xr.core-utils/Editor/XROriginEditor.cs - Importer: ScriptedImporter/UnityEditor.QuickSearchModule:UnityEditor.Search:ASIAI0B' with importer (ScriptedImporter : UnityEditor.QuickSearchModule:UnityEditor.Search:ASIAI0B)
Imported 'GUID: ced37f4c4700b454da463e2fb217245e' -> (Import Result ID: 'a41c22e3319fb11b1454b4e34ed3b623') in 0.001 seconds [static and dynamic dependencies]. Details - ImportResultOutputID=73ba619e13cdfef309c9fdfa599dc227 DependenciesID=693f6f0a81e2bc586224f425cc28c943 StaticDependenciesID=32c4e4632d2db5d45f66b915f2d2f8d6 
Number of updated asset objects reloaded before import = 0
Number of asset objects unloaded after import = 0
========================================================================
Received Import Request.
  Time of request: 2026-09-01T06:04:46.203018Z
  Time since last request: 0.000702667 seconds.
  importAddress: GUID: 5e1b36135b33c425a967edf024cf0128 - Path: Packages/com.unity.xr.core-utils/Tests/Runtime/Scripts/TestImage.cs - Importer: ScriptedImporter/UnityEditor.QuickSearchModule:UnityEditor.Search:ASIAI0B
Importing 'GUID: 5e1b36135b33c425a967edf024cf0128 - Path: Packages/com.unity.xr.core-utils/Tests/Runtime/Scripts/TestImage.cs - Importer: ScriptedImporter/UnityEditor.QuickSearchModule:UnityEditor.Search:ASIAI0B' with importer (ScriptedImporter : UnityEditor.QuickSearchModule:UnityEditor.Search:ASIAI0B)
Imported 'GUID: 5e1b36135b33c425a967edf024cf0128' -> (Import Result ID: 'f0a3717b921a262ef4e5e90592c01c92') in 0.001 seconds [static and dynamic dependencies]. Details - ImportResultOutputID=2dc1336d9b24c988f36f2401ec8361bf DependenciesID=ab95fd0fde2fc3646e092771508ba232 StaticDependenciesID=7fb881c67d00594da332b8de49570e94 
Number of updated asset objects reloaded before import = 0
Number of asset objects unloaded after import = 0
========================================================================
Received Import Request.
  Time of request: 2026-09-01T06:04:46.205695Z
  Time since last request: 0.000555083 seconds.
  importAddress: GUID: 2950d57dafc0eed449fa54e88bc8146c - Path: Packages/com.unity.xr.legacyinputhelpers/Runtime/ArmModels/SwingArmModel.cs - Importer: ScriptedImporter/UnityEditor.QuickSearchModule:UnityEditor.Search:ASIAI0B
Importing 'GUID: 2950d57dafc0eed449fa54e88bc8146c - Path: Packages/com.unity.xr.legacyinputhelpers/Runtime/ArmModels/SwingArmModel.cs - Importer: ScriptedImporter/UnityEditor.QuickSearchModule:UnityEditor.Search:ASIAI0B' with importer (ScriptedImporter : UnityEditor.QuickSearchModule:UnityEditor.Search:ASIAI0B)
Imported 'GUID: 2950d57dafc0eed449fa54e88bc8146c' -> (Import Result ID: '7699b406cb5f3d6d44d5e86b92501c20') in 0.002 seconds [static and dynamic dependencies]. Details - ImportResultOutputID=6fb573b75e4599b75f4a6b5f816f229a DependenciesID=0eb0cdc38074e3ce5efe4ee5b1d7386a StaticDependenciesID=2d92e173681e889f3f1ca35f806a10d5 
Number of updated asset objects reloaded before import = 0
Number of asset objects unloaded after import = 0
========================================================================
Received Import Request.
  Time of request: 2026-09-01T06:04:46.208439Z
  Time since last request: 0.000725584 seconds.
  importAddress: GUID: 4d449e9c40fa7439d89b63d0b37ee141 - Path: Packages/com.unity.xr.core-utils/Runtime/Attributes - Importer: ScriptedImporter/UnityEditor.QuickSearchModule:UnityEditor.Search:ASIAI0B
Importing 'GUID: 4d449e9c40fa7439d89b63d0b37ee141 - Path: Packages/com.unity.xr.core-utils/Runtime/Attributes - Importer: ScriptedImporter/UnityEditor.QuickSearchModule:UnityEditor.Search:ASIAI0B' with importer (ScriptedImporter : UnityEditor.QuickSearchModule:UnityEditor.Search:ASIAI0B)
Imported 'GUID: 4d449e9c40fa7439d89b63d0b37ee141' -> (Import Result ID: '984be29dd0ba45781f6d7a26e8ba3798') in 0.002 seconds [static and dynamic dependencies]. Details - ImportResultOutputID=a37d2467e2a7fe4c43a88f95e0d19e9c DependenciesID=5f287227191c0afec2ada3918a21b313 StaticDependenciesID=017446728b4d95390fbb8264dc5ba2a3 
Number of updated asset objects reloaded before import = 0
Number of asset objects unloaded after import = 1
========================================================================
Received Import Request.
  Time of request: 2026-09-01T06:04:46.21137Z
  Time since last request: 0.00037975 seconds.
  importAddress: GUID: 51ae3ecff34f5444c9a3c6ba55b9354d - Path: Packages/com.unity.xr.core-utils/Runtime/Extensions/DictionaryExtensions.cs - Importer: ScriptedImporter/UnityEditor.QuickSearchModule:UnityEditor.Search:ASIAI0B
Importing 'GUID: 51ae3ecff34f5444c9a3c6ba55b9354d - Path: Packages/com.unity.xr.core-utils/Runtime/Extensions/DictionaryExtensions.cs - Importer: ScriptedImporter/UnityEditor.QuickSearchModule:UnityEditor.Search:ASIAI0B' with importer (ScriptedImporter : UnityEditor.QuickSearchModule:UnityEditor.Search:ASIAI0B)
Imported 'GUID: 51ae3ecff34f5444c9a3c6ba55b9354d' -> (Import Result ID: '4b5b442c063463114f4130579933ebcc') in 0.001 seconds [static and dynamic dependencies]. Details - ImportResultOutputID=273793077fc4ccfd7a653f7f803bc272 DependenciesID=4db819d4f14ac5ddd8bc87c3be9681d1 StaticDependenciesID=33d1aeb4151e9d272eb71e617d8ccaa3 
Number of updated asset objects reloaded before import = 0
Number of asset objects unloaded after import = 0
========================================================================
Received Import Request.
  Time of request: 2026-09-01T06:04:46.213098Z
  Time since last request: 0.000304417 seconds.
  importAddress: GUID: 0396fcddcf52f4628b25b5b25d1ed4cd - Path: Packages/com.unity.xr.core-utils/Editor/GUI/ReadOnlyPropertyDrawer.cs - Importer: ScriptedImporter/UnityEditor.QuickSearchModule:UnityEditor.Search:ASIAI0B
Importing 'GUID: 0396fcddcf52f4628b25b5b25d1ed4cd - Path: Packages/com.unity.xr.core-utils/Editor/GUI/ReadOnlyPropertyDrawer.cs - Importer: ScriptedImporter/UnityEditor.QuickSearchModule:UnityEditor.Search:ASIAI0B' with importer (ScriptedImporter : UnityEditor.QuickSearchModule:UnityEditor.Search:ASIAI0B)
Imported 'GUID: 0396fcddcf52f4628b25b5b25d1ed4cd' -> (Import Result ID: 'ab317f2ee2de07e35bf13542268ed200') in 0.001 seconds [static and dynamic dependencies]. Details - ImportResultOutputID=8519905609daad5726ab668c63f5ebea DependenciesID=3c377aa72d3366e95e44f34fa5b4ffc8 StaticDependenciesID=94ade020c2ecc3f25b26ef94ce808d40 
Number of updated asset objects reloaded before import = 0
Number of asset objects unloaded after import = 0
========================================================================
Received Import Request.
  Time of request: 2026-09-01T06:04:46.214875Z
  Time since last request: 0.000475792 seconds.
  importAddress: GUID: 3d53ee15b96134ef5aa193409bc3d4c0 - Path: Packages/com.unity.xr.core-utils/Tests/Editor/CodeSamples/Unity.XR.CoreUtils.CodeSamples.Tests.asmdef - Importer: ScriptedImporter/UnityEditor.QuickSearchModule:UnityEditor.Search:ASIAI0B
Importing 'GUID: 3d53ee15b96134ef5aa193409bc3d4c0 - Path: Packages/com.unity.xr.core-utils/Tests/Editor/CodeSamples/Unity.XR.CoreUtils.CodeSamples.Tests.asmdef - Importer: ScriptedImporter/UnityEditor.QuickSearchModule:UnityEditor.Search:ASIAI0B' with importer (ScriptedImporter : UnityEditor.QuickSearchModule:UnityEditor.Search:ASIAI0B)
Imported 'GUID: 3d53ee15b96134ef5aa193409bc3d4c0' -> (Import Result ID: '2044c2d54b2ed014ed1e0946c4b949ea') in 0.002 seconds [static and dynamic dependencies]. Details - ImportResultOutputID=cf8898bc9b99525a32eb66720ee8109a DependenciesID=983f9f73e4b3ddab067371af6f9bc84c StaticDependenciesID=1f9b5fefd172dc2a077415dc4fe9bd52 
Number of updated asset objects reloaded before import = 0
Number of asset objects unloaded after import = 1
========================================================================
Received Import Request.
  Time of request: 2026-09-01T06:04:46.217743Z
  Time since last request: 0.000580542 seconds.
  importAddress: GUID: ef7880c5c5f2841328a530d7262878cd - Path: Packages/com.unity.xr.core-utils/Editor/EditorScriptableSettings.cs - Importer: ScriptedImporter/UnityEditor.QuickSearchModule:UnityEditor.Search:ASIAI0B
Importing 'GUID: ef7880c5c5f2841328a530d7262878cd - Path: Packages/com.unity.xr.core-utils/Editor/EditorScriptableSettings.cs - Importer: ScriptedImporter/UnityEditor.QuickSearchModule:UnityEditor.Search:ASIAI0B' with importer (ScriptedImporter : UnityEditor.QuickSearchModule:UnityEditor.Search:ASIAI0B)
Imported 'GUID: ef7880c5c5f2841328a530d7262878cd' -> (Import Result ID: '3a7192925dbd83b467ee663085a95c4a') in 0.002 seconds [static and dynamic dependencies]. Details - ImportResultOutputID=42a18350587199376a4e838be19837e0 DependenciesID=3d4567276c0a95eea61925548f1385d4 StaticDependenciesID=c14792d7fcd7ddcc9d97932249b85ce8 
Number of updated asset objects reloaded before import = 0
Number of asset objects unloaded after import = 0
========================================================================
Received Import Request.
  Time of request: 2026-09-01T06:04:46.220065Z
  Time since last request: 0.000361417 seconds.
  importAddress: GUID: b13a1d1dfb13f1b489a0ff5612f36f29 - Path: Packages/com.unity.xr.legacyinputhelpers/Editor/TrackedPoseDriver/UnityEditor.SpatialTracking.asmdef - Importer: ScriptedImporter/UnityEditor.QuickSearchModule:UnityEditor.Search:ASIAI0B
Importing 'GUID: b13a1d1dfb13f1b489a0ff5612f36f29 - Path: Packages/com.unity.xr.legacyinputhelpers/Editor/TrackedPoseDriver/UnityEditor.SpatialTracking.asmdef - Importer: ScriptedImporter/UnityEditor.QuickSearchModule:UnityEditor.Search:ASIAI0B' with importer (ScriptedImporter : UnityEditor.QuickSearchModule:UnityEditor.Search:ASIAI0B)
Imported 'GUID: b13a1d1dfb13f1b489a0ff5612f36f29' -> (Import Result ID: '911d85f88f83af8a09d43bc37af78999') in 0.001 seconds [static and dynamic dependencies]. Details - ImportResultOutputID=02dcbdc9565db7a96371e7a51eeb9f1e DependenciesID=719528ac58365b0d29940ca8b2ed1933 StaticDependenciesID=64f6b324de654c7e35c5f4bb96b46b91 
Number of updated asset objects reloaded before import = 0
Number of asset objects unloaded after import = 1
========================================================================
Received Import Request.
  Time of request: 2026-09-01T06:04:46.222089Z
  Time since last request: 0.00035675 seconds.
  importAddress: GUID: b6932ac5787dd42bb8e93d6d261efe36 - Path: Packages/com.unity.xr.core-utils/Editor/BuildingBlocks/BuildingBlockUtils.cs - Importer: ScriptedImporter/UnityEditor.QuickSearchModule:UnityEditor.Search:ASIAI0B
Importing 'GUID: b6932ac5787dd42bb8e93d6d261efe36 - Path: Packages/com.unity.xr.core-utils/Editor/BuildingBlocks/BuildingBlockUtils.cs - Importer: ScriptedImporter/UnityEditor.QuickSearchModule:UnityEditor.Search:ASIAI0B' with importer (ScriptedImporter : UnityEditor.QuickSearchModule:UnityEditor.Search:ASIAI0B)
Imported 'GUID: b6932ac5787dd42bb8e93d6d261efe36' -> (Import Result ID: 'ce4f29144dc8a8bec1a98485d3952e01') in 0.002 seconds [static and dynamic dependencies]. Details - ImportResultOutputID=691c0940c35606678de4e110b8934c6d DependenciesID=c1c646fbe8108b8eb2a373302e771a81 StaticDependenciesID=804687729db6f1a31e15418257af2985 
Number of updated asset objects reloaded before import = 0
Number of asset objects unloaded after import = 0
========================================================================
Received Import Request.
  Time of request: 2026-09-01T06:04:46.225199Z
  Time since last request: 0.000379458 seconds.
  importAddress: GUID: 98e0dda43eb244fd9830176651582100 - Path: Packages/com.unity.xr.core-utils/Runtime/MaterialUtils.cs - Importer: ScriptedImporter/UnityEditor.QuickSearchModule:UnityEditor.Search:ASIAI0B
Importing 'GUID: 98e0dda43eb244fd9830176651582100 - Path: Packages/com.unity.xr.core-utils/Runtime/MaterialUtils.cs - Importer: ScriptedImporter/UnityEditor.QuickSearchModule:UnityEditor.Search:ASIAI0B' with importer (ScriptedImporter : UnityEditor.QuickSearchModule:UnityEditor.Search:ASIAI0B)
Imported 'GUID: 98e0dda43eb244fd9830176651582100' -> (Import Result ID: '47f4661c49c869d1052154927ce30af1') in 0.001 seconds [static and dynamic dependencies]. Details - ImportResultOutputID=a0903a8c1befb52bc3c420feca01957c DependenciesID=e6667b4b704a790d0f412d0db2763784 StaticDependenciesID=d217ad6bdca9066b1effdb291586960b 
Number of updated asset objects reloaded before import = 0
Number of asset objects unloaded after import = 0
========================================================================
Received Import Request.
  Time of request: 2026-09-01T06:04:46.227021Z
  Time since last request: 0.000278583 seconds.
  importAddress: GUID: b944e5884aa75f549a87606d9950c438 - Path: Packages/com.unity.xr.core-utils/Editor/Datums/FloatDatumPropertyDrawer.cs - Importer: ScriptedImporter/UnityEditor.QuickSearchModule:UnityEditor.Search:ASIAI0B
Importing 'GUID: b944e5884aa75f549a87606d9950c438 - Path: Packages/com.unity.xr.core-utils/Editor/Datums/FloatDatumPropertyDrawer.cs - Importer: ScriptedImporter/UnityEditor.QuickSearchModule:UnityEditor.Search:ASIAI0B' with importer (ScriptedImporter : UnityEditor.QuickSearchModule:UnityEditor.Search:ASIAI0B)
Imported 'GUID: b944e5884aa75f549a87606d9950c438' -> (Import Result ID: 'e956437682d3dae4fb16cb850cdcf541') in 0.001 seconds [static and dynamic dependencies]. Details - ImportResultOutputID=f392f3ac3cafbef81e3fe6fab8c42fdc DependenciesID=bfd9d72475c064a1354708426e8a6fb8 StaticDependenciesID=d6585b6e44b33cd7cf49b519535b77a9 
Number of updated asset objects reloaded before import = 0
Number of asset objects unloaded after import = 0
========================================================================
Received Import Request.
  Time of request: 2026-09-01T06:04:46.228752Z
  Time since last request: 0.000325333 seconds.
  importAddress: GUID: af95304551284402e88c3572cb79adff - Path: Packages/com.unity.xr.core-utils/Tests/Editor/XRCoreUtilities/MaterialUtilsTests.cs - Importer: ScriptedImporter/UnityEditor.QuickSearchModule:UnityEditor.Search:ASIAI0B
Importing 'GUID: af95304551284402e88c3572cb79adff - Path: Packages/com.unity.xr.core-utils/Tests/Editor/XRCoreUtilities/MaterialUtilsTests.cs - Importer: ScriptedImporter/UnityEditor.QuickSearchModule:UnityEditor.Search:ASIAI0B' with importer (ScriptedImporter : UnityEditor.QuickSearchModule:UnityEditor.Search:ASIAI0B)
Imported 'GUID: af95304551284402e88c3572cb79adff' -> (Import Result ID: '5df15665addb241cf2a2e2d9b612fecd') in 0.001 seconds [static and dynamic dependencies]. Details - ImportResultOutputID=3344ee1fe8a167289acfec9651c8fa89 DependenciesID=5c11a513169ddbc2399b963826ee9015 StaticDependenciesID=fd88bd7a29892aafac5aab4a79493616 
Number of updated asset objects reloaded before import = 0
Number of asset objects unloaded after import = 0
========================================================================
Received Import Request.
  Time of request: 2026-09-01T06:04:46.234182Z
  Time since last request: 0.004066875 seconds.
  importAddress: GUID: 03211554c2123f14daed283df080d9e3 - Path: Packages/com.unity.xr.core-utils/Tests/Runtime/Scripts/HashSetListTests.cs - Importer: ScriptedImporter/UnityEditor.QuickSearchModule:UnityEditor.Search:ASIAI0B
Importing 'GUID: 03211554c2123f14daed283df080d9e3 - Path: Packages/com.unity.xr.core-utils/Tests/Runtime/Scripts/HashSetListTests.cs - Importer: ScriptedImporter/UnityEditor.QuickSearchModule:UnityEditor.Search:ASIAI0B' with importer (ScriptedImporter : UnityEditor.QuickSearchModule:UnityEditor.Search:ASIAI0B)
Imported 'GUID: 03211554c2123f14daed283df080d9e3' -> (Import Result ID: '7129a6b1150b7b7dc8c89c59e4a00734') in 0.002 seconds [static and dynamic dependencies]. Details - ImportResultOutputID=08632a9b9f05e0fb732b7ec8d1d5e2d5 DependenciesID=b2e1d46fe883f87abd1d9e9999802cbd StaticDependenciesID=5c7cacd1dd877c9160828448ad8f3f90 
Number of updated asset objects reloaded before import = 0
Number of asset objects unloaded after import = 0
========================================================================
Received Import Request.
  Time of request: 2026-09-01T06:04:46.236817Z
  Time since last request: 0.000521833 seconds.
  importAddress: GUID: 7c10d3b41bac78a469f53bbd88046bdb - Path: Packages/com.unity.xr.management/Tests/StandaloneSubsystem - Importer: ScriptedImporter/UnityEditor.QuickSearchModule:UnityEditor.Search:ASIAI0B
Importing 'GUID: 7c10d3b41bac78a469f53bbd88046bdb - Path: Packages/com.unity.xr.management/Tests/StandaloneSubsystem - Importer: ScriptedImporter/UnityEditor.QuickSearchModule:UnityEditor.Search:ASIAI0B' with importer (ScriptedImporter : UnityEditor.QuickSearchModule:UnityEditor.Search:ASIAI0B)
Imported 'GUID: 7c10d3b41bac78a469f53bbd88046bdb' -> (Import Result ID: 'c07cfd0412b219cab503884b127cf3a2') in 0.001 seconds [static and dynamic dependencies]. Details - ImportResultOutputID=026d977a2b2c0f708b8cb91c1e936d27 DependenciesID=905c3b8f1717f156a36227874b76f6d4 StaticDependenciesID=f8c333f4820049c93b286fd1d25e0aa5 
Number of updated asset objects reloaded before import = 0
Number of asset objects unloaded after import = 1
========================================================================
Received Import Request.
  Time of request: 2026-09-01T06:04:46.238586Z
  Time since last request: 0.00030375 seconds.
  importAddress: GUID: 7bd4bb5117474fa5bce248555c318af2 - Path: Packages/com.unity.xr.core-utils/Runtime/Collections/IReadOnlySet.cs - Importer: ScriptedImporter/UnityEditor.QuickSearchModule:UnityEditor.Search:ASIAI0B
Importing 'GUID: 7bd4bb5117474fa5bce248555c318af2 - Path: Packages/com.unity.xr.core-utils/Runtime/Collections/IReadOnlySet.cs - Importer: ScriptedImporter/UnityEditor.QuickSearchModule:UnityEditor.Search:ASIAI0B' with importer (ScriptedImporter : UnityEditor.QuickSearchModule:UnityEditor.Search:ASIAI0B)
Imported 'GUID: 7bd4bb5117474fa5bce248555c318af2' -> (Import Result ID: '9008b5ddd16af0da9801dc2cb2476e36') in 0.001 seconds [static and dynamic dependencies]. Details - ImportResultOutputID=1b777859757d67b0105d9a81b7565f90 DependenciesID=a47ffd95b98c184f887d1d14cdb81396 StaticDependenciesID=a3143f3f19c67c762687a7cd489d28b3 
Number of updated asset objects reloaded before import = 0
Number of asset objects unloaded after import = 0
========================================================================
Received Import Request.
  Time of request: 2026-09-01T06:04:46.24055Z
  Time since last request: 0.000428292 seconds.
  importAddress: GUID: 3c59c7f9122b542d39513f74f86943b2 - Path: Packages/com.unity.xr.core-utils/Runtime/SerializableGuidUtil.cs - Importer: ScriptedImporter/UnityEditor.QuickSearchModule:UnityEditor.Search:ASIAI0B
Importing 'GUID: 3c59c7f9122b542d39513f74f86943b2 - Path: Packages/com.unity.xr.core-utils/Runtime/SerializableGuidUtil.cs - Importer: ScriptedImporter/UnityEditor.QuickSearchModule:UnityEditor.Search:ASIAI0B' with importer (ScriptedImporter : UnityEditor.QuickSearchModule:UnityEditor.Search:ASIAI0B)
Imported 'GUID: 3c59c7f9122b542d39513f74f86943b2' -> (Import Result ID: 'ee763775995d33c548295fae2a89e2de') in 0.001 seconds [static and dynamic dependencies]. Details - ImportResultOutputID=0b011099105cc51413845820b6e96fba DependenciesID=6d8331bf82fe2298b4d9df6f1d08973f StaticDependenciesID=46a31a899c987dc79b71cdc29f066a06 
Number of updated asset objects reloaded before import = 0
Number of asset objects unloaded after import = 0
========================================================================
Received Import Request.
  Time of request: 2026-09-01T06:04:46.242615Z
  Time since last request: 0.000561209 seconds.
  importAddress: GUID: 2c6a33a196c8460f8670e80691015a1f - Path: Packages/com.unity.xr.core-utils/Runtime/Collections/HashSetList.cs - Importer: ScriptedImporter/UnityEditor.QuickSearchModule:UnityEditor.Search:ASIAI0B
Importing 'GUID: 2c6a33a196c8460f8670e80691015a1f - Path: Packages/com.unity.xr.core-utils/Runtime/Collections/HashSetList.cs - Importer: ScriptedImporter/UnityEditor.QuickSearchModule:UnityEditor.Search:ASIAI0B' with importer (ScriptedImporter : UnityEditor.QuickSearchModule:UnityEditor.Search:ASIAI0B)
Imported 'GUID: 2c6a33a196c8460f8670e80691015a1f' -> (Import Result ID: '1dde2e5290e4c1ca9fa9d95dd469f367') in 0.001 seconds [static and dynamic dependencies]. Details - ImportResultOutputID=23e6193de0d625134bbc2602dc1c2172 DependenciesID=64c83b46c38107ad27111a4a4fa873e4 StaticDependenciesID=16f6f8da43330e51963905fe596490ac 
Number of updated asset objects reloaded before import = 0
Number of asset objects unloaded after import = 0
========================================================================
Received Import Request.
  Time of request: 2026-09-01T06:04:46.244416Z
  Time since last request: 0.000321334 seconds.
  importAddress: GUID: 45e5e12ffcaf7fe4181677c973b8e373 - Path: Packages/com.unity.xr.core-utils/Editor/BuildingBlocks/BuildingBlockOverlay.uss - Importer: ScriptedImporter/UnityEditor.QuickSearchModule:UnityEditor.Search:ASIAI0B
Importing 'GUID: 45e5e12ffcaf7fe4181677c973b8e373 - Path: Packages/com.unity.xr.core-utils/Editor/BuildingBlocks/BuildingBlockOverlay.uss - Importer: ScriptedImporter/UnityEditor.QuickSearchModule:UnityEditor.Search:ASIAI0B' with importer (ScriptedImporter : UnityEditor.QuickSearchModule:UnityEditor.Search:ASIAI0B)
Imported 'GUID: 45e5e12ffcaf7fe4181677c973b8e373' -> (Import Result ID: '79dec08378513f30e939d625bfac83a7') in 0.007 seconds [static and dynamic dependencies]. Details - ImportResultOutputID=d5a2b9d34e8b7a169ee928e29ba9b43c DependenciesID=7ab163ec0cd8a678b571bc1299b0df0c StaticDependenciesID=043743f996908ac59d26acf7ae9a0e17 
Number of updated asset objects reloaded before import = 0
Number of asset objects unloaded after import = 1
========================================================================
Received Import Request.
  Time of request: 2026-09-01T06:04:46.252582Z
  Time since last request: 0.000451666 seconds.
  importAddress: GUID: b1bd9a41ba8a9a840b5ecfef864b9be0 - Path: Packages/com.unity.xr.legacyinputhelpers/Third Party Notices.md - Importer: ScriptedImporter/UnityEditor.QuickSearchModule:UnityEditor.Search:ASIAI0B
Importing 'GUID: b1bd9a41ba8a9a840b5ecfef864b9be0 - Path: Packages/com.unity.xr.legacyinputhelpers/Third Party Notices.md - Importer: ScriptedImporter/UnityEditor.QuickSearchModule:UnityEditor.Search:ASIAI0B' with importer (ScriptedImporter : UnityEditor.QuickSearchModule:UnityEditor.Search:ASIAI0B)
Imported 'GUID: b1bd9a41ba8a9a840b5ecfef864b9be0' -> (Import Result ID: '7799220251ddd1367f0491abbee5da4d') in 0.002 seconds [static and dynamic dependencies]. Details - ImportResultOutputID=52a5cd8ffe5e41d8a58ba31a4ab42bb5 DependenciesID=b28687bd3d3e15212c2de4e6cae7f5fb StaticDependenciesID=13a557755d5a29b3cee2cde566326e67 
Number of updated asset objects reloaded before import = 0
Number of asset objects unloaded after import = 1
========================================================================
Received Import Request.
  Time of request: 2026-09-01T06:04:46.255055Z
  Time since last request: 0.000469875 seconds.
  importAddress: GUID: 5b22507be13dc4c168717c2a2e46ac6e - Path: Packages/com.unity.xr.core-utils/Runtime/Extensions/CollectionExtensions.cs - Importer: ScriptedImporter/UnityEditor.QuickSearchModule:UnityEditor.Search:ASIAI0B
Importing 'GUID: 5b22507be13dc4c168717c2a2e46ac6e - Path: Packages/com.unity.xr.core-utils/Runtime/Extensions/CollectionExtensions.cs - Importer: ScriptedImporter/UnityEditor.QuickSearchModule:UnityEditor.Search:ASIAI0B' with importer (ScriptedImporter : UnityEditor.QuickSearchModule:UnityEditor.Search:ASIAI0B)
Imported 'GUID: 5b22507be13dc4c168717c2a2e46ac6e' -> (Import Result ID: '2ff17a6e8b18a9cdc69843ea079b8e6e') in 0.001 seconds [static and dynamic dependencies]. Details - ImportResultOutputID=a14848e372d08074f93e496f96364e88 DependenciesID=b8dad320014e45a514ec0653cadb6ffe StaticDependenciesID=2a6cdb2912d875dbea0f9a1074b30fe5 
Number of updated asset objects reloaded before import = 0
Number of asset objects unloaded after import = 0
========================================================================
Received Import Request.
  Time of request: 2026-09-01T06:04:46.257328Z
  Time since last request: 0.000610833 seconds.
  importAddress: GUID: 61d17e67f4e2b47498af48d245ce19e9 - Path: Packages/com.unity.xr.core-utils/Editor/Analytics/CoreUtilsAnalytics/ProjectValidationUsageEvent.cs - Importer: ScriptedImporter/UnityEditor.QuickSearchModule:UnityEditor.Search:ASIAI0B
Importing 'GUID: 61d17e67f4e2b47498af48d245ce19e9 - Path: Packages/com.unity.xr.core-utils/Editor/Analytics/CoreUtilsAnalytics/ProjectValidationUsageEvent.cs - Importer: ScriptedImporter/UnityEditor.QuickSearchModule:UnityEditor.Search:ASIAI0B' with importer (ScriptedImporter : UnityEditor.QuickSearchModule:UnityEditor.Search:ASIAI0B)
Imported 'GUID: 61d17e67f4e2b47498af48d245ce19e9' -> (Import Result ID: '038caa3ca25a94556f1879c1851c3cea') in 0.002 seconds [static and dynamic dependencies]. Details - ImportResultOutputID=3c5d2609788145b0c63ff02e5d106333 DependenciesID=64ae8e27d5ff8aa0c6f5ac766c52525f StaticDependenciesID=62aa34197d298b6ab40d294ca7297147 
Number of updated asset objects reloaded before import = 0
Number of asset objects unloaded after import = 0
========================================================================
Received Import Request.
  Time of request: 2026-09-01T06:04:46.260001Z
  Time since last request: 0.000449333 seconds.
  importAddress: GUID: d4a077986e7084c04907c52d6532eeb9 - Path: Packages/com.unity.xr.core-utils/Tests/Runtime/Scripts/PerformanceTestBase.cs - Importer: ScriptedImporter/UnityEditor.QuickSearchModule:UnityEditor.Search:ASIAI0B
Importing 'GUID: d4a077986e7084c04907c52d6532eeb9 - Path: Packages/com.unity.xr.core-utils/Tests/Runtime/Scripts/PerformanceTestBase.cs - Importer: ScriptedImporter/UnityEditor.QuickSearchModule:UnityEditor.Search:ASIAI0B' with importer (ScriptedImporter : UnityEditor.QuickSearchModule:UnityEditor.Search:ASIAI0B)
Imported 'GUID: d4a077986e7084c04907c52d6532eeb9' -> (Import Result ID: '8b0648fb43445261d61588abc8e24351') in 0.002 seconds [static and dynamic dependencies]. Details - ImportResultOutputID=8c8792c3210877650cd9c9b37f07fa8d DependenciesID=3b29c305ef63a450477bcd4310e18ed4 StaticDependenciesID=6c98410222cf5addde562be31811659b 
Number of updated asset objects reloaded before import = 0
Number of asset objects unloaded after import = 0
========================================================================
Received Import Request.
  Time of request: 2026-09-01T06:04:46.262653Z
  Time since last request: 0.000690458 seconds.
  importAddress: GUID: 0a731f4d44d04439bb291bdbaa8cb9fc - Path: Packages/com.unity.xr.management/Tests/Runtime/Unity.XR.Management.Tests.asmdef - Importer: ScriptedImporter/UnityEditor.QuickSearchModule:UnityEditor.Search:ASIAI0B
Importing 'GUID: 0a731f4d44d04439bb291bdbaa8cb9fc - Path: Packages/com.unity.xr.management/Tests/Runtime/Unity.XR.Management.Tests.asmdef - Importer: ScriptedImporter/UnityEditor.QuickSearchModule:UnityEditor.Search:ASIAI0B' with importer (ScriptedImporter : UnityEditor.QuickSearchModule:UnityEditor.Search:ASIAI0B)
Imported 'GUID: 0a731f4d44d04439bb291bdbaa8cb9fc' -> (Import Result ID: 'db1db4a14e71a9016be1b427df3caeac') in 0.002 seconds [static and dynamic dependencies]. Details - ImportResultOutputID=c88aca7fd1cf83767f3020eebb4dd956 DependenciesID=35ceb874e379fcfc36a17632a7af0708 StaticDependenciesID=1ee4a51a4916fee573f1dee244ec50ef 
Number of updated asset objects reloaded before import = 0
Number of asset objects unloaded after import = 1
========================================================================
Received Import Request.
  Time of request: 2026-09-01T06:04:46.26515Z
  Time since last request: 0.000507916 seconds.
  importAddress: GUID: f2ea711be2d6a448c96a11e2f28c469b - Path: Packages/com.unity.xr.core-utils/Runtime/GUI/ScreenGUIUtils.cs - Importer: ScriptedImporter/UnityEditor.QuickSearchModule:UnityEditor.Search:ASIAI0B
Importing 'GUID: f2ea711be2d6a448c96a11e2f28c469b - Path: Packages/com.unity.xr.core-utils/Runtime/GUI/ScreenGUIUtils.cs - Importer: ScriptedImporter/UnityEditor.QuickSearchModule:UnityEditor.Search:ASIAI0B' with importer (ScriptedImporter : UnityEditor.QuickSearchModule:UnityEditor.Search:ASIAI0B)
Imported 'GUID: f2ea711be2d6a448c96a11e2f28c469b' -> (Import Result ID: '77612a389fa1a68913ea51aa0ffe4987') in 0.001 seconds [static and dynamic dependencies]. Details - ImportResultOutputID=f2890e57d059db34668eb88247bf93f5 DependenciesID=70b992d7633a68b525a43da667313c81 StaticDependenciesID=5a08f0410bb705963201229a6deebc70 
Number of updated asset objects reloaded before import = 0
Number of asset objects unloaded after import = 0
========================================================================
Received Import Request.
  Time of request: 2026-09-01T06:04:46.267181Z
  Time since last request: 0.000336417 seconds.
  importAddress: GUID: 3103627535e89f24bba53cdf46fd3c03 - Path: Packages/com.unity.xr.management/Tests/TestPackage/Runtime - Importer: ScriptedImporter/UnityEditor.QuickSearchModule:UnityEditor.Search:ASIAI0B
Importing 'GUID: 3103627535e89f24bba53cdf46fd3c03 - Path: Packages/com.unity.xr.management/Tests/TestPackage/Runtime - Importer: ScriptedImporter/UnityEditor.QuickSearchModule:UnityEditor.Search:ASIAI0B' with importer (ScriptedImporter : UnityEditor.QuickSearchModule:UnityEditor.Search:ASIAI0B)
Imported 'GUID: 3103627535e89f24bba53cdf46fd3c03' -> (Import Result ID: '731419c7910be4605ee27c5b3f9604e4') in 0.001 seconds [static and dynamic dependencies]. Details - ImportResultOutputID=94c63f8175caf2495976eb8349cb8d51 DependenciesID=104cd031ef1312679174f6172148d5be StaticDependenciesID=fd3f732bd416c92dfe6e26f11396b63e 
Number of updated asset objects reloaded before import = 0
Number of asset objects unloaded after import = 1
========================================================================
Received Import Request.
  Time of request: 2026-09-01T06:04:46.269098Z
  Time since last request: 0.000368625 seconds.
  importAddress: GUID: b9305ba4c18ed014ca21b12059ff734a - Path: Packages/com.unity.xr.legacyinputhelpers/Editor/SeedXRInputBindings - Importer: ScriptedImporter/UnityEditor.QuickSearchModule:UnityEditor.Search:ASIAI0B
Importing 'GUID: b9305ba4c18ed014ca21b12059ff734a - Path: Packages/com.unity.xr.legacyinputhelpers/Editor/SeedXRInputBindings - Importer: ScriptedImporter/UnityEditor.QuickSearchModule:UnityEditor.Search:ASIAI0B' with importer (ScriptedImporter : UnityEditor.QuickSearchModule:UnityEditor.Search:ASIAI0B)
Imported 'GUID: b9305ba4c18ed014ca21b12059ff734a' -> (Import Result ID: '0450d7d8365d49e55f19ad6cd693cfc8') in 0.001 seconds [static and dynamic dependencies]. Details - ImportResultOutputID=fea6dd078dbfaf72ca28dc0296ae9e68 DependenciesID=beb2a7c90be6c9b91a297154ba861978 StaticDependenciesID=78608f7292dba15a595a1b3190d1e3df 
Number of updated asset objects reloaded before import = 0
Number of asset objects unloaded after import = 1
========================================================================
Received Import Request.
  Time of request: 2026-09-01T06:04:46.270997Z
  Time since last request: 0.000424625 seconds.
  importAddress: GUID: 76cdf9ab732c34a4dabcb0135fccbd6e - Path: Packages/com.unity.xr.core-utils/Tests/Runtime/Scripts/PointInPolygonPerformanceTest.cs - Importer: ScriptedImporter/UnityEditor.QuickSearchModule:UnityEditor.Search:ASIAI0B
Importing 'GUID: 76cdf9ab732c34a4dabcb0135fccbd6e - Path: Packages/com.unity.xr.core-utils/Tests/Runtime/Scripts/PointInPolygonPerformanceTest.cs - Importer: ScriptedImporter/UnityEditor.QuickSearchModule:UnityEditor.Search:ASIAI0B' with importer (ScriptedImporter : UnityEditor.QuickSearchModule:UnityEditor.Search:ASIAI0B)
Imported 'GUID: 76cdf9ab732c34a4dabcb0135fccbd6e' -> (Import Result ID: '9f80dd9a3057d6934455772e8ce481a3') in 0.001 seconds [static and dynamic dependencies]. Details - ImportResultOutputID=8de14be4d8ba626dce958839803075b0 DependenciesID=a0d9e9355a43b3adaf9a3d44139a9658 StaticDependenciesID=53aebb1c744366e657610f22d41e2512 
Number of updated asset objects reloaded before import = 0
Number of asset objects unloaded after import = 0
========================================================================
Received Import Request.
  Time of request: 2026-09-01T06:04:46.273472Z
  Time since last request: 0.000901417 seconds.
  importAddress: GUID: 38ca4053ebf8da44daa4736081117489 - Path: Packages/com.unity.xr.management/Tests/TestPackage/Editor/TestPackageMetadata.cs - Importer: ScriptedImporter/UnityEditor.QuickSearchModule:UnityEditor.Search:ASIAI0B
Importing 'GUID: 38ca4053ebf8da44daa4736081117489 - Path: Packages/com.unity.xr.management/Tests/TestPackage/Editor/TestPackageMetadata.cs - Importer: ScriptedImporter/UnityEditor.QuickSearchModule:UnityEditor.Search:ASIAI0B' with importer (ScriptedImporter : UnityEditor.QuickSearchModule:UnityEditor.Search:ASIAI0B)
Imported 'GUID: 38ca4053ebf8da44daa4736081117489' -> (Import Result ID: 'd896b38673fe78649a70459a503aa1a5') in 0.001 seconds [static and dynamic dependencies]. Details - ImportResultOutputID=fa784fb560955ec252f622fe76ec4fe8 DependenciesID=093949e7dceed3816408f24094f74eac StaticDependenciesID=cfb1e2ccf6235d6d71d0f18c72bfb19a 
Number of updated asset objects reloaded before import = 0
Number of asset objects unloaded after import = 0
========================================================================
Received Import Request.
  Time of request: 2026-09-01T06:04:46.275776Z
  Time since last request: 0.000588875 seconds.
  importAddress: GUID: 29567b47ec8ab4bee8ade2c315334efc - Path: Packages/com.unity.xr.core-utils/Tests/Editor/XRCoreUtilities/MonoBehaviourExtensionsTests.cs - Importer: ScriptedImporter/UnityEditor.QuickSearchModule:UnityEditor.Search:ASIAI0B
Importing 'GUID: 29567b47ec8ab4bee8ade2c315334efc - Path: Packages/com.unity.xr.core-utils/Tests/Editor/XRCoreUtilities/MonoBehaviourExtensionsTests.cs - Importer: ScriptedImporter/UnityEditor.QuickSearchModule:UnityEditor.Search:ASIAI0B' with importer (ScriptedImporter : UnityEditor.QuickSearchModule:UnityEditor.Search:ASIAI0B)
Imported 'GUID: 29567b47ec8ab4bee8ade2c315334efc' -> (Import Result ID: '9de54e9c43520a7ffc0f14e596e633d5') in 0.001 seconds [static and dynamic dependencies]. Details - ImportResultOutputID=0b417657bec674f7868d40f019537d78 DependenciesID=c08b24d09374f69aa9f2150a857a18d4 StaticDependenciesID=111ce0cf510ef6e37749a74774b0e43b 
Number of updated asset objects reloaded before import = 0
Number of asset objects unloaded after import = 0
========================================================================
Received Import Request.
  Time of request: 2026-09-01T06:04:46.277708Z
  Time since last request: 0.000473416 seconds.
  importAddress: GUID: 4a77633e6daf24a45994d8aae1b52268 - Path: Packages/com.unity.xr.legacyinputhelpers/Runtime/TrackedPoseDriver/AssemblyInfo.cs - Importer: ScriptedImporter/UnityEditor.QuickSearchModule:UnityEditor.Search:ASIAI0B
Importing 'GUID: 4a77633e6daf24a45994d8aae1b52268 - Path: Packages/com.unity.xr.legacyinputhelpers/Runtime/TrackedPoseDriver/AssemblyInfo.cs - Importer: ScriptedImporter/UnityEditor.QuickSearchModule:UnityEditor.Search:ASIAI0B' with importer (ScriptedImporter : UnityEditor.QuickSearchModule:UnityEditor.Search:ASIAI0B)
Imported 'GUID: 4a77633e6daf24a45994d8aae1b52268' -> (Import Result ID: 'edce6c7a421514a1cbbfffd4ea2623a3') in 0.001 seconds [static and dynamic dependencies]. Details - ImportResultOutputID=e7610dc8c3eed35e868cddfed5232bfb DependenciesID=25816f0f98faacc4f0b20d88a837f665 StaticDependenciesID=ff7eea0f210d7316f69e4994b7c8c800 
Number of updated asset objects reloaded before import = 0
Number of asset objects unloaded after import = 0
========================================================================
Received Import Request.
  Time of request: 2026-09-01T06:04:46.279676Z
  Time since last request: 0.00056475 seconds.
  importAddress: GUID: 560173b5d82fe47609630b6772250a14 - Path: Packages/com.unity.xr.core-utils/Runtime/GameObjectUtils.cs - Importer: ScriptedImporter/UnityEditor.QuickSearchModule:UnityEditor.Search:ASIAI0B
Importing 'GUID: 560173b5d82fe47609630b6772250a14 - Path: Packages/com.unity.xr.core-utils/Runtime/GameObjectUtils.cs - Importer: ScriptedImporter/UnityEditor.QuickSearchModule:UnityEditor.Search:ASIAI0B' with importer (ScriptedImporter : UnityEditor.QuickSearchModule:UnityEditor.Search:ASIAI0B)
Imported 'GUID: 560173b5d82fe47609630b6772250a14' -> (Import Result ID: '47f35c78aad1c58639bfeabd2e78031d') in 0.001 seconds [static and dynamic dependencies]. Details - ImportResultOutputID=a7694d2e3dcf8c2a850b0f31d930803a DependenciesID=2ffbf82d232a87c1c4ecd0abeba23a8c StaticDependenciesID=44a0bc78b9605e88f4219b5da618d5ae 
Number of updated asset objects reloaded before import = 0
Number of asset objects unloaded after import = 0
========================================================================
Received Import Request.
  Time of request: 2026-09-01T06:04:46.281605Z
  Time since last request: 0.000323667 seconds.
  importAddress: GUID: 6c0033d55de8fca468f3e4fb9a2a0858 - Path: Packages/com.unity.xr.core-utils/Editor/CapabilityProfile - Importer: ScriptedImporter/UnityEditor.QuickSearchModule:UnityEditor.Search:ASIAI0B
Importing 'GUID: 6c0033d55de8fca468f3e4fb9a2a0858 - Path: Packages/com.unity.xr.core-utils/Editor/CapabilityProfile - Importer: ScriptedImporter/UnityEditor.QuickSearchModule:UnityEditor.Search:ASIAI0B' with importer (ScriptedImporter : UnityEditor.QuickSearchModule:UnityEditor.Search:ASIAI0B)
Imported 'GUID: 6c0033d55de8fca468f3e4fb9a2a0858' -> (Import Result ID: '613cbd025e060af6913601b1c6d453ff') in 0.001 seconds [static and dynamic dependencies]. Details - ImportResultOutputID=f9a2db62249425fd642da4a338b0ceab DependenciesID=296dc0e43eb803c3d1aa58cfdb6b6d0f StaticDependenciesID=a15228396d953788eeefbb983dd1a3ae 
Number of updated asset objects reloaded before import = 0
Number of asset objects unloaded after import = 1
========================================================================
Received Import Request.
  Time of request: 2026-09-01T06:04:46.283172Z
  Time since last request: 0.000300791 seconds.
  importAddress: GUID: a65c6d9b4fa97644c896e9382fe5226f - Path: Packages/com.unity.xr.management/Runtime/XRManagementAnalytics.cs - Importer: ScriptedImporter/UnityEditor.QuickSearchModule:UnityEditor.Search:ASIAI0B
Importing 'GUID: a65c6d9b4fa97644c896e9382fe5226f - Path: Packages/com.unity.xr.management/Runtime/XRManagementAnalytics.cs - Importer: ScriptedImporter/UnityEditor.QuickSearchModule:UnityEditor.Search:ASIAI0B' with importer (ScriptedImporter : UnityEditor.QuickSearchModule:UnityEditor.Search:ASIAI0B)
Imported 'GUID: a65c6d9b4fa97644c896e9382fe5226f' -> (Import Result ID: '615eb49aa838b293bbb9817a26f9fc68') in 0.001 seconds [static and dynamic dependencies]. Details - ImportResultOutputID=a2e0d4e4810768b36787397dcc85efb9 DependenciesID=db78e3d40a1c0e31f684770c2c0acf2e StaticDependenciesID=ff7f0ce69e8a9787268e788ff886bf7f 
Number of updated asset objects reloaded before import = 0
Number of asset objects unloaded after import = 0
========================================================================
Received Import Request.
  Time of request: 2026-09-01T06:04:46.284839Z
  Time since last request: 0.000426875 seconds.
  importAddress: GUID: a672fde8855a47ed910e013b2e514e7f - Path: Packages/com.unity.xr.core-utils/Tests/Runtime/BindableVariablesTests.cs - Importer: ScriptedImporter/UnityEditor.QuickSearchModule:UnityEditor.Search:ASIAI0B
Importing 'GUID: a672fde8855a47ed910e013b2e514e7f - Path: Packages/com.unity.xr.core-utils/Tests/Runtime/BindableVariablesTests.cs - Importer: ScriptedImporter/UnityEditor.QuickSearchModule:UnityEditor.Search:ASIAI0B' with importer (ScriptedImporter : UnityEditor.QuickSearchModule:UnityEditor.Search:ASIAI0B)
Imported 'GUID: a672fde8855a47ed910e013b2e514e7f' -> (Import Result ID: 'cf68c586c54a741d9818760a6e22ce31') in 0.001 seconds [static and dynamic dependencies]. Details - ImportResultOutputID=93c421703578f0c14746104ae9cf57df DependenciesID=92e24b226207ff10e09c0dd99b05c907 StaticDependenciesID=c034915a5ae360cab7da3d68836b863c 
Number of updated asset objects reloaded before import = 0
Number of asset objects unloaded after import = 0
========================================================================
Received Import Request.
  Time of request: 2026-09-01T06:04:46.286478Z
  Time since last request: 0.000318833 seconds.
  importAddress: GUID: a500e1fea16b2fa43b644ddf59175b68 - Path: Packages/com.unity.xr.management/Tests/TestTooling/ManagementTestSetup.cs - Importer: ScriptedImporter/UnityEditor.QuickSearchModule:UnityEditor.Search:ASIAI0B
Importing 'GUID: a500e1fea16b2fa43b644ddf59175b68 - Path: Packages/com.unity.xr.management/Tests/TestTooling/ManagementTestSetup.cs - Importer: ScriptedImporter/UnityEditor.QuickSearchModule:UnityEditor.Search:ASIAI0B' with importer (ScriptedImporter : UnityEditor.QuickSearchModule:UnityEditor.Search:ASIAI0B)
Imported 'GUID: a500e1fea16b2fa43b644ddf59175b68' -> (Import Result ID: '023a5c13fbc49dfc6c88072bf0b11e54') in 0.001 seconds [static and dynamic dependencies]. Details - ImportResultOutputID=6a6db1058b0bdb15b78f8299c19a44b1 DependenciesID=d70b3d5dc94a70dc1456540cd6c3f810 StaticDependenciesID=e6842a6b12e6135af17f98215a5231be 
Number of updated asset objects reloaded before import = 0
Number of asset objects unloaded after import = 0
========================================================================
Received Import Request.
  Time of request: 2026-09-01T06:04:46.287907Z
  Time since last request: 0.000262458 seconds.
  importAddress: GUID: 977e9b8021ded4d3da55f15496808190 - Path: Packages/com.unity.xr.core-utils/Runtime/UndoBlock.cs - Importer: ScriptedImporter/UnityEditor.QuickSearchModule:UnityEditor.Search:ASIAI0B
Importing 'GUID: 977e9b8021ded4d3da55f15496808190 - Path: Packages/com.unity.xr.core-utils/Runtime/UndoBlock.cs - Importer: ScriptedImporter/UnityEditor.QuickSearchModule:UnityEditor.Search:ASIAI0B' with importer (ScriptedImporter : UnityEditor.QuickSearchModule:UnityEditor.Search:ASIAI0B)
Imported 'GUID: 977e9b8021ded4d3da55f15496808190' -> (Import Result ID: '31fc6e035121b3760c574a1103cd87bb') in 0.001 seconds [static and dynamic dependencies]. Details - ImportResultOutputID=1d07f2865ea313e24c34c141faa1d947 DependenciesID=0ab722d0e40f1f852dd024e5465abfe1 StaticDependenciesID=e3f50ed5a5d58894a71ab8f2fb2b36d1 
Number of updated asset objects reloaded before import = 0
Number of asset objects unloaded after import = 0
========================================================================
Received Import Request.
  Time of request: 2026-09-01T06:04:46.290859Z
  Time since last request: 0.001925334 seconds.
  importAddress: GUID: 80f13ca010bb8b94c8ba3e12c0cb4420 - Path: Packages/com.unity.xr.core-utils/Editor/CapabilityProfile/Dictionary/Drawers - Importer: ScriptedImporter/UnityEditor.QuickSearchModule:UnityEditor.Search:ASIAI0B
Importing 'GUID: 80f13ca010bb8b94c8ba3e12c0cb4420 - Path: Packages/com.unity.xr.core-utils/Editor/CapabilityProfile/Dictionary/Drawers - Importer: ScriptedImporter/UnityEditor.QuickSearchModule:UnityEditor.Search:ASIAI0B' with importer (ScriptedImporter : UnityEditor.QuickSearchModule:UnityEditor.Search:ASIAI0B)
Imported 'GUID: 80f13ca010bb8b94c8ba3e12c0cb4420' -> (Import Result ID: '0187100383d7d629bda78bf7cd373d91') in 0.002 seconds [static and dynamic dependencies]. Details - ImportResultOutputID=6b1a4a40bf2baceb9a76c60683a182ae DependenciesID=c9b53b9ddda658d9075ed9ea357f6ea1 StaticDependenciesID=c13d381ca587c11e26d2e3836fef8da8 
Number of updated asset objects reloaded before import = 0
Number of asset objects unloaded after import = 1
========================================================================
Received Import Request.
  Time of request: 2026-09-01T06:04:46.293945Z
  Time since last request: 0.000604375 seconds.
  importAddress: GUID: 9827676ef5f18a44e878c6754e9ea67a - Path: Packages/com.unity.xr.management/Tests/TestPackage/Runtime/TestLoaderOne.cs - Importer: ScriptedImporter/UnityEditor.QuickSearchModule:UnityEditor.Search:ASIAI0B
Importing 'GUID: 9827676ef5f18a44e878c6754e9ea67a - Path: Packages/com.unity.xr.management/Tests/TestPackage/Runtime/TestLoaderOne.cs - Importer: ScriptedImporter/UnityEditor.QuickSearchModule:UnityEditor.Search:ASIAI0B' with importer (ScriptedImporter : UnityEditor.QuickSearchModule:UnityEditor.Search:ASIAI0B)
Imported 'GUID: 9827676ef5f18a44e878c6754e9ea67a' -> (Import Result ID: 'e935ebe1981bd42235af5926354472fb') in 0.001 seconds [static and dynamic dependencies]. Details - ImportResultOutputID=d78699e7e227a143d0eaa903ea8429c2 DependenciesID=74cfa5ab8f1c982ca791c60880b69460 StaticDependenciesID=db1de0585465d816002e656cb77c8876 
Number of updated asset objects reloaded before import = 0
Number of asset objects unloaded after import = 0
========================================================================
Received Import Request.
  Time of request: 2026-09-01T06:04:46.295983Z
  Time since last request: 0.000351667 seconds.
  importAddress: GUID: a6b025db892bd1c45836749411bbb6f2 - Path: Packages/com.unity.xr.management/Tests/TestTooling - Importer: ScriptedImporter/UnityEditor.QuickSearchModule:UnityEditor.Search:ASIAI0B
Importing 'GUID: a6b025db892bd1c45836749411bbb6f2 - Path: Packages/com.unity.xr.management/Tests/TestTooling - Importer: ScriptedImporter/UnityEditor.QuickSearchModule:UnityEditor.Search:ASIAI0B' with importer (ScriptedImporter : UnityEditor.QuickSearchModule:UnityEditor.Search:ASIAI0B)
Imported 'GUID: a6b025db892bd1c45836749411bbb6f2' -> (Import Result ID: '0fc7994c00f6e51f1fa24b5034188744') in 0.001 seconds [static and dynamic dependencies]. Details - ImportResultOutputID=d207e147779fed85d4821d66f4912699 DependenciesID=5d206e5226eb5427ffbc87d3d20ff6f0 StaticDependenciesID=b42bb3aec8337381458e7bd081d6d421 
Number of updated asset objects reloaded before import = 0
Number of asset objects unloaded after import = 1
========================================================================
Received Import Request.
  Time of request: 2026-09-01T06:04:46.297789Z
  Time since last request: 0.000435709 seconds.
  importAddress: GUID: 67414a882cddb8f43a0c083553468ae4 - Path: Packages/com.unity.xr.legacyinputhelpers/README.md - Importer: ScriptedImporter/UnityEditor.QuickSearchModule:UnityEditor.Search:ASIAI0B
Importing 'GUID: 67414a882cddb8f43a0c083553468ae4 - Path: Packages/com.unity.xr.legacyinputhelpers/README.md - Importer: ScriptedImporter/UnityEditor.QuickSearchModule:UnityEditor.Search:ASIAI0B' with importer (ScriptedImporter : UnityEditor.QuickSearchModule:UnityEditor.Search:ASIAI0B)
Imported 'GUID: 67414a882cddb8f43a0c083553468ae4' -> (Import Result ID: '08f613c1b06c0890704d01727e291a68') in 0.001 seconds [static and dynamic dependencies]. Details - ImportResultOutputID=a2f983348ae23c199d5aabfc070acc28 DependenciesID=959b33559dadf0e8fa7e1fbaa094cae1 StaticDependenciesID=9d3d7cc81d9f86c778fc2ac3c210b881 
Number of updated asset objects reloaded before import = 0
Number of asset objects unloaded after import = 1
========================================================================
Received Import Request.
  Time of request: 2026-09-01T06:04:46.299659Z
  Time since last request: 0.00040875 seconds.
  importAddress: GUID: 2bfa55239903b4b579b791c9a165a7a7 - Path: Packages/com.unity.xr.core-utils/Runtime/DebugDraw.cs - Importer: ScriptedImporter/UnityEditor.QuickSearchModule:UnityEditor.Search:ASIAI0B
Importing 'GUID: 2bfa55239903b4b579b791c9a165a7a7 - Path: Packages/com.unity.xr.core-utils/Runtime/DebugDraw.cs - Importer: ScriptedImporter/UnityEditor.QuickSearchModule:UnityEditor.Search:ASIAI0B' with importer (ScriptedImporter : UnityEditor.QuickSearchModule:UnityEditor.Search:ASIAI0B)
Imported 'GUID: 2bfa55239903b4b579b791c9a165a7a7' -> (Import Result ID: '12896601492ed2c9dc275bcd59b1503e') in 0.001 seconds [static and dynamic dependencies]. Details - ImportResultOutputID=ad791b26f5e0ab748679bf72f0c3996d DependenciesID=75a854753d9e76718383fc3169949634 StaticDependenciesID=2865cb365e1bcee497114f00499a35f9 
Number of updated asset objects reloaded before import = 0
Number of asset objects unloaded after import = 0
========================================================================
Received Import Request.
  Time of request: 2026-09-01T06:04:46.301356Z
  Time since last request: 0.000330917 seconds.
  importAddress: GUID: b84b417cbb144b6e9ed1893717f2a7b5 - Path: Packages/com.unity.xr.core-utils/Runtime/Bindings/BindingsGroup.cs - Importer: ScriptedImporter/UnityEditor.QuickSearchModule:UnityEditor.Search:ASIAI0B
Importing 'GUID: b84b417cbb144b6e9ed1893717f2a7b5 - Path: Packages/com.unity.xr.core-utils/Runtime/Bindings/BindingsGroup.cs - Importer: ScriptedImporter/UnityEditor.QuickSearchModule:UnityEditor.Search:ASIAI0B' with importer (ScriptedImporter : UnityEditor.QuickSearchModule:UnityEditor.Search:ASIAI0B)
Imported 'GUID: b84b417cbb144b6e9ed1893717f2a7b5' -> (Import Result ID: '40515a680ad6a2ff2e484f01a6e3c334') in 0.001 seconds [static and dynamic dependencies]. Details - ImportResultOutputID=de67cc8a24400b26847f3b3e4409e5dd DependenciesID=a90117cc384b990598ab2f852467d029 StaticDependenciesID=7197c1e1610e66cb84ed5c05dd7229ac 
Number of updated asset objects reloaded before import = 0
Number of asset objects unloaded after import = 0
========================================================================
Received Import Request.
  Time of request: 2026-09-01T06:04:46.303163Z
  Time since last request: 0.000415459 seconds.
  importAddress: GUID: 4ddd23ea56a3a40f0aa0036d1624a53e - Path: Packages/com.unity.xr.core-utils/Editor/Unity.XR.CoreUtils.Editor.asmdef - Importer: ScriptedImporter/UnityEditor.QuickSearchModule:UnityEditor.Search:ASIAI0B
Importing 'GUID: 4ddd23ea56a3a40f0aa0036d1624a53e - Path: Packages/com.unity.xr.core-utils/Editor/Unity.XR.CoreUtils.Editor.asmdef - Importer: ScriptedImporter/UnityEditor.QuickSearchModule:UnityEditor.Search:ASIAI0B' with importer (ScriptedImporter : UnityEditor.QuickSearchModule:UnityEditor.Search:ASIAI0B)
Imported 'GUID: 4ddd23ea56a3a40f0aa0036d1624a53e' -> (Import Result ID: 'f3de9639ceb0243502563b35b9917c11') in 0.002 seconds [static and dynamic dependencies]. Details - ImportResultOutputID=5a2fff8a5fee3886744679c06c1135f7 DependenciesID=1e844f01ef26ca7fb64f0b453dd47c17 StaticDependenciesID=48aecfd6e99d339e62744bc29cc68127 
Number of updated asset objects reloaded before import = 0
Number of asset objects unloaded after import = 1
========================================================================
Received Import Request.
  Time of request: 2026-09-01T06:04:46.305966Z
  Time since last request: 0.000346125 seconds.
  importAddress: GUID: fac60b1ea386ed14da6c50ad574e0ab0 - Path: Packages/com.unity.xr.management/Editor/AndroidManifest/ManifestRequirement.cs - Importer: ScriptedImporter/UnityEditor.QuickSearchModule:UnityEditor.Search:ASIAI0B
Importing 'GUID: fac60b1ea386ed14da6c50ad574e0ab0 - Path: Packages/com.unity.xr.management/Editor/AndroidManifest/ManifestRequirement.cs - Importer: ScriptedImporter/UnityEditor.QuickSearchModule:UnityEditor.Search:ASIAI0B' with importer (ScriptedImporter : UnityEditor.QuickSearchModule:UnityEditor.Search:ASIAI0B)
Imported 'GUID: fac60b1ea386ed14da6c50ad574e0ab0' -> (Import Result ID: '51fe876b50801962fc3685b71223c6c8') in 0.001 seconds [static and dynamic dependencies]. Details - ImportResultOutputID=506daf1ccdab3337a58e5b80cf3dc3be DependenciesID=e3fc3ac1a5a6e5b7a1138c24d513c37f StaticDependenciesID=5b3d677c9897001c45f008fc0a81aae9 
Number of updated asset objects reloaded before import = 0
Number of asset objects unloaded after import = 0
========================================================================
Received Import Request.
  Time of request: 2026-09-01T06:04:46.308145Z
  Time since last request: 0.000411667 seconds.
  importAddress: GUID: fd661411ada16794aa7015ddf3778407 - Path: Packages/com.unity.xr.legacyinputhelpers/Editor/ArmModels/ArmModelEditor.cs - Importer: ScriptedImporter/UnityEditor.QuickSearchModule:UnityEditor.Search:ASIAI0B
Importing 'GUID: fd661411ada16794aa7015ddf3778407 - Path: Packages/com.unity.xr.legacyinputhelpers/Editor/ArmModels/ArmModelEditor.cs - Importer: ScriptedImporter/UnityEditor.QuickSearchModule:UnityEditor.Search:ASIAI0B' with importer (ScriptedImporter : UnityEditor.QuickSearchModule:UnityEditor.Search:ASIAI0B)
Imported 'GUID: fd661411ada16794aa7015ddf3778407' -> (Import Result ID: '3a07cc105b40d1d28a7fce792b0ea7a0') in 0.001 seconds [static and dynamic dependencies]. Details - ImportResultOutputID=ebabfb1c846141b8b367963539ae9827 DependenciesID=76cbbcc4906517f3fb35eeebb3756c95 StaticDependenciesID=9333c7da520bfe88a0ad1c4c15a42527 
Number of updated asset objects reloaded before import = 0
Number of asset objects unloaded after import = 0
========================================================================
Received Import Request.
  Time of request: 2026-09-01T06:04:46.310002Z
  Time since last request: 0.000354208 seconds.
  importAddress: GUID: 92fc3e16f6ad64d1ea2e2e1dafaa094e - Path: Packages/com.unity.xr.core-utils/Tests/Editor/XRCoreUtilities/ComponentUtilsTests.cs - Importer: ScriptedImporter/UnityEditor.QuickSearchModule:UnityEditor.Search:ASIAI0B
Importing 'GUID: 92fc3e16f6ad64d1ea2e2e1dafaa094e - Path: Packages/com.unity.xr.core-utils/Tests/Editor/XRCoreUtilities/ComponentUtilsTests.cs - Importer: ScriptedImporter/UnityEditor.QuickSearchModule:UnityEditor.Search:ASIAI0B' with importer (ScriptedImporter : UnityEditor.QuickSearchModule:UnityEditor.Search:ASIAI0B)
Imported 'GUID: 92fc3e16f6ad64d1ea2e2e1dafaa094e' -> (Import Result ID: 'ae3507814451ef39c249cafdfee4de20') in 0.001 seconds [static and dynamic dependencies]. Details - ImportResultOutputID=b05dcbce0df416a9d460e61e919a4ce2 DependenciesID=135a3f2c97665ef0e3000971b1b692bc StaticDependenciesID=351911be7d697f66515f4cba92b797e6 
Number of updated asset objects reloaded before import = 0
Number of asset objects unloaded after import = 0
========================================================================
Received Import Request.
  Time of request: 2026-09-01T06:04:46.31186Z
  Time since last request: 0.000593375 seconds.
  importAddress: GUID: ca05aff1f90b74f429ab1a0c98f36a37 - Path: Packages/com.unity.xr.legacyinputhelpers/Prefabs - Importer: ScriptedImporter/UnityEditor.QuickSearchModule:UnityEditor.Search:ASIAI0B
Importing 'GUID: ca05aff1f90b74f429ab1a0c98f36a37 - Path: Packages/com.unity.xr.legacyinputhelpers/Prefabs - Importer: ScriptedImporter/UnityEditor.QuickSearchModule:UnityEditor.Search:ASIAI0B' with importer (ScriptedImporter : UnityEditor.QuickSearchModule:UnityEditor.Search:ASIAI0B)
Imported 'GUID: ca05aff1f90b74f429ab1a0c98f36a37' -> (Import Result ID: 'b1492d84935fa5fe3a3d6142ec54e51a') in 0.001 seconds [static and dynamic dependencies]. Details - ImportResultOutputID=1b1902a2c8e38524c59811a166f3f1e8 DependenciesID=e162a35d41a0286f32cad251c5b977c6 StaticDependenciesID=63936ae91f29368c183c80b1bc717145 
Number of updated asset objects reloaded before import = 0
Number of asset objects unloaded after import = 1
========================================================================
Received Import Request.
  Time of request: 2026-09-01T06:04:46.31359Z
  Time since last request: 0.000510125 seconds.
  importAddress: GUID: d469f69adcddc4b1a91654a826f73b4d - Path: Packages/com.unity.xr.core-utils/Tests/Runtime/Scenes/PointInPolygonPerformanceTest.unity - Importer: ScriptedImporter/UnityEditor.QuickSearchModule:UnityEditor.Search:ASIAI0B
Importing 'GUID: d469f69adcddc4b1a91654a826f73b4d - Path: Packages/com.unity.xr.core-utils/Tests/Runtime/Scenes/PointInPolygonPerformanceTest.unity - Importer: ScriptedImporter/UnityEditor.QuickSearchModule:UnityEditor.Search:ASIAI0B' with importer (ScriptedImporter : UnityEditor.QuickSearchModule:UnityEditor.Search:ASIAI0B)
Imported 'GUID: d469f69adcddc4b1a91654a826f73b4d' -> (Import Result ID: 'd7d04bc8b2ab13b8c818c8e8dd49505f') in 0.001 seconds [static and dynamic dependencies]. Details - ImportResultOutputID=7acb1c33335d2471c70270f81380cdca DependenciesID=163fa873bc2d954218a91971be31663a StaticDependenciesID=23a9debb03a798f7b24e4e366d64b2b2 
Number of updated asset objects reloaded before import = 0
Number of asset objects unloaded after import = 1
========================================================================
Received Import Request.
  Time of request: 2026-09-01T06:04:46.315668Z
  Time since last request: 0.000360458 seconds.
  importAddress: GUID: 101cdf2d24ab75f4cb29ac9cb47e8209 - Path: Packages/com.unity.xr.management/Editor/AndroidManifest/ManifestElement.cs - Importer: ScriptedImporter/UnityEditor.QuickSearchModule:UnityEditor.Search:ASIAI0B
Importing 'GUID: 101cdf2d24ab75f4cb29ac9cb47e8209 - Path: Packages/com.unity.xr.management/Editor/AndroidManifest/ManifestElement.cs - Importer: ScriptedImporter/UnityEditor.QuickSearchModule:UnityEditor.Search:ASIAI0B' with importer (ScriptedImporter : UnityEditor.QuickSearchModule:UnityEditor.Search:ASIAI0B)
Imported 'GUID: 101cdf2d24ab75f4cb29ac9cb47e8209' -> (Import Result ID: 'b3fb7e0bc85b90d65d6473a209429b32') in 0.001 seconds [static and dynamic dependencies]. Details - ImportResultOutputID=90edad9aae6f082342c6a976950d5028 DependenciesID=7d1ecc8bcd169c2eb63a50f5ba1926a4 StaticDependenciesID=8b90160205394ecc31ab0b13ed48be94 
Number of updated asset objects reloaded before import = 0
Number of asset objects unloaded after import = 0
========================================================================
Received Import Request.
  Time of request: 2026-09-01T06:04:46.317481Z
  Time since last request: 0.000289375 seconds.
  importAddress: GUID: 6895f8ad07949c64f847ed31c87af951 - Path: Packages/com.unity.xr.management/Editor/EditorUtilities.cs - Importer: ScriptedImporter/UnityEditor.QuickSearchModule:UnityEditor.Search:ASIAI0B
Importing 'GUID: 6895f8ad07949c64f847ed31c87af951 - Path: Packages/com.unity.xr.management/Editor/EditorUtilities.cs - Importer: ScriptedImporter/UnityEditor.QuickSearchModule:UnityEditor.Search:ASIAI0B' with importer (ScriptedImporter : UnityEditor.QuickSearchModule:UnityEditor.Search:ASIAI0B)
Imported 'GUID: 6895f8ad07949c64f847ed31c87af951' -> (Import Result ID: '032192821a2ac3d930212d0996cf2ab8') in 0.001 seconds [static and dynamic dependencies]. Details - ImportResultOutputID=19ba99a33ba3a1c23d6997667167c4a1 DependenciesID=4e9d1e4edbf68ed4f9ca5a96f1639779 StaticDependenciesID=567b9735d98174d00ac121fe0d5c0e4b 
Number of updated asset objects reloaded before import = 0
Number of asset objects unloaded after import = 0
========================================================================
Received Import Request.
  Time of request: 2026-09-01T06:04:46.319237Z
  Time since last request: 0.00049225 seconds.
  importAddress: GUID: e40ba710768534012815d3193fa296cb - Path: Packages/com.unity.xr.management/Runtime/Unity.XR.Management.asmdef - Importer: ScriptedImporter/UnityEditor.QuickSearchModule:UnityEditor.Search:ASIAI0B
Importing 'GUID: e40ba710768534012815d3193fa296cb - Path: Packages/com.unity.xr.management/Runtime/Unity.XR.Management.asmdef - Importer: ScriptedImporter/UnityEditor.QuickSearchModule:UnityEditor.Search:ASIAI0B' with importer (ScriptedImporter : UnityEditor.QuickSearchModule:UnityEditor.Search:ASIAI0B)
Imported 'GUID: e40ba710768534012815d3193fa296cb' -> (Import Result ID: '28ae34ed5e35955770cd8fe3e6542256') in 0.001 seconds [static and dynamic dependencies]. Details - ImportResultOutputID=8c34d8b664d694014edbee2863406938 DependenciesID=0be702a48f50b176ce8d7f5477eb6ddf StaticDependenciesID=ffa07046a494831bbae39e91be0445a1 
Number of updated asset objects reloaded before import = 0
Number of asset objects unloaded after import = 1
========================================================================
Received Import Request.
  Time of request: 2026-09-01T06:04:46.321126Z
  Time since last request: 0.000297916 seconds.
  importAddress: GUID: c82dfa8da12c2485bbc2188e8ba88887 - Path: Packages/com.unity.xr.core-utils/Runtime/Attributes/ReadOnlyAttribute.cs - Importer: ScriptedImporter/UnityEditor.QuickSearchModule:UnityEditor.Search:ASIAI0B
Importing 'GUID: c82dfa8da12c2485bbc2188e8ba88887 - Path: Packages/com.unity.xr.core-utils/Runtime/Attributes/ReadOnlyAttribute.cs - Importer: ScriptedImporter/UnityEditor.QuickSearchModule:UnityEditor.Search:ASIAI0B' with importer (ScriptedImporter : UnityEditor.QuickSearchModule:UnityEditor.Search:ASIAI0B)
Imported 'GUID: c82dfa8da12c2485bbc2188e8ba88887' -> (Import Result ID: '974a5a194d07ea1aaf93fcb5251c3ea3') in 0.001 seconds [static and dynamic dependencies]. Details - ImportResultOutputID=e04fa31d0870decc83e686fa11ff8f85 DependenciesID=c3ce52929ea5d7cb8a616affec5ba7c2 StaticDependenciesID=534877ac1c650e2e6b40fbc0a3d97e08 
Number of updated asset objects reloaded before import = 0
Number of asset objects unloaded after import = 0
========================================================================
Received Import Request.
  Time of request: 2026-09-01T06:04:46.322793Z
  Time since last request: 0.000377417 seconds.
  importAddress: GUID: 1a5dbf4215504e2aa854bc3fbd443536 - Path: Packages/com.unity.xr.core-utils/Runtime/Bindings/Variables/BindableVariable.cs - Importer: ScriptedImporter/UnityEditor.QuickSearchModule:UnityEditor.Search:ASIAI0B
Importing 'GUID: 1a5dbf4215504e2aa854bc3fbd443536 - Path: Packages/com.unity.xr.core-utils/Runtime/Bindings/Variables/BindableVariable.cs - Importer: ScriptedImporter/UnityEditor.QuickSearchModule:UnityEditor.Search:ASIAI0B' with importer (ScriptedImporter : UnityEditor.QuickSearchModule:UnityEditor.Search:ASIAI0B)
Imported 'GUID: 1a5dbf4215504e2aa854bc3fbd443536' -> (Import Result ID: '63c149b35231871cf1681a41e8cdcbf7') in 0.001 seconds [static and dynamic dependencies]. Details - ImportResultOutputID=0977a0c3d8307547f5ddeb1dca12f339 DependenciesID=2e527a80fe7fed752d595a21b1bd37d7 StaticDependenciesID=178f12c0a4cb02074ed5964236822d09 
Number of updated asset objects reloaded before import = 0
Number of asset objects unloaded after import = 0
========================================================================
Received Import Request.
  Time of request: 2026-09-01T06:04:46.324771Z
  Time since last request: 0.000448166 seconds.
  importAddress: GUID: 7cbb6fca93034d44a8826718d09db887 - Path: Packages/com.unity.xr.management/Tests/TestPackage/Runtime/TestLoaderThree.cs - Importer: ScriptedImporter/UnityEditor.QuickSearchModule:UnityEditor.Search:ASIAI0B
Importing 'GUID: 7cbb6fca93034d44a8826718d09db887 - Path: Packages/com.unity.xr.management/Tests/TestPackage/Runtime/TestLoaderThree.cs - Importer: ScriptedImporter/UnityEditor.QuickSearchModule:UnityEditor.Search:ASIAI0B' with importer (ScriptedImporter : UnityEditor.QuickSearchModule:UnityEditor.Search:ASIAI0B)
Imported 'GUID: 7cbb6fca93034d44a8826718d09db887' -> (Import Result ID: '96210b97a86a98d8de15f2eade04295e') in 0.001 seconds [static and dynamic dependencies]. Details - ImportResultOutputID=bf1492df6a686c94419df330547e1e58 DependenciesID=8e9ff28c20c62240192e24862787b6e7 StaticDependenciesID=26b1f30ac339063626e0c8d37221a9c4 
Number of updated asset objects reloaded before import = 0
Number of asset objects unloaded after import = 0
========================================================================
Received Import Request.
  Time of request: 2026-09-01T06:04:46.326369Z
  Time since last request: 0.00036 seconds.
  importAddress: GUID: eaa9e7576528a487897f3b21f331719e - Path: Packages/com.unity.xr.core-utils/Tests/Editor/XRCoreUtilities/MathUtilityTests.cs - Importer: ScriptedImporter/UnityEditor.QuickSearchModule:UnityEditor.Search:ASIAI0B
Importing 'GUID: eaa9e7576528a487897f3b21f331719e - Path: Packages/com.unity.xr.core-utils/Tests/Editor/XRCoreUtilities/MathUtilityTests.cs - Importer: ScriptedImporter/UnityEditor.QuickSearchModule:UnityEditor.Search:ASIAI0B' with importer (ScriptedImporter : UnityEditor.QuickSearchModule:UnityEditor.Search:ASIAI0B)
Imported 'GUID: eaa9e7576528a487897f3b21f331719e' -> (Import Result ID: 'cba9db052a3ea61be49afc37f35b3142') in 0.001 seconds [static and dynamic dependencies]. Details - ImportResultOutputID=ab247fda27043b92c9db22fda262477b DependenciesID=d9a76cf315766e6eeec0aad5dddeeb7a StaticDependenciesID=d56d0b022b9721f4ef422b2850670907 
Number of updated asset objects reloaded before import = 0
Number of asset objects unloaded after import = 0
========================================================================
Received Import Request.
  Time of request: 2026-09-01T06:04:46.328494Z
  Time since last request: 0.000735333 seconds.
  importAddress: GUID: 98f5e129a3cd69847bae7685c22fd39b - Path: Packages/com.unity.xr.management/Tests/StandaloneSubsystem/StandaloneLoader.cs - Importer: ScriptedImporter/UnityEditor.QuickSearchModule:UnityEditor.Search:ASIAI0B
Importing 'GUID: 98f5e129a3cd69847bae7685c22fd39b - Path: Packages/com.unity.xr.management/Tests/StandaloneSubsystem/StandaloneLoader.cs - Importer: ScriptedImporter/UnityEditor.QuickSearchModule:UnityEditor.Search:ASIAI0B' with importer (ScriptedImporter : UnityEditor.QuickSearchModule:UnityEditor.Search:ASIAI0B)
Imported 'GUID: 98f5e129a3cd69847bae7685c22fd39b' -> (Import Result ID: '487c63c8674ddce534998d35358e26df') in 0.001 seconds [static and dynamic dependencies]. Details - ImportResultOutputID=641f8edd93e47adf7c37e7afee91cddc DependenciesID=81cd0ca1befc444fdb30f0e619185c7d StaticDependenciesID=2eb3927f85ced42325923fc9ff474a4c 
Number of updated asset objects reloaded before import = 0
Number of asset objects unloaded after import = 0
========================================================================
Received Import Request.
  Time of request: 2026-09-01T06:04:46.330435Z
  Time since last request: 0.000579833 seconds.
  importAddress: GUID: 321da6f97f3044995bd9c8d4f55e847a - Path: Packages/com.unity.xr.core-utils/Tests/Editor/XRCoreUtilities/UnityObjectUtilsTests.cs - Importer: ScriptedImporter/UnityEditor.QuickSearchModule:UnityEditor.Search:ASIAI0B
Importing 'GUID: 321da6f97f3044995bd9c8d4f55e847a - Path: Packages/com.unity.xr.core-utils/Tests/Editor/XRCoreUtilities/UnityObjectUtilsTests.cs - Importer: ScriptedImporter/UnityEditor.QuickSearchModule:UnityEditor.Search:ASIAI0B' with importer (ScriptedImporter : UnityEditor.QuickSearchModule:UnityEditor.Search:ASIAI0B)
Imported 'GUID: 321da6f97f3044995bd9c8d4f55e847a' -> (Import Result ID: 'd3132a4a2c2fee02d21d2f596537d94b') in 0.001 seconds [static and dynamic dependencies]. Details - ImportResultOutputID=23d5e31568946a4375bfad1ce823f78b DependenciesID=ef7d6a5be6b61e1ec41783dcbd666432 StaticDependenciesID=c43f7114270297fdd32de93831786cd6 
Number of updated asset objects reloaded before import = 0
Number of asset objects unloaded after import = 0
========================================================================
Received Import Request.
  Time of request: 2026-09-01T06:04:46.332063Z
  Time since last request: 0.000345416 seconds.
  importAddress: GUID: e42439f4b5dbd1947a2161c0c2969508 - Path: Packages/com.unity.xr.legacyinputhelpers/Editor/CameraOffsetEditor.cs - Importer: ScriptedImporter/UnityEditor.QuickSearchModule:UnityEditor.Search:ASIAI0B
Importing 'GUID: e42439f4b5dbd1947a2161c0c2969508 - Path: Packages/com.unity.xr.legacyinputhelpers/Editor/CameraOffsetEditor.cs - Importer: ScriptedImporter/UnityEditor.QuickSearchModule:UnityEditor.Search:ASIAI0B' with importer (ScriptedImporter : UnityEditor.QuickSearchModule:UnityEditor.Search:ASIAI0B)
Imported 'GUID: e42439f4b5dbd1947a2161c0c2969508' -> (Import Result ID: '5451eddd584fd0ae173d3afa207f2e99') in 0.001 seconds [static and dynamic dependencies]. Details - ImportResultOutputID=2eb52d5cffb4de308c27c39e352bba9b DependenciesID=0009c915802981f3f156399e7602d451 StaticDependenciesID=b25b39d889760ccc9d00f495f8804200 
Number of updated asset objects reloaded before import = 0
Number of asset objects unloaded after import = 0
========================================================================
Received Import Request.
  Time of request: 2026-09-01T06:04:46.333814Z
  Time since last request: 0.000330333 seconds.
  importAddress: GUID: 730faf1c9a6ee8845a923cd20b8c4521 - Path: Packages/com.unity.xr.management/Tests/TestPackage/Editor - Importer: ScriptedImporter/UnityEditor.QuickSearchModule:UnityEditor.Search:ASIAI0B
Importing 'GUID: 730faf1c9a6ee8845a923cd20b8c4521 - Path: Packages/com.unity.xr.management/Tests/TestPackage/Editor - Importer: ScriptedImporter/UnityEditor.QuickSearchModule:UnityEditor.Search:ASIAI0B' with importer (ScriptedImporter : UnityEditor.QuickSearchModule:UnityEditor.Search:ASIAI0B)
Imported 'GUID: 730faf1c9a6ee8845a923cd20b8c4521' -> (Import Result ID: '407806d15ab912ba16bd8ed7b5c5a5c6') in 0.001 seconds [static and dynamic dependencies]. Details - ImportResultOutputID=9058fcaec36c1635df59dbd95be2692b DependenciesID=de86cfb695fb253a12d2ad2bf5a984a7 StaticDependenciesID=6ede5c1a0420424316118f7d6320c1e5 
Number of updated asset objects reloaded before import = 0
Number of asset objects unloaded after import = 1
========================================================================
Received Import Request.
  Time of request: 2026-09-01T06:04:46.335554Z
  Time since last request: 0.000358875 seconds.
  importAddress: GUID: 1aeaeae5ea31643f89c63fb687563e05 - Path: Packages/com.unity.xr.management/CHANGELOG.md - Importer: ScriptedImporter/UnityEditor.QuickSearchModule:UnityEditor.Search:ASIAI0B
Importing 'GUID: 1aeaeae5ea31643f89c63fb687563e05 - Path: Packages/com.unity.xr.management/CHANGELOG.md - Importer: ScriptedImporter/UnityEditor.QuickSearchModule:UnityEditor.Search:ASIAI0B' with importer (ScriptedImporter : UnityEditor.QuickSearchModule:UnityEditor.Search:ASIAI0B)
Imported 'GUID: 1aeaeae5ea31643f89c63fb687563e05' -> (Import Result ID: 'c2ad419f08d237331efdc02365a14703') in 0.002 seconds [static and dynamic dependencies]. Details - ImportResultOutputID=b898cb7c98b36cb8c1c9879ac5b71a7f DependenciesID=9b9c50fcb2bfe74728a4088e01f212cb StaticDependenciesID=2fb135d329b442a55da3a0bb3b2bdd66 
Number of updated asset objects reloaded before import = 0
Number of asset objects unloaded after import = 1
========================================================================
Received Import Request.
  Time of request: 2026-09-01T06:04:46.338322Z
  Time since last request: 0.000402709 seconds.
  importAddress: GUID: 3398181587d0cb642a3e1e93d8d1c7b8 - Path: Packages/com.unity.xr.core-utils/Tests/Runtime/Scripts/ListExtensionTests.cs - Importer: ScriptedImporter/UnityEditor.QuickSearchModule:UnityEditor.Search:ASIAI0B
Importing 'GUID: 3398181587d0cb642a3e1e93d8d1c7b8 - Path: Packages/com.unity.xr.core-utils/Tests/Runtime/Scripts/ListExtensionTests.cs - Importer: ScriptedImporter/UnityEditor.QuickSearchModule:UnityEditor.Search:ASIAI0B' with importer (ScriptedImporter : UnityEditor.QuickSearchModule:UnityEditor.Search:ASIAI0B)
Imported 'GUID: 3398181587d0cb642a3e1e93d8d1c7b8' -> (Import Result ID: '4fb1c16db3e7aacebee553da81edbc58') in 0.001 seconds [static and dynamic dependencies]. Details - ImportResultOutputID=b9e2f3ce77851cbdf0115991f7cfb899 DependenciesID=7cdefb572cb9abb22d4ca1816961aadb StaticDependenciesID=b2b1dac6872a62dc9df2bc57f6ed7c00 
Number of updated asset objects reloaded before import = 0
Number of asset objects unloaded after import = 0
========================================================================
Received Import Request.
  Time of request: 2026-09-01T06:04:46.340462Z
  Time since last request: 0.000674125 seconds.
  importAddress: GUID: cdbbaacae9c2a9b4ba09caf34ba4ad5e - Path: Packages/com.unity.xr.legacyinputhelpers/Editor - Importer: ScriptedImporter/UnityEditor.QuickSearchModule:UnityEditor.Search:ASIAI0B
Importing 'GUID: cdbbaacae9c2a9b4ba09caf34ba4ad5e - Path: Packages/com.unity.xr.legacyinputhelpers/Editor - Importer: ScriptedImporter/UnityEditor.QuickSearchModule:UnityEditor.Search:ASIAI0B' with importer (ScriptedImporter : UnityEditor.QuickSearchModule:UnityEditor.Search:ASIAI0B)
Imported 'GUID: cdbbaacae9c2a9b4ba09caf34ba4ad5e' -> (Import Result ID: '778021cae62d939812174e0f975d9e1b') in 0.001 seconds [static and dynamic dependencies]. Details - ImportResultOutputID=c6ce4e5346319ed4c32d39748a4656e9 DependenciesID=54615ae0b28fb9c96c1969ee1510c09e StaticDependenciesID=3db8c6cb4a33703d76ee600fc9199c5d 
Number of updated asset objects reloaded before import = 0
Number of asset objects unloaded after import = 1
========================================================================
Received Import Request.
  Time of request: 2026-09-01T06:04:46.34253Z
  Time since last request: 0.000494709 seconds.
  importAddress: GUID: 67c6b20ab8216514ba5aedd7898dc1ac - Path: Packages/com.unity.xr.management/Tests/Editor/MetadataTests.cs - Importer: ScriptedImporter/UnityEditor.QuickSearchModule:UnityEditor.Search:ASIAI0B
Importing 'GUID: 67c6b20ab8216514ba5aedd7898dc1ac - Path: Packages/com.unity.xr.management/Tests/Editor/MetadataTests.cs - Importer: ScriptedImporter/UnityEditor.QuickSearchModule:UnityEditor.Search:ASIAI0B' with importer (ScriptedImporter : UnityEditor.QuickSearchModule:UnityEditor.Search:ASIAI0B)
Imported 'GUID: 67c6b20ab8216514ba5aedd7898dc1ac' -> (Import Result ID: '4afa0ba22048959ca212e122b5b7763c') in 0.001 seconds [static and dynamic dependencies]. Details - ImportResultOutputID=e15735cd0299b3c153b9b1825f780ed9 DependenciesID=2871af8512f52f4ac442f4e615390b64 StaticDependenciesID=d9e5f29ec4e54b1dbc61ed0c90e79cd5 
Number of updated asset objects reloaded before import = 0
Number of asset objects unloaded after import = 0
========================================================================
Received Import Request.
  Time of request: 2026-09-01T06:04:46.344221Z
  Time since last request: 0.000354209 seconds.
  importAddress: GUID: 24f65cd604fa73e4e9dbaa12d1b335e9 - Path: Packages/com.unity.xr.management/Tests/StandaloneSubsystem/StandaloneSubsystem.cs - Importer: ScriptedImporter/UnityEditor.QuickSearchModule:UnityEditor.Search:ASIAI0B
Importing 'GUID: 24f65cd604fa73e4e9dbaa12d1b335e9 - Path: Packages/com.unity.xr.management/Tests/StandaloneSubsystem/StandaloneSubsystem.cs - Importer: ScriptedImporter/UnityEditor.QuickSearchModule:UnityEditor.Search:ASIAI0B' with importer (ScriptedImporter : UnityEditor.QuickSearchModule:UnityEditor.Search:ASIAI0B)
Imported 'GUID: 24f65cd604fa73e4e9dbaa12d1b335e9' -> (Import Result ID: 'a60892d66d9c6c0dfd355099184b11f9') in 0.002 seconds [static and dynamic dependencies]. Details - ImportResultOutputID=5b1e0c26cdb3d6150570baf0cc2687ab DependenciesID=39e7d75293a5821c62aa56dd2156cd8e StaticDependenciesID=638b8ed10b2707b2a1ac38743d8f6577 
Number of updated asset objects reloaded before import = 0
Number of asset objects unloaded after import = 0
========================================================================
Received Import Request.
  Time of request: 2026-09-01T06:04:46.346495Z
  Time since last request: 0.0003495 seconds.
  importAddress: GUID: ea5c7c3e409a74fe38cd2a72dea3daa9 - Path: Packages/com.unity.xr.core-utils/Runtime - Importer: ScriptedImporter/UnityEditor.QuickSearchModule:UnityEditor.Search:ASIAI0B
Importing 'GUID: ea5c7c3e409a74fe38cd2a72dea3daa9 - Path: Packages/com.unity.xr.core-utils/Runtime - Importer: ScriptedImporter/UnityEditor.QuickSearchModule:UnityEditor.Search:ASIAI0B' with importer (ScriptedImporter : UnityEditor.QuickSearchModule:UnityEditor.Search:ASIAI0B)
Imported 'GUID: ea5c7c3e409a74fe38cd2a72dea3daa9' -> (Import Result ID: '231ac432a2335e4d4000ab5d5af4c30b') in 0.001 seconds [static and dynamic dependencies]. Details - ImportResultOutputID=fa0c4c409f265abfd30afc347bfe4839 DependenciesID=ae5eae38282adfafd4617929a4fbe746 StaticDependenciesID=d846c9a889fb500cba24fb6b4a8993e8 
Number of updated asset objects reloaded before import = 0
Number of asset objects unloaded after import = 1
========================================================================
Received Import Request.
  Time of request: 2026-09-01T06:04:46.348508Z
  Time since last request: 0.000466083 seconds.
  importAddress: GUID: b4b282a8df6f7e24cbe7c4866f7eb6f8 - Path: Packages/com.unity.xr.management/Tests/Editor/DomainReloadTests.cs - Importer: ScriptedImporter/UnityEditor.QuickSearchModule:UnityEditor.Search:ASIAI0B
Importing 'GUID: b4b282a8df6f7e24cbe7c4866f7eb6f8 - Path: Packages/com.unity.xr.management/Tests/Editor/DomainReloadTests.cs - Importer: ScriptedImporter/UnityEditor.QuickSearchModule:UnityEditor.Search:ASIAI0B' with importer (ScriptedImporter : UnityEditor.QuickSearchModule:UnityEditor.Search:ASIAI0B)
Imported 'GUID: b4b282a8df6f7e24cbe7c4866f7eb6f8' -> (Import Result ID: '3deb3ada609b378b0ca4ca749fb00d39') in 0.001 seconds [static and dynamic dependencies]. Details - ImportResultOutputID=572e2eb95342790b833cf0eae5445360 DependenciesID=c716ccef4f40dac0012e5ba953135086 StaticDependenciesID=b7033902f1cc6507486161b9ccd7c69c 
Number of updated asset objects reloaded before import = 0
Number of asset objects unloaded after import = 0
========================================================================
Received Import Request.
  Time of request: 2026-09-01T06:04:46.3502Z
  Time since last request: 0.000404333 seconds.
  importAddress: GUID: b36ce56e013f54ead8c1e0b003430c09 - Path: Packages/com.unity.xr.core-utils/Runtime/BoundsUtils.cs - Importer: ScriptedImporter/UnityEditor.QuickSearchModule:UnityEditor.Search:ASIAI0B
Importing 'GUID: b36ce56e013f54ead8c1e0b003430c09 - Path: Packages/com.unity.xr.core-utils/Runtime/BoundsUtils.cs - Importer: ScriptedImporter/UnityEditor.QuickSearchModule:UnityEditor.Search:ASIAI0B' with importer (ScriptedImporter : UnityEditor.QuickSearchModule:UnityEditor.Search:ASIAI0B)
Imported 'GUID: b36ce56e013f54ead8c1e0b003430c09' -> (Import Result ID: 'a2f3c79a9804c51e8d619d5588a0be8b') in 0.003 seconds [static and dynamic dependencies]. Details - ImportResultOutputID=6de154057d051a384fdcd29c7c096c7c DependenciesID=0b44984a77c76e7b162c194321a8e230 StaticDependenciesID=88509ee9523d55e4564110b3aef265f6 
Number of updated asset objects reloaded before import = 0
Number of asset objects unloaded after import = 0
========================================================================
Received Import Request.
  Time of request: 2026-09-01T06:04:46.354209Z
  Time since last request: 0.000512417 seconds.
  importAddress: GUID: eca7ba6d7e1b88845960a98f39f5d381 - Path: Packages/com.unity.xr.management/Editor/XRLoaderInfo.cs - Importer: ScriptedImporter/UnityEditor.QuickSearchModule:UnityEditor.Search:ASIAI0B
Importing 'GUID: eca7ba6d7e1b88845960a98f39f5d381 - Path: Packages/com.unity.xr.management/Editor/XRLoaderInfo.cs - Importer: ScriptedImporter/UnityEditor.QuickSearchModule:UnityEditor.Search:ASIAI0B' with importer (ScriptedImporter : UnityEditor.QuickSearchModule:UnityEditor.Search:ASIAI0B)
Imported 'GUID: eca7ba6d7e1b88845960a98f39f5d381' -> (Import Result ID: 'a0404bb1577c847b994bf3cfada748dc') in 0.002 seconds [static and dynamic dependencies]. Details - ImportResultOutputID=98029b33fc93abbaab5b79682b6d002a DependenciesID=80e9ea4e66278fc19afa5a2de7bed082 StaticDependenciesID=d7d9ae9c30a4f46b8f42b1a4f9f1fbff 
Number of updated asset objects reloaded before import = 0
Number of asset objects unloaded after import = 0
========================================================================
Received Import Request.
  Time of request: 2026-09-01T06:04:46.357411Z
  Time since last request: 0.000761625 seconds.
  importAddress: GUID: 8227b7d99b019a14e9c7252c25cfcdc2 - Path: Packages/com.unity.xr.management/Tests/Editor/StandaloneSubsystemTests.cs - Importer: ScriptedImporter/UnityEditor.QuickSearchModule:UnityEditor.Search:ASIAI0B
Importing 'GUID: 8227b7d99b019a14e9c7252c25cfcdc2 - Path: Packages/com.unity.xr.management/Tests/Editor/StandaloneSubsystemTests.cs - Importer: ScriptedImporter/UnityEditor.QuickSearchModule:UnityEditor.Search:ASIAI0B' with importer (ScriptedImporter : UnityEditor.QuickSearchModule:UnityEditor.Search:ASIAI0B)
Imported 'GUID: 8227b7d99b019a14e9c7252c25cfcdc2' -> (Import Result ID: '52822e2a3489f7d975f3fe09bf07fdef') in 0.001 seconds [static and dynamic dependencies]. Details - ImportResultOutputID=da537f7d367b9bd229bbdd9da755583b DependenciesID=53851fd7d66c3fca50aa07b41e635b94 StaticDependenciesID=652dd26b4580f06991ec509844a5d96e 
Number of updated asset objects reloaded before import = 0
Number of asset objects unloaded after import = 0
========================================================================
Received Import Request.
  Time of request: 2026-09-01T06:04:46.359426Z
  Time since last request: 0.000434209 seconds.
  importAddress: GUID: aec4152e292274c7c92643fd0ef552f5 - Path: Packages/com.unity.xr.core-utils/Editor/ProjectValidation/PackageVersionUtility.cs - Importer: ScriptedImporter/UnityEditor.QuickSearchModule:UnityEditor.Search:ASIAI0B
Importing 'GUID: aec4152e292274c7c92643fd0ef552f5 - Path: Packages/com.unity.xr.core-utils/Editor/ProjectValidation/PackageVersionUtility.cs - Importer: ScriptedImporter/UnityEditor.QuickSearchModule:UnityEditor.Search:ASIAI0B' with importer (ScriptedImporter : UnityEditor.QuickSearchModule:UnityEditor.Search:ASIAI0B)
Imported 'GUID: aec4152e292274c7c92643fd0ef552f5' -> (Import Result ID: '147474500fa493365a7eb92040154b3c') in 0.001 seconds [static and dynamic dependencies]. Details - ImportResultOutputID=6d6bfb141208bda7aa009ce6c5de1443 DependenciesID=1aee7a369926b5fb0204a9b8b78da88d StaticDependenciesID=6a5e8c22ca3348c6bef4d15a88959948 
Number of updated asset objects reloaded before import = 0
Number of asset objects unloaded after import = 0
========================================================================
Received Import Request.
  Time of request: 2026-09-01T06:04:46.361192Z
  Time since last request: 0.000302875 seconds.
  importAddress: GUID: 5a2a9c34df4095f47b9ca8f975175f5b - Path: Packages/com.unity.xr.legacyinputhelpers/Runtime/TrackedPoseDriver/TrackedPoseDriver.cs - Importer: ScriptedImporter/UnityEditor.QuickSearchModule:UnityEditor.Search:ASIAI0B
Importing 'GUID: 5a2a9c34df4095f47b9ca8f975175f5b - Path: Packages/com.unity.xr.legacyinputhelpers/Runtime/TrackedPoseDriver/TrackedPoseDriver.cs - Importer: ScriptedImporter/UnityEditor.QuickSearchModule:UnityEditor.Search:ASIAI0B' with importer (ScriptedImporter : UnityEditor.QuickSearchModule:UnityEditor.Search:ASIAI0B)
Imported 'GUID: 5a2a9c34df4095f47b9ca8f975175f5b' -> (Import Result ID: '2e1476394e6a8e8c2001d4bbe45ef7fd') in 0.001 seconds [static and dynamic dependencies]. Details - ImportResultOutputID=0ae99f62a4765ebaf495316a7f6ce1a0 DependenciesID=87dc36b81ab517f1b707e478d94e9bba StaticDependenciesID=b93bda9798dbdd58128a1c20f2bd30a1 
Number of updated asset objects reloaded before import = 0
Number of asset objects unloaded after import = 0
========================================================================
Received Import Request.
  Time of request: 2026-09-01T06:04:46.362999Z
  Time since last request: 0.000596583 seconds.
  importAddress: GUID: e29fc012294464dad877219a81ae9883 - Path: Packages/com.unity.xr.core-utils/Runtime/ScriptableSettings.cs - Importer: ScriptedImporter/UnityEditor.QuickSearchModule:UnityEditor.Search:ASIAI0B
Importing 'GUID: e29fc012294464dad877219a81ae9883 - Path: Packages/com.unity.xr.core-utils/Runtime/ScriptableSettings.cs - Importer: ScriptedImporter/UnityEditor.QuickSearchModule:UnityEditor.Search:ASIAI0B' with importer (ScriptedImporter : UnityEditor.QuickSearchModule:UnityEditor.Search:ASIAI0B)
Imported 'GUID: e29fc012294464dad877219a81ae9883' -> (Import Result ID: '82b7798ee8d483963ce1ed363338134c') in 0.001 seconds [static and dynamic dependencies]. Details - ImportResultOutputID=ce8380ad7e3a372d08d368e29efcc847 DependenciesID=5b5c2ad4b4a3c883f252233df81d5baa StaticDependenciesID=649e33e311f2f2f53a6832ed5415522a 
Number of updated asset objects reloaded before import = 0
Number of asset objects unloaded after import = 0
========================================================================
Received Import Request.
  Time of request: 2026-09-01T06:04:46.364564Z
  Time since last request: 0.000332625 seconds.
  importAddress: GUID: 7e06b1f10d7442fbbaacbcc6721da784 - Path: Packages/com.unity.xr.core-utils/Runtime/Bindings/Variables/IReadOnlyBindableVariable.cs - Importer: ScriptedImporter/UnityEditor.QuickSearchModule:UnityEditor.Search:ASIAI0B
Importing 'GUID: 7e06b1f10d7442fbbaacbcc6721da784 - Path: Packages/com.unity.xr.core-utils/Runtime/Bindings/Variables/IReadOnlyBindableVariable.cs - Importer: ScriptedImporter/UnityEditor.QuickSearchModule:UnityEditor.Search:ASIAI0B' with importer (ScriptedImporter : UnityEditor.QuickSearchModule:UnityEditor.Search:ASIAI0B)
Imported 'GUID: 7e06b1f10d7442fbbaacbcc6721da784' -> (Import Result ID: 'be68490711f7c8e7e390f0d2efd59ea0') in 0.002 seconds [static and dynamic dependencies]. Details - ImportResultOutputID=7b73482dcebaff716dfccdabfe7d2b93 DependenciesID=39c12961dd38498c7beab16c4ed2326d StaticDependenciesID=fc0f550c7ce1a9ae7a8df195f8eaf8a8 
Number of updated asset objects reloaded before import = 0
Number of asset objects unloaded after import = 0
========================================================================
Received Import Request.
  Time of request: 2026-09-01T06:04:46.367129Z
  Time since last request: 0.000379167 seconds.
  importAddress: GUID: df87b8ca952c4237a56616db9c1b221e - Path: Packages/com.unity.xr.core-utils/Tests/Editor/XRCoreUtilities/AwaitableUtilsTests.cs - Importer: ScriptedImporter/UnityEditor.QuickSearchModule:UnityEditor.Search:ASIAI0B
Importing 'GUID: df87b8ca952c4237a56616db9c1b221e - Path: Packages/com.unity.xr.core-utils/Tests/Editor/XRCoreUtilities/AwaitableUtilsTests.cs - Importer: ScriptedImporter/UnityEditor.QuickSearchModule:UnityEditor.Search:ASIAI0B' with importer (ScriptedImporter : UnityEditor.QuickSearchModule:UnityEditor.Search:ASIAI0B)
Imported 'GUID: df87b8ca952c4237a56616db9c1b221e' -> (Import Result ID: '6f3ba898abba6489ddeb0948b432e3f6') in 0.002 seconds [static and dynamic dependencies]. Details - ImportResultOutputID=317606588d115ede9686b19b5a955118 DependenciesID=bcbb99b0f31b8e64c7c9bc3a81d427d8 StaticDependenciesID=55deefab7f5bbd19a89ce9d4cae2c9ee 
Number of updated asset objects reloaded before import = 0
Number of asset objects unloaded after import = 0
========================================================================
Received Import Request.
  Time of request: 2026-09-01T06:04:46.370496Z
  Time since last request: 0.00063675 seconds.
  importAddress: GUID: 49bf9b7d6604b4cbdb67024401d5f989 - Path: Packages/com.unity.xr.core-utils/Runtime/Extensions/GuidExtensions.cs - Importer: ScriptedImporter/UnityEditor.QuickSearchModule:UnityEditor.Search:ASIAI0B
Importing 'GUID: 49bf9b7d6604b4cbdb67024401d5f989 - Path: Packages/com.unity.xr.core-utils/Runtime/Extensions/GuidExtensions.cs - Importer: ScriptedImporter/UnityEditor.QuickSearchModule:UnityEditor.Search:ASIAI0B' with importer (ScriptedImporter : UnityEditor.QuickSearchModule:UnityEditor.Search:ASIAI0B)
Imported 'GUID: 49bf9b7d6604b4cbdb67024401d5f989' -> (Import Result ID: '5ab0f662ae552e2620505d3898e44571') in 0.001 seconds [static and dynamic dependencies]. Details - ImportResultOutputID=1fd344d592a33bce0c61f556242dd19c DependenciesID=fde77dbddf336d46db18d8846b006795 StaticDependenciesID=cbf994fe8aae8e135dbf018d64a2f62c 
Number of updated asset objects reloaded before import = 0
Number of asset objects unloaded after import = 0
========================================================================
Received Import Request.
  Time of request: 2026-09-01T06:04:46.372574Z
  Time since last request: 0.000432833 seconds.
  importAddress: GUID: 6e14fd328a15a4657bcbc6d62e1adc53 - Path: Packages/com.unity.xr.core-utils/Editor/ProjectValidation/BuildValidator.cs - Importer: ScriptedImporter/UnityEditor.QuickSearchModule:UnityEditor.Search:ASIAI0B
Importing 'GUID: 6e14fd328a15a4657bcbc6d62e1adc53 - Path: Packages/com.unity.xr.core-utils/Editor/ProjectValidation/BuildValidator.cs - Importer: ScriptedImporter/UnityEditor.QuickSearchModule:UnityEditor.Search:ASIAI0B' with importer (ScriptedImporter : UnityEditor.QuickSearchModule:UnityEditor.Search:ASIAI0B)
Imported 'GUID: 6e14fd328a15a4657bcbc6d62e1adc53' -> (Import Result ID: '9d3d2b2ddeddc27b19fc1c1c5baab615') in 0.001 seconds [static and dynamic dependencies]. Details - ImportResultOutputID=c8d117c8aecb2c9ddd397e7b12788f5f DependenciesID=ddb74a2dee94f4c7b35043bdff964a12 StaticDependenciesID=58c6d1a2abb480516068b44289ef1d3e 
Number of updated asset objects reloaded before import = 0
Number of asset objects unloaded after import = 0
========================================================================
Received Import Request.
  Time of request: 2026-09-01T06:04:46.39128Z
  Time since last request: 0.016877959 seconds.
  importAddress: GUID: 9b5a7485d962543458963dd97c8ecc9d - Path: Packages/com.unity.xr.core-utils/LICENSE.md - Importer: ScriptedImporter/UnityEditor.QuickSearchModule:UnityEditor.Search:ASIAI0B
Importing 'GUID: 9b5a7485d962543458963dd97c8ecc9d - Path: Packages/com.unity.xr.core-utils/LICENSE.md - Importer: ScriptedImporter/UnityEditor.QuickSearchModule:UnityEditor.Search:ASIAI0B' with importer (ScriptedImporter : UnityEditor.QuickSearchModule:UnityEditor.Search:ASIAI0B)
Imported 'GUID: 9b5a7485d962543458963dd97c8ecc9d' -> (Import Result ID: '467ec2f43cf5de34d5ab2d2d509324e5') in 0.002 seconds [static and dynamic dependencies]. Details - ImportResultOutputID=bb7b5124cdd36f8d314931574f5943d7 DependenciesID=ebed5430e3a8107b91e6f19d747ca9e2 StaticDependenciesID=308e31c2c1e06b9f340aeac12b776243 
Number of updated asset objects reloaded before import = 0
Number of asset objects unloaded after import = 1
========================================================================
Received Import Request.
  Time of request: 2026-09-01T06:04:46.394186Z
  Time since last request: 0.000705542 seconds.
  importAddress: GUID: e9fff71d49846721fca967fcfc0b2e26 - Path: Packages/com.unity.xr.core-utils - Importer: ScriptedImporter/UnityEditor.QuickSearchModule:UnityEditor.Search:ASIAI0B
Importing 'GUID: e9fff71d49846721fca967fcfc0b2e26 - Path: Packages/com.unity.xr.core-utils - Importer: ScriptedImporter/UnityEditor.QuickSearchModule:UnityEditor.Search:ASIAI0B' with importer (ScriptedImporter : UnityEditor.QuickSearchModule:UnityEditor.Search:ASIAI0B)
Imported 'GUID: e9fff71d49846721fca967fcfc0b2e26' -> (Import Result ID: 'e59ddad25092ea4d68630a7410ea91be') in 0.001 seconds [static and dynamic dependencies]. Details - ImportResultOutputID=6ba7d2fdf9cf72fdc68003a8012d8c9d DependenciesID=6a7ecf3596bbc88ffb2bb628e474dc5b StaticDependenciesID=f1fb9c9d8469f8e2b70992c613cd35e7 
Number of updated asset objects reloaded before import = 0
Number of asset objects unloaded after import = 1
========================================================================
Received Import Request.
  Time of request: 2026-09-01T06:04:46.396816Z
  Time since last request: 0.00118775 seconds.
  importAddress: GUID: af901acbad676d84db5d87585f0dbf1e - Path: Packages/com.unity.xr.core-utils/Editor/CapabilityProfile/Dictionary/Drawers/CapabilityDictionaryDrawer.cs - Importer: ScriptedImporter/UnityEditor.QuickSearchModule:UnityEditor.Search:ASIAI0B
Importing 'GUID: af901acbad676d84db5d87585f0dbf1e - Path: Packages/com.unity.xr.core-utils/Editor/CapabilityProfile/Dictionary/Drawers/CapabilityDictionaryDrawer.cs - Importer: ScriptedImporter/UnityEditor.QuickSearchModule:UnityEditor.Search:ASIAI0B' with importer (ScriptedImporter : UnityEditor.QuickSearchModule:UnityEditor.Search:ASIAI0B)
Imported 'GUID: af901acbad676d84db5d87585f0dbf1e' -> (Import Result ID: 'e983bd5076d0d50b939f02ebb5f0a508') in 0.001 seconds [static and dynamic dependencies]. Details - ImportResultOutputID=1b524a9ee6302df0f8b1c14d9043b04f DependenciesID=cba99d4e001ec1c1b78d4a4b7cf1540b StaticDependenciesID=cffb8921c3223a4682fc5e99fe1d404b 
Number of updated asset objects reloaded before import = 0
Number of asset objects unloaded after import = 0
========================================================================
Received Import Request.
  Time of request: 2026-09-01T06:04:46.39861Z
  Time since last request: 0.000381792 seconds.
  importAddress: GUID: 75c1c810e05bd3543ad1cbdeb096a547 - Path: Packages/com.unity.xr.core-utils/Runtime/CapabilityProfile/Dictionary/ICapabilityModifier.cs - Importer: ScriptedImporter/UnityEditor.QuickSearchModule:UnityEditor.Search:ASIAI0B
Importing 'GUID: 75c1c810e05bd3543ad1cbdeb096a547 - Path: Packages/com.unity.xr.core-utils/Runtime/CapabilityProfile/Dictionary/ICapabilityModifier.cs - Importer: ScriptedImporter/UnityEditor.QuickSearchModule:UnityEditor.Search:ASIAI0B' with importer (ScriptedImporter : UnityEditor.QuickSearchModule:UnityEditor.Search:ASIAI0B)
Imported 'GUID: 75c1c810e05bd3543ad1cbdeb096a547' -> (Import Result ID: 'ccd94e1a434113464f33c923fb4c55cf') in 0.001 seconds [static and dynamic dependencies]. Details - ImportResultOutputID=1a14521b4e51e7a2224bc19a0ab6cc89 DependenciesID=f3724edca57d80f3c2ad780cf7e4c032 StaticDependenciesID=a1e5c9d6310f6a324c24ad47f1926aee 
Number of updated asset objects reloaded before import = 0
Number of asset objects unloaded after import = 0
========================================================================
Received Import Request.
  Time of request: 2026-09-01T06:04:46.400575Z
  Time since last request: 0.000505375 seconds.
  importAddress: GUID: 1e8316be06fc14de489df8224106f81a - Path: Packages/com.unity.xr.core-utils/Tests/Runtime/Scripts/ConvexHullPerformanceTest.cs - Importer: ScriptedImporter/UnityEditor.QuickSearchModule:UnityEditor.Search:ASIAI0B
Importing 'GUID: 1e8316be06fc14de489df8224106f81a - Path: Packages/com.unity.xr.core-utils/Tests/Runtime/Scripts/ConvexHullPerformanceTest.cs - Importer: ScriptedImporter/UnityEditor.QuickSearchModule:UnityEditor.Search:ASIAI0B' with importer (ScriptedImporter : UnityEditor.QuickSearchModule:UnityEditor.Search:ASIAI0B)
Imported 'GUID: 1e8316be06fc14de489df8224106f81a' -> (Import Result ID: '05b86e1759f5bfe52a890719c87893c7') in 0.001 seconds [static and dynamic dependencies]. Details - ImportResultOutputID=efffcb1af253c85aa29e412b8a82d03c DependenciesID=ebf09d4ad5076492f67e923efa519b40 StaticDependenciesID=a239c5bb47e19bf8c98fdd2368aab328 
Number of updated asset objects reloaded before import = 0
Number of asset objects unloaded after import = 0
========================================================================
Received Import Request.
  Time of request: 2026-09-01T06:04:46.402558Z
  Time since last request: 0.000397708 seconds.
  importAddress: GUID: d0771c912c4d7c841b238a454ec571cb - Path: Packages/com.unity.xr.legacyinputhelpers/Editor/ArmModels/TransitionArmModelEditor.cs - Importer: ScriptedImporter/UnityEditor.QuickSearchModule:UnityEditor.Search:ASIAI0B
Importing 'GUID: d0771c912c4d7c841b238a454ec571cb - Path: Packages/com.unity.xr.legacyinputhelpers/Editor/ArmModels/TransitionArmModelEditor.cs - Importer: ScriptedImporter/UnityEditor.QuickSearchModule:UnityEditor.Search:ASIAI0B' with importer (ScriptedImporter : UnityEditor.QuickSearchModule:UnityEditor.Search:ASIAI0B)
Imported 'GUID: d0771c912c4d7c841b238a454ec571cb' -> (Import Result ID: '5f0cfeb18a65011a75417b158b82e6dc') in 0.001 seconds [static and dynamic dependencies]. Details - ImportResultOutputID=f4bdcf9b2d96955bfe9c8b2d4a66bfda DependenciesID=ab5651ab6415f904b16666f1038e7115 StaticDependenciesID=2a77bad2cdcfb854bd8bf6491eeb6713 
Number of updated asset objects reloaded before import = 0
Number of asset objects unloaded after import = 0
========================================================================
Received Import Request.
  Time of request: 2026-09-01T06:04:46.404428Z
  Time since last request: 0.000315333 seconds.
  importAddress: GUID: 7f37fcba894f29247b7b54db297180da - Path: Packages/com.unity.xr.core-utils/Runtime/Datums/StringDatumProperty.cs - Importer: ScriptedImporter/UnityEditor.QuickSearchModule:UnityEditor.Search:ASIAI0B
Importing 'GUID: 7f37fcba894f29247b7b54db297180da - Path: Packages/com.unity.xr.core-utils/Runtime/Datums/StringDatumProperty.cs - Importer: ScriptedImporter/UnityEditor.QuickSearchModule:UnityEditor.Search:ASIAI0B' with importer (ScriptedImporter : UnityEditor.QuickSearchModule:UnityEditor.Search:ASIAI0B)
Imported 'GUID: 7f37fcba894f29247b7b54db297180da' -> (Import Result ID: '6f058db55ea782bf944e9f7a0099c695') in 0.001 seconds [static and dynamic dependencies]. Details - ImportResultOutputID=059546c96213908ae3c1c29dd552214e DependenciesID=d2d85be7ba135f13abe35ebaf33dae08 StaticDependenciesID=22590e4d7ec3f644365bae1e2f98eaa9 
Number of updated asset objects reloaded before import = 0
Number of asset objects unloaded after import = 0
========================================================================
Received Import Request.
  Time of request: 2026-09-01T06:04:46.406001Z
  Time since last request: 0.000327458 seconds.
  importAddress: GUID: 61ff693bbf35149d684ae1e0be75e26f - Path: Packages/com.unity.xr.management/Runtime/XRLoader.cs - Importer: ScriptedImporter/UnityEditor.QuickSearchModule:UnityEditor.Search:ASIAI0B
Importing 'GUID: 61ff693bbf35149d684ae1e0be75e26f - Path: Packages/com.unity.xr.management/Runtime/XRLoader.cs - Importer: ScriptedImporter/UnityEditor.QuickSearchModule:UnityEditor.Search:ASIAI0B' with importer (ScriptedImporter : UnityEditor.QuickSearchModule:UnityEditor.Search:ASIAI0B)
Imported 'GUID: 61ff693bbf35149d684ae1e0be75e26f' -> (Import Result ID: 'e3749e609db682ddf41c6303b20e37c5') in 0.002 seconds [static and dynamic dependencies]. Details - ImportResultOutputID=0405e60180026f788fe0488564aaea61 DependenciesID=bd69b6d815d9713bce461fc872ba8843 StaticDependenciesID=4191af23fc431de78d8e4b95f2ba829f 
Number of updated asset objects reloaded before import = 0
Number of asset objects unloaded after import = 0
========================================================================
Received Import Request.
  Time of request: 2026-09-01T06:04:46.409525Z
  Time since last request: 0.000956 seconds.
  importAddress: GUID: 65d557884ba0048c1b1d6b3c5f28659f - Path: Packages/com.unity.xr.core-utils/Tests/Editor/XRCoreUtilities/EditorPrefsUtilsTests.cs - Importer: ScriptedImporter/UnityEditor.QuickSearchModule:UnityEditor.Search:ASIAI0B
Importing 'GUID: 65d557884ba0048c1b1d6b3c5f28659f - Path: Packages/com.unity.xr.core-utils/Tests/Editor/XRCoreUtilities/EditorPrefsUtilsTests.cs - Importer: ScriptedImporter/UnityEditor.QuickSearchModule:UnityEditor.Search:ASIAI0B' with importer (ScriptedImporter : UnityEditor.QuickSearchModule:UnityEditor.Search:ASIAI0B)
Imported 'GUID: 65d557884ba0048c1b1d6b3c5f28659f' -> (Import Result ID: '7a571508e96388ea15bdbd4b18626a9f') in 0.001 seconds [static and dynamic dependencies]. Details - ImportResultOutputID=f4ae276e53bba379af5d3d1ccaf52aa7 DependenciesID=af2b8b86c9485a752c8efc781e76aa35 StaticDependenciesID=cc9e374e97075fd044f8b752160d65fa 
Number of updated asset objects reloaded before import = 0
Number of asset objects unloaded after import = 0
========================================================================
Received Import Request.
  Time of request: 2026-09-01T06:04:46.411663Z
  Time since last request: 0.000629417 seconds.
  importAddress: GUID: 984d307c8bd75054a9c744cd23efc845 - Path: Packages/com.unity.xr.core-utils/Runtime/Datums/DatumProperty.cs - Importer: ScriptedImporter/UnityEditor.QuickSearchModule:UnityEditor.Search:ASIAI0B
Importing 'GUID: 984d307c8bd75054a9c744cd23efc845 - Path: Packages/com.unity.xr.core-utils/Runtime/Datums/DatumProperty.cs - Importer: ScriptedImporter/UnityEditor.QuickSearchModule:UnityEditor.Search:ASIAI0B' with importer (ScriptedImporter : UnityEditor.QuickSearchModule:UnityEditor.Search:ASIAI0B)
Imported 'GUID: 984d307c8bd75054a9c744cd23efc845' -> (Import Result ID: '554851d47a6242a4f961e4c4f4a76671') in 0.001 seconds [static and dynamic dependencies]. Details - ImportResultOutputID=62c8f9ed0f0d08b670058b00e23d09d3 DependenciesID=fb9d0fbbbd977c0577803c29c1e70cea StaticDependenciesID=844da0829d9f6bbcaa6fcea1cf984b54 
Number of updated asset objects reloaded before import = 0
Number of asset objects unloaded after import = 0
========================================================================
Received Import Request.
  Time of request: 2026-09-01T06:04:46.413502Z
  Time since last request: 0.000337792 seconds.
  importAddress: GUID: 002ffe0877a03b443a74a3358a79b7c3 - Path: Packages/com.unity.xr.core-utils/Runtime/Datums/IntDatumProperty.cs - Importer: ScriptedImporter/UnityEditor.QuickSearchModule:UnityEditor.Search:ASIAI0B
Importing 'GUID: 002ffe0877a03b443a74a3358a79b7c3 - Path: Packages/com.unity.xr.core-utils/Runtime/Datums/IntDatumProperty.cs - Importer: ScriptedImporter/UnityEditor.QuickSearchModule:UnityEditor.Search:ASIAI0B' with importer (ScriptedImporter : UnityEditor.QuickSearchModule:UnityEditor.Search:ASIAI0B)
Imported 'GUID: 002ffe0877a03b443a74a3358a79b7c3' -> (Import Result ID: 'ce94cbbf92ed05618a6fbc14bf4a5e8c') in 0.001 seconds [static and dynamic dependencies]. Details - ImportResultOutputID=9e1f6c0c0dc168651a8db127763d8947 DependenciesID=26c6489db93b148bdd448327e31a55ba StaticDependenciesID=5a6e30c7641c806f35f5d779c1bb64ec 
Number of updated asset objects reloaded before import = 0
Number of asset objects unloaded after import = 0
========================================================================
Received Import Request.
  Time of request: 2026-09-01T06:04:46.41545Z
  Time since last request: 0.000382625 seconds.
  importAddress: GUID: 0bcb0a0c70d1bbe419964a5935a83745 - Path: Packages/com.unity.xr.legacyinputhelpers/Tests/Editor/SeedXRInputBindings/SeedXRInputBindingsTests.cs - Importer: ScriptedImporter/UnityEditor.QuickSearchModule:UnityEditor.Search:ASIAI0B
Importing 'GUID: 0bcb0a0c70d1bbe419964a5935a83745 - Path: Packages/com.unity.xr.legacyinputhelpers/Tests/Editor/SeedXRInputBindings/SeedXRInputBindingsTests.cs - Importer: ScriptedImporter/UnityEditor.QuickSearchModule:UnityEditor.Search:ASIAI0B' with importer (ScriptedImporter : UnityEditor.QuickSearchModule:UnityEditor.Search:ASIAI0B)
Imported 'GUID: 0bcb0a0c70d1bbe419964a5935a83745' -> (Import Result ID: 'c823b64ff2b1a484f2679836c8128d9e') in 0.001 seconds [static and dynamic dependencies]. Details - ImportResultOutputID=0356403cc8db65e6b28a25bd27fca12f DependenciesID=d8ec010e5275801b4d3e54e07c1403b9 StaticDependenciesID=fe740169b8cd2682688415144cfbe553 
Number of updated asset objects reloaded before import = 0
Number of asset objects unloaded after import = 0
========================================================================
Received Import Request.
  Time of request: 2026-09-01T06:04:46.417217Z
  Time since last request: 0.000510459 seconds.
  importAddress: GUID: 28c5e819ece8a0746abb16dc5aa91f44 - Path: Packages/com.unity.xr.legacyinputhelpers/Runtime/UnityEngine.XR.LegacyInputHelpers.asmdef - Importer: ScriptedImporter/UnityEditor.QuickSearchModule:UnityEditor.Search:ASIAI0B
Importing 'GUID: 28c5e819ece8a0746abb16dc5aa91f44 - Path: Packages/com.unity.xr.legacyinputhelpers/Runtime/UnityEngine.XR.LegacyInputHelpers.asmdef - Importer: ScriptedImporter/UnityEditor.QuickSearchModule:UnityEditor.Search:ASIAI0B' with importer (ScriptedImporter : UnityEditor.QuickSearchModule:UnityEditor.Search:ASIAI0B)
Imported 'GUID: 28c5e819ece8a0746abb16dc5aa91f44' -> (Import Result ID: 'be3407e94c2fb82d618a9858a71a44aa') in 0.001 seconds [static and dynamic dependencies]. Details - ImportResultOutputID=56898e911add0ebd4f090cbc05d1cb08 DependenciesID=ca07eb28b69532bfd14e50ababd358aa StaticDependenciesID=ddb917ac2d25e4366b25cc9629255e8c 
Number of updated asset objects reloaded before import = 0
Number of asset objects unloaded after import = 1
========================================================================
Received Import Request.
  Time of request: 2026-09-01T06:04:46.419339Z
  Time since last request: 0.00066725 seconds.
  importAddress: GUID: b515c4e6a4ca71643b0e830024fe733f - Path: Packages/com.unity.xr.legacyinputhelpers/Tests/Runtime/TrackedPoseDriver - Importer: ScriptedImporter/UnityEditor.QuickSearchModule:UnityEditor.Search:ASIAI0B
Importing 'GUID: b515c4e6a4ca71643b0e830024fe733f - Path: Packages/com.unity.xr.legacyinputhelpers/Tests/Runtime/TrackedPoseDriver - Importer: ScriptedImporter/UnityEditor.QuickSearchModule:UnityEditor.Search:ASIAI0B' with importer (ScriptedImporter : UnityEditor.QuickSearchModule:UnityEditor.Search:ASIAI0B)
Imported 'GUID: b515c4e6a4ca71643b0e830024fe733f' -> (Import Result ID: 'db077184465905c17ad08cb86750dc71') in 0.002 seconds [static and dynamic dependencies]. Details - ImportResultOutputID=48a8ff6e617ab8b73ed8d8968c2fa04a DependenciesID=d2d03abf62930a10c2dc20e0d7752c36 StaticDependenciesID=428e3abb098859cd6ac6d143859954e0 
Number of updated asset objects reloaded before import = 0
Number of asset objects unloaded after import = 1
========================================================================
Received Import Request.
  Time of request: 2026-09-01T06:04:46.422063Z
  Time since last request: 0.000380667 seconds.
  importAddress: GUID: f9facd22a8f5b48648dab827bbd89ab7 - Path: Packages/com.unity.xr.core-utils/Runtime/SerializableGuid.cs - Importer: ScriptedImporter/UnityEditor.QuickSearchModule:UnityEditor.Search:ASIAI0B
Importing 'GUID: f9facd22a8f5b48648dab827bbd89ab7 - Path: Packages/com.unity.xr.core-utils/Runtime/SerializableGuid.cs - Importer: ScriptedImporter/UnityEditor.QuickSearchModule:UnityEditor.Search:ASIAI0B' with importer (ScriptedImporter : UnityEditor.QuickSearchModule:UnityEditor.Search:ASIAI0B)
Imported 'GUID: f9facd22a8f5b48648dab827bbd89ab7' -> (Import Result ID: 'cf71ad340f17d8ec84392ce1d49f6f85') in 0.001 seconds [static and dynamic dependencies]. Details - ImportResultOutputID=7c62e3a8468a823d23c241171ac49a3b DependenciesID=c822ac4d4201591e38a8c0e5b6842d2f StaticDependenciesID=cf3a285ac08adc54a33568e4b589031d 
Number of updated asset objects reloaded before import = 0
Number of asset objects unloaded after import = 0
========================================================================
Received Import Request.
  Time of request: 2026-09-01T06:04:46.424366Z
  Time since last request: 0.000494584 seconds.
  importAddress: GUID: b7d676d740a0644c0870d6d689136546 - Path: Packages/com.unity.xr.management/Editor/XRSettingsManager.cs - Importer: ScriptedImporter/UnityEditor.QuickSearchModule:UnityEditor.Search:ASIAI0B
Importing 'GUID: b7d676d740a0644c0870d6d689136546 - Path: Packages/com.unity.xr.management/Editor/XRSettingsManager.cs - Importer: ScriptedImporter/UnityEditor.QuickSearchModule:UnityEditor.Search:ASIAI0B' with importer (ScriptedImporter : UnityEditor.QuickSearchModule:UnityEditor.Search:ASIAI0B)
Imported 'GUID: b7d676d740a0644c0870d6d689136546' -> (Import Result ID: 'cef37967aab21cec136f8673c2a6248f') in 0.001 seconds [static and dynamic dependencies]. Details - ImportResultOutputID=03dcdd16ccb56aa8821bb4ad4ca19cef DependenciesID=561d735c1ec92f482ef4707fb9d29f57 StaticDependenciesID=45222f935efa6a1bb304b5a5daf609b4 
Number of updated asset objects reloaded before import = 0
Number of asset objects unloaded after import = 0
========================================================================
Received Import Request.
  Time of request: 2026-09-01T06:04:46.426329Z
  Time since last request: 0.000419958 seconds.
  importAddress: GUID: a5d4a182a315c1e499859f6879113727 - Path: Packages/com.unity.xr.legacyinputhelpers/Runtime - Importer: ScriptedImporter/UnityEditor.QuickSearchModule:UnityEditor.Search:ASIAI0B
Importing 'GUID: a5d4a182a315c1e499859f6879113727 - Path: Packages/com.unity.xr.legacyinputhelpers/Runtime - Importer: ScriptedImporter/UnityEditor.QuickSearchModule:UnityEditor.Search:ASIAI0B' with importer (ScriptedImporter : UnityEditor.QuickSearchModule:UnityEditor.Search:ASIAI0B)
Imported 'GUID: a5d4a182a315c1e499859f6879113727' -> (Import Result ID: '4e5d636242f20e8144dbaeb0d39e7dff') in 0.001 seconds [static and dynamic dependencies]. Details - ImportResultOutputID=0656e1c747b3bb298bc157c10c0f4f34 DependenciesID=d049d459ad2a7fd0c283ae31e291258b StaticDependenciesID=6c7e21e58a1c63183472625c3a457364 
Number of updated asset objects reloaded before import = 0
Number of asset objects unloaded after import = 1
========================================================================
Received Import Request.
  Time of request: 2026-09-01T06:04:46.428106Z
  Time since last request: 0.000434417 seconds.
  importAddress: GUID: 67a68ebc4eeae4a34a9879d0a2a39af0 - Path: Packages/com.unity.xr.core-utils/Tests/Runtime/Scripts/PerformanceTest.cs - Importer: ScriptedImporter/UnityEditor.QuickSearchModule:UnityEditor.Search:ASIAI0B
Importing 'GUID: 67a68ebc4eeae4a34a9879d0a2a39af0 - Path: Packages/com.unity.xr.core-utils/Tests/Runtime/Scripts/PerformanceTest.cs - Importer: ScriptedImporter/UnityEditor.QuickSearchModule:UnityEditor.Search:ASIAI0B' with importer (ScriptedImporter : UnityEditor.QuickSearchModule:UnityEditor.Search:ASIAI0B)
Imported 'GUID: 67a68ebc4eeae4a34a9879d0a2a39af0' -> (Import Result ID: '1f365dcfbbe0c573ed8306b93b872b83') in 0.001 seconds [static and dynamic dependencies]. Details - ImportResultOutputID=d1a63ca60520412f6e72cbb6b1970778 DependenciesID=d7258e29b37ebc932e61e91e533714c3 StaticDependenciesID=e1fd8cdce7c663143961304481876027 
Number of updated asset objects reloaded before import = 0
Number of asset objects unloaded after import = 0
========================================================================
Received Import Request.
  Time of request: 2026-09-01T06:04:46.43015Z
  Time since last request: 0.00042925 seconds.
  importAddress: GUID: f577664f1ba8434a876fdf9f2a2f9edc - Path: Packages/com.unity.xr.core-utils/Runtime/Bindings/IEventBinding.cs - Importer: ScriptedImporter/UnityEditor.QuickSearchModule:UnityEditor.Search:ASIAI0B
Importing 'GUID: f577664f1ba8434a876fdf9f2a2f9edc - Path: Packages/com.unity.xr.core-utils/Runtime/Bindings/IEventBinding.cs - Importer: ScriptedImporter/UnityEditor.QuickSearchModule:UnityEditor.Search:ASIAI0B' with importer (ScriptedImporter : UnityEditor.QuickSearchModule:UnityEditor.Search:ASIAI0B)
Imported 'GUID: f577664f1ba8434a876fdf9f2a2f9edc' -> (Import Result ID: '5d691546db69989376217e02af305484') in 0.001 seconds [static and dynamic dependencies]. Details - ImportResultOutputID=bdb042aa79b2cbde8638747e19b18a76 DependenciesID=b468cf4b6ba98f87520afeb9a01fc370 StaticDependenciesID=8efe12ea0af3985e9921e5305efd9adb 
Number of updated asset objects reloaded before import = 0
Number of asset objects unloaded after import = 0
========================================================================
Received Import Request.
  Time of request: 2026-09-01T06:04:46.431892Z
  Time since last request: 0.000420625 seconds.
  importAddress: GUID: aa70bf7c71d21fb49a07d18b125201cf - Path: Packages/com.unity.xr.core-utils/Runtime/Datums/AnimationCurveDatum.cs - Importer: ScriptedImporter/UnityEditor.QuickSearchModule:UnityEditor.Search:ASIAI0B
Importing 'GUID: aa70bf7c71d21fb49a07d18b125201cf - Path: Packages/com.unity.xr.core-utils/Runtime/Datums/AnimationCurveDatum.cs - Importer: ScriptedImporter/UnityEditor.QuickSearchModule:UnityEditor.Search:ASIAI0B' with importer (ScriptedImporter : UnityEditor.QuickSearchModule:UnityEditor.Search:ASIAI0B)
Imported 'GUID: aa70bf7c71d21fb49a07d18b125201cf' -> (Import Result ID: 'd685cda8e45bafabd33546c0530aa25e') in 0.001 seconds [static and dynamic dependencies]. Details - ImportResultOutputID=81d266de605a8175fb5fd9e12c08fae1 DependenciesID=4b4d80e5cdd9231f8b9077348432467d StaticDependenciesID=f53340127678b18c7da7a80144c9b7de 
Number of updated asset objects reloaded before import = 0
Number of asset objects unloaded after import = 0
========================================================================
Received Import Request.
  Time of request: 2026-09-01T06:04:46.434463Z
  Time since last request: 0.00126175 seconds.
  importAddress: GUID: c536cb714a8a9e84cb16ecf0330eea40 - Path: Packages/com.unity.xr.management/Tests/TestPackage/Editor/Uniyt.XR.Management.TestPackage.Editor.asmdef - Importer: ScriptedImporter/UnityEditor.QuickSearchModule:UnityEditor.Search:ASIAI0B
Importing 'GUID: c536cb714a8a9e84cb16ecf0330eea40 - Path: Packages/com.unity.xr.management/Tests/TestPackage/Editor/Uniyt.XR.Management.TestPackage.Editor.asmdef - Importer: ScriptedImporter/UnityEditor.QuickSearchModule:UnityEditor.Search:ASIAI0B' with importer (ScriptedImporter : UnityEditor.QuickSearchModule:UnityEditor.Search:ASIAI0B)
Imported 'GUID: c536cb714a8a9e84cb16ecf0330eea40' -> (Import Result ID: '19716f04fe1f454c3a3d666647ea177f') in 0.002 seconds [static and dynamic dependencies]. Details - ImportResultOutputID=c3198468717b3c2e4ae0f3328c096105 DependenciesID=5ae3ce390202945638711ad4a41df40a StaticDependenciesID=0bc960ca2f1a8d413765a40596e026f6 
Number of updated asset objects reloaded before import = 0
Number of asset objects unloaded after import = 1
========================================================================
Received Import Request.
  Time of request: 2026-09-01T06:04:46.437164Z
  Time since last request: 0.000380542 seconds.
  importAddress: GUID: 3b45a81d07011564297a01edd9f8bbfb - Path: Packages/com.unity.xr.management/Editor/AndroidManifest/IAndroidManifestRequirementProvider.cs - Importer: ScriptedImporter/UnityEditor.QuickSearchModule:UnityEditor.Search:ASIAI0B
Importing 'GUID: 3b45a81d07011564297a01edd9f8bbfb - Path: Packages/com.unity.xr.management/Editor/AndroidManifest/IAndroidManifestRequirementProvider.cs - Importer: ScriptedImporter/UnityEditor.QuickSearchModule:UnityEditor.Search:ASIAI0B' with importer (ScriptedImporter : UnityEditor.QuickSearchModule:UnityEditor.Search:ASIAI0B)
Imported 'GUID: 3b45a81d07011564297a01edd9f8bbfb' -> (Import Result ID: 'af35823e10a5d48e0c5cf40401a2b0b7') in 0.001 seconds [static and dynamic dependencies]. Details - ImportResultOutputID=f44d0fd9f9f5d576f0ca9e242ed26ef1 DependenciesID=9cfe9730e21ac46accc6fa04f7a18cd2 StaticDependenciesID=f9d9b5f687d86a0f906f59ab31759ba5 
Number of updated asset objects reloaded before import = 0
Number of asset objects unloaded after import = 0
========================================================================
Received Import Request.
  Time of request: 2026-09-01T06:04:46.439233Z
  Time since last request: 0.0006465 seconds.
  importAddress: GUID: 42e3aee306e61d04e86b1f31768ef309 - Path: Packages/com.unity.xr.management/Tests/TestPackage/Editor/TestSettingsEditor.cs - Importer: ScriptedImporter/UnityEditor.QuickSearchModule:UnityEditor.Search:ASIAI0B
Importing 'GUID: 42e3aee306e61d04e86b1f31768ef309 - Path: Packages/com.unity.xr.management/Tests/TestPackage/Editor/TestSettingsEditor.cs - Importer: ScriptedImporter/UnityEditor.QuickSearchModule:UnityEditor.Search:ASIAI0B' with importer (ScriptedImporter : UnityEditor.QuickSearchModule:UnityEditor.Search:ASIAI0B)
Imported 'GUID: 42e3aee306e61d04e86b1f31768ef309' -> (Import Result ID: '9e26f86616814b247f4ec095f927054a') in 0.001 seconds [static and dynamic dependencies]. Details - ImportResultOutputID=b1bed8544f330e8553c7b8d07c9af7eb DependenciesID=294dc7718055a45b2d2f29476b3c8724 StaticDependenciesID=e62c4511682837985073fb77dfb919e7 
Number of updated asset objects reloaded before import = 0
Number of asset objects unloaded after import = 0
========================================================================
Received Import Request.
  Time of request: 2026-09-01T06:04:46.441743Z
  Time since last request: 0.000610708 seconds.
  importAddress: GUID: b0982f2bf87a64f6cb14b6dcfaf98172 - Path: Packages/com.unity.xr.core-utils/Runtime/Attributes/EnumDisplayAttribute.cs - Importer: ScriptedImporter/UnityEditor.QuickSearchModule:UnityEditor.Search:ASIAI0B
Importing 'GUID: b0982f2bf87a64f6cb14b6dcfaf98172 - Path: Packages/com.unity.xr.core-utils/Runtime/Attributes/EnumDisplayAttribute.cs - Importer: ScriptedImporter/UnityEditor.QuickSearchModule:UnityEditor.Search:ASIAI0B' with importer (ScriptedImporter : UnityEditor.QuickSearchModule:UnityEditor.Search:ASIAI0B)
Imported 'GUID: b0982f2bf87a64f6cb14b6dcfaf98172' -> (Import Result ID: '0c32ac9cff72929b23b01ccbb1b65d72') in 0.001 seconds [static and dynamic dependencies]. Details - ImportResultOutputID=2f7fa29c5d9ab45ca3b061acb9ae377a DependenciesID=5b60e0eea1f50958e3a7dfdff4ca916a StaticDependenciesID=719b3736851925067d56a2ce6c030566 
Number of updated asset objects reloaded before import = 0
Number of asset objects unloaded after import = 0
========================================================================
Received Import Request.
  Time of request: 2026-09-01T06:04:46.443777Z
  Time since last request: 0.00059825 seconds.
  importAddress: GUID: 098853f3489c04278bef1a06822fe5fa - Path: Packages/com.unity.xr.core-utils/Tests/Editor/XRCoreUtilities/Vector2ExtensionsTests.cs - Importer: ScriptedImporter/UnityEditor.QuickSearchModule:UnityEditor.Search:ASIAI0B
Importing 'GUID: 098853f3489c04278bef1a06822fe5fa - Path: Packages/com.unity.xr.core-utils/Tests/Editor/XRCoreUtilities/Vector2ExtensionsTests.cs - Importer: ScriptedImporter/UnityEditor.QuickSearchModule:UnityEditor.Search:ASIAI0B' with importer (ScriptedImporter : UnityEditor.QuickSearchModule:UnityEditor.Search:ASIAI0B)
Imported 'GUID: 098853f3489c04278bef1a06822fe5fa' -> (Import Result ID: 'f4c4a4262c8471af0bac19c8916c515b') in 0.001 seconds [static and dynamic dependencies]. Details - ImportResultOutputID=524e9c6033183f4075fe7544fe5daa9c DependenciesID=8edf10360521d86c6f5bf03b61a53839 StaticDependenciesID=686d36297a1dffa5a4170bf3bf530580 
Number of updated asset objects reloaded before import = 0
Number of asset objects unloaded after import = 0
========================================================================
Received Import Request.
  Time of request: 2026-09-01T06:04:46.44566Z
  Time since last request: 0.000357416 seconds.
  importAddress: GUID: c508ce3f09190004f9ac23ebb52be024 - Path: Packages/com.unity.xr.core-utils/Editor/CapabilityProfile/Dictionary - Importer: ScriptedImporter/UnityEditor.QuickSearchModule:UnityEditor.Search:ASIAI0B
Importing 'GUID: c508ce3f09190004f9ac23ebb52be024 - Path: Packages/com.unity.xr.core-utils/Editor/CapabilityProfile/Dictionary - Importer: ScriptedImporter/UnityEditor.QuickSearchModule:UnityEditor.Search:ASIAI0B' with importer (ScriptedImporter : UnityEditor.QuickSearchModule:UnityEditor.Search:ASIAI0B)
Imported 'GUID: c508ce3f09190004f9ac23ebb52be024' -> (Import Result ID: '90ab5d0ebe401ac9b1abc63fe919a24d') in 0.001 seconds [static and dynamic dependencies]. Details - ImportResultOutputID=96a7d804baa46f1d8e1ee227f38a9342 DependenciesID=8d72bbe8e322254b6f680a02b9966647 StaticDependenciesID=1525a97fcceb917c9cafd5e3d478de68 
Number of updated asset objects reloaded before import = 0
Number of asset objects unloaded after import = 1
========================================================================
Received Import Request.
  Time of request: 2026-09-01T06:04:46.44728Z
  Time since last request: 0.000353208 seconds.
  importAddress: GUID: 53934dfb266064225a96fe928fdcd3b3 - Path: Packages/com.unity.xr.management/Tests/Runtime/DummyLoader.cs - Importer: ScriptedImporter/UnityEditor.QuickSearchModule:UnityEditor.Search:ASIAI0B
Importing 'GUID: 53934dfb266064225a96fe928fdcd3b3 - Path: Packages/com.unity.xr.management/Tests/Runtime/DummyLoader.cs - Importer: ScriptedImporter/UnityEditor.QuickSearchModule:UnityEditor.Search:ASIAI0B' with importer (ScriptedImporter : UnityEditor.QuickSearchModule:UnityEditor.Search:ASIAI0B)
Imported 'GUID: 53934dfb266064225a96fe928fdcd3b3' -> (Import Result ID: 'b9971037ad659376b9c75245d1480c66') in 0.001 seconds [static and dynamic dependencies]. Details - ImportResultOutputID=c3e066bc476618e21c47ab1274d4841c DependenciesID=43afc00a4078e1af07c0020443095301 StaticDependenciesID=858f8a51d09516ff42f1d8d5a08f5a06 
Number of updated asset objects reloaded before import = 0
Number of asset objects unloaded after import = 0
========================================================================
Received Import Request.
  Time of request: 2026-09-01T06:04:46.449045Z
  Time since last request: 0.000463708 seconds.
  importAddress: GUID: c0846fda49134663b02573c8f4a18a82 - Path: Packages/com.unity.xr.core-utils/Tests/Runtime/AssemblyInfo.cs - Importer: ScriptedImporter/UnityEditor.QuickSearchModule:UnityEditor.Search:ASIAI0B
Importing 'GUID: c0846fda49134663b02573c8f4a18a82 - Path: Packages/com.unity.xr.core-utils/Tests/Runtime/AssemblyInfo.cs - Importer: ScriptedImporter/UnityEditor.QuickSearchModule:UnityEditor.Search:ASIAI0B' with importer (ScriptedImporter : UnityEditor.QuickSearchModule:UnityEditor.Search:ASIAI0B)
Imported 'GUID: c0846fda49134663b02573c8f4a18a82' -> (Import Result ID: 'dc6f063aadabdfe65d95b3a2bda55f3a') in 0.001 seconds [static and dynamic dependencies]. Details - ImportResultOutputID=d54fa8059bf587642f0d827376115785 DependenciesID=c44cfbdf7cf8d8b15577d2959f25e109 StaticDependenciesID=fd11953d8dcfa3f63b9be748ce38f068 
Number of updated asset objects reloaded before import = 0
Number of asset objects unloaded after import = 0
========================================================================
Received Import Request.
  Time of request: 2026-09-01T06:04:46.4515Z
  Time since last request: 0.000440167 seconds.
  importAddress: GUID: f0305cc2e0f5149e3827573007028c6a - Path: Packages/com.unity.xr.core-utils/Tests/Editor/XRCoreUtilities/TransformExtensionsTests.cs - Importer: ScriptedImporter/UnityEditor.QuickSearchModule:UnityEditor.Search:ASIAI0B
Importing 'GUID: f0305cc2e0f5149e3827573007028c6a - Path: Packages/com.unity.xr.core-utils/Tests/Editor/XRCoreUtilities/TransformExtensionsTests.cs - Importer: ScriptedImporter/UnityEditor.QuickSearchModule:UnityEditor.Search:ASIAI0B' with importer (ScriptedImporter : UnityEditor.QuickSearchModule:UnityEditor.Search:ASIAI0B)
Imported 'GUID: f0305cc2e0f5149e3827573007028c6a' -> (Import Result ID: '9f947ffa7a4496e3d5e30e8cf9e4a75a') in 0.001 seconds [static and dynamic dependencies]. Details - ImportResultOutputID=c6366f0862d999b68b4d4bcb269bac50 DependenciesID=77d0a7b38f722d93f05a1780bebfb69b StaticDependenciesID=da0ac12f459af4e576724f83d4adc5d5 
Number of updated asset objects reloaded before import = 0
Number of asset objects unloaded after import = 0
========================================================================
Received Import Request.
  Time of request: 2026-09-01T06:04:46.453526Z
  Time since last request: 0.000406958 seconds.
  importAddress: GUID: 137bb8f5b17af48ffa9ae0d2b21004fb - Path: Packages/com.unity.xr.core-utils/Tests/Editor/XRCoreUtilities - Importer: ScriptedImporter/UnityEditor.QuickSearchModule:UnityEditor.Search:ASIAI0B
Importing 'GUID: 137bb8f5b17af48ffa9ae0d2b21004fb - Path: Packages/com.unity.xr.core-utils/Tests/Editor/XRCoreUtilities - Importer: ScriptedImporter/UnityEditor.QuickSearchModule:UnityEditor.Search:ASIAI0B' with importer (ScriptedImporter : UnityEditor.QuickSearchModule:UnityEditor.Search:ASIAI0B)
Imported 'GUID: 137bb8f5b17af48ffa9ae0d2b21004fb' -> (Import Result ID: '264563b99c28f2efd07715790cdcbbdd') in 0.001 seconds [static and dynamic dependencies]. Details - ImportResultOutputID=4bca3b562fa8a3aa7434f1e601c11293 DependenciesID=ae292b80554d2f14030d255ad2a8b437 StaticDependenciesID=bf5478f46eeb8266575a8c1710f3cd6d 
Number of updated asset objects reloaded before import = 0
Number of asset objects unloaded after import = 1
========================================================================
Received Import Request.
  Time of request: 2026-09-01T06:04:46.455658Z
  Time since last request: 0.000453333 seconds.
  importAddress: GUID: 57a021d9ff05c6f4588567ea353dee33 - Path: Packages/com.unity.xr.management/Tests/TestTooling/LoaderTestSetup.cs - Importer: ScriptedImporter/UnityEditor.QuickSearchModule:UnityEditor.Search:ASIAI0B
Importing 'GUID: 57a021d9ff05c6f4588567ea353dee33 - Path: Packages/com.unity.xr.management/Tests/TestTooling/LoaderTestSetup.cs - Importer: ScriptedImporter/UnityEditor.QuickSearchModule:UnityEditor.Search:ASIAI0B' with importer (ScriptedImporter : UnityEditor.QuickSearchModule:UnityEditor.Search:ASIAI0B)
Imported 'GUID: 57a021d9ff05c6f4588567ea353dee33' -> (Import Result ID: '2864a8ab0be858c87abf81115bfa195f') in 0.001 seconds [static and dynamic dependencies]. Details - ImportResultOutputID=b8254ee0cf8afd17647ca368d4c943be DependenciesID=17af1a43f4f71cace7c5d27b3207663c StaticDependenciesID=3446ba0475b01474a1c67f8b65bbd414 
Number of updated asset objects reloaded before import = 0
Number of asset objects unloaded after import = 0
========================================================================
Received Import Request.
  Time of request: 2026-09-01T06:04:46.45766Z
  Time since last request: 0.000537792 seconds.
  importAddress: GUID: dda6a4ae198ab2643bd0c72cb8b3f51c - Path: Packages/com.unity.xr.management/Tests/TestPackage/Runtime/TestLoaderBase.cs - Importer: ScriptedImporter/UnityEditor.QuickSearchModule:UnityEditor.Search:ASIAI0B
Importing 'GUID: dda6a4ae198ab2643bd0c72cb8b3f51c - Path: Packages/com.unity.xr.management/Tests/TestPackage/Runtime/TestLoaderBase.cs - Importer: ScriptedImporter/UnityEditor.QuickSearchModule:UnityEditor.Search:ASIAI0B' with importer (ScriptedImporter : UnityEditor.QuickSearchModule:UnityEditor.Search:ASIAI0B)
Imported 'GUID: dda6a4ae198ab2643bd0c72cb8b3f51c' -> (Import Result ID: '09186ad6dd569b27c545054779032635') in 0.001 seconds [static and dynamic dependencies]. Details - ImportResultOutputID=2a91e60c15231a2215520dbca3d20fba DependenciesID=09e0601efb05f11ad485517f8c623dcb StaticDependenciesID=f53261e07027425de91c3517ed76ba93 
Number of updated asset objects reloaded before import = 0
Number of asset objects unloaded after import = 0
========================================================================
Received Import Request.
  Time of request: 2026-09-01T06:04:46.459795Z
  Time since last request: 0.000434667 seconds.
  importAddress: GUID: c116b7497ab8ca34c9188965d4295e27 - Path: Packages/com.unity.xr.legacyinputhelpers/Prefabs/XRRig.prefab - Importer: ScriptedImporter/UnityEditor.QuickSearchModule:UnityEditor.Search:ASIAI0B
Importing 'GUID: c116b7497ab8ca34c9188965d4295e27 - Path: Packages/com.unity.xr.legacyinputhelpers/Prefabs/XRRig.prefab - Importer: ScriptedImporter/UnityEditor.QuickSearchModule:UnityEditor.Search:ASIAI0B' with importer (ScriptedImporter : UnityEditor.QuickSearchModule:UnityEditor.Search:ASIAI0B)
Imported 'GUID: c116b7497ab8ca34c9188965d4295e27' -> (Import Result ID: 'f7580d586c18323f0a67dcf586e74e38') in 0.009 seconds [static and dynamic dependencies]. Details - ImportResultOutputID=65d41eca38bcff358679d26db05838f0 DependenciesID=c2ef4d6a6b6b16de7c9529672af239f3 StaticDependenciesID=3d6e46564bd0afd5774fd28d128b4ad4 
Number of updated asset objects reloaded before import = 0
Number of asset objects unloaded after import = 11
========================================================================
Received Import Request.
  Time of request: 2026-09-01T06:04:46.469691Z
  Time since last request: 0.000472292 seconds.
  importAddress: GUID: 0d622ec83e4f54b6596923435a4bba8b - Path: Packages/com.unity.xr.management/Editor/XRManagerEditor.cs - Importer: ScriptedImporter/UnityEditor.QuickSearchModule:UnityEditor.Search:ASIAI0B
Importing 'GUID: 0d622ec83e4f54b6596923435a4bba8b - Path: Packages/com.unity.xr.management/Editor/XRManagerEditor.cs - Importer: ScriptedImporter/UnityEditor.QuickSearchModule:UnityEditor.Search:ASIAI0B' with importer (ScriptedImporter : UnityEditor.QuickSearchModule:UnityEditor.Search:ASIAI0B)
Imported 'GUID: 0d622ec83e4f54b6596923435a4bba8b' -> (Import Result ID: '7563119a2abf37a905a0ce8fb2414f6a') in 0.001 seconds [static and dynamic dependencies]. Details - ImportResultOutputID=aeaf2e419edf4aab514cb74367c58717 DependenciesID=db5756152f243c6a1b045922bb8bd478 StaticDependenciesID=b9208f8056e196bd926cc8727e69c15d 
Number of updated asset objects reloaded before import = 0
Number of asset objects unloaded after import = 0
========================================================================
Received Import Request.
  Time of request: 2026-09-01T06:04:46.471792Z
  Time since last request: 0.000469625 seconds.
  importAddress: GUID: de630d32a5256c747a7c22715ff7e160 - Path: Packages/com.unity.xr.core-utils/Editor/Analytics - Importer: ScriptedImporter/UnityEditor.QuickSearchModule:UnityEditor.Search:ASIAI0B
Importing 'GUID: de630d32a5256c747a7c22715ff7e160 - Path: Packages/com.unity.xr.core-utils/Editor/Analytics - Importer: ScriptedImporter/UnityEditor.QuickSearchModule:UnityEditor.Search:ASIAI0B' with importer (ScriptedImporter : UnityEditor.QuickSearchModule:UnityEditor.Search:ASIAI0B)
Imported 'GUID: de630d32a5256c747a7c22715ff7e160' -> (Import Result ID: 'b3a5d8212cd30d1eb5f87a960fcf89ad') in 0.001 seconds [static and dynamic dependencies]. Details - ImportResultOutputID=479101324550b6bfed0a11c22e36d326 DependenciesID=9524e8659a7beceffe9f675e89f4c42e StaticDependenciesID=c4c1c18857e8f36d292bffc0bfe45c22 
Number of updated asset objects reloaded before import = 0
Number of asset objects unloaded after import = 1
========================================================================
Received Import Request.
  Time of request: 2026-09-01T06:04:46.473957Z
  Time since last request: 0.000453792 seconds.
  importAddress: GUID: 15419879c32f35149b150d58e2d47a6f - Path: Packages/com.unity.xr.management/Tests/TestPackage/Runtime/Constants.cs - Importer: ScriptedImporter/UnityEditor.QuickSearchModule:UnityEditor.Search:ASIAI0B
Importing 'GUID: 15419879c32f35149b150d58e2d47a6f - Path: Packages/com.unity.xr.management/Tests/TestPackage/Runtime/Constants.cs - Importer: ScriptedImporter/UnityEditor.QuickSearchModule:UnityEditor.Search:ASIAI0B' with importer (ScriptedImporter : UnityEditor.QuickSearchModule:UnityEditor.Search:ASIAI0B)
Imported 'GUID: 15419879c32f35149b150d58e2d47a6f' -> (Import Result ID: '56eff097896273520305ab8bde766346') in 0.001 seconds [static and dynamic dependencies]. Details - ImportResultOutputID=5837bea090bd0bd69755c88590ee25c7 DependenciesID=cc3a61e06ab4653b775017ffc7e07fd1 StaticDependenciesID=ab14378ec3871352b1ae4964752e54a1 
Number of updated asset objects reloaded before import = 0
Number of asset objects unloaded after import = 0
========================================================================
Received Import Request.
  Time of request: 2026-09-01T06:04:46.4757Z
  Time since last request: 0.000325375 seconds.
  importAddress: GUID: 7a4a436f8d8c5c341958531231759e0d - Path: Packages/com.unity.xr.legacyinputhelpers/Tests/Editor - Importer: ScriptedImporter/UnityEditor.QuickSearchModule:UnityEditor.Search:ASIAI0B
Importing 'GUID: 7a4a436f8d8c5c341958531231759e0d - Path: Packages/com.unity.xr.legacyinputhelpers/Tests/Editor - Importer: ScriptedImporter/UnityEditor.QuickSearchModule:UnityEditor.Search:ASIAI0B' with importer (ScriptedImporter : UnityEditor.QuickSearchModule:UnityEditor.Search:ASIAI0B)
Imported 'GUID: 7a4a436f8d8c5c341958531231759e0d' -> (Import Result ID: '3d8ad13b887046c53658a062eb022735') in 0.001 seconds [static and dynamic dependencies]. Details - ImportResultOutputID=9bf367a85a243601cd77bdce619f0f6e DependenciesID=8e3d1b6d2ee1701a723df31dfec60147 StaticDependenciesID=1cf9939ec7c89e5a2048eadc7abd729d 
Number of updated asset objects reloaded before import = 0
Number of asset objects unloaded after import = 1
========================================================================
Received Import Request.
  Time of request: 2026-09-01T06:04:46.477411Z
  Time since last request: 0.000338291 seconds.
  importAddress: GUID: ff87f0a7c0d94af1b68b379110f0b118 - Path: Packages/com.unity.xr.core-utils/Runtime/Bindings/Variables/BindableVariableAlloc.cs - Importer: ScriptedImporter/UnityEditor.QuickSearchModule:UnityEditor.Search:ASIAI0B
Importing 'GUID: ff87f0a7c0d94af1b68b379110f0b118 - Path: Packages/com.unity.xr.core-utils/Runtime/Bindings/Variables/BindableVariableAlloc.cs - Importer: ScriptedImporter/UnityEditor.QuickSearchModule:UnityEditor.Search:ASIAI0B' with importer (ScriptedImporter : UnityEditor.QuickSearchModule:UnityEditor.Search:ASIAI0B)
Imported 'GUID: ff87f0a7c0d94af1b68b379110f0b118' -> (Import Result ID: '0852e8de8bf78f661a90d905b2265ffe') in 0.001 seconds [static and dynamic dependencies]. Details - ImportResultOutputID=e39f1dac30f1beb21aefd393fe107400 DependenciesID=1c3244f774c4ce98006d2191698fb65f StaticDependenciesID=2b1cae732f7782a2090a633674aa0f8d 
Number of updated asset objects reloaded before import = 0
Number of asset objects unloaded after import = 0
========================================================================
Received Import Request.
  Time of request: 2026-09-01T06:04:46.479107Z
  Time since last request: 0.000320667 seconds.
  importAddress: GUID: c773312b91dcc48f0b9f75f606ae77bb - Path: Packages/com.unity.xr.core-utils/Runtime/Extensions/Vector3Extensions.cs - Importer: ScriptedImporter/UnityEditor.QuickSearchModule:UnityEditor.Search:ASIAI0B
Importing 'GUID: c773312b91dcc48f0b9f75f606ae77bb - Path: Packages/com.unity.xr.core-utils/Runtime/Extensions/Vector3Extensions.cs - Importer: ScriptedImporter/UnityEditor.QuickSearchModule:UnityEditor.Search:ASIAI0B' with importer (ScriptedImporter : UnityEditor.QuickSearchModule:UnityEditor.Search:ASIAI0B)
Imported 'GUID: c773312b91dcc48f0b9f75f606ae77bb' -> (Import Result ID: '4d4cdf66d5cefc283423faa7eba95077') in 0.001 seconds [static and dynamic dependencies]. Details - ImportResultOutputID=a5bfceb22b6d04d1a882720a6eadaa07 DependenciesID=92fa25646783d2bfca3861f052314d6e StaticDependenciesID=84d15b0fed36e57d0eac28d29cb58d98 
Number of updated asset objects reloaded before import = 0
Number of asset objects unloaded after import = 0
========================================================================
Received Import Request.
  Time of request: 2026-09-01T06:04:46.480891Z
  Time since last request: 0.000423334 seconds.
  importAddress: GUID: 8a0b161efcd8b074a826ab7d34fcfa43 - Path: Packages/com.unity.xr.management/Editor/Metadata/XRPackageMetadataStore.cs - Importer: ScriptedImporter/UnityEditor.QuickSearchModule:UnityEditor.Search:ASIAI0B
Importing 'GUID: 8a0b161efcd8b074a826ab7d34fcfa43 - Path: Packages/com.unity.xr.management/Editor/Metadata/XRPackageMetadataStore.cs - Importer: ScriptedImporter/UnityEditor.QuickSearchModule:UnityEditor.Search:ASIAI0B' with importer (ScriptedImporter : UnityEditor.QuickSearchModule:UnityEditor.Search:ASIAI0B)
Imported 'GUID: 8a0b161efcd8b074a826ab7d34fcfa43' -> (Import Result ID: 'c531df07eacb75172dab455ca3bd0da2') in 0.001 seconds [static and dynamic dependencies]. Details - ImportResultOutputID=d4e04546fd7cadb8a5b5066d1b04da67 DependenciesID=4cffb5dc2821787a51a8f933cf234116 StaticDependenciesID=8e42fff03e7cf3de085eb00a1d757546 
Number of updated asset objects reloaded before import = 0
Number of asset objects unloaded after import = 0
========================================================================
Received Import Request.
  Time of request: 2026-09-01T06:04:46.482599Z
  Time since last request: 0.00031825 seconds.
  importAddress: GUID: 6aa6d601429b42c5afe67682df857d61 - Path: Packages/com.unity.xr.legacyinputhelpers - Importer: ScriptedImporter/UnityEditor.QuickSearchModule:UnityEditor.Search:ASIAI0B
Importing 'GUID: 6aa6d601429b42c5afe67682df857d61 - Path: Packages/com.unity.xr.legacyinputhelpers - Importer: ScriptedImporter/UnityEditor.QuickSearchModule:UnityEditor.Search:ASIAI0B' with importer (ScriptedImporter : UnityEditor.QuickSearchModule:UnityEditor.Search:ASIAI0B)
Imported 'GUID: 6aa6d601429b42c5afe67682df857d61' -> (Import Result ID: '69d7754cf5c456068da4ad34e382665f') in 0.001 seconds [static and dynamic dependencies]. Details - ImportResultOutputID=8e3c1f78060c389895f753af43c3e8a1 DependenciesID=94db329d27b09cb893efec011a343c14 StaticDependenciesID=e237086c7f511f28a086a5668804095b 
Number of updated asset objects reloaded before import = 0
Number of asset objects unloaded after import = 1
========================================================================
Received Import Request.
  Time of request: 2026-09-01T06:04:46.484189Z
  Time since last request: 0.00035475 seconds.
  importAddress: GUID: 5aa2f9fc26d0dfd4fbb8b05af12e8bd2 - Path: Packages/com.unity.xr.core-utils/Editor/CapabilityProfile/Dictionary/Drawers/CapabilityDictionaryItemDrawer.cs - Importer: ScriptedImporter/UnityEditor.QuickSearchModule:UnityEditor.Search:ASIAI0B
Importing 'GUID: 5aa2f9fc26d0dfd4fbb8b05af12e8bd2 - Path: Packages/com.unity.xr.core-utils/Editor/CapabilityProfile/Dictionary/Drawers/CapabilityDictionaryItemDrawer.cs - Importer: ScriptedImporter/UnityEditor.QuickSearchModule:UnityEditor.Search:ASIAI0B' with importer (ScriptedImporter : UnityEditor.QuickSearchModule:UnityEditor.Search:ASIAI0B)
Imported 'GUID: 5aa2f9fc26d0dfd4fbb8b05af12e8bd2' -> (Import Result ID: '9402e69303df85454e48d8530f03e854') in 0.001 seconds [static and dynamic dependencies]. Details - ImportResultOutputID=b35cf512c026dbf59f7024aaed82385c DependenciesID=e346dd0dd859c73dbb8a15f57be5be2b StaticDependenciesID=79bd57e4156d1084248eda78e574d2b8 
Number of updated asset objects reloaded before import = 0
Number of asset objects unloaded after import = 0
========================================================================
Received Import Request.
  Time of request: 2026-09-01T06:04:46.485966Z
  Time since last request: 0.000501625 seconds.
  importAddress: GUID: 648ae6b7a0ee84c2d94869858c29707c - Path: Packages/com.unity.xr.core-utils/Runtime/ReflectionUtils.cs - Importer: ScriptedImporter/UnityEditor.QuickSearchModule:UnityEditor.Search:ASIAI0B
Importing 'GUID: 648ae6b7a0ee84c2d94869858c29707c - Path: Packages/com.unity.xr.core-utils/Runtime/ReflectionUtils.cs - Importer: ScriptedImporter/UnityEditor.QuickSearchModule:UnityEditor.Search:ASIAI0B' with importer (ScriptedImporter : UnityEditor.QuickSearchModule:UnityEditor.Search:ASIAI0B)
Imported 'GUID: 648ae6b7a0ee84c2d94869858c29707c' -> (Import Result ID: '453976020a01e04b3be0c5c10d96e788') in 0.002 seconds [static and dynamic dependencies]. Details - ImportResultOutputID=086799eee0d3253f252f3e4b5fecccd0 DependenciesID=1ff306478f7412f607a21e0f717b914c StaticDependenciesID=67e9e388cadfe1362810ad4ba4d1f9ff 
Number of updated asset objects reloaded before import = 0
Number of asset objects unloaded after import = 0
========================================================================
Received Import Request.
  Time of request: 2026-09-01T06:04:46.488567Z
  Time since last request: 0.000381833 seconds.
  importAddress: GUID: 5adc47bd1fcb64ec5a52cb81db2bf452 - Path: Packages/com.unity.xr.core-utils/Tests/Editor/XRCoreUtilities/GeometryUtilsTests.cs - Importer: ScriptedImporter/UnityEditor.QuickSearchModule:UnityEditor.Search:ASIAI0B
Importing 'GUID: 5adc47bd1fcb64ec5a52cb81db2bf452 - Path: Packages/com.unity.xr.core-utils/Tests/Editor/XRCoreUtilities/GeometryUtilsTests.cs - Importer: ScriptedImporter/UnityEditor.QuickSearchModule:UnityEditor.Search:ASIAI0B' with importer (ScriptedImporter : UnityEditor.QuickSearchModule:UnityEditor.Search:ASIAI0B)
Imported 'GUID: 5adc47bd1fcb64ec5a52cb81db2bf452' -> (Import Result ID: '52c3d6536f8b1ded76e28c5c963eb6c4') in 0.001 seconds [static and dynamic dependencies]. Details - ImportResultOutputID=fd905cb027ec8e6873c5acbd283d001c DependenciesID=64f63a391d006b6f133567857abc93a3 StaticDependenciesID=962e23dabdfc47cfe93f150893994c8d 
Number of updated asset objects reloaded before import = 0
Number of asset objects unloaded after import = 0
========================================================================
Received Import Request.
  Time of request: 2026-09-01T06:04:46.490865Z
  Time since last request: 0.000557209 seconds.
  importAddress: GUID: a1d3d423453f7094a9219647aa8700d4 - Path: Packages/com.unity.xr.management/Editor/XRPackageInitialization.cs - Importer: ScriptedImporter/UnityEditor.QuickSearchModule:UnityEditor.Search:ASIAI0B
Importing 'GUID: a1d3d423453f7094a9219647aa8700d4 - Path: Packages/com.unity.xr.management/Editor/XRPackageInitialization.cs - Importer: ScriptedImporter/UnityEditor.QuickSearchModule:UnityEditor.Search:ASIAI0B' with importer (ScriptedImporter : UnityEditor.QuickSearchModule:UnityEditor.Search:ASIAI0B)
Imported 'GUID: a1d3d423453f7094a9219647aa8700d4' -> (Import Result ID: 'ea70615ead9a07fa809db2fb3551c44e') in 0.001 seconds [static and dynamic dependencies]. Details - ImportResultOutputID=fece431d3e6df66d5da5bdf490ba2d11 DependenciesID=37c6e8cd741a2fb184777c7f4d524172 StaticDependenciesID=549a49db29391809ff07944f3daa8107 
Number of updated asset objects reloaded before import = 0
Number of asset objects unloaded after import = 0
========================================================================
Received Import Request.
  Time of request: 2026-09-01T06:04:46.492994Z
  Time since last request: 0.000556167 seconds.
  importAddress: GUID: 3ec69189e1a72224ca68e605cf102a78 - Path: Packages/com.unity.xr.core-utils/Editor/BuildingBlocks/BuildingBlockElements.cs - Importer: ScriptedImporter/UnityEditor.QuickSearchModule:UnityEditor.Search:ASIAI0B
Importing 'GUID: 3ec69189e1a72224ca68e605cf102a78 - Path: Packages/com.unity.xr.core-utils/Editor/BuildingBlocks/BuildingBlockElements.cs - Importer: ScriptedImporter/UnityEditor.QuickSearchModule:UnityEditor.Search:ASIAI0B' with importer (ScriptedImporter : UnityEditor.QuickSearchModule:UnityEditor.Search:ASIAI0B)
Imported 'GUID: 3ec69189e1a72224ca68e605cf102a78' -> (Import Result ID: 'd88bd37a6ef52adf9c049b0a525a28f5') in 0.001 seconds [static and dynamic dependencies]. Details - ImportResultOutputID=7452df6aeb9f6fcfc51cf16fb5149448 DependenciesID=2c8c1cf1a9b2b0861918c23668e0d101 StaticDependenciesID=aa60edfae13cae098eb9018b8cecf01f 
Number of updated asset objects reloaded before import = 0
Number of asset objects unloaded after import = 0
========================================================================
Received Import Request.
  Time of request: 2026-09-01T06:04:46.494858Z
  Time since last request: 0.000490667 seconds.
  importAddress: GUID: d6f437f0fc6615149b6deb8b3f522046 - Path: Packages/com.unity.xr.core-utils/Runtime/CapabilityProfile/Dictionary/StandardCapabilityKeys.cs - Importer: ScriptedImporter/UnityEditor.QuickSearchModule:UnityEditor.Search:ASIAI0B
Importing 'GUID: d6f437f0fc6615149b6deb8b3f522046 - Path: Packages/com.unity.xr.core-utils/Runtime/CapabilityProfile/Dictionary/StandardCapabilityKeys.cs - Importer: ScriptedImporter/UnityEditor.QuickSearchModule:UnityEditor.Search:ASIAI0B' with importer (ScriptedImporter : UnityEditor.QuickSearchModule:UnityEditor.Search:ASIAI0B)
Imported 'GUID: d6f437f0fc6615149b6deb8b3f522046' -> (Import Result ID: 'a0f69a746b79898fef63902bc24bcdb2') in 0.001 seconds [static and dynamic dependencies]. Details - ImportResultOutputID=210d71dd0f59d5f4c27f0010b990bac0 DependenciesID=80de45a3752eed0e1d87dc41e7fd0714 StaticDependenciesID=58fa3fb20ea0e6b284513fa1b6ab2a4e 
Number of updated asset objects reloaded before import = 0
Number of asset objects unloaded after import = 0
========================================================================
Received Import Request.
  Time of request: 2026-09-01T06:04:46.496666Z
  Time since last request: 0.000350792 seconds.
  importAddress: GUID: bccbda266429046579998fb24465c146 - Path: Packages/com.unity.xr.core-utils/Runtime/Extensions/TransformExtensions.cs - Importer: ScriptedImporter/UnityEditor.QuickSearchModule:UnityEditor.Search:ASIAI0B
Importing 'GUID: bccbda266429046579998fb24465c146 - Path: Packages/com.unity.xr.core-utils/Runtime/Extensions/TransformExtensions.cs - Importer: ScriptedImporter/UnityEditor.QuickSearchModule:UnityEditor.Search:ASIAI0B' with importer (ScriptedImporter : UnityEditor.QuickSearchModule:UnityEditor.Search:ASIAI0B)
Imported 'GUID: bccbda266429046579998fb24465c146' -> (Import Result ID: '6ae507b69cbb73ea14b1a007ba7c0e6f') in 0.001 seconds [static and dynamic dependencies]. Details - ImportResultOutputID=05beae9c7dc08a2d5b62327efaf6f3b3 DependenciesID=ff5a241d4cef2ad216f4e4796e54e781 StaticDependenciesID=311a6f9da458bb469b2763e46021538e 
Number of updated asset objects reloaded before import = 0
Number of asset objects unloaded after import = 0
========================================================================
Received Import Request.
  Time of request: 2026-09-01T06:04:46.498293Z
  Time since last request: 0.000317542 seconds.
  importAddress: GUID: 2fc27a69db60e4ea6933e06fb5d04f98 - Path: Packages/com.unity.xr.core-utils/Tests/Editor/XRCoreUtilities/ReadOnlyHashSetTests.cs - Importer: ScriptedImporter/UnityEditor.QuickSearchModule:UnityEditor.Search:ASIAI0B
Importing 'GUID: 2fc27a69db60e4ea6933e06fb5d04f98 - Path: Packages/com.unity.xr.core-utils/Tests/Editor/XRCoreUtilities/ReadOnlyHashSetTests.cs - Importer: ScriptedImporter/UnityEditor.QuickSearchModule:UnityEditor.Search:ASIAI0B' with importer (ScriptedImporter : UnityEditor.QuickSearchModule:UnityEditor.Search:ASIAI0B)
Imported 'GUID: 2fc27a69db60e4ea6933e06fb5d04f98' -> (Import Result ID: '1c5b7db7c63512b1dee668c0a9ccaca0') in 0.002 seconds [static and dynamic dependencies]. Details - ImportResultOutputID=ecf8e53f67dad3326c59f8da99b703e6 DependenciesID=50f95d8bc70d2b66070c5ff80a789321 StaticDependenciesID=37cf1358efdf84204d4193ea28d2166d 
Number of updated asset objects reloaded before import = 0
Number of asset objects unloaded after import = 0
========================================================================
Received Import Request.
  Time of request: 2026-09-01T06:04:46.50137Z
  Time since last request: 0.000506583 seconds.
  importAddress: GUID: 4fadb9d2c47be4b2587eec5da859310c - Path: Packages/com.unity.xr.management/Tests - Importer: ScriptedImporter/UnityEditor.QuickSearchModule:UnityEditor.Search:ASIAI0B
Importing 'GUID: 4fadb9d2c47be4b2587eec5da859310c - Path: Packages/com.unity.xr.management/Tests - Importer: ScriptedImporter/UnityEditor.QuickSearchModule:UnityEditor.Search:ASIAI0B' with importer (ScriptedImporter : UnityEditor.QuickSearchModule:UnityEditor.Search:ASIAI0B)
Imported 'GUID: 4fadb9d2c47be4b2587eec5da859310c' -> (Import Result ID: 'dc87b95b1c0ee3fe86474a15d749dd10') in 0.001 seconds [static and dynamic dependencies]. Details - ImportResultOutputID=e1496bb5727de05fb28ebb9d855c37a0 DependenciesID=65c39833c6032b765050ffff84d5b6ce StaticDependenciesID=30734519ff3c6c7d55b6a89920c081f3 
Number of updated asset objects reloaded before import = 0
Number of asset objects unloaded after import = 1
========================================================================
Received Import Request.
  Time of request: 2026-09-01T06:04:46.503962Z
  Time since last request: 0.000420833 seconds.
  importAddress: GUID: 7754b2a3cfd01774c9b7d715d3dbdc48 - Path: Packages/com.unity.xr.management/Editor/Metadata/XRPackageMetadata.cs - Importer: ScriptedImporter/UnityEditor.QuickSearchModule:UnityEditor.Search:ASIAI0B
Importing 'GUID: 7754b2a3cfd01774c9b7d715d3dbdc48 - Path: Packages/com.unity.xr.management/Editor/Metadata/XRPackageMetadata.cs - Importer: ScriptedImporter/UnityEditor.QuickSearchModule:UnityEditor.Search:ASIAI0B' with importer (ScriptedImporter : UnityEditor.QuickSearchModule:UnityEditor.Search:ASIAI0B)
Imported 'GUID: 7754b2a3cfd01774c9b7d715d3dbdc48' -> (Import Result ID: '747d8cb3125b59237aaff6b49faa2e3c') in 0.001 seconds [static and dynamic dependencies]. Details - ImportResultOutputID=d2602ea64007d629709088ae76cecd32 DependenciesID=c7804088589f5226f1492ee0174145c8 StaticDependenciesID=9bc3fa146760778a4a992ddf8f4caa39 
Number of updated asset objects reloaded before import = 0
Number of asset objects unloaded after import = 0
========================================================================
Received Import Request.
  Time of request: 2026-09-01T06:04:46.505869Z
  Time since last request: 0.000301708 seconds.
  importAddress: GUID: 14d574e5b7017aa4c9d81c9a958101d6 - Path: Packages/com.unity.xr.core-utils/Editor/BuildingBlocks/BuildingBlockOverlay.cs - Importer: ScriptedImporter/UnityEditor.QuickSearchModule:UnityEditor.Search:ASIAI0B
Importing 'GUID: 14d574e5b7017aa4c9d81c9a958101d6 - Path: Packages/com.unity.xr.core-utils/Editor/BuildingBlocks/BuildingBlockOverlay.cs - Importer: ScriptedImporter/UnityEditor.QuickSearchModule:UnityEditor.Search:ASIAI0B' with importer (ScriptedImporter : UnityEditor.QuickSearchModule:UnityEditor.Search:ASIAI0B)
Imported 'GUID: 14d574e5b7017aa4c9d81c9a958101d6' -> (Import Result ID: 'c0cc4286c9b0f2ca7de0c744d3209511') in 0.001 seconds [static and dynamic dependencies]. Details - ImportResultOutputID=40b021b08dcdfe329ffbd30ba2ecdfd1 DependenciesID=a37e77163a5e6c88adda79ca4e630929 StaticDependenciesID=8e1fdf6e9a5dc848b6f31497ccd69baa 
Number of updated asset objects reloaded before import = 0
Number of asset objects unloaded after import = 0
========================================================================
Received Import Request.
  Time of request: 2026-09-01T06:04:46.507811Z
  Time since last request: 0.00029275 seconds.
  importAddress: GUID: 573bb802f55a06c4fb7f19db9a003f62 - Path: Packages/com.unity.xr.management/Editor/XRSupportedBuildTargetAttribute.cs - Importer: ScriptedImporter/UnityEditor.QuickSearchModule:UnityEditor.Search:ASIAI0B
Importing 'GUID: 573bb802f55a06c4fb7f19db9a003f62 - Path: Packages/com.unity.xr.management/Editor/XRSupportedBuildTargetAttribute.cs - Importer: ScriptedImporter/UnityEditor.QuickSearchModule:UnityEditor.Search:ASIAI0B' with importer (ScriptedImporter : UnityEditor.QuickSearchModule:UnityEditor.Search:ASIAI0B)
Imported 'GUID: 573bb802f55a06c4fb7f19db9a003f62' -> (Import Result ID: 'b1c917d664f0f500e048c46269f4214b') in 0.001 seconds [static and dynamic dependencies]. Details - ImportResultOutputID=d72a03412fd4c0404b121f02612ea66c DependenciesID=d3469e348798ea6a83eb2f8bb627ed0c StaticDependenciesID=a97fad7672e6c910ed1ef4aeeec56daa 
Number of updated asset objects reloaded before import = 0
Number of asset objects unloaded after import = 0
========================================================================
Received Import Request.
  Time of request: 2026-09-01T06:04:46.509545Z
  Time since last request: 0.000361583 seconds.
  importAddress: GUID: dad8cc712738148529d2e07d00e2eb35 - Path: Packages/com.unity.xr.core-utils/Tests/Runtime - Importer: ScriptedImporter/UnityEditor.QuickSearchModule:UnityEditor.Search:ASIAI0B
Importing 'GUID: dad8cc712738148529d2e07d00e2eb35 - Path: Packages/com.unity.xr.core-utils/Tests/Runtime - Importer: ScriptedImporter/UnityEditor.QuickSearchModule:UnityEditor.Search:ASIAI0B' with importer (ScriptedImporter : UnityEditor.QuickSearchModule:UnityEditor.Search:ASIAI0B)
Imported 'GUID: dad8cc712738148529d2e07d00e2eb35' -> (Import Result ID: 'f2f5c3c5eac6a5830245145b8c026929') in 0.001 seconds [static and dynamic dependencies]. Details - ImportResultOutputID=ab553b4ef8c6995921c797d7043c2e80 DependenciesID=c780ed70116e32ea6e4daf0e15a1bfce StaticDependenciesID=adcfb599955ab91f1bbc0474b93081c0 
Number of updated asset objects reloaded before import = 0
Number of asset objects unloaded after import = 1
========================================================================
Received Import Request.
  Time of request: 2026-09-01T06:04:46.511107Z
  Time since last request: 0.000280708 seconds.
  importAddress: GUID: a1797bfd7905e844ab00f68dca3ed050 - Path: Packages/com.unity.xr.management/Editor/AndroidManifest/AndroidManifestProcessor.cs - Importer: ScriptedImporter/UnityEditor.QuickSearchModule:UnityEditor.Search:ASIAI0B
Importing 'GUID: a1797bfd7905e844ab00f68dca3ed050 - Path: Packages/com.unity.xr.management/Editor/AndroidManifest/AndroidManifestProcessor.cs - Importer: ScriptedImporter/UnityEditor.QuickSearchModule:UnityEditor.Search:ASIAI0B' with importer (ScriptedImporter : UnityEditor.QuickSearchModule:UnityEditor.Search:ASIAI0B)
Imported 'GUID: a1797bfd7905e844ab00f68dca3ed050' -> (Import Result ID: '5c32da6cc85bcc7ac65c139f885d4560') in 0.001 seconds [static and dynamic dependencies]. Details - ImportResultOutputID=068ad8a01c6dce29a17ba4caaf9e3a3f DependenciesID=5bef146d3ad6f065937148a4ab9c0709 StaticDependenciesID=343e53cbbf58005e676fa42779676889 
Number of updated asset objects reloaded before import = 0
Number of asset objects unloaded after import = 0
========================================================================
Received Import Request.
  Time of request: 2026-09-01T06:04:46.515318Z
  Time since last request: 0.002653 seconds.
  importAddress: GUID: af8356832995e4297849f40d1dc03e82 - Path: Packages/com.unity.xr.core-utils/Tests/Editor/XRCoreUtilities/LayerMaskTests.cs - Importer: ScriptedImporter/UnityEditor.QuickSearchModule:UnityEditor.Search:ASIAI0B
Importing 'GUID: af8356832995e4297849f40d1dc03e82 - Path: Packages/com.unity.xr.core-utils/Tests/Editor/XRCoreUtilities/LayerMaskTests.cs - Importer: ScriptedImporter/UnityEditor.QuickSearchModule:UnityEditor.Search:ASIAI0B' with importer (ScriptedImporter : UnityEditor.QuickSearchModule:UnityEditor.Search:ASIAI0B)
Imported 'GUID: af8356832995e4297849f40d1dc03e82' -> (Import Result ID: '4a72d170849300ee31ca9b6381ff978a') in 0.001 seconds [static and dynamic dependencies]. Details - ImportResultOutputID=64f385b4f2a06e6e22f71c7523a5add8 DependenciesID=51ddbec0557061b55c1683defded5283 StaticDependenciesID=9477e4b51c53c1cc542201e8ff05741e 
Number of updated asset objects reloaded before import = 0
Number of asset objects unloaded after import = 0
========================================================================
Received Import Request.
  Time of request: 2026-09-01T06:04:46.517227Z
  Time since last request: 0.000360375 seconds.
  importAddress: GUID: 83e5e574dc5d9854e9133734661c04de - Path: Packages/com.unity.xr.management/Editor/XRBuildProcessorHelper.cs - Importer: ScriptedImporter/UnityEditor.QuickSearchModule:UnityEditor.Search:ASIAI0B
Importing 'GUID: 83e5e574dc5d9854e9133734661c04de - Path: Packages/com.unity.xr.management/Editor/XRBuildProcessorHelper.cs - Importer: ScriptedImporter/UnityEditor.QuickSearchModule:UnityEditor.Search:ASIAI0B' with importer (ScriptedImporter : UnityEditor.QuickSearchModule:UnityEditor.Search:ASIAI0B)
Imported 'GUID: 83e5e574dc5d9854e9133734661c04de' -> (Import Result ID: '89690e9d0d760de22324b8e28fc6fc42') in 0.001 seconds [static and dynamic dependencies]. Details - ImportResultOutputID=29fc0cb2968b84c010c2c0c247ab3446 DependenciesID=af24d7809989777e242e4335a8c61149 StaticDependenciesID=4e92f32c91805a2ef4e65f33df3e7dca 
Number of updated asset objects reloaded before import = 0
Number of asset objects unloaded after import = 0
========================================================================
Received Import Request.
  Time of request: 2026-09-01T06:04:46.519156Z
  Time since last request: 0.000563667 seconds.
  importAddress: GUID: d236b7d11115f2143951f1e14045df39 - Path: Packages/com.unity.xr.management/Runtime/XRGeneralSettings.cs - Importer: ScriptedImporter/UnityEditor.QuickSearchModule:UnityEditor.Search:ASIAI0B
Importing 'GUID: d236b7d11115f2143951f1e14045df39 - Path: Packages/com.unity.xr.management/Runtime/XRGeneralSettings.cs - Importer: ScriptedImporter/UnityEditor.QuickSearchModule:UnityEditor.Search:ASIAI0B' with importer (ScriptedImporter : UnityEditor.QuickSearchModule:UnityEditor.Search:ASIAI0B)
Imported 'GUID: d236b7d11115f2143951f1e14045df39' -> (Import Result ID: '6e174ea9132043b02008612c23a80481') in 0.002 seconds [static and dynamic dependencies]. Details - ImportResultOutputID=84f673c157b16460b9a41a6a0c9a5680 DependenciesID=d05ab01547d04a6e110897467d119a22 StaticDependenciesID=38f0b05418ef281d89533f350b519f3c 
Number of updated asset objects reloaded before import = 0
Number of asset objects unloaded after import = 0
========================================================================
Received Import Request.
  Time of request: 2026-09-01T06:04:46.523099Z
  Time since last request: 0.001973959 seconds.
  importAddress: GUID: 7928452df125f6b4383b4691b9aec342 - Path: Packages/com.unity.xr.legacyinputhelpers/Tests - Importer: ScriptedImporter/UnityEditor.QuickSearchModule:UnityEditor.Search:ASIAI0B
Importing 'GUID: 7928452df125f6b4383b4691b9aec342 - Path: Packages/com.unity.xr.legacyinputhelpers/Tests - Importer: ScriptedImporter/UnityEditor.QuickSearchModule:UnityEditor.Search:ASIAI0B' with importer (ScriptedImporter : UnityEditor.QuickSearchModule:UnityEditor.Search:ASIAI0B)
Imported 'GUID: 7928452df125f6b4383b4691b9aec342' -> (Import Result ID: '30859eb728a757e988432fd65cffd809') in 0.001 seconds [static and dynamic dependencies]. Details - ImportResultOutputID=256074261b1213a1973ccefe446ac748 DependenciesID=e0362e4e6166d9624a12d508fa866912 StaticDependenciesID=9f1570af622bef61a7ef931a9597a746 
Number of updated asset objects reloaded before import = 0
Number of asset objects unloaded after import = 1
========================================================================
Received Import Request.
  Time of request: 2026-09-01T06:04:46.525324Z
  Time since last request: 0.000402375 seconds.
  importAddress: GUID: 280b4d58d27987248b1d07c8d70e0784 - Path: Packages/com.unity.xr.management/Editor/Metadata/XRPackage.cs - Importer: ScriptedImporter/UnityEditor.QuickSearchModule:UnityEditor.Search:ASIAI0B
Importing 'GUID: 280b4d58d27987248b1d07c8d70e0784 - Path: Packages/com.unity.xr.management/Editor/Metadata/XRPackage.cs - Importer: ScriptedImporter/UnityEditor.QuickSearchModule:UnityEditor.Search:ASIAI0B' with importer (ScriptedImporter : UnityEditor.QuickSearchModule:UnityEditor.Search:ASIAI0B)
Imported 'GUID: 280b4d58d27987248b1d07c8d70e0784' -> (Import Result ID: '5df994514fb7103141dadafa9ab85a03') in 0.001 seconds [static and dynamic dependencies]. Details - ImportResultOutputID=5a8ec1e3321b93e93f4a52a5c7bab03e DependenciesID=1ce266b1b43b857edd387ad651a02083 StaticDependenciesID=89b38ea246be043aa2249710cd91ff9d 
Number of updated asset objects reloaded before import = 0
Number of asset objects unloaded after import = 0
========================================================================
Received Import Request.
  Time of request: 2026-09-01T06:04:46.527387Z
  Time since last request: 0.000617792 seconds.
  importAddress: GUID: 3642aed4b4ade4a759cfa78a5a493012 - Path: Packages/com.unity.xr.management/Tests/Editor - Importer: ScriptedImporter/UnityEditor.QuickSearchModule:UnityEditor.Search:ASIAI0B
Importing 'GUID: 3642aed4b4ade4a759cfa78a5a493012 - Path: Packages/com.unity.xr.management/Tests/Editor - Importer: ScriptedImporter/UnityEditor.QuickSearchModule:UnityEditor.Search:ASIAI0B' with importer (ScriptedImporter : UnityEditor.QuickSearchModule:UnityEditor.Search:ASIAI0B)
Imported 'GUID: 3642aed4b4ade4a759cfa78a5a493012' -> (Import Result ID: '2f42d8e8ef2e30100d6555816a61456f') in 0.001 seconds [static and dynamic dependencies]. Details - ImportResultOutputID=073d58841362469832ac8ba893ee7bd9 DependenciesID=ff5102097cba8a482710957a108dc03d StaticDependenciesID=8e1ff794b82dfad9826b49452765b93e 
Number of updated asset objects reloaded before import = 0
Number of asset objects unloaded after import = 1
========================================================================
Received Import Request.
  Time of request: 2026-09-01T06:04:46.529172Z
  Time since last request: 0.000424292 seconds.
  importAddress: GUID: be3ab30eaceed4c68b4bc810ab3b60d3 - Path: Packages/com.unity.xr.core-utils/Runtime/Extensions/ListExtensions.cs - Importer: ScriptedImporter/UnityEditor.QuickSearchModule:UnityEditor.Search:ASIAI0B
Importing 'GUID: be3ab30eaceed4c68b4bc810ab3b60d3 - Path: Packages/com.unity.xr.core-utils/Runtime/Extensions/ListExtensions.cs - Importer: ScriptedImporter/UnityEditor.QuickSearchModule:UnityEditor.Search:ASIAI0B' with importer (ScriptedImporter : UnityEditor.QuickSearchModule:UnityEditor.Search:ASIAI0B)
Imported 'GUID: be3ab30eaceed4c68b4bc810ab3b60d3' -> (Import Result ID: '44ae3fd00175c8eae7f2eff79396ab4b') in 0.002 seconds [static and dynamic dependencies]. Details - ImportResultOutputID=fc1738d8eb8067d52d9b38cbeaf9affc DependenciesID=430cceb7e56b825f26f2c949938dccda StaticDependenciesID=63f1be0eb8d8826697f8339d324d3c7e 
Number of updated asset objects reloaded before import = 0
Number of asset objects unloaded after import = 0
========================================================================
Received Import Request.
  Time of request: 2026-09-01T06:04:46.531565Z
  Time since last request: 0.00046375 seconds.
  importAddress: GUID: 731806369f8c24ec3bfee6ac9f820f6a - Path: Packages/com.unity.xr.management/Tests/Editor/EditorTests.cs - Importer: ScriptedImporter/UnityEditor.QuickSearchModule:UnityEditor.Search:ASIAI0B
Importing 'GUID: 731806369f8c24ec3bfee6ac9f820f6a - Path: Packages/com.unity.xr.management/Tests/Editor/EditorTests.cs - Importer: ScriptedImporter/UnityEditor.QuickSearchModule:UnityEditor.Search:ASIAI0B' with importer (ScriptedImporter : UnityEditor.QuickSearchModule:UnityEditor.Search:ASIAI0B)
Imported 'GUID: 731806369f8c24ec3bfee6ac9f820f6a' -> (Import Result ID: '0c53a9ae4f3b0f6fb81ab1b4524d789f') in 0.002 seconds [static and dynamic dependencies]. Details - ImportResultOutputID=08e14dbf9486b3343e377c558e430f91 DependenciesID=697af432f90eb57a84b38a43980f0986 StaticDependenciesID=35d90b959d017152ca507096abc49f19 
Number of updated asset objects reloaded before import = 0
Number of asset objects unloaded after import = 0
========================================================================
Received Import Request.
  Time of request: 2026-09-01T06:04:46.533833Z
  Time since last request: 0.000364875 seconds.
  importAddress: GUID: 155fb79913e46e546926a3cad34ee561 - Path: Packages/com.unity.xr.management/Editor/AndroidManifest/AndroidManifestDocument.cs - Importer: ScriptedImporter/UnityEditor.QuickSearchModule:UnityEditor.Search:ASIAI0B
Importing 'GUID: 155fb79913e46e546926a3cad34ee561 - Path: Packages/com.unity.xr.management/Editor/AndroidManifest/AndroidManifestDocument.cs - Importer: ScriptedImporter/UnityEditor.QuickSearchModule:UnityEditor.Search:ASIAI0B' with importer (ScriptedImporter : UnityEditor.QuickSearchModule:UnityEditor.Search:ASIAI0B)
Imported 'GUID: 155fb79913e46e546926a3cad34ee561' -> (Import Result ID: 'e86b2e232dc196c42d1e513b1794b205') in 0.001 seconds [static and dynamic dependencies]. Details - ImportResultOutputID=f04b9ec811f180dfa7b989cfc9809861 DependenciesID=c635305e74a304638b70c7d2dada14dc StaticDependenciesID=cd2a3e38f3b4aaf234baa7101395dd64 
Number of updated asset objects reloaded before import = 0
Number of asset objects unloaded after import = 0
========================================================================
Received Import Request.
  Time of request: 2026-09-01T06:04:46.550279Z
  Time since last request: 0.015032333 seconds.
  importAddress: GUID: f960cd2a35c7d4536aef2a5807e0672c - Path: Packages/com.unity.xr.core-utils/Tests/Editor/XRCoreUtilities/Vector3ExtensionsTests.cs - Importer: ScriptedImporter/UnityEditor.QuickSearchModule:UnityEditor.Search:ASIAI0B
Importing 'GUID: f960cd2a35c7d4536aef2a5807e0672c - Path: Packages/com.unity.xr.core-utils/Tests/Editor/XRCoreUtilities/Vector3ExtensionsTests.cs - Importer: ScriptedImporter/UnityEditor.QuickSearchModule:UnityEditor.Search:ASIAI0B' with importer (ScriptedImporter : UnityEditor.QuickSearchModule:UnityEditor.Search:ASIAI0B)
Imported 'GUID: f960cd2a35c7d4536aef2a5807e0672c' -> (Import Result ID: 'fd86b20e8012aa680f3d47034af7c753') in 0.001 seconds [static and dynamic dependencies]. Details - ImportResultOutputID=3077030ca3dcf666f16aa22e42af8d96 DependenciesID=d61f6ed82df32ce1e2bcfd005adfb9e5 StaticDependenciesID=9c6717e6a9528db497c098a41fc324f4 
Number of updated asset objects reloaded before import = 0
Number of asset objects unloaded after import = 0
========================================================================
Received Import Request.
  Time of request: 2026-09-01T06:04:46.552695Z
  Time since last request: 0.0004615 seconds.
  importAddress: GUID: d2dc886499c26824283350fa532d087d - Path: Packages/com.unity.xr.management/Editor/XRGeneralSettingsPerBuildTarget.cs - Importer: ScriptedImporter/UnityEditor.QuickSearchModule:UnityEditor.Search:ASIAI0B
Importing 'GUID: d2dc886499c26824283350fa532d087d - Path: Packages/com.unity.xr.management/Editor/XRGeneralSettingsPerBuildTarget.cs - Importer: ScriptedImporter/UnityEditor.QuickSearchModule:UnityEditor.Search:ASIAI0B' with importer (ScriptedImporter : UnityEditor.QuickSearchModule:UnityEditor.Search:ASIAI0B)
Imported 'GUID: d2dc886499c26824283350fa532d087d' -> (Import Result ID: 'ec22e2425c41d290506088d0c7e1b5fb') in 0.002 seconds [static and dynamic dependencies]. Details - ImportResultOutputID=c7e5ff43ceee7bce42022cad87f89cd4 DependenciesID=2ba95a6b7f105c7ed284c67d7e38ec0d StaticDependenciesID=4e4dbaf1d8b4058c584905875c3c2a5c 
Number of updated asset objects reloaded before import = 0
Number of asset objects unloaded after import = 0
========================================================================
Received Import Request.
  Time of request: 2026-09-01T06:04:46.555648Z
  Time since last request: 0.000468708 seconds.
  importAddress: GUID: 3b75e34543b4f473fbc307f8b39b90e9 - Path: Packages/com.unity.xr.core-utils/Tests/Editor/CodeSamples - Importer: ScriptedImporter/UnityEditor.QuickSearchModule:UnityEditor.Search:ASIAI0B
Importing 'GUID: 3b75e34543b4f473fbc307f8b39b90e9 - Path: Packages/com.unity.xr.core-utils/Tests/Editor/CodeSamples - Importer: ScriptedImporter/UnityEditor.QuickSearchModule:UnityEditor.Search:ASIAI0B' with importer (ScriptedImporter : UnityEditor.QuickSearchModule:UnityEditor.Search:ASIAI0B)
Imported 'GUID: 3b75e34543b4f473fbc307f8b39b90e9' -> (Import Result ID: 'fdcc8ac06d46c82b2f1629aec2a01c7d') in 0.001 seconds [static and dynamic dependencies]. Details - ImportResultOutputID=2423278bda7e62697150f3a1fec374bc DependenciesID=f289868c2ea10d2501f40a3cff8b6c14 StaticDependenciesID=d3697f78f75188622c1d9fbaa6f1483d 
Number of updated asset objects reloaded before import = 0
Number of asset objects unloaded after import = 1
========================================================================
Received Import Request.
  Time of request: 2026-09-01T06:04:46.557702Z
  Time since last request: 0.00047525 seconds.
  importAddress: GUID: c19e7899c693d4818a638f5d4ea2e995 - Path: Packages/com.unity.xr.arfoundation/Runtime/ARFoundation/Images/MutableRuntimeReferenceImageLibraryExtensions.cs - Importer: ScriptedImporter/UnityEditor.QuickSearchModule:UnityEditor.Search:ASIAI0B
Importing 'GUID: c19e7899c693d4818a638f5d4ea2e995 - Path: Packages/com.unity.xr.arfoundation/Runtime/ARFoundation/Images/MutableRuntimeReferenceImageLibraryExtensions.cs - Importer: ScriptedImporter/UnityEditor.QuickSearchModule:UnityEditor.Search:ASIAI0B' with importer (ScriptedImporter : UnityEditor.QuickSearchModule:UnityEditor.Search:ASIAI0B)
Imported 'GUID: c19e7899c693d4818a638f5d4ea2e995' -> (Import Result ID: 'f17ca70a37bb83110dc5b07518c8a511') in 0.001 seconds [static and dynamic dependencies]. Details - ImportResultOutputID=730b3a878dca0a3d47e92e9b02cbd4dc DependenciesID=12bd85f227a75d66802024d63f3598e5 StaticDependenciesID=5a2e4850aee0f4deb2bd27950f116cf1 
Number of updated asset objects reloaded before import = 0
Number of asset objects unloaded after import = 0
========================================================================
Received Import Request.
  Time of request: 2026-09-01T06:04:46.560008Z
  Time since last request: 0.000490208 seconds.
  importAddress: GUID: fdb1d409e9083354e829d5669fe6f6ad - Path: Packages/com.unity.xr.management/Runtime/IXRLoaderPreInit.cs - Importer: ScriptedImporter/UnityEditor.QuickSearchModule:UnityEditor.Search:ASIAI0B
Importing 'GUID: fdb1d409e9083354e829d5669fe6f6ad - Path: Packages/com.unity.xr.management/Runtime/IXRLoaderPreInit.cs - Importer: ScriptedImporter/UnityEditor.QuickSearchModule:UnityEditor.Search:ASIAI0B' with importer (ScriptedImporter : UnityEditor.QuickSearchModule:UnityEditor.Search:ASIAI0B)
Imported 'GUID: fdb1d409e9083354e829d5669fe6f6ad' -> (Import Result ID: '528c1a61271568e53b15456f3e4d7c00') in 0.001 seconds [static and dynamic dependencies]. Details - ImportResultOutputID=7d9e65ca376784a1db15327e1565cf91 DependenciesID=754131f9b131b194af4a6e02903ed01d StaticDependenciesID=be9d328cea3261da2227f44c95ba3a23 
Number of updated asset objects reloaded before import = 0
Number of asset objects unloaded after import = 0
========================================================================
Received Import Request.
  Time of request: 2026-09-01T06:04:46.562165Z
  Time since last request: 0.000565417 seconds.
  importAddress: GUID: 3efd62d71f934db2ad0fad928548e190 - Path: Packages/com.unity.xr.arfoundation/Runtime/VisualScripting/Units/Events/MessageListeners/ARTrackableManagerListener.cs - Importer: ScriptedImporter/UnityEditor.QuickSearchModule:UnityEditor.Search:ASIAI0B
Importing 'GUID: 3efd62d71f934db2ad0fad928548e190 - Path: Packages/com.unity.xr.arfoundation/Runtime/VisualScripting/Units/Events/MessageListeners/ARTrackableManagerListener.cs - Importer: ScriptedImporter/UnityEditor.QuickSearchModule:UnityEditor.Search:ASIAI0B' with importer (ScriptedImporter : UnityEditor.QuickSearchModule:UnityEditor.Search:ASIAI0B)
Imported 'GUID: 3efd62d71f934db2ad0fad928548e190' -> (Import Result ID: '43fbde4ef76cf0904651582197ff423d') in 0.001 seconds [static and dynamic dependencies]. Details - ImportResultOutputID=c2880948759bb0373292886120d94ba9 DependenciesID=585f33333e125f4d183a20a491f43481 StaticDependenciesID=b3cadd7f1874d2f0b241ad0a5b279b32 
Number of updated asset objects reloaded before import = 0
Number of asset objects unloaded after import = 0
========================================================================
Received Import Request.
  Time of request: 2026-09-01T06:04:46.564195Z
  Time since last request: 0.000487458 seconds.
  importAddress: GUID: df83f61781a2d4393bf924c388c7b024 - Path: Packages/com.unity.xr.core-utils/README.md - Importer: ScriptedImporter/UnityEditor.QuickSearchModule:UnityEditor.Search:ASIAI0B
Importing 'GUID: df83f61781a2d4393bf924c388c7b024 - Path: Packages/com.unity.xr.core-utils/README.md - Importer: ScriptedImporter/UnityEditor.QuickSearchModule:UnityEditor.Search:ASIAI0B' with importer (ScriptedImporter : UnityEditor.QuickSearchModule:UnityEditor.Search:ASIAI0B)
Imported 'GUID: df83f61781a2d4393bf924c388c7b024' -> (Import Result ID: 'b4ec3f8e05643756904b18fbfa6ec03c') in 0.001 seconds [static and dynamic dependencies]. Details - ImportResultOutputID=53ab976c8f4b349fb8ba98a7e12b3058 DependenciesID=f9188ef1021e6b81ab4ed31ca6654846 StaticDependenciesID=e8595c2d69166603d5efd892cfcdad98 
Number of updated asset objects reloaded before import = 0
Number of asset objects unloaded after import = 1
========================================================================
Received Import Request.
  Time of request: 2026-09-01T06:04:46.566106Z
  Time since last request: 0.000385625 seconds.
  importAddress: GUID: 8d28a628911c34c58a40cb9ef2ea4b31 - Path: Packages/com.unity.xr.management/Runtime/XRLoaderHelper.cs - Importer: ScriptedImporter/UnityEditor.QuickSearchModule:UnityEditor.Search:ASIAI0B
Importing 'GUID: 8d28a628911c34c58a40cb9ef2ea4b31 - Path: Packages/com.unity.xr.management/Runtime/XRLoaderHelper.cs - Importer: ScriptedImporter/UnityEditor.QuickSearchModule:UnityEditor.Search:ASIAI0B' with importer (ScriptedImporter : UnityEditor.QuickSearchModule:UnityEditor.Search:ASIAI0B)
Imported 'GUID: 8d28a628911c34c58a40cb9ef2ea4b31' -> (Import Result ID: '6001e7064fd372c1c41b5a5d285d9a2f') in 0.001 seconds [static and dynamic dependencies]. Details - ImportResultOutputID=12ed554eae66f576a1adf1020a65b1e7 DependenciesID=86dbee237739241ff8ad3ddccb6edfd3 StaticDependenciesID=028235fc6b157398208d2ed97e8f8531 
Number of updated asset objects reloaded before import = 0
Number of asset objects unloaded after import = 0
========================================================================
Received Import Request.
  Time of request: 2026-09-01T06:04:46.567863Z
  Time since last request: 0.000422709 seconds.
  importAddress: GUID: c125d437138f54ca1b9697c827120aad - Path: Packages/com.unity.xr.core-utils/Runtime/UnityObjectUtils.cs - Importer: ScriptedImporter/UnityEditor.QuickSearchModule:UnityEditor.Search:ASIAI0B
Importing 'GUID: c125d437138f54ca1b9697c827120aad - Path: Packages/com.unity.xr.core-utils/Runtime/UnityObjectUtils.cs - Importer: ScriptedImporter/UnityEditor.QuickSearchModule:UnityEditor.Search:ASIAI0B' with importer (ScriptedImporter : UnityEditor.QuickSearchModule:UnityEditor.Search:ASIAI0B)
Imported 'GUID: c125d437138f54ca1b9697c827120aad' -> (Import Result ID: 'b2fe7a06ca5f9e9e7d484e77c38eb938') in 0.001 seconds [static and dynamic dependencies]. Details - ImportResultOutputID=0b27213f9c65e7e66d661c886cfc3f65 DependenciesID=cc7657c42971451c0d898778f26b112c StaticDependenciesID=adfa9143bf2dfa86076b38fdf2485157 
Number of updated asset objects reloaded before import = 0
Number of asset objects unloaded after import = 0
========================================================================
Received Import Request.
  Time of request: 2026-09-01T06:04:46.570162Z
  Time since last request: 0.000486375 seconds.
  importAddress: GUID: 9858b8d6bc5e649ca94c5830ec79be14 - Path: Packages/com.unity.xr.arfoundation/Assets/Textures/UnityLogoWhiteRGB.png - Importer: ScriptedImporter/UnityEditor.QuickSearchModule:UnityEditor.Search:ASIAI0B
Importing 'GUID: 9858b8d6bc5e649ca94c5830ec79be14 - Path: Packages/com.unity.xr.arfoundation/Assets/Textures/UnityLogoWhiteRGB.png - Importer: ScriptedImporter/UnityEditor.QuickSearchModule:UnityEditor.Search:ASIAI0B' with importer (ScriptedImporter : UnityEditor.QuickSearchModule:UnityEditor.Search:ASIAI0B)
Imported 'GUID: 9858b8d6bc5e649ca94c5830ec79be14' -> (Import Result ID: '81c4dd06847f42fe8d698a0c271dc399') in 0.005 seconds [static and dynamic dependencies]. Details - ImportResultOutputID=d9eee7ae6f8a33a9fc3082cfd8949e13 DependenciesID=5c02931be26b1c70ff46e9bce5576ed7 StaticDependenciesID=87b955da1188bbbb2280b445d3719926 
Number of updated asset objects reloaded before import = 0
Number of asset objects unloaded after import = 1
========================================================================
Received Import Request.
  Time of request: 2026-09-01T06:04:46.575718Z
  Time since last request: 0.000550042 seconds.
  importAddress: GUID: 72e49688ed3163345a92dc911c55b078 - Path: Packages/com.unity.xr.arkit/Runtime/ARWorldMapRequestStatus.cs - Importer: ScriptedImporter/UnityEditor.QuickSearchModule:UnityEditor.Search:ASIAI0B
Importing 'GUID: 72e49688ed3163345a92dc911c55b078 - Path: Packages/com.unity.xr.arkit/Runtime/ARWorldMapRequestStatus.cs - Importer: ScriptedImporter/UnityEditor.QuickSearchModule:UnityEditor.Search:ASIAI0B' with importer (ScriptedImporter : UnityEditor.QuickSearchModule:UnityEditor.Search:ASIAI0B)
Imported 'GUID: 72e49688ed3163345a92dc911c55b078' -> (Import Result ID: 'b0106c1b6702bc6f9ff83a8258152eea') in 0.002 seconds [static and dynamic dependencies]. Details - ImportResultOutputID=c8978045dc1c8e5b1636c6b2643274a5 DependenciesID=2895149262b56b74285442ec1efe38f5 StaticDependenciesID=62a37b8d9f147e405e8a65ea843c1e73 
Number of updated asset objects reloaded before import = 0
Number of asset objects unloaded after import = 1
========================================================================
Received Import Request.
  Time of request: 2026-09-01T06:04:46.579368Z
  Time since last request: 0.000728209 seconds.
  importAddress: GUID: e626a1eec7776ce4797c6ef00c47bf23 - Path: Packages/com.unity.xr.management/Editor/XRLoaderOrderUI.cs - Importer: ScriptedImporter/UnityEditor.QuickSearchModule:UnityEditor.Search:ASIAI0B
Importing 'GUID: e626a1eec7776ce4797c6ef00c47bf23 - Path: Packages/com.unity.xr.management/Editor/XRLoaderOrderUI.cs - Importer: ScriptedImporter/UnityEditor.QuickSearchModule:UnityEditor.Search:ASIAI0B' with importer (ScriptedImporter : UnityEditor.QuickSearchModule:UnityEditor.Search:ASIAI0B)
Imported 'GUID: e626a1eec7776ce4797c6ef00c47bf23' -> (Import Result ID: 'aa72110be9a73e5c63b91c93ae87134d') in 0.001 seconds [static and dynamic dependencies]. Details - ImportResultOutputID=f06c0de2492842d745a721889a885d9a DependenciesID=b3f20e808c82d5e11e26b609bf7e1b71 StaticDependenciesID=e9c12f039c5323f0598e9288ce07ddd7 
Number of updated asset objects reloaded before import = 0
Number of asset objects unloaded after import = 0
========================================================================
Received Import Request.
  Time of request: 2026-09-01T06:04:46.581447Z
  Time since last request: 0.000505084 seconds.
  importAddress: GUID: fe69636be56b48041abf9fd83457a282 - Path: Packages/com.unity.xr.management/Tests/Editor/AndroidManifestTests.cs - Importer: ScriptedImporter/UnityEditor.QuickSearchModule:UnityEditor.Search:ASIAI0B
Importing 'GUID: fe69636be56b48041abf9fd83457a282 - Path: Packages/com.unity.xr.management/Tests/Editor/AndroidManifestTests.cs - Importer: ScriptedImporter/UnityEditor.QuickSearchModule:UnityEditor.Search:ASIAI0B' with importer (ScriptedImporter : UnityEditor.QuickSearchModule:UnityEditor.Search:ASIAI0B)
Imported 'GUID: fe69636be56b48041abf9fd83457a282' -> (Import Result ID: '73d6e74fc2ed1166dff9617bba2cd878') in 0.001 seconds [static and dynamic dependencies]. Details - ImportResultOutputID=3d08dc8e5b158343e5dc3a918da24154 DependenciesID=4ce579db89dfdfbe8e59f455f2813d2f StaticDependenciesID=2133caa504147af51408d8f292539940 
Number of updated asset objects reloaded before import = 0
Number of asset objects unloaded after import = 0
========================================================================
Received Import Request.
  Time of request: 2026-09-01T06:04:46.583676Z
  Time since last request: 0.000709958 seconds.
  importAddress: GUID: a78ab592bbf6d4a668a9ac5f7af9c924 - Path: Packages/com.unity.xr.arfoundation/Runtime/VisualScripting/Units/Events/MessageListeners - Importer: ScriptedImporter/UnityEditor.QuickSearchModule:UnityEditor.Search:ASIAI0B
Importing 'GUID: a78ab592bbf6d4a668a9ac5f7af9c924 - Path: Packages/com.unity.xr.arfoundation/Runtime/VisualScripting/Units/Events/MessageListeners - Importer: ScriptedImporter/UnityEditor.QuickSearchModule:UnityEditor.Search:ASIAI0B' with importer (ScriptedImporter : UnityEditor.QuickSearchModule:UnityEditor.Search:ASIAI0B)
Imported 'GUID: a78ab592bbf6d4a668a9ac5f7af9c924' -> (Import Result ID: '414cfe7dd120e0266f9fa967827e34a0') in 0.001 seconds [static and dynamic dependencies]. Details - ImportResultOutputID=076f7c4f60a71b6fedd698d188dda3ae DependenciesID=f00c5f6f16acd8945b396b5eae641769 StaticDependenciesID=a5c2ea44066779213a2cbd4460aac143 
Number of updated asset objects reloaded before import = 0
Number of asset objects unloaded after import = 1
========================================================================
Received Import Request.
  Time of request: 2026-09-01T06:04:46.585715Z
  Time since last request: 0.000417042 seconds.
  importAddress: GUID: 6be7b41b0e976514cad47f3eb7b2b6a1 - Path: Packages/com.unity.xr.arfoundation/Editor/Icons/ArrowCaretLeft.png - Importer: ScriptedImporter/UnityEditor.QuickSearchModule:UnityEditor.Search:ASIAI0B
Importing 'GUID: 6be7b41b0e976514cad47f3eb7b2b6a1 - Path: Packages/com.unity.xr.arfoundation/Editor/Icons/ArrowCaretLeft.png - Importer: ScriptedImporter/UnityEditor.QuickSearchModule:UnityEditor.Search:ASIAI0B' with importer (ScriptedImporter : UnityEditor.QuickSearchModule:UnityEditor.Search:ASIAI0B)
Imported 'GUID: 6be7b41b0e976514cad47f3eb7b2b6a1' -> (Import Result ID: '99e7322043579e6e6c06dc8bc0734c48') in 0.003 seconds [static and dynamic dependencies]. Details - ImportResultOutputID=dfa26e3b24714752519a6e0c53c76414 DependenciesID=39a1629bd1bc022e3bd20d2ccf5d6155 StaticDependenciesID=65e1f63dfbc5fac37937fc8bd4e43fa1 
Number of updated asset objects reloaded before import = 0
Number of asset objects unloaded after import = 1
========================================================================
Received Import Request.
  Time of request: 2026-09-01T06:04:46.590771Z
  Time since last request: 0.001275833 seconds.
  importAddress: GUID: c1782cb5ceba4109befe9ec9de659aa8 - Path: Packages/com.unity.xr.arfoundation/Runtime/ARSubsystems/Faces - Importer: ScriptedImporter/UnityEditor.QuickSearchModule:UnityEditor.Search:ASIAI0B
Importing 'GUID: c1782cb5ceba4109befe9ec9de659aa8 - Path: Packages/com.unity.xr.arfoundation/Runtime/ARSubsystems/Faces - Importer: ScriptedImporter/UnityEditor.QuickSearchModule:UnityEditor.Search:ASIAI0B' with importer (ScriptedImporter : UnityEditor.QuickSearchModule:UnityEditor.Search:ASIAI0B)
Imported 'GUID: c1782cb5ceba4109befe9ec9de659aa8' -> (Import Result ID: 'b1e4e9ba28f70b27c6de4a70b305c02e') in 0.001 seconds [static and dynamic dependencies]. Details - ImportResultOutputID=a5146e9d75e04f054dba580afe86f991 DependenciesID=926de3647c6209704c838a2f3db059f0 StaticDependenciesID=c7d0fd3631351ba4b4aab89af06b7f70 
Number of updated asset objects reloaded before import = 0
Number of asset objects unloaded after import = 1
========================================================================
Received Import Request.
  Time of request: 2026-09-01T06:04:46.593113Z
  Time since last request: 0.000542583 seconds.
  importAddress: GUID: 6c267745db420b642bf89df9573f8a27 - Path: Packages/com.unity.xr.arfoundation/Runtime/ARSubsystems/Raycasts/XRRaycastHit.cs - Importer: ScriptedImporter/UnityEditor.QuickSearchModule:UnityEditor.Search:ASIAI0B
Importing 'GUID: 6c267745db420b642bf89df9573f8a27 - Path: Packages/com.unity.xr.arfoundation/Runtime/ARSubsystems/Raycasts/XRRaycastHit.cs - Importer: ScriptedImporter/UnityEditor.QuickSearchModule:UnityEditor.Search:ASIAI0B' with importer (ScriptedImporter : UnityEditor.QuickSearchModule:UnityEditor.Search:ASIAI0B)
Imported 'GUID: 6c267745db420b642bf89df9573f8a27' -> (Import Result ID: '248073805c1396ebd5775ad77c10be02') in 0.001 seconds [static and dynamic dependencies]. Details - ImportResultOutputID=459dd5d12933c67f5030fb27acc147b2 DependenciesID=81a4c0d7c4148153486d8ef4c0071d54 StaticDependenciesID=2f3a6ab2a690ef6750d29f470216fbab 
Number of updated asset objects reloaded before import = 0
Number of asset objects unloaded after import = 0
========================================================================
Received Import Request.
  Time of request: 2026-09-01T06:04:46.595259Z
  Time since last request: 0.000536792 seconds.
  importAddress: GUID: 53f4fa13cedbdb9499fe40ffe30c61cd - Path: Packages/com.unity.xr.arfoundation/Assets/Shaders/DepthCopy.shader - Importer: ScriptedImporter/UnityEditor.QuickSearchModule:UnityEditor.Search:ASIAI0B
Importing 'GUID: 53f4fa13cedbdb9499fe40ffe30c61cd - Path: Packages/com.unity.xr.arfoundation/Assets/Shaders/DepthCopy.shader - Importer: ScriptedImporter/UnityEditor.QuickSearchModule:UnityEditor.Search:ASIAI0B' with importer (ScriptedImporter : UnityEditor.QuickSearchModule:UnityEditor.Search:ASIAI0B)
Imported 'GUID: 53f4fa13cedbdb9499fe40ffe30c61cd' -> (Import Result ID: '354ec742028ecb05284ea51a8d42ac53') in 0.006 seconds [static and dynamic dependencies]. Details - ImportResultOutputID=cb7fdcd4221415550249af91bee1fa4e DependenciesID=1f444b52602200d22f49fea7d7c5d89d StaticDependenciesID=433a8d23f7768f6e314fd5e8a90e7a57 
Number of updated asset objects reloaded before import = 0
Number of asset objects unloaded after import = 1
========================================================================
Received Import Request.
  Time of request: 2026-09-01T06:04:46.601948Z
  Time since last request: 0.000531667 seconds.
  importAddress: GUID: 3702d8640881467da6b46badf6de7469 - Path: Packages/com.unity.xr.core-utils/Runtime/Bindings/Variables/BindableEnum.cs - Importer: ScriptedImporter/UnityEditor.QuickSearchModule:UnityEditor.Search:ASIAI0B
Importing 'GUID: 3702d8640881467da6b46badf6de7469 - Path: Packages/com.unity.xr.core-utils/Runtime/Bindings/Variables/BindableEnum.cs - Importer: ScriptedImporter/UnityEditor.QuickSearchModule:UnityEditor.Search:ASIAI0B' with importer (ScriptedImporter : UnityEditor.QuickSearchModule:UnityEditor.Search:ASIAI0B)
Imported 'GUID: 3702d8640881467da6b46badf6de7469' -> (Import Result ID: '9003f927e52e2e62f9443ef66a266bdf') in 0.002 seconds [static and dynamic dependencies]. Details - ImportResultOutputID=50e8fa645567224a74b4759a33c1fdeb DependenciesID=40dcdef7145d1eea86666c04570f0050 StaticDependenciesID=f754d7a8d14123324bffe7740705ec48 
Number of updated asset objects reloaded before import = 0
Number of asset objects unloaded after import = 0
========================================================================
Received Import Request.
  Time of request: 2026-09-01T06:04:46.604766Z
  Time since last request: 0.000573834 seconds.
  importAddress: GUID: aa594ee3912e5429a872a3d5fa058642 - Path: Packages/com.unity.xr.arfoundation/Runtime/Simulation/Subsystems/ImageTracking/SimulationImageTrackingSubsystem.cs - Importer: ScriptedImporter/UnityEditor.QuickSearchModule:UnityEditor.Search:ASIAI0B
Importing 'GUID: aa594ee3912e5429a872a3d5fa058642 - Path: Packages/com.unity.xr.arfoundation/Runtime/Simulation/Subsystems/ImageTracking/SimulationImageTrackingSubsystem.cs - Importer: ScriptedImporter/UnityEditor.QuickSearchModule:UnityEditor.Search:ASIAI0B' with importer (ScriptedImporter : UnityEditor.QuickSearchModule:UnityEditor.Search:ASIAI0B)
Imported 'GUID: aa594ee3912e5429a872a3d5fa058642' -> (Import Result ID: '28e48a22505afbfd6fb2cfba013d0188') in 0.002 seconds [static and dynamic dependencies]. Details - ImportResultOutputID=e585f55b73910264049eb47dc06ec65f DependenciesID=cdc33f547f6dc5bc75e9ac9f9241a73f StaticDependenciesID=640c2c9683f1d90b5798971d75797095 
Number of updated asset objects reloaded before import = 0
Number of asset objects unloaded after import = 0
========================================================================
Received Import Request.
  Time of request: 2026-09-01T06:04:46.607928Z
  Time since last request: 0.000600208 seconds.
  importAddress: GUID: 5156a74693edbf246b786f0ebfc54f7c - Path: Packages/com.unity.xr.core-utils/Runtime/Collections/SerializableDictionary.cs - Importer: ScriptedImporter/UnityEditor.QuickSearchModule:UnityEditor.Search:ASIAI0B
Importing 'GUID: 5156a74693edbf246b786f0ebfc54f7c - Path: Packages/com.unity.xr.core-utils/Runtime/Collections/SerializableDictionary.cs - Importer: ScriptedImporter/UnityEditor.QuickSearchModule:UnityEditor.Search:ASIAI0B' with importer (ScriptedImporter : UnityEditor.QuickSearchModule:UnityEditor.Search:ASIAI0B)
Imported 'GUID: 5156a74693edbf246b786f0ebfc54f7c' -> (Import Result ID: '18ee2ce06605aa74abcaf7788a4e6082') in 0.001 seconds [static and dynamic dependencies]. Details - ImportResultOutputID=d05f7404650784458eac72461703ed10 DependenciesID=15a3d62207b3c653d610e9cd1b5ca689 StaticDependenciesID=87d3eab5c20e98bf34f465f910fcb448 
Number of updated asset objects reloaded before import = 0
Number of asset objects unloaded after import = 0
========================================================================
Received Import Request.
  Time of request: 2026-09-01T06:04:46.61042Z
  Time since last request: 0.0007205 seconds.
  importAddress: GUID: fede4934f2594da19e45283d89355e5a - Path: Packages/com.unity.xr.arfoundation/Runtime/ARFoundation/BoundingBoxes/ARBoundingBox.cs - Importer: ScriptedImporter/UnityEditor.QuickSearchModule:UnityEditor.Search:ASIAI0B
Importing 'GUID: fede4934f2594da19e45283d89355e5a - Path: Packages/com.unity.xr.arfoundation/Runtime/ARFoundation/BoundingBoxes/ARBoundingBox.cs - Importer: ScriptedImporter/UnityEditor.QuickSearchModule:UnityEditor.Search:ASIAI0B' with importer (ScriptedImporter : UnityEditor.QuickSearchModule:UnityEditor.Search:ASIAI0B)
Imported 'GUID: fede4934f2594da19e45283d89355e5a' -> (Import Result ID: '9750001e703f013ceab2fb5d3c45d8f6') in 0.001 seconds [static and dynamic dependencies]. Details - ImportResultOutputID=6260abcf303c62568193202fdf1841ab DependenciesID=b2a37698011c83509827096173c795af StaticDependenciesID=e4a4b5839862b22d21c842611b7ac844 
Number of updated asset objects reloaded before import = 0
Number of asset objects unloaded after import = 0
========================================================================
Received Import Request.
  Time of request: 2026-09-01T06:04:46.612441Z
  Time since last request: 0.000343 seconds.
  importAddress: GUID: 378fb4eec0f59ac4c95c0d5b227aa85e - Path: Packages/com.unity.xr.arfoundation/Editor/Simulation/SimulationEnvironmentAssetsManager.cs - Importer: ScriptedImporter/UnityEditor.QuickSearchModule:UnityEditor.Search:ASIAI0B
Importing 'GUID: 378fb4eec0f59ac4c95c0d5b227aa85e - Path: Packages/com.unity.xr.arfoundation/Editor/Simulation/SimulationEnvironmentAssetsManager.cs - Importer: ScriptedImporter/UnityEditor.QuickSearchModule:UnityEditor.Search:ASIAI0B' with importer (ScriptedImporter : UnityEditor.QuickSearchModule:UnityEditor.Search:ASIAI0B)
Imported 'GUID: 378fb4eec0f59ac4c95c0d5b227aa85e' -> (Import Result ID: '8051c9e2c0d40915fddaed9d682ef2d4') in 0.001 seconds [static and dynamic dependencies]. Details - ImportResultOutputID=323267840f46f317361144c557a88e36 DependenciesID=ddcb9a1bddf1b9a0fe0c815876dd8886 StaticDependenciesID=a515b66f608f6f49e82db5189d8b1054 
Number of updated asset objects reloaded before import = 0
Number of asset objects unloaded after import = 0
========================================================================
Received Import Request.
  Time of request: 2026-09-01T06:04:46.614814Z
  Time since last request: 0.00063575 seconds.
  importAddress: GUID: 841253094c20d4bdb8e614eb9dee50eb - Path: Packages/com.unity.xr.core-utils/Runtime/ObjectPool.cs - Importer: ScriptedImporter/UnityEditor.QuickSearchModule:UnityEditor.Search:ASIAI0B
Importing 'GUID: 841253094c20d4bdb8e614eb9dee50eb - Path: Packages/com.unity.xr.core-utils/Runtime/ObjectPool.cs - Importer: ScriptedImporter/UnityEditor.QuickSearchModule:UnityEditor.Search:ASIAI0B' with importer (ScriptedImporter : UnityEditor.QuickSearchModule:UnityEditor.Search:ASIAI0B)
Imported 'GUID: 841253094c20d4bdb8e614eb9dee50eb' -> (Import Result ID: '35788163f27c58e482757b309d416456') in 0.001 seconds [static and dynamic dependencies]. Details - ImportResultOutputID=c5a9d17c431ae2923c95440ec67816de DependenciesID=47da970cfcfae04659dc769dc4f571d8 StaticDependenciesID=f7afa3e56d72c40e259c031505060251 
Number of updated asset objects reloaded before import = 0
Number of asset objects unloaded after import = 0
========================================================================
Received Import Request.
  Time of request: 2026-09-01T06:04:46.617015Z
  Time since last request: 0.000502958 seconds.
  importAddress: GUID: 5e9b9ed043ee9ae4895b473cc3d1f6f7 - Path: Packages/com.unity.xr.arfoundation/Runtime/Simulation/Environment/XRayRegion.cs - Importer: ScriptedImporter/UnityEditor.QuickSearchModule:UnityEditor.Search:ASIAI0B
Importing 'GUID: 5e9b9ed043ee9ae4895b473cc3d1f6f7 - Path: Packages/com.unity.xr.arfoundation/Runtime/Simulation/Environment/XRayRegion.cs - Importer: ScriptedImporter/UnityEditor.QuickSearchModule:UnityEditor.Search:ASIAI0B' with importer (ScriptedImporter : UnityEditor.QuickSearchModule:UnityEditor.Search:ASIAI0B)
Imported 'GUID: 5e9b9ed043ee9ae4895b473cc3d1f6f7' -> (Import Result ID: '5b53ce597080716af43673b2efcf136e') in 0.003 seconds [static and dynamic dependencies]. Details - ImportResultOutputID=cb05c6ff3029661b322afea728e085b2 DependenciesID=80b199963db74552d8cb537a4209e69c StaticDependenciesID=66bc8e26ca9661326bcb2d9a3e991074 
Number of updated asset objects reloaded before import = 0
Number of asset objects unloaded after import = 0
========================================================================
Received Import Request.
  Time of request: 2026-09-01T06:04:46.620708Z
  Time since last request: 0.000709666 seconds.
  importAddress: GUID: 06177c8680ea415c88d4b29d40a79cec - Path: Packages/com.unity.xr.management/Editor/PackageNotificationUtils.cs - Importer: ScriptedImporter/UnityEditor.QuickSearchModule:UnityEditor.Search:ASIAI0B
Importing 'GUID: 06177c8680ea415c88d4b29d40a79cec - Path: Packages/com.unity.xr.management/Editor/PackageNotificationUtils.cs - Importer: ScriptedImporter/UnityEditor.QuickSearchModule:UnityEditor.Search:ASIAI0B' with importer (ScriptedImporter : UnityEditor.QuickSearchModule:UnityEditor.Search:ASIAI0B)
Imported 'GUID: 06177c8680ea415c88d4b29d40a79cec' -> (Import Result ID: '05effc45402b386734e3d4b554222eb8') in 0.001 seconds [static and dynamic dependencies]. Details - ImportResultOutputID=fa5d2efb823e9d8762928699ca63d980 DependenciesID=1be4e4ea216a758884aed15ee8d2a3d5 StaticDependenciesID=3f7553ec79dd11cfc82e439b95e1e096 
Number of updated asset objects reloaded before import = 0
Number of asset objects unloaded after import = 0
========================================================================
Received Import Request.
  Time of request: 2026-09-01T06:04:46.622792Z
  Time since last request: 0.000529209 seconds.
  importAddress: GUID: f4c3631f5e58749a59194e0cf6baf6d5 - Path: Packages/com.unity.xr.management/Runtime/XRManagerSettings.cs - Importer: ScriptedImporter/UnityEditor.QuickSearchModule:UnityEditor.Search:ASIAI0B
Importing 'GUID: f4c3631f5e58749a59194e0cf6baf6d5 - Path: Packages/com.unity.xr.management/Runtime/XRManagerSettings.cs - Importer: ScriptedImporter/UnityEditor.QuickSearchModule:UnityEditor.Search:ASIAI0B' with importer (ScriptedImporter : UnityEditor.QuickSearchModule:UnityEditor.Search:ASIAI0B)
Imported 'GUID: f4c3631f5e58749a59194e0cf6baf6d5' -> (Import Result ID: '7c604ef7d2c897c1f45ec0fc8e000d62') in 0.001 seconds [static and dynamic dependencies]. Details - ImportResultOutputID=512210f690d6c8f33a41f65adcfc343d DependenciesID=0b7fcfeb30ca2969b830143c0fd4710b StaticDependenciesID=639bbc555fdc4938cdac9c3ee6f7899c 
Number of updated asset objects reloaded before import = 0
Number of asset objects unloaded after import = 0
========================================================================
Received Import Request.
  Time of request: 2026-09-01T06:04:46.625026Z
  Time since last request: 0.000540166 seconds.
  importAddress: GUID: d91ae87510586cd4ab236f6b9af3fcfc - Path: Packages/com.unity.xr.arfoundation/Runtime/Simulation/Plugins/windows-arm64 - Importer: ScriptedImporter/UnityEditor.QuickSearchModule:UnityEditor.Search:ASIAI0B
Importing 'GUID: d91ae87510586cd4ab236f6b9af3fcfc - Path: Packages/com.unity.xr.arfoundation/Runtime/Simulation/Plugins/windows-arm64 - Importer: ScriptedImporter/UnityEditor.QuickSearchModule:UnityEditor.Search:ASIAI0B' with importer (ScriptedImporter : UnityEditor.QuickSearchModule:UnityEditor.Search:ASIAI0B)
Imported 'GUID: d91ae87510586cd4ab236f6b9af3fcfc' -> (Import Result ID: '85ec3a0bd61d5b26fbb0d27d585863ef') in 0.001 seconds [static and dynamic dependencies]. Details - ImportResultOutputID=2ed69562badeafcb9dd5bf783eda8bce DependenciesID=367fa7f8d4da9265e5cbccd89458c9ed StaticDependenciesID=7a6d880b1b0b73c6d75e6b492af677a9 
Number of updated asset objects reloaded before import = 0
Number of asset objects unloaded after import = 1
========================================================================
Received Import Request.
  Time of request: 2026-09-01T06:04:46.627067Z
  Time since last request: 0.000477458 seconds.
  importAddress: GUID: 7bd6dcbafb015a6459bdfe85af7b5719 - Path: Packages/com.unity.xr.arfoundation/Runtime/Simulation/Subsystems/Meshing/SimulationMesh.cs - Importer: ScriptedImporter/UnityEditor.QuickSearchModule:UnityEditor.Search:ASIAI0B
Importing 'GUID: 7bd6dcbafb015a6459bdfe85af7b5719 - Path: Packages/com.unity.xr.arfoundation/Runtime/Simulation/Subsystems/Meshing/SimulationMesh.cs - Importer: ScriptedImporter/UnityEditor.QuickSearchModule:UnityEditor.Search:ASIAI0B' with importer (ScriptedImporter : UnityEditor.QuickSearchModule:UnityEditor.Search:ASIAI0B)
Imported 'GUID: 7bd6dcbafb015a6459bdfe85af7b5719' -> (Import Result ID: '64ab86dfe19577b05f91e350c561b47e') in 0.001 seconds [static and dynamic dependencies]. Details - ImportResultOutputID=a869cfc6169fa82cad060f73015ff119 DependenciesID=b05260cea13b37ad7e92ca84a7298173 StaticDependenciesID=b3f0e60211466d52bf658e0d89166aec 
Number of updated asset objects reloaded before import = 0
Number of asset objects unloaded after import = 0
========================================================================
Received Import Request.
  Time of request: 2026-09-01T06:04:46.628879Z
  Time since last request: 0.000524458 seconds.
  importAddress: GUID: bf131654a9d657a408f7db40058a8720 - Path: Packages/com.unity.xr.core-utils/Editor/BuildingBlocks - Importer: ScriptedImporter/UnityEditor.QuickSearchModule:UnityEditor.Search:ASIAI0B
Importing 'GUID: bf131654a9d657a408f7db40058a8720 - Path: Packages/com.unity.xr.core-utils/Editor/BuildingBlocks - Importer: ScriptedImporter/UnityEditor.QuickSearchModule:UnityEditor.Search:ASIAI0B' with importer (ScriptedImporter : UnityEditor.QuickSearchModule:UnityEditor.Search:ASIAI0B)
Imported 'GUID: bf131654a9d657a408f7db40058a8720' -> (Import Result ID: 'b9442d81e7d1903a5f6c6acc192dae9b') in 0.001 seconds [static and dynamic dependencies]. Details - ImportResultOutputID=73488dfc7af9a41aadae2afb533d75ba DependenciesID=f77ef4faea9b20539dbe8c415b1db425 StaticDependenciesID=28037c2598d260219c7c063ce46ea91b 
Number of updated asset objects reloaded before import = 0
Number of asset objects unloaded after import = 1
========================================================================
Received Import Request.
  Time of request: 2026-09-01T06:04:46.630633Z
  Time since last request: 0.0004655 seconds.
  importAddress: GUID: f4c04b269c8d4c01bb470e964e84685b - Path: Packages/com.unity.xr.arfoundation/Runtime/ARFoundation/Common/Textures/NoSwapchainStrategy.cs - Importer: ScriptedImporter/UnityEditor.QuickSearchModule:UnityEditor.Search:ASIAI0B
Importing 'GUID: f4c04b269c8d4c01bb470e964e84685b - Path: Packages/com.unity.xr.arfoundation/Runtime/ARFoundation/Common/Textures/NoSwapchainStrategy.cs - Importer: ScriptedImporter/UnityEditor.QuickSearchModule:UnityEditor.Search:ASIAI0B' with importer (ScriptedImporter : UnityEditor.QuickSearchModule:UnityEditor.Search:ASIAI0B)
Imported 'GUID: f4c04b269c8d4c01bb470e964e84685b' -> (Import Result ID: 'c2147a2748df573b6def1838258c18dd') in 0.001 seconds [static and dynamic dependencies]. Details - ImportResultOutputID=dd68a123f0ba8ffded868cc20e3f7235 DependenciesID=4da33fce63cdc5b7e9193a076293875e StaticDependenciesID=8717aeb39768abef2d4a6305c0e3df8e 
Number of updated asset objects reloaded before import = 0
Number of asset objects unloaded after import = 0
========================================================================
Received Import Request.
  Time of request: 2026-09-01T06:04:46.632503Z
  Time since last request: 0.000380875 seconds.
  importAddress: GUID: 743dbe898e46f4e27b435f79a524f27b - Path: Packages/com.unity.xr.arfoundation/Assets/Materials/YAxis.mat - Importer: ScriptedImporter/UnityEditor.QuickSearchModule:UnityEditor.Search:ASIAI0B
Importing 'GUID: 743dbe898e46f4e27b435f79a524f27b - Path: Packages/com.unity.xr.arfoundation/Assets/Materials/YAxis.mat - Importer: ScriptedImporter/UnityEditor.QuickSearchModule:UnityEditor.Search:ASIAI0B' with importer (ScriptedImporter : UnityEditor.QuickSearchModule:UnityEditor.Search:ASIAI0B)
Imported 'GUID: 743dbe898e46f4e27b435f79a524f27b' -> (Import Result ID: '586962faa945fe96814ea42057fdb259') in 0.006 seconds [static and dynamic dependencies]. Details - ImportResultOutputID=dd19ba062432bb506ca4b2152ee60c93 DependenciesID=9a6c83831d2f585bbfcefef4745df155 StaticDependenciesID=bf3cecaf4aa5e837e6ba1f0a9116de36 
Number of updated asset objects reloaded before import = 0
Number of asset objects unloaded after import = 1
========================================================================
Received Import Request.
  Time of request: 2026-09-01T06:04:46.63924Z
  Time since last request: 0.0004985 seconds.
  importAddress: GUID: f55c8aa2f418fae4693a0db0739d4b7a - Path: Packages/com.unity.xr.legacyinputhelpers/Tests/Editor/SeedXRInputBindings - Importer: ScriptedImporter/UnityEditor.QuickSearchModule:UnityEditor.Search:ASIAI0B
Importing 'GUID: f55c8aa2f418fae4693a0db0739d4b7a - Path: Packages/com.unity.xr.legacyinputhelpers/Tests/Editor/SeedXRInputBindings - Importer: ScriptedImporter/UnityEditor.QuickSearchModule:UnityEditor.Search:ASIAI0B' with importer (ScriptedImporter : UnityEditor.QuickSearchModule:UnityEditor.Search:ASIAI0B)
Imported 'GUID: f55c8aa2f418fae4693a0db0739d4b7a' -> (Import Result ID: '99a53606b0fac7585b77f158d77446ec') in 0.001 seconds [static and dynamic dependencies]. Details - ImportResultOutputID=779b58511133a9a2961a9eabbf9ceb5a DependenciesID=7c48dc4a03dc948441d5145c1be2d65c StaticDependenciesID=ada8cb1b3f1858fc98e22164c51fb271 
Number of updated asset objects reloaded before import = 0
Number of asset objects unloaded after import = 1
========================================================================
Received Import Request.
  Time of request: 2026-09-01T06:04:46.641727Z
  Time since last request: 0.000430042 seconds.
  importAddress: GUID: ae3a8318ae541d645a747de20dced0e9 - Path: Packages/com.unity.xr.arfoundation/Runtime/ARFoundation/Common/SubsystemLifecycleManager.cs - Importer: ScriptedImporter/UnityEditor.QuickSearchModule:UnityEditor.Search:ASIAI0B
Importing 'GUID: ae3a8318ae541d645a747de20dced0e9 - Path: Packages/com.unity.xr.arfoundation/Runtime/ARFoundation/Common/SubsystemLifecycleManager.cs - Importer: ScriptedImporter/UnityEditor.QuickSearchModule:UnityEditor.Search:ASIAI0B' with importer (ScriptedImporter : UnityEditor.QuickSearchModule:UnityEditor.Search:ASIAI0B)
Imported 'GUID: ae3a8318ae541d645a747de20dced0e9' -> (Import Result ID: '940a89dc13e1565098ee82640c147dae') in 0.001 seconds [static and dynamic dependencies]. Details - ImportResultOutputID=c3df24a18f11b854f447f8a9b3677120 DependenciesID=2183b0e99bcf5b41472ef68532cfc0d8 StaticDependenciesID=aaa0c5c0528797dbc1489c149ddfbb47 
Number of updated asset objects reloaded before import = 0
Number of asset objects unloaded after import = 1
========================================================================
Received Import Request.
  Time of request: 2026-09-01T06:04:46.643778Z
  Time since last request: 0.000375375 seconds.
  importAddress: GUID: 01ab1845bcca46128e22f913068bb450 - Path: Packages/com.unity.xr.arfoundation/Runtime/ARFoundation/Camera/CameraBackgroundRenderingMode.cs - Importer: ScriptedImporter/UnityEditor.QuickSearchModule:UnityEditor.Search:ASIAI0B
Importing 'GUID: 01ab1845bcca46128e22f913068bb450 - Path: Packages/com.unity.xr.arfoundation/Runtime/ARFoundation/Camera/CameraBackgroundRenderingMode.cs - Importer: ScriptedImporter/UnityEditor.QuickSearchModule:UnityEditor.Search:ASIAI0B' with importer (ScriptedImporter : UnityEditor.QuickSearchModule:UnityEditor.Search:ASIAI0B)
Imported 'GUID: 01ab1845bcca46128e22f913068bb450' -> (Import Result ID: 'ef8d8c4a9d7bf7c1d1cb80299a12f473') in 0.001 seconds [static and dynamic dependencies]. Details - ImportResultOutputID=dd8379d900d64548bb4b6394ce3e5c3f DependenciesID=936404816d36a7686f4f7b02d805bc3b StaticDependenciesID=490c9b9ac8678b036af119246cca088f 
Number of updated asset objects reloaded before import = 0
Number of asset objects unloaded after import = 0
========================================================================
Received Import Request.
  Time of request: 2026-09-01T06:04:46.645897Z
  Time since last request: 0.000577666 seconds.
  importAddress: GUID: 44ea4f699730f4b1a93b7ea24a2319c5 - Path: Packages/com.unity.xr.management/Editor/XRConfigurationProvider.cs - Importer: ScriptedImporter/UnityEditor.QuickSearchModule:UnityEditor.Search:ASIAI0B
Importing 'GUID: 44ea4f699730f4b1a93b7ea24a2319c5 - Path: Packages/com.unity.xr.management/Editor/XRConfigurationProvider.cs - Importer: ScriptedImporter/UnityEditor.QuickSearchModule:UnityEditor.Search:ASIAI0B' with importer (ScriptedImporter : UnityEditor.QuickSearchModule:UnityEditor.Search:ASIAI0B)
Imported 'GUID: 44ea4f699730f4b1a93b7ea24a2319c5' -> (Import Result ID: '9d61d1f85c9a66175c4874d4b97f9320') in 0.001 seconds [static and dynamic dependencies]. Details - ImportResultOutputID=3e421bc192d08b901d8424b5a42bdb7a DependenciesID=205841ba07224ce60280e982173686df StaticDependenciesID=d5f8d679772b44fcdc3165c08b5f0eb3 
Number of updated asset objects reloaded before import = 0
Number of asset objects unloaded after import = 0
========================================================================
Received Import Request.
  Time of request: 2026-09-01T06:04:46.648132Z
  Time since last request: 0.000633458 seconds.
  importAddress: GUID: f3498462954f485a8cf87f9315b6f768 - Path: Packages/com.unity.xr.arkit/Runtime/iOS/UnityARKit.m - Importer: ScriptedImporter/UnityEditor.QuickSearchModule:UnityEditor.Search:ASIAI0B
Importing 'GUID: f3498462954f485a8cf87f9315b6f768 - Path: Packages/com.unity.xr.arkit/Runtime/iOS/UnityARKit.m - Importer: ScriptedImporter/UnityEditor.QuickSearchModule:UnityEditor.Search:ASIAI0B' with importer (ScriptedImporter : UnityEditor.QuickSearchModule:UnityEditor.Search:ASIAI0B)
Imported 'GUID: f3498462954f485a8cf87f9315b6f768' -> (Import Result ID: '4f792af139df90bcf5c0603e36771f74') in 0.002 seconds [static and dynamic dependencies]. Details - ImportResultOutputID=68bcd55c040e9ab4a98d8a2e15a38b93 DependenciesID=901258cd730c3ec37868b74762723525 StaticDependenciesID=9a668e23fb3af95e7cea5912bc821fc0 
Number of updated asset objects reloaded before import = 0
Number of asset objects unloaded after import = 0
========================================================================
Received Import Request.
  Time of request: 2026-09-01T06:04:46.650417Z
  Time since last request: 0.000403917 seconds.
  importAddress: GUID: 9929f402f52107c41b499ab15a75c8b2 - Path: Packages/com.unity.xr.arfoundation/Editor/InternalUtils - Importer: ScriptedImporter/UnityEditor.QuickSearchModule:UnityEditor.Search:ASIAI0B
Importing 'GUID: 9929f402f52107c41b499ab15a75c8b2 - Path: Packages/com.unity.xr.arfoundation/Editor/InternalUtils - Importer: ScriptedImporter/UnityEditor.QuickSearchModule:UnityEditor.Search:ASIAI0B' with importer (ScriptedImporter : UnityEditor.QuickSearchModule:UnityEditor.Search:ASIAI0B)
Imported 'GUID: 9929f402f52107c41b499ab15a75c8b2' -> (Import Result ID: 'c21e61b26735bf918a3091d9cd018a9a') in 0.001 seconds [static and dynamic dependencies]. Details - ImportResultOutputID=346be23326c78452de38faa69e1612b8 DependenciesID=dfb9c32ed48b5f2cd78574d21941a3a4 StaticDependenciesID=5e5ff4a1c323939fa74d3ae7018c0046 
Number of updated asset objects reloaded before import = 0
Number of asset objects unloaded after import = 1
========================================================================
Received Import Request.
  Time of request: 2026-09-01T06:04:46.652117Z
  Time since last request: 0.000313958 seconds.
  importAddress: GUID: cea632371f07c48d788675fe6bad88d3 - Path: Assets/XR/XRGeneralSettingsPerBuildTarget.asset - Importer: ScriptedImporter/UnityEditor.QuickSearchModule:UnityEditor.Search:ASIAI0B
Importing 'GUID: cea632371f07c48d788675fe6bad88d3 - Path: Assets/XR/XRGeneralSettingsPerBuildTarget.asset - Importer: ScriptedImporter/UnityEditor.QuickSearchModule:UnityEditor.Search:ASIAI0B' with importer (ScriptedImporter : UnityEditor.QuickSearchModule:UnityEditor.Search:ASIAI0B)
Imported 'GUID: cea632371f07c48d788675fe6bad88d3' -> (Import Result ID: '72f9287821c31a53ee3341271684d85e') in 0.003 seconds [static and dynamic dependencies]. Details - ImportResultOutputID=2675121267f1b50a82f167c1f56963bf DependenciesID=4d631761d7f5125cb3fd5bda469c5087 StaticDependenciesID=55ba48cf6593593ecbf13299d548827a 
Number of updated asset objects reloaded before import = 0
Number of asset objects unloaded after import = 1
========================================================================
Received Import Request.
  Time of request: 2026-09-01T06:04:46.655631Z
  Time since last request: 0.000519667 seconds.
  importAddress: GUID: 78be84f5d3a3c41f9ab0093b3f712a4e - Path: Packages/com.unity.xr.arfoundation/Assets/Prefabs/OriginTransform.prefab - Importer: ScriptedImporter/UnityEditor.QuickSearchModule:UnityEditor.Search:ASIAI0B
Importing 'GUID: 78be84f5d3a3c41f9ab0093b3f712a4e - Path: Packages/com.unity.xr.arfoundation/Assets/Prefabs/OriginTransform.prefab - Importer: ScriptedImporter/UnityEditor.QuickSearchModule:UnityEditor.Search:ASIAI0B' with importer (ScriptedImporter : UnityEditor.QuickSearchModule:UnityEditor.Search:ASIAI0B)
Imported 'GUID: 78be84f5d3a3c41f9ab0093b3f712a4e' -> (Import Result ID: '8fc66a425bbfea9d827d8fa0c29fd059') in 0.014 seconds [static and dynamic dependencies]. Details - ImportResultOutputID=7b0f955299c6590e82bfaf72e70f9061 DependenciesID=6a1d4f44af3db58fa03d0f0611f8cb5a StaticDependenciesID=c56925f88f2ebeae9aaa454640fd63f2 
Number of updated asset objects reloaded before import = 0
Number of asset objects unloaded after import = 36
========================================================================
Received Import Request.
  Time of request: 2026-09-01T06:04:46.670982Z
  Time since last request: 0.000356625 seconds.
  importAddress: GUID: cb701899f95d49628fabe23c4a9a32e0 - Path: Packages/com.unity.xr.arfoundation/Runtime/ARSubsystems/Markers/XRMarkerSubsystemDescriptor.cs - Importer: ScriptedImporter/UnityEditor.QuickSearchModule:UnityEditor.Search:ASIAI0B
Importing 'GUID: cb701899f95d49628fabe23c4a9a32e0 - Path: Packages/com.unity.xr.arfoundation/Runtime/ARSubsystems/Markers/XRMarkerSubsystemDescriptor.cs - Importer: ScriptedImporter/UnityEditor.QuickSearchModule:UnityEditor.Search:ASIAI0B' with importer (ScriptedImporter : UnityEditor.QuickSearchModule:UnityEditor.Search:ASIAI0B)
Imported 'GUID: cb701899f95d49628fabe23c4a9a32e0' -> (Import Result ID: 'aa018d0f0bf4be3fb05954702f1504c5') in 0.001 seconds [static and dynamic dependencies]. Details - ImportResultOutputID=a356f4d66cc976181050d494a41fa5f0 DependenciesID=549fdd5cef7ba9808fe5fbd9900de302 StaticDependenciesID=08982f54dcae417e87c6080998cc2d6e 
Number of updated asset objects reloaded before import = 0
Number of asset objects unloaded after import = 0
========================================================================
Received Import Request.
  Time of request: 2026-09-01T06:04:46.673632Z
  Time since last request: 0.000828667 seconds.
  importAddress: GUID: ac66162cba61743f19bd559e6b242571 - Path: Packages/com.unity.xr.core-utils/Editor/ScriptableSettingsInitializer.cs - Importer: ScriptedImporter/UnityEditor.QuickSearchModule:UnityEditor.Search:ASIAI0B
Importing 'GUID: ac66162cba61743f19bd559e6b242571 - Path: Packages/com.unity.xr.core-utils/Editor/ScriptableSettingsInitializer.cs - Importer: ScriptedImporter/UnityEditor.QuickSearchModule:UnityEditor.Search:ASIAI0B' with importer (ScriptedImporter : UnityEditor.QuickSearchModule:UnityEditor.Search:ASIAI0B)
Imported 'GUID: ac66162cba61743f19bd559e6b242571' -> (Import Result ID: 'd7c2923cbdd6a2c6445abcc15b268c63') in 0.001 seconds [static and dynamic dependencies]. Details - ImportResultOutputID=cb9300b51b10df3f4287c8702f7ff6c7 DependenciesID=098c1e5a17d8b44f1711ec5b37423371 StaticDependenciesID=d307eb1e2e9aa7e56fd7945dbc20c930 
Number of updated asset objects reloaded before import = 0
Number of asset objects unloaded after import = 0
========================================================================
Received Import Request.
  Time of request: 2026-09-01T06:04:46.675682Z
  Time since last request: 0.000332917 seconds.
  importAddress: GUID: 8e2be246181a74c078bb384c2fad960a - Path: Packages/com.unity.xr.arfoundation/Editor/VisualScripting/GetEnvironmentProbesUnitDescriptor.cs - Importer: ScriptedImporter/UnityEditor.QuickSearchModule:UnityEditor.Search:ASIAI0B
Importing 'GUID: 8e2be246181a74c078bb384c2fad960a - Path: Packages/com.unity.xr.arfoundation/Editor/VisualScripting/GetEnvironmentProbesUnitDescriptor.cs - Importer: ScriptedImporter/UnityEditor.QuickSearchModule:UnityEditor.Search:ASIAI0B' with importer (ScriptedImporter : UnityEditor.QuickSearchModule:UnityEditor.Search:ASIAI0B)
Imported 'GUID: 8e2be246181a74c078bb384c2fad960a' -> (Import Result ID: 'a381b2dc59db8b8f96b27b970471f247') in 0.002 seconds [static and dynamic dependencies]. Details - ImportResultOutputID=cca59b7d13b6193b4602385fc0a19f06 DependenciesID=e46c569548e09bac306fa7d86ad0e67e StaticDependenciesID=54403869620a553f9f16480fc8c49e4c 
Number of updated asset objects reloaded before import = 0
Number of asset objects unloaded after import = 0
========================================================================
Received Import Request.
  Time of request: 2026-09-01T06:04:46.679272Z
  Time since last request: 0.000901792 seconds.
  importAddress: GUID: 35c2e5ef40a7a44a3be75615f2480887 - Path: Packages/com.unity.xr.core-utils/Runtime/CollectionPool.cs - Importer: ScriptedImporter/UnityEditor.QuickSearchModule:UnityEditor.Search:ASIAI0B
Importing 'GUID: 35c2e5ef40a7a44a3be75615f2480887 - Path: Packages/com.unity.xr.core-utils/Runtime/CollectionPool.cs - Importer: ScriptedImporter/UnityEditor.QuickSearchModule:UnityEditor.Search:ASIAI0B' with importer (ScriptedImporter : UnityEditor.QuickSearchModule:UnityEditor.Search:ASIAI0B)
Imported 'GUID: 35c2e5ef40a7a44a3be75615f2480887' -> (Import Result ID: '87cbcda5b8a5d86ff3b734c3db7cdab3') in 0.001 seconds [static and dynamic dependencies]. Details - ImportResultOutputID=71aa78a1f8f3b2c7d5a152836357f687 DependenciesID=3eb3d7132f1942d560fb3d760b892afd StaticDependenciesID=7de3a7818a5f17936c0432185f9eff2d 
Number of updated asset objects reloaded before import = 0
Number of asset objects unloaded after import = 0
========================================================================
Received Import Request.
  Time of request: 2026-09-01T06:04:46.681692Z
  Time since last request: 0.00059525 seconds.
  importAddress: GUID: 2639ecd12f662460dbef5f85267fb8b1 - Path: Packages/com.unity.xr.arfoundation/Runtime/VisualScripting/Units/Events/MessageListeners/Deprecated/ARParticipantManagerListener.deprecated.cs - Importer: ScriptedImporter/UnityEditor.QuickSearchModule:UnityEditor.Search:ASIAI0B
Importing 'GUID: 2639ecd12f662460dbef5f85267fb8b1 - Path: Packages/com.unity.xr.arfoundation/Runtime/VisualScripting/Units/Events/MessageListeners/Deprecated/ARParticipantManagerListener.deprecated.cs - Importer: ScriptedImporter/UnityEditor.QuickSearchModule:UnityEditor.Search:ASIAI0B' with importer (ScriptedImporter : UnityEditor.QuickSearchModule:UnityEditor.Search:ASIAI0B)
Imported 'GUID: 2639ecd12f662460dbef5f85267fb8b1' -> (Import Result ID: '948d04c0733718372fb3e6512f636ef7') in 0.001 seconds [static and dynamic dependencies]. Details - ImportResultOutputID=7d223cd78af3ba4ff85259f3a2bb2293 DependenciesID=ce1b3a9560d680d6bfd54b0f1fab5745 StaticDependenciesID=97b9f330a663bf1e9bb75864ae431376 
Number of updated asset objects reloaded before import = 0
Number of asset objects unloaded after import = 0
========================================================================
Received Import Request.
  Time of request: 2026-09-01T06:04:46.683659Z
  Time since last request: 0.000433958 seconds.
  importAddress: GUID: 9c5cb477607df401e941044d364eb49d - Path: Packages/com.unity.xr.core-utils/Runtime/Extensions/PoseExtensions.cs - Importer: ScriptedImporter/UnityEditor.QuickSearchModule:UnityEditor.Search:ASIAI0B
Importing 'GUID: 9c5cb477607df401e941044d364eb49d - Path: Packages/com.unity.xr.core-utils/Runtime/Extensions/PoseExtensions.cs - Importer: ScriptedImporter/UnityEditor.QuickSearchModule:UnityEditor.Search:ASIAI0B' with importer (ScriptedImporter : UnityEditor.QuickSearchModule:UnityEditor.Search:ASIAI0B)
Imported 'GUID: 9c5cb477607df401e941044d364eb49d' -> (Import Result ID: '297641faff7ddb7759ebc2560a28de08') in 0.001 seconds [static and dynamic dependencies]. Details - ImportResultOutputID=871cfecbafde40358e7d2a57b5a68930 DependenciesID=cdc6d0364c50b5dde1d82eed58f5004e StaticDependenciesID=b5287f78c07ce4ace70a80a021d0d86c 
Number of updated asset objects reloaded before import = 0
Number of asset objects unloaded after import = 0
========================================================================
Received Import Request.
  Time of request: 2026-09-01T06:04:46.685314Z
  Time since last request: 0.000353625 seconds.
  importAddress: GUID: 7b5d7db14748d4c87ac0f11077962afe - Path: Packages/com.unity.xr.core-utils/Runtime/XRLoggingUtils.cs - Importer: ScriptedImporter/UnityEditor.QuickSearchModule:UnityEditor.Search:ASIAI0B
Importing 'GUID: 7b5d7db14748d4c87ac0f11077962afe - Path: Packages/com.unity.xr.core-utils/Runtime/XRLoggingUtils.cs - Importer: ScriptedImporter/UnityEditor.QuickSearchModule:UnityEditor.Search:ASIAI0B' with importer (ScriptedImporter : UnityEditor.QuickSearchModule:UnityEditor.Search:ASIAI0B)
Imported 'GUID: 7b5d7db14748d4c87ac0f11077962afe' -> (Import Result ID: '51b3be9738fc45ca46ef50264be82a4d') in 0.001 seconds [static and dynamic dependencies]. Details - ImportResultOutputID=7c580175070e2d544c518eb8590268f1 DependenciesID=2a1e3fc5bb779eb931f9d611cce2ac73 StaticDependenciesID=3b97f61a0cbf686b26e9d24fb0f1e4f7 
Number of updated asset objects reloaded before import = 0
Number of asset objects unloaded after import = 0
========================================================================
Received Import Request.
  Time of request: 2026-09-01T06:04:46.68691Z
  Time since last request: 0.000304417 seconds.
  importAddress: GUID: 551b91e6f4eb24cd9b2940efeaf9e616 - Path: Assets/XR - Importer: ScriptedImporter/UnityEditor.QuickSearchModule:UnityEditor.Search:ASIAI0B
Importing 'GUID: 551b91e6f4eb24cd9b2940efeaf9e616 - Path: Assets/XR - Importer: ScriptedImporter/UnityEditor.QuickSearchModule:UnityEditor.Search:ASIAI0B' with importer (ScriptedImporter : UnityEditor.QuickSearchModule:UnityEditor.Search:ASIAI0B)
Imported 'GUID: 551b91e6f4eb24cd9b2940efeaf9e616' -> (Import Result ID: '8a63fa8e8603be3a07ef3a3cc9ca3061') in 0.001 seconds [static and dynamic dependencies]. Details - ImportResultOutputID=a9510eb4707ddc5cc00b66417ec06281 DependenciesID=345f070092ad255fce26143f290934c7 StaticDependenciesID=829085dc0a990a1c2aa01b3e717f8301 
Number of updated asset objects reloaded before import = 0
Number of asset objects unloaded after import = 1
========================================================================
Received Import Request.
  Time of request: 2026-09-01T06:04:46.688444Z
  Time since last request: 0.000327541 seconds.
  importAddress: GUID: b3fa6a1e43ae4ca480e022af312fa4f9 - Path: Packages/com.unity.xr.arkit/Runtime/Frameworks/ObjCRuntime - Importer: ScriptedImporter/UnityEditor.QuickSearchModule:UnityEditor.Search:ASIAI0B
Importing 'GUID: b3fa6a1e43ae4ca480e022af312fa4f9 - Path: Packages/com.unity.xr.arkit/Runtime/Frameworks/ObjCRuntime - Importer: ScriptedImporter/UnityEditor.QuickSearchModule:UnityEditor.Search:ASIAI0B' with importer (ScriptedImporter : UnityEditor.QuickSearchModule:UnityEditor.Search:ASIAI0B)
Imported 'GUID: b3fa6a1e43ae4ca480e022af312fa4f9' -> (Import Result ID: 'c1da9179c488303f65d71f9ca41a1b89') in 0.001 seconds [static and dynamic dependencies]. Details - ImportResultOutputID=214b5718d6db9ea43ab031e153a67658 DependenciesID=febf21e33ba05ae4fe2ea2da410a8bdc StaticDependenciesID=db1535be50a51932e5018fecfa9eee01 
Number of updated asset objects reloaded before import = 0
Number of asset objects unloaded after import = 1
========================================================================
Received Import Request.
  Time of request: 2026-09-01T06:04:46.690053Z
  Time since last request: 0.000402625 seconds.
  importAddress: GUID: 4f4808ab7959f4746b4a91cd7a13299d - Path: Packages/com.unity.xr.arfoundation/Runtime/ARFoundation/Camera/ARLightEstimationData.cs - Importer: ScriptedImporter/UnityEditor.QuickSearchModule:UnityEditor.Search:ASIAI0B
Importing 'GUID: 4f4808ab7959f4746b4a91cd7a13299d - Path: Packages/com.unity.xr.arfoundation/Runtime/ARFoundation/Camera/ARLightEstimationData.cs - Importer: ScriptedImporter/UnityEditor.QuickSearchModule:UnityEditor.Search:ASIAI0B' with importer (ScriptedImporter : UnityEditor.QuickSearchModule:UnityEditor.Search:ASIAI0B)
Imported 'GUID: 4f4808ab7959f4746b4a91cd7a13299d' -> (Import Result ID: '81956330611ca20613268f40b989d0bd') in 0.001 seconds [static and dynamic dependencies]. Details - ImportResultOutputID=8f0964da49db5f8f547c6b5b204b89ef DependenciesID=66278a444743ef95908fa73d5bfdc953 StaticDependenciesID=7e24d34a1eb915cc93028b254c52835b 
Number of updated asset objects reloaded before import = 0
Number of asset objects unloaded after import = 1
========================================================================
Received Import Request.
  Time of request: 2026-09-01T06:04:46.692436Z
  Time since last request: 0.000609125 seconds.
  importAddress: GUID: 5f66da7470dce8f4d821d71dd2b1d4ac - Path: Packages/com.unity.xr.arfoundation/Runtime/ARFoundation/Planes/ARPlane.cs - Importer: ScriptedImporter/UnityEditor.QuickSearchModule:UnityEditor.Search:ASIAI0B
Importing 'GUID: 5f66da7470dce8f4d821d71dd2b1d4ac - Path: Packages/com.unity.xr.arfoundation/Runtime/ARFoundation/Planes/ARPlane.cs - Importer: ScriptedImporter/UnityEditor.QuickSearchModule:UnityEditor.Search:ASIAI0B' with importer (ScriptedImporter : UnityEditor.QuickSearchModule:UnityEditor.Search:ASIAI0B)
Imported 'GUID: 5f66da7470dce8f4d821d71dd2b1d4ac' -> (Import Result ID: 'cc249127bc02fbc9de87ca6e5ac69f24') in 0.001 seconds [static and dynamic dependencies]. Details - ImportResultOutputID=063f579f94d5e08c9b3daec69e2ec916 DependenciesID=32d04d31f57151b1b1d02d2d6519d573 StaticDependenciesID=5250de6294a892044387adbc563e3d93 
Number of updated asset objects reloaded before import = 0
Number of asset objects unloaded after import = 1
========================================================================
Received Import Request.
  Time of request: 2026-09-01T06:04:46.694405Z
  Time since last request: 0.000353625 seconds.
  importAddress: GUID: 0ca48ab3377070648a3ae6ac8a2b3320 - Path: Packages/com.unity.xr.arfoundation/Runtime/ARSubsystems/Session/SessionAvailability.cs - Importer: ScriptedImporter/UnityEditor.QuickSearchModule:UnityEditor.Search:ASIAI0B
Importing 'GUID: 0ca48ab3377070648a3ae6ac8a2b3320 - Path: Packages/com.unity.xr.arfoundation/Runtime/ARSubsystems/Session/SessionAvailability.cs - Importer: ScriptedImporter/UnityEditor.QuickSearchModule:UnityEditor.Search:ASIAI0B' with importer (ScriptedImporter : UnityEditor.QuickSearchModule:UnityEditor.Search:ASIAI0B)
Imported 'GUID: 0ca48ab3377070648a3ae6ac8a2b3320' -> (Import Result ID: 'df3f6b1a151d7329f2f55708761696d2') in 0.001 seconds [static and dynamic dependencies]. Details - ImportResultOutputID=57e0b2add2155a4f0de705e32b550bcb DependenciesID=ede0d371183063bf3635031c5d528e09 StaticDependenciesID=b8e8dc78ef120666ae2e8731e4d18e55 
Number of updated asset objects reloaded before import = 0
Number of asset objects unloaded after import = 0
========================================================================
Received Import Request.
  Time of request: 2026-09-01T06:04:46.696126Z
  Time since last request: 0.000318958 seconds.
  importAddress: GUID: 496de26ee3351d5448e0fb3ca46cfc46 - Path: Packages/com.unity.xr.arfoundation/Runtime/Simulation/Subsystems/CameraFPSModeHandler.cs - Importer: ScriptedImporter/UnityEditor.QuickSearchModule:UnityEditor.Search:ASIAI0B
Importing 'GUID: 496de26ee3351d5448e0fb3ca46cfc46 - Path: Packages/com.unity.xr.arfoundation/Runtime/Simulation/Subsystems/CameraFPSModeHandler.cs - Importer: ScriptedImporter/UnityEditor.QuickSearchModule:UnityEditor.Search:ASIAI0B' with importer (ScriptedImporter : UnityEditor.QuickSearchModule:UnityEditor.Search:ASIAI0B)
Imported 'GUID: 496de26ee3351d5448e0fb3ca46cfc46' -> (Import Result ID: 'cfe4647c53b037582634117eec04c37b') in 0.001 seconds [static and dynamic dependencies]. Details - ImportResultOutputID=4e6eebd9bfa06f9793a97b8c26474a87 DependenciesID=af6d25631a0216ceb3cf3783309bea13 StaticDependenciesID=56fe9b948e3d08991da2c08e7e286bd5 
Number of updated asset objects reloaded before import = 0
Number of asset objects unloaded after import = 0
========================================================================
Received Import Request.
  Time of request: 2026-09-01T06:04:46.697678Z
  Time since last request: 0.000346625 seconds.
  importAddress: GUID: aa96b4d255b4b9f4da4c77ce337393ec - Path: Packages/com.unity.xr.legacyinputhelpers/Runtime/TrackedPoseDriver/BasePoseProvider.cs - Importer: ScriptedImporter/UnityEditor.QuickSearchModule:UnityEditor.Search:ASIAI0B
Importing 'GUID: aa96b4d255b4b9f4da4c77ce337393ec - Path: Packages/com.unity.xr.legacyinputhelpers/Runtime/TrackedPoseDriver/BasePoseProvider.cs - Importer: ScriptedImporter/UnityEditor.QuickSearchModule:UnityEditor.Search:ASIAI0B' with importer (ScriptedImporter : UnityEditor.QuickSearchModule:UnityEditor.Search:ASIAI0B)
Imported 'GUID: aa96b4d255b4b9f4da4c77ce337393ec' -> (Import Result ID: '36ddbd7856ef42c4da297ea775993f8c') in 0.001 seconds [static and dynamic dependencies]. Details - ImportResultOutputID=969810526c2d49913361292feec1c3fb DependenciesID=56b60e266290ab4231b0283280ab0607 StaticDependenciesID=a1197b00cb29983dff61243ee5fb7783 
Number of updated asset objects reloaded before import = 0
Number of asset objects unloaded after import = 0
========================================================================
Received Import Request.
  Time of request: 2026-09-01T06:04:46.699682Z
  Time since last request: 0.000591084 seconds.
  importAddress: GUID: 581c44bafc8864eec9701b94b0d25e5e - Path: Packages/com.unity.xr.arfoundation/Runtime/ARFoundation/Participants - Importer: ScriptedImporter/UnityEditor.QuickSearchModule:UnityEditor.Search:ASIAI0B
Importing 'GUID: 581c44bafc8864eec9701b94b0d25e5e - Path: Packages/com.unity.xr.arfoundation/Runtime/ARFoundation/Participants - Importer: ScriptedImporter/UnityEditor.QuickSearchModule:UnityEditor.Search:ASIAI0B' with importer (ScriptedImporter : UnityEditor.QuickSearchModule:UnityEditor.Search:ASIAI0B)
Imported 'GUID: 581c44bafc8864eec9701b94b0d25e5e' -> (Import Result ID: '0340b44e2e27fea371906f0d5e851ec4') in 0.001 seconds [static and dynamic dependencies]. Details - ImportResultOutputID=6215e8c6de690d25e1bdb4d7c74d8fc7 DependenciesID=94fa363f98abe9e6f52dc0bf87f71a66 StaticDependenciesID=cf0709d589a66273900869bd9378b570 
Number of updated asset objects reloaded before import = 0
Number of asset objects unloaded after import = 1
========================================================================
Received Import Request.
  Time of request: 2026-09-01T06:04:46.701437Z
  Time since last request: 0.000457542 seconds.
  importAddress: GUID: b9cb6c329becc42b7bcdfbc6039c196a - Path: Packages/com.unity.xr.arfoundation/Runtime/ARSubsystems/Utils/ScopedProfiler.cs - Importer: ScriptedImporter/UnityEditor.QuickSearchModule:UnityEditor.Search:ASIAI0B
Importing 'GUID: b9cb6c329becc42b7bcdfbc6039c196a - Path: Packages/com.unity.xr.arfoundation/Runtime/ARSubsystems/Utils/ScopedProfiler.cs - Importer: ScriptedImporter/UnityEditor.QuickSearchModule:UnityEditor.Search:ASIAI0B' with importer (ScriptedImporter : UnityEditor.QuickSearchModule:UnityEditor.Search:ASIAI0B)
Imported 'GUID: b9cb6c329becc42b7bcdfbc6039c196a' -> (Import Result ID: 'a538a80bc1ebe746e8e8c499b083a2f3') in 0.001 seconds [static and dynamic dependencies]. Details - ImportResultOutputID=4b7624e0305547dfb9cd6ebf48936e8c DependenciesID=8599e5988ecee395c3a1b0cf0751b4df StaticDependenciesID=d5f5f34928053e4a0d81a5bd6fd888b9 
Number of updated asset objects reloaded before import = 0
Number of asset objects unloaded after import = 0
========================================================================
Received Import Request.
  Time of request: 2026-09-01T06:04:46.703218Z
  Time since last request: 0.000337333 seconds.
  importAddress: GUID: a75dfb606df804868bf37a93ec52a694 - Path: Packages/com.unity.xr.core-utils/Editor/ProjectValidation/BuildValidationRule.cs - Importer: ScriptedImporter/UnityEditor.QuickSearchModule:UnityEditor.Search:ASIAI0B
Importing 'GUID: a75dfb606df804868bf37a93ec52a694 - Path: Packages/com.unity.xr.core-utils/Editor/ProjectValidation/BuildValidationRule.cs - Importer: ScriptedImporter/UnityEditor.QuickSearchModule:UnityEditor.Search:ASIAI0B' with importer (ScriptedImporter : UnityEditor.QuickSearchModule:UnityEditor.Search:ASIAI0B)
Imported 'GUID: a75dfb606df804868bf37a93ec52a694' -> (Import Result ID: 'c191e017c48af9f45863fb096a3ed340') in 0.002 seconds [static and dynamic dependencies]. Details - ImportResultOutputID=e8ee68d39dc8d1a00819888c7d135c43 DependenciesID=4b725d388c1027acc7eb000148ddef47 StaticDependenciesID=82301bcaafe4ad6934c2a3e2acab0a59 
Number of updated asset objects reloaded before import = 0
Number of asset objects unloaded after import = 0
========================================================================
Received Import Request.
  Time of request: 2026-09-01T06:04:46.706539Z
  Time since last request: 0.00061025 seconds.
  importAddress: GUID: 6422827c20034724a804803686698524 - Path: Packages/com.unity.xr.arfoundation/Editor/ARFoundation/SceneUtils.cs - Importer: ScriptedImporter/UnityEditor.QuickSearchModule:UnityEditor.Search:ASIAI0B
Importing 'GUID: 6422827c20034724a804803686698524 - Path: Packages/com.unity.xr.arfoundation/Editor/ARFoundation/SceneUtils.cs - Importer: ScriptedImporter/UnityEditor.QuickSearchModule:UnityEditor.Search:ASIAI0B' with importer (ScriptedImporter : UnityEditor.QuickSearchModule:UnityEditor.Search:ASIAI0B)
Imported 'GUID: 6422827c20034724a804803686698524' -> (Import Result ID: '23db728f23bd96428a0c41e6274829cf') in 0.001 seconds [static and dynamic dependencies]. Details - ImportResultOutputID=6988168ab0d7e704d3f0c82778d49ee2 DependenciesID=22098f71a9009288872dabac6a955e32 StaticDependenciesID=10ca2fef57e7cf6b0556ab25fcfe6d9f 
Number of updated asset objects reloaded before import = 0
Number of asset objects unloaded after import = 0
========================================================================
Received Import Request.
  Time of request: 2026-09-01T06:04:46.708466Z
  Time since last request: 0.000387833 seconds.
  importAddress: GUID: 2254374c9407c02439ac76a9931081cd - Path: Packages/com.unity.xr.management/Tests/Editor/PackageInitSettingsTests.cs - Importer: ScriptedImporter/UnityEditor.QuickSearchModule:UnityEditor.Search:ASIAI0B
Importing 'GUID: 2254374c9407c02439ac76a9931081cd - Path: Packages/com.unity.xr.management/Tests/Editor/PackageInitSettingsTests.cs - Importer: ScriptedImporter/UnityEditor.QuickSearchModule:UnityEditor.Search:ASIAI0B' with importer (ScriptedImporter : UnityEditor.QuickSearchModule:UnityEditor.Search:ASIAI0B)
Imported 'GUID: 2254374c9407c02439ac76a9931081cd' -> (Import Result ID: '1ae1299bef59998838a917a0e51a0c8e') in 0.001 seconds [static and dynamic dependencies]. Details - ImportResultOutputID=6e765c3fd79e3706f42c692791577238 DependenciesID=f264e9eecc9ebece1be22dc81b9c6969 StaticDependenciesID=e747c2bda34e24eb646ef66e99edb1ef 
Number of updated asset objects reloaded before import = 0
Number of asset objects unloaded after import = 0
========================================================================
Received Import Request.
  Time of request: 2026-09-01T06:04:46.710534Z
  Time since last request: 0.000549333 seconds.
  importAddress: GUID: 3a47807dd6374452fae3d104888a7c3a - Path: Packages/com.unity.xr.core-utils/Tests/Editor/XRCoreUtilities/ReadOnlyStructSpanTests.cs - Importer: ScriptedImporter/UnityEditor.QuickSearchModule:UnityEditor.Search:ASIAI0B
Importing 'GUID: 3a47807dd6374452fae3d104888a7c3a - Path: Packages/com.unity.xr.core-utils/Tests/Editor/XRCoreUtilities/ReadOnlyStructSpanTests.cs - Importer: ScriptedImporter/UnityEditor.QuickSearchModule:UnityEditor.Search:ASIAI0B' with importer (ScriptedImporter : UnityEditor.QuickSearchModule:UnityEditor.Search:ASIAI0B)
Imported 'GUID: 3a47807dd6374452fae3d104888a7c3a' -> (Import Result ID: '077bffe2f913d61435531ca878270f16') in 0.001 seconds [static and dynamic dependencies]. Details - ImportResultOutputID=978307afce2c14d56fa02fa5d08c4ee8 DependenciesID=f1758c5e3a5b682eebd86e78e99a469c StaticDependenciesID=dd986a4d85d6ce75bcc6d450216d1a4b 
Number of updated asset objects reloaded before import = 0
Number of asset objects unloaded after import = 0
========================================================================
Received Import Request.
  Time of request: 2026-09-01T06:04:46.712626Z
  Time since last request: 0.000372708 seconds.
  importAddress: GUID: 5d9964ab255daca9bcbdcd3c7faebbb8 - Path: Packages/com.unity.mathematics - Importer: ScriptedImporter/UnityEditor.QuickSearchModule:UnityEditor.Search:ASIAI0B
Importing 'GUID: 5d9964ab255daca9bcbdcd3c7faebbb8 - Path: Packages/com.unity.mathematics - Importer: ScriptedImporter/UnityEditor.QuickSearchModule:UnityEditor.Search:ASIAI0B' with importer (ScriptedImporter : UnityEditor.QuickSearchModule:UnityEditor.Search:ASIAI0B)
Imported 'GUID: 5d9964ab255daca9bcbdcd3c7faebbb8' -> (Import Result ID: '61dff8add15747f7b4a3487217ac24dd') in 0.001 seconds [static and dynamic dependencies]. Details - ImportResultOutputID=23aef9a91942afb71b823673cd7b22ef DependenciesID=e988ba753aa80f987248e2d540e50447 StaticDependenciesID=c8ee94d00e4812938bf4cd62f1812b9f 
Number of updated asset objects reloaded before import = 0
Number of asset objects unloaded after import = 1
========================================================================
Received Import Request.
  Time of request: 2026-09-01T06:04:46.714638Z
  Time since last request: 0.0007605 seconds.
  importAddress: GUID: f94b533f106a041aa9db4fe43a501e47 - Path: Packages/com.unity.xr.arkit/Editor/GuidExtensions.cs - Importer: ScriptedImporter/UnityEditor.QuickSearchModule:UnityEditor.Search:ASIAI0B
Importing 'GUID: f94b533f106a041aa9db4fe43a501e47 - Path: Packages/com.unity.xr.arkit/Editor/GuidExtensions.cs - Importer: ScriptedImporter/UnityEditor.QuickSearchModule:UnityEditor.Search:ASIAI0B' with importer (ScriptedImporter : UnityEditor.QuickSearchModule:UnityEditor.Search:ASIAI0B)
Imported 'GUID: f94b533f106a041aa9db4fe43a501e47' -> (Import Result ID: '28d4b87b260f5b0313873c70fcbf4a6c') in 0.002 seconds [static and dynamic dependencies]. Details - ImportResultOutputID=912a06dc264a7b8947ca34586ecd6a88 DependenciesID=5ef2aef3ecc43b57108c98ee806365b6 StaticDependenciesID=b5511c40457a4fc61f53caa47304f619 
Number of updated asset objects reloaded before import = 0
Number of asset objects unloaded after import = 0
========================================================================
Received Import Request.
  Time of request: 2026-09-01T06:04:46.717645Z
  Time since last request: 0.000521167 seconds.
  importAddress: GUID: 4a045098e0a88ee20e4d171ff00f3ebf - Path: Packages/com.unity.xr.management - Importer: ScriptedImporter/UnityEditor.QuickSearchModule:UnityEditor.Search:ASIAI0B
Importing 'GUID: 4a045098e0a88ee20e4d171ff00f3ebf - Path: Packages/com.unity.xr.management - Importer: ScriptedImporter/UnityEditor.QuickSearchModule:UnityEditor.Search:ASIAI0B' with importer (ScriptedImporter : UnityEditor.QuickSearchModule:UnityEditor.Search:ASIAI0B)
Imported 'GUID: 4a045098e0a88ee20e4d171ff00f3ebf' -> (Import Result ID: 'dcc2ebd55c079937f918afb9c0806ff2') in 0.001 seconds [static and dynamic dependencies]. Details - ImportResultOutputID=7aefaab86cb54934e3496c842a3d9eff DependenciesID=51095a068894ae87286de7b4ce93fc6c StaticDependenciesID=50242b18a43fddbe7761935fbb928422 
Number of updated asset objects reloaded before import = 0
Number of asset objects unloaded after import = 1
========================================================================
Received Import Request.
  Time of request: 2026-09-01T06:04:46.719765Z
  Time since last request: 0.000346875 seconds.
  importAddress: GUID: 7ab74fff4fadf1841820ded42d6ecd4c - Path: Packages/com.unity.xr.management/Editor/AndroidManifest - Importer: ScriptedImporter/UnityEditor.QuickSearchModule:UnityEditor.Search:ASIAI0B
Importing 'GUID: 7ab74fff4fadf1841820ded42d6ecd4c - Path: Packages/com.unity.xr.management/Editor/AndroidManifest - Importer: ScriptedImporter/UnityEditor.QuickSearchModule:UnityEditor.Search:ASIAI0B' with importer (ScriptedImporter : UnityEditor.QuickSearchModule:UnityEditor.Search:ASIAI0B)
Imported 'GUID: 7ab74fff4fadf1841820ded42d6ecd4c' -> (Import Result ID: '4b49f6958f37ce752afb5f57f1aa0643') in 0.001 seconds [static and dynamic dependencies]. Details - ImportResultOutputID=ca9fcfcf686489189cd88164edd20b3e DependenciesID=9ab9f2ca9029f179a3b43cb7f3351109 StaticDependenciesID=8851a9a6cae6a6a2fa4b18abddccfa4f 
Number of updated asset objects reloaded before import = 0
Number of asset objects unloaded after import = 1
========================================================================
Received Import Request.
  Time of request: 2026-09-01T06:04:46.728272Z
  Time since last request: 0.006959209 seconds.
  importAddress: GUID: dcdfbfcd67fcb41c8a0c193550cb2ab8 - Path: Packages/com.unity.xr.arfoundation/Runtime/ARSubsystems/Occlusion/XROcclusionSubsystem.cs - Importer: ScriptedImporter/UnityEditor.QuickSearchModule:UnityEditor.Search:ASIAI0B
Importing 'GUID: dcdfbfcd67fcb41c8a0c193550cb2ab8 - Path: Packages/com.unity.xr.arfoundation/Runtime/ARSubsystems/Occlusion/XROcclusionSubsystem.cs - Importer: ScriptedImporter/UnityEditor.QuickSearchModule:UnityEditor.Search:ASIAI0B' with importer (ScriptedImporter : UnityEditor.QuickSearchModule:UnityEditor.Search:ASIAI0B)
Imported 'GUID: dcdfbfcd67fcb41c8a0c193550cb2ab8' -> (Import Result ID: 'a92d9706f5292fea5a5cbe6852d760eb') in 0.001 seconds [static and dynamic dependencies]. Details - ImportResultOutputID=31991b28dccb95af080d076e84d644e3 DependenciesID=d8f776b66d176ea8f573040357811c3e StaticDependenciesID=7436e5f3832114c0a727cc564b15b993 
Number of updated asset objects reloaded before import = 0
Number of asset objects unloaded after import = 0
========================================================================
Received Import Request.
  Time of request: 2026-09-01T06:04:46.730797Z
  Time since last request: 0.00059 seconds.
  importAddress: GUID: 13c6427c3a54844069ef1c91b0119277 - Path: Packages/com.unity.xr.arfoundation/Editor/VisualScripting/Deprecated/PointCloudsChangedEventUnitDescriptor.deprecated.cs - Importer: ScriptedImporter/UnityEditor.QuickSearchModule:UnityEditor.Search:ASIAI0B
Importing 'GUID: 13c6427c3a54844069ef1c91b0119277 - Path: Packages/com.unity.xr.arfoundation/Editor/VisualScripting/Deprecated/PointCloudsChangedEventUnitDescriptor.deprecated.cs - Importer: ScriptedImporter/UnityEditor.QuickSearchModule:UnityEditor.Search:ASIAI0B' with importer (ScriptedImporter : UnityEditor.QuickSearchModule:UnityEditor.Search:ASIAI0B)
Imported 'GUID: 13c6427c3a54844069ef1c91b0119277' -> (Import Result ID: 'f0454736b099b5cef0ba31ab4929a193') in 0.002 seconds [static and dynamic dependencies]. Details - ImportResultOutputID=d71599c53fd4e5f3affb65404a95a8dc DependenciesID=3062ed26ebb3cd2c01fc5051811b8a90 StaticDependenciesID=904be88be09876d8db061f48eae269ad 
Number of updated asset objects reloaded before import = 0
Number of asset objects unloaded after import = 0
========================================================================
Received Import Request.
  Time of request: 2026-09-01T06:04:46.734345Z
  Time since last request: 0.00096 seconds.
  importAddress: GUID: 75b9e21a555114e7aacc6a9fb06e7a2b - Path: Packages/com.unity.xr.arfoundation/Runtime/ARSubsystems/Meshing - Importer: ScriptedImporter/UnityEditor.QuickSearchModule:UnityEditor.Search:ASIAI0B
Importing 'GUID: 75b9e21a555114e7aacc6a9fb06e7a2b - Path: Packages/com.unity.xr.arfoundation/Runtime/ARSubsystems/Meshing - Importer: ScriptedImporter/UnityEditor.QuickSearchModule:UnityEditor.Search:ASIAI0B' with importer (ScriptedImporter : UnityEditor.QuickSearchModule:UnityEditor.Search:ASIAI0B)
Imported 'GUID: 75b9e21a555114e7aacc6a9fb06e7a2b' -> (Import Result ID: 'f162a8b3e58e51fef504d50138e313b7') in 0.002 seconds [static and dynamic dependencies]. Details - ImportResultOutputID=79e02b3fe8581937d7bfaed806ef9967 DependenciesID=f13909e584e73162de198846b85736f4 StaticDependenciesID=c8e8bfb833fa12e6a2212371871188b3 
Number of updated asset objects reloaded before import = 0
Number of asset objects unloaded after import = 1
========================================================================
Received Import Request.
  Time of request: 2026-09-01T06:04:46.73669Z
  Time since last request: 0.000382042 seconds.
  importAddress: GUID: 0497231d45cdc094f8d310d20605a8f9 - Path: Packages/com.unity.xr.arfoundation/Runtime/Simulation/Plugins/windows-arm64/XRSimulationSubsystem.pdb - Importer: ScriptedImporter/UnityEditor.QuickSearchModule:UnityEditor.Search:ASIAI0B
Importing 'GUID: 0497231d45cdc094f8d310d20605a8f9 - Path: Packages/com.unity.xr.arfoundation/Runtime/Simulation/Plugins/windows-arm64/XRSimulationSubsystem.pdb - Importer: ScriptedImporter/UnityEditor.QuickSearchModule:UnityEditor.Search:ASIAI0B' with importer (ScriptedImporter : UnityEditor.QuickSearchModule:UnityEditor.Search:ASIAI0B)
Imported 'GUID: 0497231d45cdc094f8d310d20605a8f9' -> (Import Result ID: 'cddf2bc9a1098103afb74fadcf5e0dff') in 0.001 seconds [static and dynamic dependencies]. Details - ImportResultOutputID=ac1a2238e472ae41d2b77bca9e572f07 DependenciesID=85ac5d1bf077bc59b02f40fe772da4c2 StaticDependenciesID=8270b89e4ea9b260c2c5c41cc2d96f57 
Number of updated asset objects reloaded before import = 0
Number of asset objects unloaded after import = 1
========================================================================
Received Import Request.
  Time of request: 2026-09-01T06:04:46.738482Z
  Time since last request: 0.000355208 seconds.
  importAddress: GUID: d34d0af25c21141a98c0cf3c0066444f - Path: Packages/com.unity.mathematics/package.json - Importer: ScriptedImporter/UnityEditor.QuickSearchModule:UnityEditor.Search:ASIAI0B
Importing 'GUID: d34d0af25c21141a98c0cf3c0066444f - Path: Packages/com.unity.mathematics/package.json - Importer: ScriptedImporter/UnityEditor.QuickSearchModule:UnityEditor.Search:ASIAI0B' with importer (ScriptedImporter : UnityEditor.QuickSearchModule:UnityEditor.Search:ASIAI0B)
Imported 'GUID: d34d0af25c21141a98c0cf3c0066444f' -> (Import Result ID: '7a5158f4446f8a99b8cb93791c988de5') in 0.003 seconds [static and dynamic dependencies]. Details - ImportResultOutputID=1896c456fbae6b12ebf365742c3271b7 DependenciesID=11ee34481a17963fdeb1f924c1c57614 StaticDependenciesID=2bd45d08271ce4de26bfeb6011451d4b 
Number of updated asset objects reloaded before import = 0
Number of asset objects unloaded after import = 1
========================================================================
Received Import Request.
  Time of request: 2026-09-01T06:04:46.742152Z
  Time since last request: 0.000513875 seconds.
  importAddress: GUID: 816b289ef451e094f9ae174fb4cf8db0 - Path: Packages/com.unity.xr.arfoundation/Runtime/ARFoundation/Camera/ARCameraBackground.cs - Importer: ScriptedImporter/UnityEditor.QuickSearchModule:UnityEditor.Search:ASIAI0B
Importing 'GUID: 816b289ef451e094f9ae174fb4cf8db0 - Path: Packages/com.unity.xr.arfoundation/Runtime/ARFoundation/Camera/ARCameraBackground.cs - Importer: ScriptedImporter/UnityEditor.QuickSearchModule:UnityEditor.Search:ASIAI0B' with importer (ScriptedImporter : UnityEditor.QuickSearchModule:UnityEditor.Search:ASIAI0B)
Imported 'GUID: 816b289ef451e094f9ae174fb4cf8db0' -> (Import Result ID: '6cdd4324301d12e127e9b8b5e6680bbe') in 0.002 seconds [static and dynamic dependencies]. Details - ImportResultOutputID=387b3d099638feb78b1fe0c0ae0a62ee DependenciesID=c3b2e658483e8abe7065966c6b99d4f1 StaticDependenciesID=a381e91d4c7cbd76272718e544d53faf 
Number of updated asset objects reloaded before import = 0
Number of asset objects unloaded after import = 1
========================================================================
Received Import Request.
  Time of request: 2026-09-01T06:04:46.744493Z
  Time since last request: 0.000374375 seconds.
  importAddress: GUID: 9192b8bc16cc149b196952f3aa199751 - Path: Packages/com.unity.xr.arfoundation/Editor/VisualScripting/SessionStateChangedEventUnitDescriptor.cs - Importer: ScriptedImporter/UnityEditor.QuickSearchModule:UnityEditor.Search:ASIAI0B
Importing 'GUID: 9192b8bc16cc149b196952f3aa199751 - Path: Packages/com.unity.xr.arfoundation/Editor/VisualScripting/SessionStateChangedEventUnitDescriptor.cs - Importer: ScriptedImporter/UnityEditor.QuickSearchModule:UnityEditor.Search:ASIAI0B' with importer (ScriptedImporter : UnityEditor.QuickSearchModule:UnityEditor.Search:ASIAI0B)
Imported 'GUID: 9192b8bc16cc149b196952f3aa199751' -> (Import Result ID: 'db7d98c3799bf9cbb51c000eb8f75cff') in 0.001 seconds [static and dynamic dependencies]. Details - ImportResultOutputID=7b950784855120b7afb3129c6b75045c DependenciesID=e3492375be29b7451d1c35b14def5e70 StaticDependenciesID=91eeb26da2de25cb9587e6606e536a19 
Number of updated asset objects reloaded before import = 0
Number of asset objects unloaded after import = 0
========================================================================
Received Import Request.
  Time of request: 2026-09-01T06:04:46.746477Z
  Time since last request: 0.000710459 seconds.
  importAddress: GUID: 1a493a0bf9a9413a951a6e2e1821f446 - Path: Packages/com.unity.xr.arfoundation/Runtime/ARFoundation/Common/TrackingSubsystem/TrackableSpawner - Importer: ScriptedImporter/UnityEditor.QuickSearchModule:UnityEditor.Search:ASIAI0B
Importing 'GUID: 1a493a0bf9a9413a951a6e2e1821f446 - Path: Packages/com.unity.xr.arfoundation/Runtime/ARFoundation/Common/TrackingSubsystem/TrackableSpawner - Importer: ScriptedImporter/UnityEditor.QuickSearchModule:UnityEditor.Search:ASIAI0B' with importer (ScriptedImporter : UnityEditor.QuickSearchModule:UnityEditor.Search:ASIAI0B)
Imported 'GUID: 1a493a0bf9a9413a951a6e2e1821f446' -> (Import Result ID: 'a411eb9962da2c483c50d0e0ae20dbe7') in 0.001 seconds [static and dynamic dependencies]. Details - ImportResultOutputID=1cba16438d0c48cfb3d514f706dedac2 DependenciesID=a41bf325450e5b10e6d1875b38d1504b StaticDependenciesID=26d81a6a9fb21d50922bd379e82fa443 
Number of updated asset objects reloaded before import = 0
Number of asset objects unloaded after import = 1
========================================================================
Received Import Request.
  Time of request: 2026-09-01T06:04:46.748075Z
  Time since last request: 0.00030625 seconds.
  importAddress: GUID: 728ad7fae8e460a4ba41265c7308d757 - Path: Packages/com.unity.xr.arfoundation/Runtime/ARFoundation/Anchors/ARAnchorManager.cs - Importer: ScriptedImporter/UnityEditor.QuickSearchModule:UnityEditor.Search:ASIAI0B
Importing 'GUID: 728ad7fae8e460a4ba41265c7308d757 - Path: Packages/com.unity.xr.arfoundation/Runtime/ARFoundation/Anchors/ARAnchorManager.cs - Importer: ScriptedImporter/UnityEditor.QuickSearchModule:UnityEditor.Search:ASIAI0B' with importer (ScriptedImporter : UnityEditor.QuickSearchModule:UnityEditor.Search:ASIAI0B)
Imported 'GUID: 728ad7fae8e460a4ba41265c7308d757' -> (Import Result ID: 'b5408e66670d977e31f9938d573a1fe3') in 0.001 seconds [static and dynamic dependencies]. Details - ImportResultOutputID=97b58f06a06b3b0f57fe3e594caab36c DependenciesID=d2c87cd55b01eb2de70b9482e549150d StaticDependenciesID=662c531d18c8e944874edf82421ab9a4 
Number of updated asset objects reloaded before import = 0
Number of asset objects unloaded after import = 1
========================================================================
Received Import Request.
  Time of request: 2026-09-01T06:04:46.750012Z
  Time since last request: 0.000461041 seconds.
  importAddress: GUID: b9143184be23d4de294860e128bfd21e - Path: Packages/com.unity.xr.arfoundation/Runtime/ARSubsystems/Common/Textures/XRCpuImage/ConversionParams.cs - Importer: ScriptedImporter/UnityEditor.QuickSearchModule:UnityEditor.Search:ASIAI0B
Importing 'GUID: b9143184be23d4de294860e128bfd21e - Path: Packages/com.unity.xr.arfoundation/Runtime/ARSubsystems/Common/Textures/XRCpuImage/ConversionParams.cs - Importer: ScriptedImporter/UnityEditor.QuickSearchModule:UnityEditor.Search:ASIAI0B' with importer (ScriptedImporter : UnityEditor.QuickSearchModule:UnityEditor.Search:ASIAI0B)
Imported 'GUID: b9143184be23d4de294860e128bfd21e' -> (Import Result ID: '2b99a85ea99cef65c893f2123a40dc22') in 0.002 seconds [static and dynamic dependencies]. Details - ImportResultOutputID=dfac6b5fa01592473ed87ecfb4137072 DependenciesID=f7788cda73eac6b053cd8804008e329d StaticDependenciesID=41e36aa489a2208ff70a361448ae29c3 
Number of updated asset objects reloaded before import = 0
Number of asset objects unloaded after import = 0
========================================================================
Received Import Request.
  Time of request: 2026-09-01T06:04:46.75269Z
  Time since last request: 0.000350542 seconds.
  importAddress: GUID: ea6ca4ff726b4b8aa89718dba0cb59c8 - Path: Packages/com.unity.xr.arfoundation/Runtime/ARFoundation/Markers/ARMarker.cs - Importer: ScriptedImporter/UnityEditor.QuickSearchModule:UnityEditor.Search:ASIAI0B
Importing 'GUID: ea6ca4ff726b4b8aa89718dba0cb59c8 - Path: Packages/com.unity.xr.arfoundation/Runtime/ARFoundation/Markers/ARMarker.cs - Importer: ScriptedImporter/UnityEditor.QuickSearchModule:UnityEditor.Search:ASIAI0B' with importer (ScriptedImporter : UnityEditor.QuickSearchModule:UnityEditor.Search:ASIAI0B)
Imported 'GUID: ea6ca4ff726b4b8aa89718dba0cb59c8' -> (Import Result ID: '0b2cd613f229c1560b57f8ef59045023') in 0.001 seconds [static and dynamic dependencies]. Details - ImportResultOutputID=4ba0b1447ab278c0d33ff8b84ec8900e DependenciesID=78a6b6c661e46485e5962f2629a5195f StaticDependenciesID=f5bc11dfcedee29670eba193a13f8396 
Number of updated asset objects reloaded before import = 0
Number of asset objects unloaded after import = 0
========================================================================
Received Import Request.
  Time of request: 2026-09-01T06:04:46.754489Z
  Time since last request: 0.000382584 seconds.
  importAddress: GUID: cc366b3dc5c8474baaa56a1522735650 - Path: Packages/com.unity.xr.arfoundation/Editor/ARFoundation/ARShaderOcclusionEditor.cs - Importer: ScriptedImporter/UnityEditor.QuickSearchModule:UnityEditor.Search:ASIAI0B
Importing 'GUID: cc366b3dc5c8474baaa56a1522735650 - Path: Packages/com.unity.xr.arfoundation/Editor/ARFoundation/ARShaderOcclusionEditor.cs - Importer: ScriptedImporter/UnityEditor.QuickSearchModule:UnityEditor.Search:ASIAI0B' with importer (ScriptedImporter : UnityEditor.QuickSearchModule:UnityEditor.Search:ASIAI0B)
Imported 'GUID: cc366b3dc5c8474baaa56a1522735650' -> (Import Result ID: '22da264131af2439eaf209631555ea78') in 0.001 seconds [static and dynamic dependencies]. Details - ImportResultOutputID=328fdf3c9c334c1ff437c66d08d34875 DependenciesID=f24324a94a65a59d7a4411fb8c8d289b StaticDependenciesID=4e99de6afb786abc12901f36ac0d65ba 
Number of updated asset objects reloaded before import = 0
Number of asset objects unloaded after import = 0
========================================================================
Received Import Request.
  Time of request: 2026-09-01T06:04:46.756133Z
  Time since last request: 0.000436708 seconds.
  importAddress: GUID: 8ff041822cbde3c46909aff3f597997d - Path: Packages/com.unity.xr.arfoundation/Editor/ARSubsystems/BuildAssetBundlesWindow.cs - Importer: ScriptedImporter/UnityEditor.QuickSearchModule:UnityEditor.Search:ASIAI0B
Importing 'GUID: 8ff041822cbde3c46909aff3f597997d - Path: Packages/com.unity.xr.arfoundation/Editor/ARSubsystems/BuildAssetBundlesWindow.cs - Importer: ScriptedImporter/UnityEditor.QuickSearchModule:UnityEditor.Search:ASIAI0B' with importer (ScriptedImporter : UnityEditor.QuickSearchModule:UnityEditor.Search:ASIAI0B)
Imported 'GUID: 8ff041822cbde3c46909aff3f597997d' -> (Import Result ID: 'fd48df6e3b157dbeb756ee2412e3540b') in 0.001 seconds [static and dynamic dependencies]. Details - ImportResultOutputID=54e034e945463d3399f203dcc7c6681e DependenciesID=a3f98991de1a0b84dd1b7f9a709efaa3 StaticDependenciesID=27a99b5e23cc951c3ccc6fd80defc51e 
Number of updated asset objects reloaded before import = 0
Number of asset objects unloaded after import = 0
========================================================================
Received Import Request.
  Time of request: 2026-09-01T06:04:46.758078Z
  Time since last request: 0.000406916 seconds.
  importAddress: GUID: a79cdaaff3d104f50b2fc11462d088fb - Path: Packages/com.unity.xr.arkit/Runtime/FaceTracking/ARKitBlendShapeCoefficient.cs - Importer: ScriptedImporter/UnityEditor.QuickSearchModule:UnityEditor.Search:ASIAI0B
Importing 'GUID: a79cdaaff3d104f50b2fc11462d088fb - Path: Packages/com.unity.xr.arkit/Runtime/FaceTracking/ARKitBlendShapeCoefficient.cs - Importer: ScriptedImporter/UnityEditor.QuickSearchModule:UnityEditor.Search:ASIAI0B' with importer (ScriptedImporter : UnityEditor.QuickSearchModule:UnityEditor.Search:ASIAI0B)
Imported 'GUID: a79cdaaff3d104f50b2fc11462d088fb' -> (Import Result ID: '24c88b3908ffb55d618f44c8bdb7c59c') in 0.001 seconds [static and dynamic dependencies]. Details - ImportResultOutputID=0eafde44175c35822f470cb3e6dafb80 DependenciesID=b236f52a6975e881c51c93d8eebeac16 StaticDependenciesID=3299fc4ac39738b74126835696881656 
Number of updated asset objects reloaded before import = 0
Number of asset objects unloaded after import = 0
========================================================================
Received Import Request.
  Time of request: 2026-09-01T06:04:46.760399Z
  Time since last request: 0.000356084 seconds.
  importAddress: GUID: 0df24d87adab545848ae59e261520c0c - Path: Packages/com.unity.xr.arfoundation/Tests/Editor/ARSubsystems/ARSubsystemEditorTests.cs - Importer: ScriptedImporter/UnityEditor.QuickSearchModule:UnityEditor.Search:ASIAI0B
Importing 'GUID: 0df24d87adab545848ae59e261520c0c - Path: Packages/com.unity.xr.arfoundation/Tests/Editor/ARSubsystems/ARSubsystemEditorTests.cs - Importer: ScriptedImporter/UnityEditor.QuickSearchModule:UnityEditor.Search:ASIAI0B' with importer (ScriptedImporter : UnityEditor.QuickSearchModule:UnityEditor.Search:ASIAI0B)
Imported 'GUID: 0df24d87adab545848ae59e261520c0c' -> (Import Result ID: 'c9edb6897c791091af676990d6c97bce') in 0.001 seconds [static and dynamic dependencies]. Details - ImportResultOutputID=f62c36e9c451244df62073547961246f DependenciesID=324a2e79a816fb8f7ccb2539d1609c20 StaticDependenciesID=08c09e91fcd8e60e81b3df0d55fd7af2 
Number of updated asset objects reloaded before import = 0
Number of asset objects unloaded after import = 0
========================================================================
Received Import Request.
  Time of request: 2026-09-01T06:04:46.762347Z
  Time since last request: 0.00032025 seconds.
  importAddress: GUID: 6ea1dd653921f44908a72e58ecbcaddb - Path: Packages/com.unity.xr.arfoundation/Assets/Prefabs - Importer: ScriptedImporter/UnityEditor.QuickSearchModule:UnityEditor.Search:ASIAI0B
Importing 'GUID: 6ea1dd653921f44908a72e58ecbcaddb - Path: Packages/com.unity.xr.arfoundation/Assets/Prefabs - Importer: ScriptedImporter/UnityEditor.QuickSearchModule:UnityEditor.Search:ASIAI0B' with importer (ScriptedImporter : UnityEditor.QuickSearchModule:UnityEditor.Search:ASIAI0B)
Imported 'GUID: 6ea1dd653921f44908a72e58ecbcaddb' -> (Import Result ID: '4c7ac5b87fa2ed3eb9cd9c39ca9dee89') in 0.001 seconds [static and dynamic dependencies]. Details - ImportResultOutputID=f047c50ae6ee31f615186370981498e7 DependenciesID=47ac45d8802e9d11f30fb1be545afc42 StaticDependenciesID=cedd89e426a63dd0049e469ffa414f6e 
Number of updated asset objects reloaded before import = 0
Number of asset objects unloaded after import = 1
========================================================================
Received Import Request.
  Time of request: 2026-09-01T06:04:46.763809Z
  Time since last request: 0.000349541 seconds.
  importAddress: GUID: b3739f5eb340449fb9bdd2b36385f9c6 - Path: Packages/com.unity.xr.arfoundation/Runtime/ARSubsystems/Common - Importer: ScriptedImporter/UnityEditor.QuickSearchModule:UnityEditor.Search:ASIAI0B
Importing 'GUID: b3739f5eb340449fb9bdd2b36385f9c6 - Path: Packages/com.unity.xr.arfoundation/Runtime/ARSubsystems/Common - Importer: ScriptedImporter/UnityEditor.QuickSearchModule:UnityEditor.Search:ASIAI0B' with importer (ScriptedImporter : UnityEditor.QuickSearchModule:UnityEditor.Search:ASIAI0B)
Imported 'GUID: b3739f5eb340449fb9bdd2b36385f9c6' -> (Import Result ID: 'b0de4d47f9745bb5e77277596ad53a9a') in 0.001 seconds [static and dynamic dependencies]. Details - ImportResultOutputID=c6d162cf054d5aea2ea6b4b2fae7c437 DependenciesID=b4785c690f2c1df38e613f6e42750601 StaticDependenciesID=1e0ad959a3b32212cbe07d94a802a81a 
Number of updated asset objects reloaded before import = 0
Number of asset objects unloaded after import = 1
========================================================================
Received Import Request.
  Time of request: 2026-09-01T06:04:46.765291Z
  Time since last request: 0.000312834 seconds.
  importAddress: GUID: bbf71863e730a43eea3325c1d7905951 - Path: Packages/com.unity.xr.arfoundation/Tests/Runtime/XRSimulation/SimulationTestSceneManager.cs - Importer: ScriptedImporter/UnityEditor.QuickSearchModule:UnityEditor.Search:ASIAI0B
Importing 'GUID: bbf71863e730a43eea3325c1d7905951 - Path: Packages/com.unity.xr.arfoundation/Tests/Runtime/XRSimulation/SimulationTestSceneManager.cs - Importer: ScriptedImporter/UnityEditor.QuickSearchModule:UnityEditor.Search:ASIAI0B' with importer (ScriptedImporter : UnityEditor.QuickSearchModule:UnityEditor.Search:ASIAI0B)
Imported 'GUID: bbf71863e730a43eea3325c1d7905951' -> (Import Result ID: '592c7b975365147f554fd109e801fcf7') in 0.001 seconds [static and dynamic dependencies]. Details - ImportResultOutputID=b35ad7fe1469337f70ef262601adf8c2 DependenciesID=32c3e1923129d8d9a439a0f983dce37b StaticDependenciesID=2bc1be54404a68a349fc95dfbf657948 
Number of updated asset objects reloaded before import = 0
Number of asset objects unloaded after import = 0
========================================================================
Received Import Request.
  Time of request: 2026-09-01T06:04:46.76697Z
  Time since last request: 0.00030775 seconds.
  importAddress: GUID: 33e98a5830d474542920c0e16999cf8a - Path: Packages/com.unity.xr.arkit/Runtime/Camera/ARKitLockedCamera.cs - Importer: ScriptedImporter/UnityEditor.QuickSearchModule:UnityEditor.Search:ASIAI0B
Importing 'GUID: 33e98a5830d474542920c0e16999cf8a - Path: Packages/com.unity.xr.arkit/Runtime/Camera/ARKitLockedCamera.cs - Importer: ScriptedImporter/UnityEditor.QuickSearchModule:UnityEditor.Search:ASIAI0B' with importer (ScriptedImporter : UnityEditor.QuickSearchModule:UnityEditor.Search:ASIAI0B)
Imported 'GUID: 33e98a5830d474542920c0e16999cf8a' -> (Import Result ID: 'ac5d203004952513d9c384c8aedc68a2') in 0.001 seconds [static and dynamic dependencies]. Details - ImportResultOutputID=6b73e634e830684f0e30f9b81aa76959 DependenciesID=a7d95ad933f53b6d92e3b8f659569070 StaticDependenciesID=eb16427e3c092593b1f618f64846d896 
Number of updated asset objects reloaded before import = 0
Number of asset objects unloaded after import = 0
========================================================================
Received Import Request.
  Time of request: 2026-09-01T06:04:46.769166Z
  Time since last request: 0.000527166 seconds.
  importAddress: GUID: 2438662eb337d47fc95c624370b09496 - Path: Packages/com.unity.xr.arfoundation/Runtime/Simulation/Plugins/macos/XRSimulationSubsystem.bundle - Importer: ScriptedImporter/UnityEditor.QuickSearchModule:UnityEditor.Search:ASIAI0B
Importing 'GUID: 2438662eb337d47fc95c624370b09496 - Path: Packages/com.unity.xr.arfoundation/Runtime/Simulation/Plugins/macos/XRSimulationSubsystem.bundle - Importer: ScriptedImporter/UnityEditor.QuickSearchModule:UnityEditor.Search:ASIAI0B' with importer (ScriptedImporter : UnityEditor.QuickSearchModule:UnityEditor.Search:ASIAI0B)
Imported 'GUID: 2438662eb337d47fc95c624370b09496' -> (Import Result ID: 'a42ac6ce9c2af9537a390af12fe1af92') in 0.002 seconds [static and dynamic dependencies]. Details - ImportResultOutputID=86c4a739d06392338d928632c1e81640 DependenciesID=307862092834277db367515041b197b5 StaticDependenciesID=e2857d63f8c1c102ad1f5935f56ace63 
Number of updated asset objects reloaded before import = 0
Number of asset objects unloaded after import = 0
========================================================================
Received Import Request.
  Time of request: 2026-09-01T06:04:46.771696Z
  Time since last request: 0.000447834 seconds.
  importAddress: GUID: a9d3dc17d9fd144f8a25f9dcb60b6fcd - Path: Packages/com.unity.xr.arfoundation/Runtime/Simulation/Subsystems/PointCloud - Importer: ScriptedImporter/UnityEditor.QuickSearchModule:UnityEditor.Search:ASIAI0B
Importing 'GUID: a9d3dc17d9fd144f8a25f9dcb60b6fcd - Path: Packages/com.unity.xr.arfoundation/Runtime/Simulation/Subsystems/PointCloud - Importer: ScriptedImporter/UnityEditor.QuickSearchModule:UnityEditor.Search:ASIAI0B' with importer (ScriptedImporter : UnityEditor.QuickSearchModule:UnityEditor.Search:ASIAI0B)
Imported 'GUID: a9d3dc17d9fd144f8a25f9dcb60b6fcd' -> (Import Result ID: 'ced67b11ead012327e39da079dbdecb7') in 0.001 seconds [static and dynamic dependencies]. Details - ImportResultOutputID=642d2f83c56777b955f28e7605904199 DependenciesID=dac40bb0acec202c261009a07ef4b0c7 StaticDependenciesID=096ff6669d415750e23306717939c7c8 
Number of updated asset objects reloaded before import = 0
Number of asset objects unloaded after import = 1
========================================================================
Received Import Request.
  Time of request: 2026-09-01T06:04:46.773631Z
  Time since last request: 0.000518125 seconds.
  importAddress: GUID: 74f5d2c25a154afaa82e56ff7423450f - Path: Packages/com.unity.xr.arfoundation/Runtime/VisualScripting/Units/Events/EventUnits/ARAnchorsChangedEventUnit.cs - Importer: ScriptedImporter/UnityEditor.QuickSearchModule:UnityEditor.Search:ASIAI0B
Importing 'GUID: 74f5d2c25a154afaa82e56ff7423450f - Path: Packages/com.unity.xr.arfoundation/Runtime/VisualScripting/Units/Events/EventUnits/ARAnchorsChangedEventUnit.cs - Importer: ScriptedImporter/UnityEditor.QuickSearchModule:UnityEditor.Search:ASIAI0B' with importer (ScriptedImporter : UnityEditor.QuickSearchModule:UnityEditor.Search:ASIAI0B)
Imported 'GUID: 74f5d2c25a154afaa82e56ff7423450f' -> (Import Result ID: 'b091e4e571cb85f7e975911321ce6432') in 0.001 seconds [static and dynamic dependencies]. Details - ImportResultOutputID=54f6299f8f14cc666681f7a60dcfa829 DependenciesID=cfe89136ae06c81ea48b538041f57d3d StaticDependenciesID=100f96deb6a7a801b468dc5c2fce59c1 
Number of updated asset objects reloaded before import = 0
Number of asset objects unloaded after import = 0
========================================================================
Received Import Request.
  Time of request: 2026-09-01T06:04:46.775412Z
  Time since last request: 0.00038275 seconds.
  importAddress: GUID: 5ac13ab6c33fd4ea59be0438c4aa9283 - Path: Packages/com.unity.xr.arkit/Runtime/ImageTracking/ManagedImageReference.cs - Importer: ScriptedImporter/UnityEditor.QuickSearchModule:UnityEditor.Search:ASIAI0B
Importing 'GUID: 5ac13ab6c33fd4ea59be0438c4aa9283 - Path: Packages/com.unity.xr.arkit/Runtime/ImageTracking/ManagedImageReference.cs - Importer: ScriptedImporter/UnityEditor.QuickSearchModule:UnityEditor.Search:ASIAI0B' with importer (ScriptedImporter : UnityEditor.QuickSearchModule:UnityEditor.Search:ASIAI0B)
Imported 'GUID: 5ac13ab6c33fd4ea59be0438c4aa9283' -> (Import Result ID: '4a15a29f59777ccd7033ff65fbc881a6') in 0.001 seconds [static and dynamic dependencies]. Details - ImportResultOutputID=f8949bc61dce84feec103bb2a62b2d10 DependenciesID=daa8bb91dfd72a78a5c7bc02383af6a9 StaticDependenciesID=8f24d65a442474fb18ac734dcca3902a 
Number of updated asset objects reloaded before import = 0
Number of asset objects unloaded after import = 0
========================================================================
Received Import Request.
  Time of request: 2026-09-01T06:04:46.777191Z
  Time since last request: 0.000426708 seconds.
  importAddress: GUID: 4c350a90c3de445bf8a5857e28b77f5c - Path: Packages/com.unity.xr.arkit/Runtime/Camera/ARKitCameraSubsystem.cs - Importer: ScriptedImporter/UnityEditor.QuickSearchModule:UnityEditor.Search:ASIAI0B
Importing 'GUID: 4c350a90c3de445bf8a5857e28b77f5c - Path: Packages/com.unity.xr.arkit/Runtime/Camera/ARKitCameraSubsystem.cs - Importer: ScriptedImporter/UnityEditor.QuickSearchModule:UnityEditor.Search:ASIAI0B' with importer (ScriptedImporter : UnityEditor.QuickSearchModule:UnityEditor.Search:ASIAI0B)
Imported 'GUID: 4c350a90c3de445bf8a5857e28b77f5c' -> (Import Result ID: '751a07323744a0cfbf67e86244f2bff6') in 0.001 seconds [static and dynamic dependencies]. Details - ImportResultOutputID=1a563836e541456769489448408d43f9 DependenciesID=0e8b27593dfbb2d2d24509777cfb701b StaticDependenciesID=d10a5a22429b47a3af756f1a79a0c03d 
Number of updated asset objects reloaded before import = 0
Number of asset objects unloaded after import = 0
========================================================================
Received Import Request.
  Time of request: 2026-09-01T06:04:46.778785Z
  Time since last request: 0.00041575 seconds.
  importAddress: GUID: aaee0c9e7d614adc815a6bb1b52ec928 - Path: Packages/com.unity.xr.arfoundation/Editor/Simulation/SampleEnvironmentsHelper.cs - Importer: ScriptedImporter/UnityEditor.QuickSearchModule:UnityEditor.Search:ASIAI0B
Importing 'GUID: aaee0c9e7d614adc815a6bb1b52ec928 - Path: Packages/com.unity.xr.arfoundation/Editor/Simulation/SampleEnvironmentsHelper.cs - Importer: ScriptedImporter/UnityEditor.QuickSearchModule:UnityEditor.Search:ASIAI0B' with importer (ScriptedImporter : UnityEditor.QuickSearchModule:UnityEditor.Search:ASIAI0B)
Imported 'GUID: aaee0c9e7d614adc815a6bb1b52ec928' -> (Import Result ID: '6f401555697ee86b2e4381c98d76a22e') in 0.001 seconds [static and dynamic dependencies]. Details - ImportResultOutputID=bf533c6bc44387aa6b6b3b5c2b679aff DependenciesID=de8ef16bcb8a2d6b0623602237696930 StaticDependenciesID=9c5f7426b7b329a9651298a211e1bf07 
Number of updated asset objects reloaded before import = 0
Number of asset objects unloaded after import = 0
========================================================================
Received Import Request.
  Time of request: 2026-09-01T06:04:46.780297Z
  Time since last request: 0.000327708 seconds.
  importAddress: GUID: 133d01df6c33946d5bc2175989a08818 - Path: Packages/com.unity.xr.arfoundation/Tests/Editor/ARFoundation/XROriginCreateUtilTests.cs - Importer: ScriptedImporter/UnityEditor.QuickSearchModule:UnityEditor.Search:ASIAI0B
Importing 'GUID: 133d01df6c33946d5bc2175989a08818 - Path: Packages/com.unity.xr.arfoundation/Tests/Editor/ARFoundation/XROriginCreateUtilTests.cs - Importer: ScriptedImporter/UnityEditor.QuickSearchModule:UnityEditor.Search:ASIAI0B' with importer (ScriptedImporter : UnityEditor.QuickSearchModule:UnityEditor.Search:ASIAI0B)
Imported 'GUID: 133d01df6c33946d5bc2175989a08818' -> (Import Result ID: '0a424ee184315b10f137170c4f3222f9') in 0.001 seconds [static and dynamic dependencies]. Details - ImportResultOutputID=5a57d435bffd4e6271809bfcd98fc5f3 DependenciesID=88730137727623742eee9a0518bfce2a StaticDependenciesID=abd12d74106406ef79609fcd4dc9dc93 
Number of updated asset objects reloaded before import = 0
Number of asset objects unloaded after import = 0
========================================================================
Received Import Request.
  Time of request: 2026-09-01T06:04:46.782493Z
  Time since last request: 0.000598708 seconds.
  importAddress: GUID: 890fec15058014daf809f4d3613bd884 - Path: Packages/com.unity.xr.arkit/Tests/Runtime/CodeSamples - Importer: ScriptedImporter/UnityEditor.QuickSearchModule:UnityEditor.Search:ASIAI0B
Importing 'GUID: 890fec15058014daf809f4d3613bd884 - Path: Packages/com.unity.xr.arkit/Tests/Runtime/CodeSamples - Importer: ScriptedImporter/UnityEditor.QuickSearchModule:UnityEditor.Search:ASIAI0B' with importer (ScriptedImporter : UnityEditor.QuickSearchModule:UnityEditor.Search:ASIAI0B)
Imported 'GUID: 890fec15058014daf809f4d3613bd884' -> (Import Result ID: '7e395aa4924dfa0b8c2739bc47faafc6') in 0.001 seconds [static and dynamic dependencies]. Details - ImportResultOutputID=25882d82cdd17c2e7722827573712820 DependenciesID=2f3cd60792afe9db940dbab9ba83cbd1 StaticDependenciesID=189853030a5a3100455f92d0d4d0445d 
Number of updated asset objects reloaded before import = 0
Number of asset objects unloaded after import = 1
========================================================================
Received Import Request.
  Time of request: 2026-09-01T06:04:46.784614Z
  Time since last request: 0.000669125 seconds.
  importAddress: GUID: e6a2a99e72b5d4b1786a98127522385f - Path: Packages/com.unity.xr.arfoundation/Editor/Simulation/ProjectValidation - Importer: ScriptedImporter/UnityEditor.QuickSearchModule:UnityEditor.Search:ASIAI0B
Importing 'GUID: e6a2a99e72b5d4b1786a98127522385f - Path: Packages/com.unity.xr.arfoundation/Editor/Simulation/ProjectValidation - Importer: ScriptedImporter/UnityEditor.QuickSearchModule:UnityEditor.Search:ASIAI0B' with importer (ScriptedImporter : UnityEditor.QuickSearchModule:UnityEditor.Search:ASIAI0B)
Imported 'GUID: e6a2a99e72b5d4b1786a98127522385f' -> (Import Result ID: '3bcb195387aea39fd61063c4065f5e1d') in 0.001 seconds [static and dynamic dependencies]. Details - ImportResultOutputID=88188a7fab0c0f7d85421ed30de106a6 DependenciesID=ff6ba8445ce2c273c4bd51abacd68db5 StaticDependenciesID=f7276f479cb68215cdd6695dfc3271f1 
Number of updated asset objects reloaded before import = 0
Number of asset objects unloaded after import = 1
========================================================================
Received Import Request.
  Time of request: 2026-09-01T06:04:46.786637Z
  Time since last request: 0.00062 seconds.
  importAddress: GUID: d1e28bbff00034614a9dad4ba25c4281 - Path: Packages/com.unity.xr.arfoundation/Runtime/Simulation/Subsystems/Raycast/IRaycaster.cs - Importer: ScriptedImporter/UnityEditor.QuickSearchModule:UnityEditor.Search:ASIAI0B
Importing 'GUID: d1e28bbff00034614a9dad4ba25c4281 - Path: Packages/com.unity.xr.arfoundation/Runtime/Simulation/Subsystems/Raycast/IRaycaster.cs - Importer: ScriptedImporter/UnityEditor.QuickSearchModule:UnityEditor.Search:ASIAI0B' with importer (ScriptedImporter : UnityEditor.QuickSearchModule:UnityEditor.Search:ASIAI0B)
Imported 'GUID: d1e28bbff00034614a9dad4ba25c4281' -> (Import Result ID: '6b894d7a94e3f591ecbc44c3efaa9785') in 0.001 seconds [static and dynamic dependencies]. Details - ImportResultOutputID=e414431a603b614d41aed34e0af28ff1 DependenciesID=27e5d01f04efa08d1a01cc814f09c9de StaticDependenciesID=0fdd9db698bdbc43adbfb73ff8c63356 
Number of updated asset objects reloaded before import = 0
Number of asset objects unloaded after import = 0
========================================================================
Received Import Request.
  Time of request: 2026-09-01T06:04:46.789136Z
  Time since last request: 0.0006425 seconds.
  importAddress: GUID: 35bd980c8f2234e3d8b640e25a677d65 - Path: Packages/com.unity.xr.arfoundation/Assets/Materials/DebugFace.mat - Importer: ScriptedImporter/UnityEditor.QuickSearchModule:UnityEditor.Search:ASIAI0B
Importing 'GUID: 35bd980c8f2234e3d8b640e25a677d65 - Path: Packages/com.unity.xr.arfoundation/Assets/Materials/DebugFace.mat - Importer: ScriptedImporter/UnityEditor.QuickSearchModule:UnityEditor.Search:ASIAI0B' with importer (ScriptedImporter : UnityEditor.QuickSearchModule:UnityEditor.Search:ASIAI0B)
Imported 'GUID: 35bd980c8f2234e3d8b640e25a677d65' -> (Import Result ID: '61c737d9f9edddd384adcc92539fa8dd') in 0.011 seconds [static and dynamic dependencies]. Details - ImportResultOutputID=eff39c1197dde92c828f118285573ddd DependenciesID=f377d96768db675ecab0f1cc37c55023 StaticDependenciesID=5e8e2c7817d21f82f500c71d9ffa2df9 
Number of updated asset objects reloaded before import = 0
Number of asset objects unloaded after import = 2
========================================================================
Received Import Request.
  Time of request: 2026-09-01T06:04:46.801369Z
  Time since last request: 0.000239875 seconds.
  importAddress: GUID: bd28778dc5884685ae673d4cbea2a1ef - Path: Packages/com.unity.xr.arfoundation/Runtime/ARFoundation/Occlusion - Importer: ScriptedImporter/UnityEditor.QuickSearchModule:UnityEditor.Search:ASIAI0B
Importing 'GUID: bd28778dc5884685ae673d4cbea2a1ef - Path: Packages/com.unity.xr.arfoundation/Runtime/ARFoundation/Occlusion - Importer: ScriptedImporter/UnityEditor.QuickSearchModule:UnityEditor.Search:ASIAI0B' with importer (ScriptedImporter : UnityEditor.QuickSearchModule:UnityEditor.Search:ASIAI0B)
Imported 'GUID: bd28778dc5884685ae673d4cbea2a1ef' -> (Import Result ID: '10b7ab722097cfa52c418a623255c558') in 0.001 seconds [static and dynamic dependencies]. Details - ImportResultOutputID=77206febaaac255e6fed05f71e4f20a1 DependenciesID=6b2deefe238d5657e29fb8afc57cdc95 StaticDependenciesID=5fada7de6b2796ffd5dc0ca12b9119bc 
Number of updated asset objects reloaded before import = 0
Number of asset objects unloaded after import = 1
========================================================================
Received Import Request.
  Time of request: 2026-09-01T06:04:46.803537Z
  Time since last request: 0.000402166 seconds.
  importAddress: GUID: b12941e02f2a4447599e7a365f4328ae - Path: Packages/com.unity.xr.arkit/Runtime/Frameworks/Foundation/NSObject.cs - Importer: ScriptedImporter/UnityEditor.QuickSearchModule:UnityEditor.Search:ASIAI0B
Importing 'GUID: b12941e02f2a4447599e7a365f4328ae - Path: Packages/com.unity.xr.arkit/Runtime/Frameworks/Foundation/NSObject.cs - Importer: ScriptedImporter/UnityEditor.QuickSearchModule:UnityEditor.Search:ASIAI0B' with importer (ScriptedImporter : UnityEditor.QuickSearchModule:UnityEditor.Search:ASIAI0B)
Imported 'GUID: b12941e02f2a4447599e7a365f4328ae' -> (Import Result ID: '842722e2237c6ef5c354a4fe88a6c906') in 0.001 seconds [static and dynamic dependencies]. Details - ImportResultOutputID=ac513daa03e62ed6371c59201ae76ac9 DependenciesID=69d9ea86fb8915263d49d13ef22d073f StaticDependenciesID=3478aee1868113b708dc7b088d1097fa 
Number of updated asset objects reloaded before import = 0
Number of asset objects unloaded after import = 0
========================================================================
Received Import Request.
  Time of request: 2026-09-01T06:04:46.805992Z
  Time since last request: 0.000848916 seconds.
  importAddress: GUID: 3fb79659a1271364f8030126dcdad135 - Path: Packages/com.unity.xr.arfoundation/Runtime/ARSubsystems/Images/XRImageTrackingSubsystemDescriptor.cs - Importer: ScriptedImporter/UnityEditor.QuickSearchModule:UnityEditor.Search:ASIAI0B
Importing 'GUID: 3fb79659a1271364f8030126dcdad135 - Path: Packages/com.unity.xr.arfoundation/Runtime/ARSubsystems/Images/XRImageTrackingSubsystemDescriptor.cs - Importer: ScriptedImporter/UnityEditor.QuickSearchModule:UnityEditor.Search:ASIAI0B' with importer (ScriptedImporter : UnityEditor.QuickSearchModule:UnityEditor.Search:ASIAI0B)
Imported 'GUID: 3fb79659a1271364f8030126dcdad135' -> (Import Result ID: '8550852cdb780f5831cfbdd34228cdc6') in 0.001 seconds [static and dynamic dependencies]. Details - ImportResultOutputID=d97ef9c03252358849d304ac4b595c4c DependenciesID=94c4fd8c6fe37d296ef3ea85289e4804 StaticDependenciesID=4295b4bb9c1f01612deb40fe27bdbdde 
Number of updated asset objects reloaded before import = 0
Number of asset objects unloaded after import = 0
========================================================================
Received Import Request.
  Time of request: 2026-09-01T06:04:46.808165Z
  Time since last request: 0.000413375 seconds.
  importAddress: GUID: 12d8a1161d987fa4eab8946e7c6a2707 - Path: Packages/com.unity.xr.arfoundation/Editor/Simulation/Unity.XR.Simulation.Editor.asmdef - Importer: ScriptedImporter/UnityEditor.QuickSearchModule:UnityEditor.Search:ASIAI0B
Importing 'GUID: 12d8a1161d987fa4eab8946e7c6a2707 - Path: Packages/com.unity.xr.arfoundation/Editor/Simulation/Unity.XR.Simulation.Editor.asmdef - Importer: ScriptedImporter/UnityEditor.QuickSearchModule:UnityEditor.Search:ASIAI0B' with importer (ScriptedImporter : UnityEditor.QuickSearchModule:UnityEditor.Search:ASIAI0B)
Imported 'GUID: 12d8a1161d987fa4eab8946e7c6a2707' -> (Import Result ID: '02e6ca11985ad4e1dff54fc72497d436') in 0.002 seconds [static and dynamic dependencies]. Details - ImportResultOutputID=82b9ed2b5da191409bd46ea9540eb6a7 DependenciesID=692aef2d2984bc2806a3e6b90bcaffb0 StaticDependenciesID=d11924894a4fa374d1b24acfb9454c60 
Number of updated asset objects reloaded before import = 0
Number of asset objects unloaded after import = 1
========================================================================
Received Import Request.
  Time of request: 2026-09-01T06:04:46.81037Z
  Time since last request: 0.000314417 seconds.
  importAddress: GUID: f56bff5cb88204e1a93f0cb0f47e6656 - Path: Packages/com.unity.xr.arkit/Runtime/OSVersion.cs - Importer: ScriptedImporter/UnityEditor.QuickSearchModule:UnityEditor.Search:ASIAI0B
Importing 'GUID: f56bff5cb88204e1a93f0cb0f47e6656 - Path: Packages/com.unity.xr.arkit/Runtime/OSVersion.cs - Importer: ScriptedImporter/UnityEditor.QuickSearchModule:UnityEditor.Search:ASIAI0B' with importer (ScriptedImporter : UnityEditor.QuickSearchModule:UnityEditor.Search:ASIAI0B)
Imported 'GUID: f56bff5cb88204e1a93f0cb0f47e6656' -> (Import Result ID: '54f8ca64817c85aa7aedb39b0b9969dd') in 0.001 seconds [static and dynamic dependencies]. Details - ImportResultOutputID=f1cdb012d4d5518bd26bbecbac4297bf DependenciesID=c505e6f1f53ef361324e038dfb1a3433 StaticDependenciesID=f334795f59f2a0fd4a5cc47cbc26668c 
Number of updated asset objects reloaded before import = 0
Number of asset objects unloaded after import = 0
========================================================================
Received Import Request.
  Time of request: 2026-09-01T06:04:46.812066Z
  Time since last request: 0.000327916 seconds.
  importAddress: GUID: 3e157be2a77444a3d923ef4ab98b10b0 - Path: Packages/com.unity.xr.arfoundation/Editor/ARAnalytics/Unity.XR.ARAnalytics.Editor.asmdef - Importer: ScriptedImporter/UnityEditor.QuickSearchModule:UnityEditor.Search:ASIAI0B
Importing 'GUID: 3e157be2a77444a3d923ef4ab98b10b0 - Path: Packages/com.unity.xr.arfoundation/Editor/ARAnalytics/Unity.XR.ARAnalytics.Editor.asmdef - Importer: ScriptedImporter/UnityEditor.QuickSearchModule:UnityEditor.Search:ASIAI0B' with importer (ScriptedImporter : UnityEditor.QuickSearchModule:UnityEditor.Search:ASIAI0B)
Imported 'GUID: 3e157be2a77444a3d923ef4ab98b10b0' -> (Import Result ID: '4d9901115d1942eb398c22b31da75c38') in 0.001 seconds [static and dynamic dependencies]. Details - ImportResultOutputID=48be5484a6b5488dbd6d777adc9ec856 DependenciesID=09aa609a0419c1c8b552e52b25a9b355 StaticDependenciesID=75c01124f4edf9e7892b8c6db5c2f3ed 
Number of updated asset objects reloaded before import = 0
Number of asset objects unloaded after import = 1
========================================================================
Received Import Request.
  Time of request: 2026-09-01T06:04:46.814029Z
  Time since last request: 0.000344875 seconds.
  importAddress: GUID: a78f9ebc81dd33745a312d08443d3e3d - Path: Packages/com.unity.xr.arfoundation/Editor/Simulation - Importer: ScriptedImporter/UnityEditor.QuickSearchModule:UnityEditor.Search:ASIAI0B
Importing 'GUID: a78f9ebc81dd33745a312d08443d3e3d - Path: Packages/com.unity.xr.arfoundation/Editor/Simulation - Importer: ScriptedImporter/UnityEditor.QuickSearchModule:UnityEditor.Search:ASIAI0B' with importer (ScriptedImporter : UnityEditor.QuickSearchModule:UnityEditor.Search:ASIAI0B)
Imported 'GUID: a78f9ebc81dd33745a312d08443d3e3d' -> (Import Result ID: '5c2973c90ca084fba92dda698308f714') in 0.001 seconds [static and dynamic dependencies]. Details - ImportResultOutputID=07d1cfbb79f65ea000d1986d428e4fe6 DependenciesID=7707d04191db0fb1c217f7b9c36191af StaticDependenciesID=da6b4dccf929f999bd47efc60423e75b 
Number of updated asset objects reloaded before import = 0
Number of asset objects unloaded after import = 1
========================================================================
Received Import Request.
  Time of request: 2026-09-01T06:04:46.81565Z
  Time since last request: 0.000298542 seconds.
  importAddress: GUID: fa850fbd5b8aded44846f96e35f1a9f5 - Path: Packages/com.unity.xr.arfoundation/Runtime/ARFoundation/Input/ARInputManager.cs - Importer: ScriptedImporter/UnityEditor.QuickSearchModule:UnityEditor.Search:ASIAI0B
Importing 'GUID: fa850fbd5b8aded44846f96e35f1a9f5 - Path: Packages/com.unity.xr.arfoundation/Runtime/ARFoundation/Input/ARInputManager.cs - Importer: ScriptedImporter/UnityEditor.QuickSearchModule:UnityEditor.Search:ASIAI0B' with importer (ScriptedImporter : UnityEditor.QuickSearchModule:UnityEditor.Search:ASIAI0B)
Imported 'GUID: fa850fbd5b8aded44846f96e35f1a9f5' -> (Import Result ID: '1955222a6bc00619ee63c6dd24d906d7') in 0.001 seconds [static and dynamic dependencies]. Details - ImportResultOutputID=5e8991b5564bf707395520b969e3abd2 DependenciesID=3c08d6f1d43b1f4455f64fca36ecc1b0 StaticDependenciesID=8b25f248726ccf3d425627bf3e006f5c 
Number of updated asset objects reloaded before import = 0
Number of asset objects unloaded after import = 1
========================================================================
Received Import Request.
  Time of request: 2026-09-01T06:04:46.817461Z
  Time since last request: 0.000304958 seconds.
  importAddress: GUID: 8570d5d29d91f4efaac0d6193c71e49d - Path: Packages/com.unity.xr.arkit/Runtime/SerializedARCollaborationData.cs - Importer: ScriptedImporter/UnityEditor.QuickSearchModule:UnityEditor.Search:ASIAI0B
Importing 'GUID: 8570d5d29d91f4efaac0d6193c71e49d - Path: Packages/com.unity.xr.arkit/Runtime/SerializedARCollaborationData.cs - Importer: ScriptedImporter/UnityEditor.QuickSearchModule:UnityEditor.Search:ASIAI0B' with importer (ScriptedImporter : UnityEditor.QuickSearchModule:UnityEditor.Search:ASIAI0B)
Imported 'GUID: 8570d5d29d91f4efaac0d6193c71e49d' -> (Import Result ID: '8a8ff76faffd6a2b7085251e966aa4c5') in 0.001 seconds [static and dynamic dependencies]. Details - ImportResultOutputID=0eb536370cc7c47bbd3d024dfc831540 DependenciesID=50dadc999b7f71fc8cc7677ffe56ec93 StaticDependenciesID=6d21078fe4def4fbdcc91c2df42ae9f6 
Number of updated asset objects reloaded before import = 0
Number of asset objects unloaded after import = 0
========================================================================
Received Import Request.
  Time of request: 2026-09-01T06:04:46.819286Z
  Time since last request: 0.000367875 seconds.
  importAddress: GUID: a2889641c981244b39376a6745fb9fa9 - Path: Packages/com.unity.xr.arkit/Runtime/Frameworks/ARKit/ARWorldMappingStatus.cs - Importer: ScriptedImporter/UnityEditor.QuickSearchModule:UnityEditor.Search:ASIAI0B
Importing 'GUID: a2889641c981244b39376a6745fb9fa9 - Path: Packages/com.unity.xr.arkit/Runtime/Frameworks/ARKit/ARWorldMappingStatus.cs - Importer: ScriptedImporter/UnityEditor.QuickSearchModule:UnityEditor.Search:ASIAI0B' with importer (ScriptedImporter : UnityEditor.QuickSearchModule:UnityEditor.Search:ASIAI0B)
Imported 'GUID: a2889641c981244b39376a6745fb9fa9' -> (Import Result ID: '863fa182f8aeeb9385a1467e7303ebcb') in 0.001 seconds [static and dynamic dependencies]. Details - ImportResultOutputID=7a4d3d6de9f248a86e8e587f33820b48 DependenciesID=93f5a717742cd8c26ffcd79ad877d26f StaticDependenciesID=34cfa02c881559b374616cbc43d26040 
Number of updated asset objects reloaded before import = 0
Number of asset objects unloaded after import = 1
========================================================================
Received Import Request.
  Time of request: 2026-09-01T06:04:46.821447Z
  Time since last request: 0.000532042 seconds.
  importAddress: GUID: 52b079e6f4dd4e40a87331a9aed75f6a - Path: Packages/com.unity.xr.arfoundation/Runtime/ARFoundation/Planes/ARPlaneMeshGenerator.cs - Importer: ScriptedImporter/UnityEditor.QuickSearchModule:UnityEditor.Search:ASIAI0B
Importing 'GUID: 52b079e6f4dd4e40a87331a9aed75f6a - Path: Packages/com.unity.xr.arfoundation/Runtime/ARFoundation/Planes/ARPlaneMeshGenerator.cs - Importer: ScriptedImporter/UnityEditor.QuickSearchModule:UnityEditor.Search:ASIAI0B' with importer (ScriptedImporter : UnityEditor.QuickSearchModule:UnityEditor.Search:ASIAI0B)
Imported 'GUID: 52b079e6f4dd4e40a87331a9aed75f6a' -> (Import Result ID: '9cf4220e6ce9a32e09a9e34ea0dca0fe') in 0.002 seconds [static and dynamic dependencies]. Details - ImportResultOutputID=24969947bff37855dcc5126545425db6 DependenciesID=e65642da7ed1df2f86426dbc23778c67 StaticDependenciesID=f01d7385474876d9adf4329c23ed7240 
Number of updated asset objects reloaded before import = 0
Number of asset objects unloaded after import = 0
========================================================================
Received Import Request.
  Time of request: 2026-09-01T06:04:46.824232Z
  Time since last request: 0.000513292 seconds.
  importAddress: GUID: 2fa37e7785fc437bb8c4cc7df1aa9e19 - Path: Packages/com.unity.xr.arfoundation/Tests/Runtime/ARFoundation/ARFoundationTests.cs - Importer: ScriptedImporter/UnityEditor.QuickSearchModule:UnityEditor.Search:ASIAI0B
Importing 'GUID: 2fa37e7785fc437bb8c4cc7df1aa9e19 - Path: Packages/com.unity.xr.arfoundation/Tests/Runtime/ARFoundation/ARFoundationTests.cs - Importer: ScriptedImporter/UnityEditor.QuickSearchModule:UnityEditor.Search:ASIAI0B' with importer (ScriptedImporter : UnityEditor.QuickSearchModule:UnityEditor.Search:ASIAI0B)
Imported 'GUID: 2fa37e7785fc437bb8c4cc7df1aa9e19' -> (Import Result ID: '548ee13036a8b6bf03e17d183c5251ef') in 0.001 seconds [static and dynamic dependencies]. Details - ImportResultOutputID=2bc64ba3bea2866c6a23c000dcddbba7 DependenciesID=f23efa2144ec834ff7893c2811902891 StaticDependenciesID=4e5da3d2e040c6c5c48476623b6edc5c 
Number of updated asset objects reloaded before import = 0
Number of asset objects unloaded after import = 0
========================================================================
Received Import Request.
  Time of request: 2026-09-01T06:04:46.826201Z
  Time since last request: 0.00041675 seconds.
  importAddress: GUID: 916ac1e5ec7f24b7988d29461efc6dba - Path: Packages/com.unity.xr.arfoundation/Runtime/VisualScripting/Units/Events/MessageListeners/Deprecated/ARFaceManagerListener.deprecated.cs - Importer: ScriptedImporter/UnityEditor.QuickSearchModule:UnityEditor.Search:ASIAI0B
Importing 'GUID: 916ac1e5ec7f24b7988d29461efc6dba - Path: Packages/com.unity.xr.arfoundation/Runtime/VisualScripting/Units/Events/MessageListeners/Deprecated/ARFaceManagerListener.deprecated.cs - Importer: ScriptedImporter/UnityEditor.QuickSearchModule:UnityEditor.Search:ASIAI0B' with importer (ScriptedImporter : UnityEditor.QuickSearchModule:UnityEditor.Search:ASIAI0B)
Imported 'GUID: 916ac1e5ec7f24b7988d29461efc6dba' -> (Import Result ID: '39f8a25b1d5ffe9f1e99296406c2d125') in 0.001 seconds [static and dynamic dependencies]. Details - ImportResultOutputID=7c57556a9110821b195e75779d907f04 DependenciesID=635795ff695eb77e6df226c775e8c3f5 StaticDependenciesID=bdd8c5d189b1b145c89d6959ee36f362 
Number of updated asset objects reloaded before import = 0
Number of asset objects unloaded after import = 0
========================================================================
Received Import Request.
  Time of request: 2026-09-01T06:04:46.828019Z
  Time since last request: 0.000451792 seconds.
  importAddress: GUID: b50c35d88216452084f2479e33ed55d5 - Path: Packages/com.unity.xr.arfoundation/Runtime/ARSubsystems/Anchors - Importer: ScriptedImporter/UnityEditor.QuickSearchModule:UnityEditor.Search:ASIAI0B
Importing 'GUID: b50c35d88216452084f2479e33ed55d5 - Path: Packages/com.unity.xr.arfoundation/Runtime/ARSubsystems/Anchors - Importer: ScriptedImporter/UnityEditor.QuickSearchModule:UnityEditor.Search:ASIAI0B' with importer (ScriptedImporter : UnityEditor.QuickSearchModule:UnityEditor.Search:ASIAI0B)
Imported 'GUID: b50c35d88216452084f2479e33ed55d5' -> (Import Result ID: '202565d4ba89ff39814baa9582d0f061') in 0.001 seconds [static and dynamic dependencies]. Details - ImportResultOutputID=32f957ebaa1632d9f522cbe46246647b DependenciesID=c34d3e01fb2ce38c12f6e269eaf90261 StaticDependenciesID=ca4a210bd440bcd79ecaf219391e7f57 
Number of updated asset objects reloaded before import = 0
Number of asset objects unloaded after import = 1
========================================================================
Received Import Request.
  Time of request: 2026-09-01T06:04:46.829752Z
  Time since last request: 0.000352709 seconds.
  importAddress: GUID: e83b3414d8bc7544e8bb4b0ed40c1e5e - Path: Packages/com.unity.xr.arkit/Runtime/PlaneTracking/ARKitXRPlaneSubsystem.deprecated.cs - Importer: ScriptedImporter/UnityEditor.QuickSearchModule:UnityEditor.Search:ASIAI0B
Importing 'GUID: e83b3414d8bc7544e8bb4b0ed40c1e5e - Path: Packages/com.unity.xr.arkit/Runtime/PlaneTracking/ARKitXRPlaneSubsystem.deprecated.cs - Importer: ScriptedImporter/UnityEditor.QuickSearchModule:UnityEditor.Search:ASIAI0B' with importer (ScriptedImporter : UnityEditor.QuickSearchModule:UnityEditor.Search:ASIAI0B)
Imported 'GUID: e83b3414d8bc7544e8bb4b0ed40c1e5e' -> (Import Result ID: '1c13531dd430ed1a2c55e87b0c25bd92') in 0.001 seconds [static and dynamic dependencies]. Details - ImportResultOutputID=45397dbea0a77f99e01bec5398450b7f DependenciesID=9d3a783a0eacb973d40b167717dae7fd StaticDependenciesID=3dd0ba0d5f49fb6f02b678a9544165cd 
Number of updated asset objects reloaded before import = 0
Number of asset objects unloaded after import = 0
========================================================================
Received Import Request.
  Time of request: 2026-09-01T06:04:46.831363Z
  Time since last request: 0.000327958 seconds.
  importAddress: GUID: 5c279d37d86d24255abd007f5c74ead5 - Path: Packages/com.unity.xr.arfoundation/Tests/Runtime/ARFoundation/CameraSubsystem - Importer: ScriptedImporter/UnityEditor.QuickSearchModule:UnityEditor.Search:ASIAI0B
Importing 'GUID: 5c279d37d86d24255abd007f5c74ead5 - Path: Packages/com.unity.xr.arfoundation/Tests/Runtime/ARFoundation/CameraSubsystem - Importer: ScriptedImporter/UnityEditor.QuickSearchModule:UnityEditor.Search:ASIAI0B' with importer (ScriptedImporter : UnityEditor.QuickSearchModule:UnityEditor.Search:ASIAI0B)
Imported 'GUID: 5c279d37d86d24255abd007f5c74ead5' -> (Import Result ID: '88ed9810195fce95ae9ebd31a64b8873') in 0.001 seconds [static and dynamic dependencies]. Details - ImportResultOutputID=e4836033c724d3b605f536824cd8fdcb DependenciesID=e0fc4880509df7ad6c7844532dae0277 StaticDependenciesID=68db3f670549311a649b059ca19d241c 
Number of updated asset objects reloaded before import = 0
Number of asset objects unloaded after import = 1
========================================================================
Received Import Request.
  Time of request: 2026-09-01T06:04:46.832833Z
  Time since last request: 0.000308292 seconds.
  importAddress: GUID: 6ad831300d83840e2867fc6500806509 - Path: Packages/com.unity.xr.arfoundation/Runtime/ARSubsystems/Common/Textures - Importer: ScriptedImporter/UnityEditor.QuickSearchModule:UnityEditor.Search:ASIAI0B
Importing 'GUID: 6ad831300d83840e2867fc6500806509 - Path: Packages/com.unity.xr.arfoundation/Runtime/ARSubsystems/Common/Textures - Importer: ScriptedImporter/UnityEditor.QuickSearchModule:UnityEditor.Search:ASIAI0B' with importer (ScriptedImporter : UnityEditor.QuickSearchModule:UnityEditor.Search:ASIAI0B)
Imported 'GUID: 6ad831300d83840e2867fc6500806509' -> (Import Result ID: '5be26b3410fb4b29b3749efb2f92dfdc') in 0.001 seconds [static and dynamic dependencies]. Details - ImportResultOutputID=353cc31e073ec83a649347746050e462 DependenciesID=370067825d3fca8832ef5b464e3f1379 StaticDependenciesID=a39f1b5df87cb9bbe84e7fc2878fc736 
Number of updated asset objects reloaded before import = 0
Number of asset objects unloaded after import = 1
========================================================================
Received Import Request.
  Time of request: 2026-09-01T06:04:46.834264Z
  Time since last request: 0.000305083 seconds.
  importAddress: GUID: 0eb754913c9e435380c55ccc8efdc405 - Path: Packages/com.unity.xr.arkit/CHANGELOG.md - Importer: ScriptedImporter/UnityEditor.QuickSearchModule:UnityEditor.Search:ASIAI0B
Importing 'GUID: 0eb754913c9e435380c55ccc8efdc405 - Path: Packages/com.unity.xr.arkit/CHANGELOG.md - Importer: ScriptedImporter/UnityEditor.QuickSearchModule:UnityEditor.Search:ASIAI0B' with importer (ScriptedImporter : UnityEditor.QuickSearchModule:UnityEditor.Search:ASIAI0B)
Imported 'GUID: 0eb754913c9e435380c55ccc8efdc405' -> (Import Result ID: '366761eb5bd363cab1c942321576006c') in 0.001 seconds [static and dynamic dependencies]. Details - ImportResultOutputID=94752fc2a3df0881a7fb1b27fe29d433 DependenciesID=c920d9f97718cebbad11463618d9458b StaticDependenciesID=0ef27ff4d89d8da7c5bfbc2145ff80e0 
Number of updated asset objects reloaded before import = 0
Number of asset objects unloaded after import = 1
========================================================================
Received Import Request.
  Time of request: 2026-09-01T06:04:46.836259Z
  Time since last request: 0.0003995 seconds.
  importAddress: GUID: 8631b0a8157c4cc8a3bbbff29ee21640 - Path: Packages/com.unity.xr.arfoundation/Editor/Simulation/XRSimulationRuntimeSettingsEditor.cs - Importer: ScriptedImporter/UnityEditor.QuickSearchModule:UnityEditor.Search:ASIAI0B
Importing 'GUID: 8631b0a8157c4cc8a3bbbff29ee21640 - Path: Packages/com.unity.xr.arfoundation/Editor/Simulation/XRSimulationRuntimeSettingsEditor.cs - Importer: ScriptedImporter/UnityEditor.QuickSearchModule:UnityEditor.Search:ASIAI0B' with importer (ScriptedImporter : UnityEditor.QuickSearchModule:UnityEditor.Search:ASIAI0B)
Imported 'GUID: 8631b0a8157c4cc8a3bbbff29ee21640' -> (Import Result ID: '24472b301563683348f6236093268252') in 0.001 seconds [static and dynamic dependencies]. Details - ImportResultOutputID=20ed082ab31bdd1e29b173416a7e92b7 DependenciesID=3ffb6eb6fbf55171239793d3ed0368f4 StaticDependenciesID=da0b346c89c1b6ef205a9a17c3f8a10d 
Number of updated asset objects reloaded before import = 0
Number of asset objects unloaded after import = 0
========================================================================
Received Import Request.
  Time of request: 2026-09-01T06:04:46.83776Z
  Time since last request: 0.000250125 seconds.
  importAddress: GUID: 3bdd7457c03d749c18d130bda2fa8ec2 - Path: Packages/com.unity.xr.arfoundation/Tests/Runtime/CodeSamples/Unity.XR.ARFoundation.CodeSamples.Tests.asmdef - Importer: ScriptedImporter/UnityEditor.QuickSearchModule:UnityEditor.Search:ASIAI0B
Importing 'GUID: 3bdd7457c03d749c18d130bda2fa8ec2 - Path: Packages/com.unity.xr.arfoundation/Tests/Runtime/CodeSamples/Unity.XR.ARFoundation.CodeSamples.Tests.asmdef - Importer: ScriptedImporter/UnityEditor.QuickSearchModule:UnityEditor.Search:ASIAI0B' with importer (ScriptedImporter : UnityEditor.QuickSearchModule:UnityEditor.Search:ASIAI0B)
Imported 'GUID: 3bdd7457c03d749c18d130bda2fa8ec2' -> (Import Result ID: 'd3747def75c17138e3e48f531eebc654') in 0.001 seconds [static and dynamic dependencies]. Details - ImportResultOutputID=bca49e6c5a06866ebd76732123c69265 DependenciesID=5ccf0bdf37f3a473915a07c542a7e5ba StaticDependenciesID=e010850cfc4e157de493a4bff06221ba 
Number of updated asset objects reloaded before import = 0
Number of asset objects unloaded after import = 1
========================================================================
Received Import Request.
  Time of request: 2026-09-01T06:04:46.839724Z
  Time since last request: 0.000588292 seconds.
  importAddress: GUID: f9b1d59e4d5b4e7ebf47071cab850760 - Path: Packages/com.unity.xr.arfoundation/Tests/Editor/XRSimulation/SimulationPreferencesTests.cs - Importer: ScriptedImporter/UnityEditor.QuickSearchModule:UnityEditor.Search:ASIAI0B
Importing 'GUID: f9b1d59e4d5b4e7ebf47071cab850760 - Path: Packages/com.unity.xr.arfoundation/Tests/Editor/XRSimulation/SimulationPreferencesTests.cs - Importer: ScriptedImporter/UnityEditor.QuickSearchModule:UnityEditor.Search:ASIAI0B' with importer (ScriptedImporter : UnityEditor.QuickSearchModule:UnityEditor.Search:ASIAI0B)
Imported 'GUID: f9b1d59e4d5b4e7ebf47071cab850760' -> (Import Result ID: '40d52c34e99f5c7e0754569fc96bbac1') in 0.001 seconds [static and dynamic dependencies]. Details - ImportResultOutputID=1fe4da3d979108262f6943d98692850a DependenciesID=7bbc84a634121e3685fc2e44f5290a4b StaticDependenciesID=81f756dedd0c44d70a8b5fd7580c0334 
Number of updated asset objects reloaded before import = 0
Number of asset objects unloaded after import = 0
========================================================================
Received Import Request.
  Time of request: 2026-09-01T06:04:46.841864Z
  Time since last request: 0.0004515 seconds.
  importAddress: GUID: 5f4dfae7ac993dc4da50093fc8cc1569 - Path: Packages/com.unity.xr.arfoundation/Runtime/ARSubsystems/Planes/PlaneDetectionMode.cs - Importer: ScriptedImporter/UnityEditor.QuickSearchModule:UnityEditor.Search:ASIAI0B
Importing 'GUID: 5f4dfae7ac993dc4da50093fc8cc1569 - Path: Packages/com.unity.xr.arfoundation/Runtime/ARSubsystems/Planes/PlaneDetectionMode.cs - Importer: ScriptedImporter/UnityEditor.QuickSearchModule:UnityEditor.Search:ASIAI0B' with importer (ScriptedImporter : UnityEditor.QuickSearchModule:UnityEditor.Search:ASIAI0B)
Imported 'GUID: 5f4dfae7ac993dc4da50093fc8cc1569' -> (Import Result ID: 'cf6d00b4f5051c2b1cefbe7deaa29683') in 0.002 seconds [static and dynamic dependencies]. Details - ImportResultOutputID=fc7044691d9713f0d97f2981489d0ca9 DependenciesID=f65d3c19845261cc3f5b0cb669b4f924 StaticDependenciesID=2ac30788b14293e839e798eff4888c15 
Number of updated asset objects reloaded before import = 0
Number of asset objects unloaded after import = 0
========================================================================
Received Import Request.
  Time of request: 2026-09-01T06:04:46.844549Z
  Time since last request: 0.000628917 seconds.
  importAddress: GUID: 59e67c33e83748d3a89645ee54222cbb - Path: Packages/com.unity.xr.arfoundation/Runtime/VisualScripting/Units/Events/EventUnits/ARParticipantsChangedEventUnit.cs - Importer: ScriptedImporter/UnityEditor.QuickSearchModule:UnityEditor.Search:ASIAI0B
Importing 'GUID: 59e67c33e83748d3a89645ee54222cbb - Path: Packages/com.unity.xr.arfoundation/Runtime/VisualScripting/Units/Events/EventUnits/ARParticipantsChangedEventUnit.cs - Importer: ScriptedImporter/UnityEditor.QuickSearchModule:UnityEditor.Search:ASIAI0B' with importer (ScriptedImporter : UnityEditor.QuickSearchModule:UnityEditor.Search:ASIAI0B)
Imported 'GUID: 59e67c33e83748d3a89645ee54222cbb' -> (Import Result ID: '26c7bb98f71961e1ced951e163aaa233') in 0.002 seconds [static and dynamic dependencies]. Details - ImportResultOutputID=7f0e7d1c29d651f3c469d52189d7cf45 DependenciesID=86021e1c72b0aeaec0bacc3285e0a143 StaticDependenciesID=e8473a7e9478f5c50ac217775945c23d 
Number of updated asset objects reloaded before import = 0
Number of asset objects unloaded after import = 0
========================================================================
Received Import Request.
  Time of request: 2026-09-01T06:04:46.847513Z
  Time since last request: 0.000522042 seconds.
  importAddress: GUID: f11a7efe40adf44d385d9121d68a792b - Path: Packages/com.unity.xr.arfoundation/Runtime/ARSubsystems/HumanBodies - Importer: ScriptedImporter/UnityEditor.QuickSearchModule:UnityEditor.Search:ASIAI0B
Importing 'GUID: f11a7efe40adf44d385d9121d68a792b - Path: Packages/com.unity.xr.arfoundation/Runtime/ARSubsystems/HumanBodies - Importer: ScriptedImporter/UnityEditor.QuickSearchModule:UnityEditor.Search:ASIAI0B' with importer (ScriptedImporter : UnityEditor.QuickSearchModule:UnityEditor.Search:ASIAI0B)
Imported 'GUID: f11a7efe40adf44d385d9121d68a792b' -> (Import Result ID: '805831ae19c619259c68b9ae5a34fb50') in 0.001 seconds [static and dynamic dependencies]. Details - ImportResultOutputID=5755719c5ad5a90b47ffd6dd4592f1a3 DependenciesID=73090f3668aa623368954624039b7b8d StaticDependenciesID=ed1e797c4c465e6a8a0d0a1619989ae8 
Number of updated asset objects reloaded before import = 0
Number of asset objects unloaded after import = 1
========================================================================
Received Import Request.
  Time of request: 2026-09-01T06:04:46.849447Z
  Time since last request: 0.000436708 seconds.
  importAddress: GUID: 02e205ff33f442d2b2a75a85a915850b - Path: Packages/com.unity.xr.arkit/Runtime/iOS - Importer: ScriptedImporter/UnityEditor.QuickSearchModule:UnityEditor.Search:ASIAI0B
Importing 'GUID: 02e205ff33f442d2b2a75a85a915850b - Path: Packages/com.unity.xr.arkit/Runtime/iOS - Importer: ScriptedImporter/UnityEditor.QuickSearchModule:UnityEditor.Search:ASIAI0B' with importer (ScriptedImporter : UnityEditor.QuickSearchModule:UnityEditor.Search:ASIAI0B)
Imported 'GUID: 02e205ff33f442d2b2a75a85a915850b' -> (Import Result ID: '4801821ccc40064df01a849bb5ad4ae8') in 0.001 seconds [static and dynamic dependencies]. Details - ImportResultOutputID=8b4c96293e6b6d764c8aeaa5bc0c7722 DependenciesID=24d7689ae2625576978b56c763ce2647 StaticDependenciesID=02dc8f64a705edb02def89599f76adf2 
Number of updated asset objects reloaded before import = 0
Number of asset objects unloaded after import = 1
========================================================================
Received Import Request.
  Time of request: 2026-09-01T06:04:46.851149Z
  Time since last request: 0.000321208 seconds.
  importAddress: GUID: 5f27140884daf8a43af9434fd8028de9 - Path: Packages/com.unity.xr.arfoundation/Editor/InternalUtils/Unity.XR.ARFoundation.InternalUtils.Editor.asmdef - Importer: ScriptedImporter/UnityEditor.QuickSearchModule:UnityEditor.Search:ASIAI0B
Importing 'GUID: 5f27140884daf8a43af9434fd8028de9 - Path: Packages/com.unity.xr.arfoundation/Editor/InternalUtils/Unity.XR.ARFoundation.InternalUtils.Editor.asmdef - Importer: ScriptedImporter/UnityEditor.QuickSearchModule:UnityEditor.Search:ASIAI0B' with importer (ScriptedImporter : UnityEditor.QuickSearchModule:UnityEditor.Search:ASIAI0B)
Imported 'GUID: 5f27140884daf8a43af9434fd8028de9' -> (Import Result ID: 'b2834be54e4e89bd79b210136041001c') in 0.001 seconds [static and dynamic dependencies]. Details - ImportResultOutputID=729f84872cf4d8b688ac141e09202aee DependenciesID=e0ad2378a4f6e420f27c43da9fef6677 StaticDependenciesID=9168f6cdc514ed0d64c2795569f78fe8 
Number of updated asset objects reloaded before import = 0
Number of asset objects unloaded after import = 1
========================================================================
Received Import Request.
  Time of request: 2026-09-01T06:04:46.853078Z
  Time since last request: 0.0003765 seconds.
  importAddress: GUID: a23d1b0dc553640f682d502af95e7789 - Path: Packages/com.unity.xr.arfoundation/Assets/Materials/XAxis.mat - Importer: ScriptedImporter/UnityEditor.QuickSearchModule:UnityEditor.Search:ASIAI0B
Importing 'GUID: a23d1b0dc553640f682d502af95e7789 - Path: Packages/com.unity.xr.arfoundation/Assets/Materials/XAxis.mat - Importer: ScriptedImporter/UnityEditor.QuickSearchModule:UnityEditor.Search:ASIAI0B' with importer (ScriptedImporter : UnityEditor.QuickSearchModule:UnityEditor.Search:ASIAI0B)
Imported 'GUID: a23d1b0dc553640f682d502af95e7789' -> (Import Result ID: '0313fe5b5db5c8ac2bdd66e426124d33') in 0.002 seconds [static and dynamic dependencies]. Details - ImportResultOutputID=df466d3f84b4294e0c1288b46181c368 DependenciesID=a511126363d23cf8b291dba2b8206d39 StaticDependenciesID=554c6e9a70cb296fe08c2896a6a7e03a 
Number of updated asset objects reloaded before import = 0
Number of asset objects unloaded after import = 1
========================================================================
Received Import Request.
  Time of request: 2026-09-01T06:04:46.855563Z
  Time since last request: 0.000313459 seconds.
  importAddress: GUID: e703842cdceb04cfdb853aa00f267e5f - Path: Packages/com.unity.xr.arfoundation/Runtime/VisualScripting/Units/Events/MessageListeners/Deprecated/ARHumanBodyManagerListener.deprecated.cs - Importer: ScriptedImporter/UnityEditor.QuickSearchModule:UnityEditor.Search:ASIAI0B
Importing 'GUID: e703842cdceb04cfdb853aa00f267e5f - Path: Packages/com.unity.xr.arfoundation/Runtime/VisualScripting/Units/Events/MessageListeners/Deprecated/ARHumanBodyManagerListener.deprecated.cs - Importer: ScriptedImporter/UnityEditor.QuickSearchModule:UnityEditor.Search:ASIAI0B' with importer (ScriptedImporter : UnityEditor.QuickSearchModule:UnityEditor.Search:ASIAI0B)
Imported 'GUID: e703842cdceb04cfdb853aa00f267e5f' -> (Import Result ID: 'c981ce38a8fa3fd906ce6304a7c1510f') in 0.002 seconds [static and dynamic dependencies]. Details - ImportResultOutputID=b1ed511122933081871ddb1e8623dbb1 DependenciesID=82b3cbe77fdc8237aac5a220043a4c99 StaticDependenciesID=8125570dd81d2d78d8ed7b41a4e57a2e 
Number of updated asset objects reloaded before import = 0
Number of asset objects unloaded after import = 0
========================================================================
Received Import Request.
  Time of request: 2026-09-01T06:04:46.857907Z
  Time since last request: 0.000420458 seconds.
  importAddress: GUID: 2e41dde7cb62a4049b7d4fd79f07ed33 - Path: Packages/com.unity.xr.arfoundation/Editor/Simulation/Rendering/LitGUI.cs - Importer: ScriptedImporter/UnityEditor.QuickSearchModule:UnityEditor.Search:ASIAI0B
Importing 'GUID: 2e41dde7cb62a4049b7d4fd79f07ed33 - Path: Packages/com.unity.xr.arfoundation/Editor/Simulation/Rendering/LitGUI.cs - Importer: ScriptedImporter/UnityEditor.QuickSearchModule:UnityEditor.Search:ASIAI0B' with importer (ScriptedImporter : UnityEditor.QuickSearchModule:UnityEditor.Search:ASIAI0B)
Imported 'GUID: 2e41dde7cb62a4049b7d4fd79f07ed33' -> (Import Result ID: '9b0c09cf9754c0b26bb2d0e394d7eea5') in 0.001 seconds [static and dynamic dependencies]. Details - ImportResultOutputID=882d5f297888f5d87c203fcb30d8e295 DependenciesID=77f4ca5d3415c9efb14b894594d5e3f4 StaticDependenciesID=36e4b3d2bd3fa5050cd21ea806b3f115 
Number of updated asset objects reloaded before import = 0
Number of asset objects unloaded after import = 0
========================================================================
Received Import Request.
  Time of request: 2026-09-01T06:04:46.859746Z
  Time since last request: 0.000333542 seconds.
  importAddress: GUID: cb09035d41f4b43b7bd4f62030163d77 - Path: Packages/com.unity.xr.arfoundation/Assets/Textures/FeaturePoint.png - Importer: ScriptedImporter/UnityEditor.QuickSearchModule:UnityEditor.Search:ASIAI0B
Importing 'GUID: cb09035d41f4b43b7bd4f62030163d77 - Path: Packages/com.unity.xr.arfoundation/Assets/Textures/FeaturePoint.png - Importer: ScriptedImporter/UnityEditor.QuickSearchModule:UnityEditor.Search:ASIAI0B' with importer (ScriptedImporter : UnityEditor.QuickSearchModule:UnityEditor.Search:ASIAI0B)
Imported 'GUID: cb09035d41f4b43b7bd4f62030163d77' -> (Import Result ID: 'a196d25753f4c2cd817001e03883a601') in 0.004 seconds [static and dynamic dependencies]. Details - ImportResultOutputID=197c713f41e4b7f7bafa627420801a89 DependenciesID=13222d99dda5f7439a41b1483d90efbb StaticDependenciesID=298b79d294553dda40ff40cdf71ec2d5 
Number of updated asset objects reloaded before import = 0
Number of asset objects unloaded after import = 1
========================================================================
Received Import Request.
  Time of request: 2026-09-01T06:04:46.864702Z
  Time since last request: 0.000457708 seconds.
  importAddress: GUID: f5e025c0533d99b408564a320a19900a - Path: Packages/com.unity.xr.arfoundation/Tests/Runtime/ARFoundation/SessionSubsystem/XRSessionSubsystemTests.cs - Importer: ScriptedImporter/UnityEditor.QuickSearchModule:UnityEditor.Search:ASIAI0B
Importing 'GUID: f5e025c0533d99b408564a320a19900a - Path: Packages/com.unity.xr.arfoundation/Tests/Runtime/ARFoundation/SessionSubsystem/XRSessionSubsystemTests.cs - Importer: ScriptedImporter/UnityEditor.QuickSearchModule:UnityEditor.Search:ASIAI0B' with importer (ScriptedImporter : UnityEditor.QuickSearchModule:UnityEditor.Search:ASIAI0B)
Imported 'GUID: f5e025c0533d99b408564a320a19900a' -> (Import Result ID: 'fece4fbcf038d9041bd8773320d5c90f') in 0.001 seconds [static and dynamic dependencies]. Details - ImportResultOutputID=8aaf1bbebf372c2072b0f15fc533d06f DependenciesID=b4a81b4843b8de697e8dea79ce39c4dc StaticDependenciesID=9923eec59c3439e754065a48502c39c5 
Number of updated asset objects reloaded before import = 0
Number of asset objects unloaded after import = 0
========================================================================
Received Import Request.
  Time of request: 2026-09-01T06:04:46.866701Z
  Time since last request: 0.000330208 seconds.
  importAddress: GUID: 6e3c44306fb1e439a9f18b2212b8ab70 - Path: Packages/com.unity.xr.arfoundation/Runtime/ARFoundation/Deprecated/ARPoseDriver.cs - Importer: ScriptedImporter/UnityEditor.QuickSearchModule:UnityEditor.Search:ASIAI0B
Importing 'GUID: 6e3c44306fb1e439a9f18b2212b8ab70 - Path: Packages/com.unity.xr.arfoundation/Runtime/ARFoundation/Deprecated/ARPoseDriver.cs - Importer: ScriptedImporter/UnityEditor.QuickSearchModule:UnityEditor.Search:ASIAI0B' with importer (ScriptedImporter : UnityEditor.QuickSearchModule:UnityEditor.Search:ASIAI0B)
Imported 'GUID: 6e3c44306fb1e439a9f18b2212b8ab70' -> (Import Result ID: '04ffc9062eecd0d5716321690aa56189') in 0.001 seconds [static and dynamic dependencies]. Details - ImportResultOutputID=8829f07877e90b05bc735851656d2ec3 DependenciesID=1de8e7ca594e477e556b78357be059cf StaticDependenciesID=1b451d0cece9daf7cc4cb31c737c5201 
Number of updated asset objects reloaded before import = 0
Number of asset objects unloaded after import = 1
========================================================================
Received Import Request.
  Time of request: 2026-09-01T06:04:46.868714Z
  Time since last request: 0.000387167 seconds.
  importAddress: GUID: c7d5cb690d080436d9657cbee5fd90bd - Path: Packages/com.unity.xr.arfoundation/Tests/Runtime/ARFoundation/CameraSubsystem/XRCameraSubsystemTests.cs - Importer: ScriptedImporter/UnityEditor.QuickSearchModule:UnityEditor.Search:ASIAI0B
Importing 'GUID: c7d5cb690d080436d9657cbee5fd90bd - Path: Packages/com.unity.xr.arfoundation/Tests/Runtime/ARFoundation/CameraSubsystem/XRCameraSubsystemTests.cs - Importer: ScriptedImporter/UnityEditor.QuickSearchModule:UnityEditor.Search:ASIAI0B' with importer (ScriptedImporter : UnityEditor.QuickSearchModule:UnityEditor.Search:ASIAI0B)
Imported 'GUID: c7d5cb690d080436d9657cbee5fd90bd' -> (Import Result ID: '4826484da2c28f70902e2784533f9a27') in 0.001 seconds [static and dynamic dependencies]. Details - ImportResultOutputID=a0ded3de19a71e41c068b3805eb92eaf DependenciesID=72f51fd90eb2e0c3a122971f7a97ea46 StaticDependenciesID=66e169d6095dbc57bd283c6bea0a28f2 
Number of updated asset objects reloaded before import = 0
Number of asset objects unloaded after import = 0
========================================================================
Received Import Request.
  Time of request: 2026-09-01T06:04:46.870768Z
  Time since last request: 0.000380959 seconds.
  importAddress: GUID: 0dc084e9b75f348499790f56de88d510 - Path: Packages/com.unity.xr.arfoundation/Runtime/ARSubsystems/Participants/XRParticipant.cs - Importer: ScriptedImporter/UnityEditor.QuickSearchModule:UnityEditor.Search:ASIAI0B
Importing 'GUID: 0dc084e9b75f348499790f56de88d510 - Path: Packages/com.unity.xr.arfoundation/Runtime/ARSubsystems/Participants/XRParticipant.cs - Importer: ScriptedImporter/UnityEditor.QuickSearchModule:UnityEditor.Search:ASIAI0B' with importer (ScriptedImporter : UnityEditor.QuickSearchModule:UnityEditor.Search:ASIAI0B)
Imported 'GUID: 0dc084e9b75f348499790f56de88d510' -> (Import Result ID: 'a120eb3f5be02783ad77f4451899dd39') in 0.001 seconds [static and dynamic dependencies]. Details - ImportResultOutputID=aa13610fbcf865b792b23e7c7f76660f DependenciesID=4f530d01ca62ad2e2274e61924476e02 StaticDependenciesID=c2d06494ef8a30828a1bc521f4c5b51e 
Number of updated asset objects reloaded before import = 0
Number of asset objects unloaded after import = 0
========================================================================
Received Import Request.
  Time of request: 2026-09-01T06:04:46.892045Z
  Time since last request: 0.020020125 seconds.
  importAddress: GUID: f5f4089786819437b834a6924d39a109 - Path: Packages/com.unity.xr.arfoundation/Runtime/Simulation/Subsystems/SimulationEnvironmentScanner.cs - Importer: ScriptedImporter/UnityEditor.QuickSearchModule:UnityEditor.Search:ASIAI0B
Importing 'GUID: f5f4089786819437b834a6924d39a109 - Path: Packages/com.unity.xr.arfoundation/Runtime/Simulation/Subsystems/SimulationEnvironmentScanner.cs - Importer: ScriptedImporter/UnityEditor.QuickSearchModule:UnityEditor.Search:ASIAI0B' with importer (ScriptedImporter : UnityEditor.QuickSearchModule:UnityEditor.Search:ASIAI0B)
Imported 'GUID: f5f4089786819437b834a6924d39a109' -> (Import Result ID: 'cd110b5c97f48bee7a94cbde074d051b') in 0.002 seconds [static and dynamic dependencies]. Details - ImportResultOutputID=d732551793b4a7815d07108f0ab77a2b DependenciesID=07f6e704a5cc79467e87b93353e78468 StaticDependenciesID=0246d888094d721ae1fa2e8ba4cf9dcc 
Number of updated asset objects reloaded before import = 0
Number of asset objects unloaded after import = 0
========================================================================
Received Import Request.
  Time of request: 2026-09-01T06:04:46.894805Z
  Time since last request: 0.000640125 seconds.
  importAddress: GUID: 997dc9a8a3fff4c99a1519ef9d1b44a6 - Path: Packages/com.unity.xr.arfoundation/Editor/VisualScripting/Deprecated/FacesChangedEventUnitDescriptor.deprecated.cs - Importer: ScriptedImporter/UnityEditor.QuickSearchModule:UnityEditor.Search:ASIAI0B
Importing 'GUID: 997dc9a8a3fff4c99a1519ef9d1b44a6 - Path: Packages/com.unity.xr.arfoundation/Editor/VisualScripting/Deprecated/FacesChangedEventUnitDescriptor.deprecated.cs - Importer: ScriptedImporter/UnityEditor.QuickSearchModule:UnityEditor.Search:ASIAI0B' with importer (ScriptedImporter : UnityEditor.QuickSearchModule:UnityEditor.Search:ASIAI0B)
Imported 'GUID: 997dc9a8a3fff4c99a1519ef9d1b44a6' -> (Import Result ID: '9990a7752b3149745e6f346ae28db60c') in 0.001 seconds [static and dynamic dependencies]. Details - ImportResultOutputID=f22ef4a7672002482d938386cb4dc4b5 DependenciesID=ad04fb77864e3d77913842f285a70f9a StaticDependenciesID=acd1325d59d4ee737571ab73ac718a9a 
Number of updated asset objects reloaded before import = 0
Number of asset objects unloaded after import = 0
========================================================================
Received Import Request.
  Time of request: 2026-09-01T06:04:46.896691Z
  Time since last request: 0.0003395 seconds.
  importAddress: GUID: ecf37a8efcd4b49439089b24b303dd3d - Path: Packages/com.unity.xr.arkit/Tests/Editor/Assets - Importer: ScriptedImporter/UnityEditor.QuickSearchModule:UnityEditor.Search:ASIAI0B
Importing 'GUID: ecf37a8efcd4b49439089b24b303dd3d - Path: Packages/com.unity.xr.arkit/Tests/Editor/Assets - Importer: ScriptedImporter/UnityEditor.QuickSearchModule:UnityEditor.Search:ASIAI0B' with importer (ScriptedImporter : UnityEditor.QuickSearchModule:UnityEditor.Search:ASIAI0B)
Imported 'GUID: ecf37a8efcd4b49439089b24b303dd3d' -> (Import Result ID: '677032e01bcef627a4acc635d73e2f59') in 0.001 seconds [static and dynamic dependencies]. Details - ImportResultOutputID=b5162631499b8a3444e43f0a895a443e DependenciesID=55fab91742b6a7a157788f27e975f8d3 StaticDependenciesID=06908a8eaacf814f414116283f03dfdf 
Number of updated asset objects reloaded before import = 0
Number of asset objects unloaded after import = 1
========================================================================
Received Import Request.
  Time of request: 2026-09-01T06:04:46.898674Z
  Time since last request: 0.000392542 seconds.
  importAddress: GUID: 97677fe9d6364b829817f6852deb1ada - Path: Packages/com.unity.xr.arfoundation/Runtime/Simulation/Subsystems/CameraTextureFrameEventArgs.cs - Importer: ScriptedImporter/UnityEditor.QuickSearchModule:UnityEditor.Search:ASIAI0B
Importing 'GUID: 97677fe9d6364b829817f6852deb1ada - Path: Packages/com.unity.xr.arfoundation/Runtime/Simulation/Subsystems/CameraTextureFrameEventArgs.cs - Importer: ScriptedImporter/UnityEditor.QuickSearchModule:UnityEditor.Search:ASIAI0B' with importer (ScriptedImporter : UnityEditor.QuickSearchModule:UnityEditor.Search:ASIAI0B)
Imported 'GUID: 97677fe9d6364b829817f6852deb1ada' -> (Import Result ID: '34adf66577af3906ca5da613a464e9bc') in 0.001 seconds [static and dynamic dependencies]. Details - ImportResultOutputID=1fd8166ce8c20b59bade0d0ce7b666ff DependenciesID=0ea0f382de5b6f9f35fe1589a330c614 StaticDependenciesID=b2bad5c934975e628fa7a1ac653e1e91 
Number of updated asset objects reloaded before import = 0
Number of asset objects unloaded after import = 0
========================================================================
Received Import Request.
  Time of request: 2026-09-01T06:04:46.900606Z
  Time since last request: 0.000449958 seconds.
  importAddress: GUID: c9f6f6395054465eb9a312f8c4ec4c52 - Path: Packages/com.unity.xr.arfoundation/Tests/Runtime/CodeSamples/ARPlaneManagerSamples.cs - Importer: ScriptedImporter/UnityEditor.QuickSearchModule:UnityEditor.Search:ASIAI0B
Importing 'GUID: c9f6f6395054465eb9a312f8c4ec4c52 - Path: Packages/com.unity.xr.arfoundation/Tests/Runtime/CodeSamples/ARPlaneManagerSamples.cs - Importer: ScriptedImporter/UnityEditor.QuickSearchModule:UnityEditor.Search:ASIAI0B' with importer (ScriptedImporter : UnityEditor.QuickSearchModule:UnityEditor.Search:ASIAI0B)
Imported 'GUID: c9f6f6395054465eb9a312f8c4ec4c52' -> (Import Result ID: '9549270984d828b214da789ac043342f') in 0.001 seconds [static and dynamic dependencies]. Details - ImportResultOutputID=eceb57a5a9e5eb8a9c01426d1250b44a DependenciesID=b4ce484e6238bd525e0632cf6006b1a0 StaticDependenciesID=b0f6ded15e4dd3c2297fe88766916aff 
Number of updated asset objects reloaded before import = 0
Number of asset objects unloaded after import = 0
========================================================================
Received Import Request.
  Time of request: 2026-09-01T06:04:46.902669Z
  Time since last request: 0.00054225 seconds.
  importAddress: GUID: 29341e3cec688724c89620641473c512 - Path: Packages/com.unity.xr.arfoundation/Runtime/Simulation/Environment/SimulatedBoundedPlane.cs - Importer: ScriptedImporter/UnityEditor.QuickSearchModule:UnityEditor.Search:ASIAI0B
Importing 'GUID: 29341e3cec688724c89620641473c512 - Path: Packages/com.unity.xr.arfoundation/Runtime/Simulation/Environment/SimulatedBoundedPlane.cs - Importer: ScriptedImporter/UnityEditor.QuickSearchModule:UnityEditor.Search:ASIAI0B' with importer (ScriptedImporter : UnityEditor.QuickSearchModule:UnityEditor.Search:ASIAI0B)
Imported 'GUID: 29341e3cec688724c89620641473c512' -> (Import Result ID: '8a476e4c0f1b4dac4b2f560c47ee012c') in 0.001 seconds [static and dynamic dependencies]. Details - ImportResultOutputID=7a6586e49f2d95c101c8fe346aa2c4a7 DependenciesID=b7162a0c44917397c19c68336eb88082 StaticDependenciesID=45a3c76397db442f7dc17a6366f107b1 
Number of updated asset objects reloaded before import = 0
Number of asset objects unloaded after import = 0
========================================================================
Received Import Request.
  Time of request: 2026-09-01T06:04:46.904726Z
  Time since last request: 0.000306667 seconds.
  importAddress: GUID: 456ee314af1d1d54382d261501af72dc - Path: Packages/com.unity.xr.arfoundation/Runtime/Simulation/Environment/SimulationRenderSettings.cs - Importer: ScriptedImporter/UnityEditor.QuickSearchModule:UnityEditor.Search:ASIAI0B
Importing 'GUID: 456ee314af1d1d54382d261501af72dc - Path: Packages/com.unity.xr.arfoundation/Runtime/Simulation/Environment/SimulationRenderSettings.cs - Importer: ScriptedImporter/UnityEditor.QuickSearchModule:UnityEditor.Search:ASIAI0B' with importer (ScriptedImporter : UnityEditor.QuickSearchModule:UnityEditor.Search:ASIAI0B)
Imported 'GUID: 456ee314af1d1d54382d261501af72dc' -> (Import Result ID: '9e455e1dc935f99898ee125a2c1a0af6') in 0.001 seconds [static and dynamic dependencies]. Details - ImportResultOutputID=2b3f9a678d551c71a893f88683e0d21b DependenciesID=ea414c49a176d01c9883210548e726c3 StaticDependenciesID=45c65911b7318493182f662c814ead0e 
Number of updated asset objects reloaded before import = 0
Number of asset objects unloaded after import = 0
========================================================================
Received Import Request.
  Time of request: 2026-09-01T06:04:46.906972Z
  Time since last request: 0.000797458 seconds.
  importAddress: GUID: da24fabe68b584b7db4ef705632ef878 - Path: Packages/com.unity.xr.arfoundation/Runtime/ARSubsystems/Raycasts/XRRaycast.cs - Importer: ScriptedImporter/UnityEditor.QuickSearchModule:UnityEditor.Search:ASIAI0B
Importing 'GUID: da24fabe68b584b7db4ef705632ef878 - Path: Packages/com.unity.xr.arfoundation/Runtime/ARSubsystems/Raycasts/XRRaycast.cs - Importer: ScriptedImporter/UnityEditor.QuickSearchModule:UnityEditor.Search:ASIAI0B' with importer (ScriptedImporter : UnityEditor.QuickSearchModule:UnityEditor.Search:ASIAI0B)
Imported 'GUID: da24fabe68b584b7db4ef705632ef878' -> (Import Result ID: '75b4697674481d0ecea255b2a70db0c9') in 0.001 seconds [static and dynamic dependencies]. Details - ImportResultOutputID=2fef56b7503c01ad7c348698f8b1832b DependenciesID=e7e71385423ac05187d0330a119c3575 StaticDependenciesID=d93ea2bfece79b389fa2a28a130eebbd 
Number of updated asset objects reloaded before import = 0
Number of asset objects unloaded after import = 0
========================================================================
Received Import Request.
  Time of request: 2026-09-01T06:04:46.909262Z
  Time since last request: 0.000517167 seconds.
  importAddress: GUID: 6241addbda9044c56883a791e5531603 - Path: Packages/com.unity.xr.arkit/Runtime/Frameworks/Foundation/NSMutableString.cs - Importer: ScriptedImporter/UnityEditor.QuickSearchModule:UnityEditor.Search:ASIAI0B
Importing 'GUID: 6241addbda9044c56883a791e5531603 - Path: Packages/com.unity.xr.arkit/Runtime/Frameworks/Foundation/NSMutableString.cs - Importer: ScriptedImporter/UnityEditor.QuickSearchModule:UnityEditor.Search:ASIAI0B' with importer (ScriptedImporter : UnityEditor.QuickSearchModule:UnityEditor.Search:ASIAI0B)
Imported 'GUID: 6241addbda9044c56883a791e5531603' -> (Import Result ID: '612394e9b614d15f9145e4d50d16edc0') in 0.001 seconds [static and dynamic dependencies]. Details - ImportResultOutputID=2effab53d4159a1623a9447afe93c9cc DependenciesID=f3bd3ab5b2a7354dfb48b68ab297622d StaticDependenciesID=82db1c20eff498368c5e403d6bb1c897 
Number of updated asset objects reloaded before import = 0
Number of asset objects unloaded after import = 0
========================================================================
Received Import Request.
  Time of request: 2026-09-01T06:04:46.911774Z
  Time since last request: 0.000850166 seconds.
  importAddress: GUID: c60f5a0d0fc924ace85e45c318e892fa - Path: Packages/com.unity.xr.arfoundation/Runtime/ARFoundation/Deprecated/ARHumanBodiesChangedEventArgs.deprecated.cs - Importer: ScriptedImporter/UnityEditor.QuickSearchModule:UnityEditor.Search:ASIAI0B
Importing 'GUID: c60f5a0d0fc924ace85e45c318e892fa - Path: Packages/com.unity.xr.arfoundation/Runtime/ARFoundation/Deprecated/ARHumanBodiesChangedEventArgs.deprecated.cs - Importer: ScriptedImporter/UnityEditor.QuickSearchModule:UnityEditor.Search:ASIAI0B' with importer (ScriptedImporter : UnityEditor.QuickSearchModule:UnityEditor.Search:ASIAI0B)
Imported 'GUID: c60f5a0d0fc924ace85e45c318e892fa' -> (Import Result ID: '53bc5d2fa111886863c838503f4b2682') in 0.002 seconds [static and dynamic dependencies]. Details - ImportResultOutputID=b775d09b8918320bacb0c6cf4081b042 DependenciesID=227902210334d879429695c1df7545ee StaticDependenciesID=e5d62565160ba191bbb6a90d47de92c0 
Number of updated asset objects reloaded before import = 0
Number of asset objects unloaded after import = 0
========================================================================
Received Import Request.
  Time of request: 2026-09-01T06:04:46.914863Z
  Time since last request: 0.00059825 seconds.
  importAddress: GUID: be3223a3b86e91e7f7070cdb95cec4b2 - Path: Packages/com.unity.xr.arkit - Importer: ScriptedImporter/UnityEditor.QuickSearchModule:UnityEditor.Search:ASIAI0B
Importing 'GUID: be3223a3b86e91e7f7070cdb95cec4b2 - Path: Packages/com.unity.xr.arkit - Importer: ScriptedImporter/UnityEditor.QuickSearchModule:UnityEditor.Search:ASIAI0B' with importer (ScriptedImporter : UnityEditor.QuickSearchModule:UnityEditor.Search:ASIAI0B)
Imported 'GUID: be3223a3b86e91e7f7070cdb95cec4b2' -> (Import Result ID: '7d17a25750c27c784b114cb9eb9a1da7') in 0.001 seconds [static and dynamic dependencies]. Details - ImportResultOutputID=dcb2f6b3d27584b10f52a49a7004e17c DependenciesID=ba0da549b0b6eb7b25d7ec5e6d25d5ae StaticDependenciesID=22c841dff4e91a932c3392c682225819 
Number of updated asset objects reloaded before import = 0
Number of asset objects unloaded after import = 1
========================================================================
Received Import Request.
  Time of request: 2026-09-01T06:04:46.917476Z
  Time since last request: 0.000766084 seconds.
  importAddress: GUID: 472ce4a31295e4f1eb38d08b55758cbf - Path: Packages/com.unity.xr.arfoundation/Runtime/VisualScripting/Units/Events - Importer: ScriptedImporter/UnityEditor.QuickSearchModule:UnityEditor.Search:ASIAI0B
Importing 'GUID: 472ce4a31295e4f1eb38d08b55758cbf - Path: Packages/com.unity.xr.arfoundation/Runtime/VisualScripting/Units/Events - Importer: ScriptedImporter/UnityEditor.QuickSearchModule:UnityEditor.Search:ASIAI0B' with importer (ScriptedImporter : UnityEditor.QuickSearchModule:UnityEditor.Search:ASIAI0B)
Imported 'GUID: 472ce4a31295e4f1eb38d08b55758cbf' -> (Import Result ID: '3a1337fea1936bc46c9768508469ccf1') in 0.001 seconds [static and dynamic dependencies]. Details - ImportResultOutputID=303b9cb749c1b0604d552147484d9010 DependenciesID=9207e2cb549e0fd7ac42b7f2ff446b52 StaticDependenciesID=65436d3f32425213593917854e61dd56 
Number of updated asset objects reloaded before import = 0
Number of asset objects unloaded after import = 1
========================================================================
Received Import Request.
  Time of request: 2026-09-01T06:04:46.919626Z
  Time since last request: 0.000441125 seconds.
  importAddress: GUID: c9aba62b4aee3476786dfb1ce0bc00f2 - Path: Packages/com.unity.xr.arfoundation/Editor/ARFoundation/AROcclusionManagerEditor.cs - Importer: ScriptedImporter/UnityEditor.QuickSearchModule:UnityEditor.Search:ASIAI0B
Importing 'GUID: c9aba62b4aee3476786dfb1ce0bc00f2 - Path: Packages/com.unity.xr.arfoundation/Editor/ARFoundation/AROcclusionManagerEditor.cs - Importer: ScriptedImporter/UnityEditor.QuickSearchModule:UnityEditor.Search:ASIAI0B' with importer (ScriptedImporter : UnityEditor.QuickSearchModule:UnityEditor.Search:ASIAI0B)
Imported 'GUID: c9aba62b4aee3476786dfb1ce0bc00f2' -> (Import Result ID: '58ab343333d9933e10edfad7595145c9') in 0.002 seconds [static and dynamic dependencies]. Details - ImportResultOutputID=7d262341c235f4ab75af6946312d6446 DependenciesID=435ef592bcbc8351bc1fcf05e151e6b3 StaticDependenciesID=bef7687ed6d330539a38a7cbc60eeada 
Number of updated asset objects reloaded before import = 0
Number of asset objects unloaded after import = 0
========================================================================
Received Import Request.
  Time of request: 2026-09-01T06:04:46.922297Z
  Time since last request: 0.000522625 seconds.
  importAddress: GUID: 8ab692b01a46c49e78989b02132d9023 - Path: Packages/com.unity.xr.arkit/Tests/Editor/Unity.XR.ARKit.Editor.Tests.asmdef - Importer: ScriptedImporter/UnityEditor.QuickSearchModule:UnityEditor.Search:ASIAI0B
Importing 'GUID: 8ab692b01a46c49e78989b02132d9023 - Path: Packages/com.unity.xr.arkit/Tests/Editor/Unity.XR.ARKit.Editor.Tests.asmdef - Importer: ScriptedImporter/UnityEditor.QuickSearchModule:UnityEditor.Search:ASIAI0B' with importer (ScriptedImporter : UnityEditor.QuickSearchModule:UnityEditor.Search:ASIAI0B)
Imported 'GUID: 8ab692b01a46c49e78989b02132d9023' -> (Import Result ID: 'a93231127af9baecdcb6afea7cbc28df') in 0.003 seconds [static and dynamic dependencies]. Details - ImportResultOutputID=87ebbb0b2ae7d08d554be4e576a2b5f0 DependenciesID=43917001dcb0f6a8f51356db426558a2 StaticDependenciesID=dac66b474bfb3bdfb9a530c7ac52b6e1 
Number of updated asset objects reloaded before import = 0
Number of asset objects unloaded after import = 1
========================================================================
Received Import Request.
  Time of request: 2026-09-01T06:04:46.926263Z
  Time since last request: 0.000372542 seconds.
  importAddress: GUID: 77a580c22685a413bae27e82780d1ccf - Path: Packages/com.unity.xr.arkit/Runtime/Frameworks/Foundation/NSEnumerator.cs - Importer: ScriptedImporter/UnityEditor.QuickSearchModule:UnityEditor.Search:ASIAI0B
Importing 'GUID: 77a580c22685a413bae27e82780d1ccf - Path: Packages/com.unity.xr.arkit/Runtime/Frameworks/Foundation/NSEnumerator.cs - Importer: ScriptedImporter/UnityEditor.QuickSearchModule:UnityEditor.Search:ASIAI0B' with importer (ScriptedImporter : UnityEditor.QuickSearchModule:UnityEditor.Search:ASIAI0B)
Imported 'GUID: 77a580c22685a413bae27e82780d1ccf' -> (Import Result ID: '6d450a5ae7303f38fcb7ceb2712f0d69') in 0.001 seconds [static and dynamic dependencies]. Details - ImportResultOutputID=ab30b52b2e2c9c0180896cf4ed94b961 DependenciesID=362dfcaeda5086256bd2375650d2426e StaticDependenciesID=dcf977acd7e7df0cc8dbf8c1d5cd2d5a 
Number of updated asset objects reloaded before import = 0
Number of asset objects unloaded after import = 0
========================================================================
Received Import Request.
  Time of request: 2026-09-01T06:04:46.928187Z
  Time since last request: 0.000361833 seconds.
  importAddress: GUID: 1cdb22b8d7ceee34ca2eaf46eeb1976b - Path: Packages/com.unity.xr.arfoundation/Runtime/ARSubsystems/Input - Importer: ScriptedImporter/UnityEditor.QuickSearchModule:UnityEditor.Search:ASIAI0B
Importing 'GUID: 1cdb22b8d7ceee34ca2eaf46eeb1976b - Path: Packages/com.unity.xr.arfoundation/Runtime/ARSubsystems/Input - Importer: ScriptedImporter/UnityEditor.QuickSearchModule:UnityEditor.Search:ASIAI0B' with importer (ScriptedImporter : UnityEditor.QuickSearchModule:UnityEditor.Search:ASIAI0B)
Imported 'GUID: 1cdb22b8d7ceee34ca2eaf46eeb1976b' -> (Import Result ID: '6adb9993d2767352de9809f2d3ad20f8') in 0.001 seconds [static and dynamic dependencies]. Details - ImportResultOutputID=8caecdd66f48a59609be1cf06eee23ec DependenciesID=df33ef5ebcaa14a0bb0ef379cd986388 StaticDependenciesID=861be6057bb08ccec7c18893e6c2c389 
Number of updated asset objects reloaded before import = 0
Number of asset objects unloaded after import = 1
========================================================================
Received Import Request.
  Time of request: 2026-09-01T06:04:46.9298Z
  Time since last request: 0.000408584 seconds.
  importAddress: GUID: 9b8a823e4e6d94e08b5fb19b44eaa855 - Path: Packages/com.unity.xr.arkit/Runtime/Frameworks/ARKit/ARCollaborationDataPriority.cs - Importer: ScriptedImporter/UnityEditor.QuickSearchModule:UnityEditor.Search:ASIAI0B
Importing 'GUID: 9b8a823e4e6d94e08b5fb19b44eaa855 - Path: Packages/com.unity.xr.arkit/Runtime/Frameworks/ARKit/ARCollaborationDataPriority.cs - Importer: ScriptedImporter/UnityEditor.QuickSearchModule:UnityEditor.Search:ASIAI0B' with importer (ScriptedImporter : UnityEditor.QuickSearchModule:UnityEditor.Search:ASIAI0B)
Imported 'GUID: 9b8a823e4e6d94e08b5fb19b44eaa855' -> (Import Result ID: '6f0ea3a1b2a8f067116a4c9d7e9f3ff2') in 0.001 seconds [static and dynamic dependencies]. Details - ImportResultOutputID=7ed0c93da1affb5487171b7240155c43 DependenciesID=269d685a462ee7b36a3d2e3954942c30 StaticDependenciesID=2a9434d911553ebf0537d8058161007a 
Number of updated asset objects reloaded before import = 0
Number of asset objects unloaded after import = 0
========================================================================
Received Import Request.
  Time of request: 2026-09-01T06:04:46.931909Z
  Time since last request: 0.000776666 seconds.
  importAddress: GUID: 2cef72746adcf4c2da2ce53709772c74 - Path: Packages/com.unity.xr.arfoundation/Runtime/VisualScripting/Units/Events/EventUnits/Deprecated/FacesChangedEventUnit.deprecated.cs - Importer: ScriptedImporter/UnityEditor.QuickSearchModule:UnityEditor.Search:ASIAI0B
Importing 'GUID: 2cef72746adcf4c2da2ce53709772c74 - Path: Packages/com.unity.xr.arfoundation/Runtime/VisualScripting/Units/Events/EventUnits/Deprecated/FacesChangedEventUnit.deprecated.cs - Importer: ScriptedImporter/UnityEditor.QuickSearchModule:UnityEditor.Search:ASIAI0B' with importer (ScriptedImporter : UnityEditor.QuickSearchModule:UnityEditor.Search:ASIAI0B)
Imported 'GUID: 2cef72746adcf4c2da2ce53709772c74' -> (Import Result ID: '91eb21f191ebdd5a0a536a1bf614220f') in 0.001 seconds [static and dynamic dependencies]. Details - ImportResultOutputID=518104982a052eecf9217e0f0d538d65 DependenciesID=804847a5f06d6347250b5c9fdb380527 StaticDependenciesID=60a6d10a63efb3b9018c179409ec7403 
Number of updated asset objects reloaded before import = 0
Number of asset objects unloaded after import = 0
========================================================================
Received Import Request.
  Time of request: 2026-09-01T06:04:46.933793Z
  Time since last request: 0.000457542 seconds.
  importAddress: GUID: 7bc777e5b3333442482e92386d873548 - Path: Packages/com.unity.xr.arfoundation/Runtime/Simulation/Subsystems/Plane/PlaneVoxel.cs - Importer: ScriptedImporter/UnityEditor.QuickSearchModule:UnityEditor.Search:ASIAI0B
Importing 'GUID: 7bc777e5b3333442482e92386d873548 - Path: Packages/com.unity.xr.arfoundation/Runtime/Simulation/Subsystems/Plane/PlaneVoxel.cs - Importer: ScriptedImporter/UnityEditor.QuickSearchModule:UnityEditor.Search:ASIAI0B' with importer (ScriptedImporter : UnityEditor.QuickSearchModule:UnityEditor.Search:ASIAI0B)
Imported 'GUID: 7bc777e5b3333442482e92386d873548' -> (Import Result ID: '4712ab797438717d581358153f0cde41') in 0.001 seconds [static and dynamic dependencies]. Details - ImportResultOutputID=4b7fa9d26ac72cbe3b4546a3f7cca243 DependenciesID=9e51ab6ea552ef6f291455847c889dfc StaticDependenciesID=fe53859122fe605ba934d5e774268d65 
Number of updated asset objects reloaded before import = 0
Number of asset objects unloaded after import = 0
========================================================================
Received Import Request.
  Time of request: 2026-09-01T06:04:46.935917Z
  Time since last request: 0.000452792 seconds.
  importAddress: GUID: adca0934a0c49394d9937a75b8617d61 - Path: Packages/com.unity.xr.arfoundation/Runtime/Simulation/SimulationConstants.cs - Importer: ScriptedImporter/UnityEditor.QuickSearchModule:UnityEditor.Search:ASIAI0B
Importing 'GUID: adca0934a0c49394d9937a75b8617d61 - Path: Packages/com.unity.xr.arfoundation/Runtime/Simulation/SimulationConstants.cs - Importer: ScriptedImporter/UnityEditor.QuickSearchModule:UnityEditor.Search:ASIAI0B' with importer (ScriptedImporter : UnityEditor.QuickSearchModule:UnityEditor.Search:ASIAI0B)
Imported 'GUID: adca0934a0c49394d9937a75b8617d61' -> (Import Result ID: 'c531967b9f0fbae8dcc917702405a62e') in 0.001 seconds [static and dynamic dependencies]. Details - ImportResultOutputID=d5a1ca6e5952d9249a2e738429bdb5e4 DependenciesID=b732dace6898ff986f97e4983c195403 StaticDependenciesID=d811ecb8d1d75bd70136a4976ac4f418 
Number of updated asset objects reloaded before import = 0
Number of asset objects unloaded after import = 0
========================================================================
Received Import Request.
  Time of request: 2026-09-01T06:04:46.937882Z
  Time since last request: 0.000394334 seconds.
  importAddress: GUID: b8127697bc5a1f746ba144b876362d91 - Path: Packages/com.unity.xr.arfoundation/Editor/Simulation/XREnvironmentToolbarOverlay.cs - Importer: ScriptedImporter/UnityEditor.QuickSearchModule:UnityEditor.Search:ASIAI0B
Importing 'GUID: b8127697bc5a1f746ba144b876362d91 - Path: Packages/com.unity.xr.arfoundation/Editor/Simulation/XREnvironmentToolbarOverlay.cs - Importer: ScriptedImporter/UnityEditor.QuickSearchModule:UnityEditor.Search:ASIAI0B' with importer (ScriptedImporter : UnityEditor.QuickSearchModule:UnityEditor.Search:ASIAI0B)
Imported 'GUID: b8127697bc5a1f746ba144b876362d91' -> (Import Result ID: '2da3422cb31712936a567169ef6b1707') in 0.001 seconds [static and dynamic dependencies]. Details - ImportResultOutputID=1e01226cc55e4e2351067c676e9d5cb9 DependenciesID=aeca9a94135bf84762851233f4838bb2 StaticDependenciesID=b93986edbffbde0e0c3e21216739b762 
Number of updated asset objects reloaded before import = 0
Number of asset objects unloaded after import = 0
========================================================================
Received Import Request.
  Time of request: 2026-09-01T06:04:46.939777Z
  Time since last request: 0.000509166 seconds.
  importAddress: GUID: 735ab448bda81490bac50b756bc317a8 - Path: Packages/com.unity.xr.arfoundation/Assets/Textures/Gear@2x.png - Importer: ScriptedImporter/UnityEditor.QuickSearchModule:UnityEditor.Search:ASIAI0B
Importing 'GUID: 735ab448bda81490bac50b756bc317a8 - Path: Packages/com.unity.xr.arfoundation/Assets/Textures/Gear@2x.png - Importer: ScriptedImporter/UnityEditor.QuickSearchModule:UnityEditor.Search:ASIAI0B' with importer (ScriptedImporter : UnityEditor.QuickSearchModule:UnityEditor.Search:ASIAI0B)
Imported 'GUID: 735ab448bda81490bac50b756bc317a8' -> (Import Result ID: '457885a16929d9c3209dc927a72d54ab') in 0.008 seconds [static and dynamic dependencies]. Details - ImportResultOutputID=1f619572ef5309c56a792751c77dd949 DependenciesID=fd5f5575596d63752c9ab3fa750f1f56 StaticDependenciesID=b102f0a6563555d05fc0a0577b42bdc5 
Number of updated asset objects reloaded before import = 0
Number of asset objects unloaded after import = 3
========================================================================
Received Import Request.
  Time of request: 2026-09-01T06:04:46.948333Z
  Time since last request: 0.000381875 seconds.
  importAddress: GUID: 3c0962c9799dc4866b11df781bfce8b2 - Path: Packages/com.unity.xr.arfoundation/Editor/Simulation/EnvironmentProbeParamsPropertyDrawer.cs - Importer: ScriptedImporter/UnityEditor.QuickSearchModule:UnityEditor.Search:ASIAI0B
Importing 'GUID: 3c0962c9799dc4866b11df781bfce8b2 - Path: Packages/com.unity.xr.arfoundation/Editor/Simulation/EnvironmentProbeParamsPropertyDrawer.cs - Importer: ScriptedImporter/UnityEditor.QuickSearchModule:UnityEditor.Search:ASIAI0B' with importer (ScriptedImporter : UnityEditor.QuickSearchModule:UnityEditor.Search:ASIAI0B)
Imported 'GUID: 3c0962c9799dc4866b11df781bfce8b2' -> (Import Result ID: '7984bf8c53bc5bb7b1a9f19b62df55f8') in 0.001 seconds [static and dynamic dependencies]. Details - ImportResultOutputID=2ce185593709a6b63a91938318b00612 DependenciesID=3f1543ed0c1f3d2d0c43db9a836ce100 StaticDependenciesID=c0560290fb57a5d060456f23bd6662f1 
Number of updated asset objects reloaded before import = 0
Number of asset objects unloaded after import = 0
========================================================================
Received Import Request.
  Time of request: 2026-09-01T06:04:46.950335Z
  Time since last request: 0.000348833 seconds.
  importAddress: GUID: b9608c209a20a4f8c8aa5b99521017d2 - Path: Packages/com.unity.xr.arfoundation/Editor/Simulation/Analytics/AREditorAnalytics.cs - Importer: ScriptedImporter/UnityEditor.QuickSearchModule:UnityEditor.Search:ASIAI0B
Importing 'GUID: b9608c209a20a4f8c8aa5b99521017d2 - Path: Packages/com.unity.xr.arfoundation/Editor/Simulation/Analytics/AREditorAnalytics.cs - Importer: ScriptedImporter/UnityEditor.QuickSearchModule:UnityEditor.Search:ASIAI0B' with importer (ScriptedImporter : UnityEditor.QuickSearchModule:UnityEditor.Search:ASIAI0B)
Imported 'GUID: b9608c209a20a4f8c8aa5b99521017d2' -> (Import Result ID: '3dea128774d1099e1ee9738821015ac5') in 0.001 seconds [static and dynamic dependencies]. Details - ImportResultOutputID=f5cb525595c18fc158b2c1ad5a2c120e DependenciesID=d208300d9cac7a3b2595202a685495ce StaticDependenciesID=c04c29471d9e583544f729bebc2030f9 
Number of updated asset objects reloaded before import = 0
Number of asset objects unloaded after import = 0
========================================================================
Received Import Request.
  Time of request: 2026-09-01T06:04:46.952171Z
  Time since last request: 0.000373292 seconds.
  importAddress: GUID: 0278a7cea84b4ee2a00b9768118d7848 - Path: Packages/com.unity.xr.arfoundation/Runtime/Simulation/Subsystems/ISimulationSessionResetHandler.cs - Importer: ScriptedImporter/UnityEditor.QuickSearchModule:UnityEditor.Search:ASIAI0B
Importing 'GUID: 0278a7cea84b4ee2a00b9768118d7848 - Path: Packages/com.unity.xr.arfoundation/Runtime/Simulation/Subsystems/ISimulationSessionResetHandler.cs - Importer: ScriptedImporter/UnityEditor.QuickSearchModule:UnityEditor.Search:ASIAI0B' with importer (ScriptedImporter : UnityEditor.QuickSearchModule:UnityEditor.Search:ASIAI0B)
Imported 'GUID: 0278a7cea84b4ee2a00b9768118d7848' -> (Import Result ID: 'c0dd5e42058c46c43afed536b010d727') in 0.002 seconds [static and dynamic dependencies]. Details - ImportResultOutputID=7978b70bac2897665ab10ea59c7bea61 DependenciesID=59decf9b41ea08b14298248ab2969afc StaticDependenciesID=f59a69d14aa5f2a907e71590a0260d18 
Number of updated asset objects reloaded before import = 0
Number of asset objects unloaded after import = 0
========================================================================
Received Import Request.
  Time of request: 2026-09-01T06:04:46.954665Z
  Time since last request: 0.000328083 seconds.
  importAddress: GUID: 8a512234959c84f759a00b7053a0169b - Path: Packages/com.unity.mathematics/Tests - Importer: ScriptedImporter/UnityEditor.QuickSearchModule:UnityEditor.Search:ASIAI0B
Importing 'GUID: 8a512234959c84f759a00b7053a0169b - Path: Packages/com.unity.mathematics/Tests - Importer: ScriptedImporter/UnityEditor.QuickSearchModule:UnityEditor.Search:ASIAI0B' with importer (ScriptedImporter : UnityEditor.QuickSearchModule:UnityEditor.Search:ASIAI0B)
Imported 'GUID: 8a512234959c84f759a00b7053a0169b' -> (Import Result ID: 'afeabebf61df3bd6fe16b48d1052a8e9') in 0.001 seconds [static and dynamic dependencies]. Details - ImportResultOutputID=305f16d3604666b219dbc39e5b4ab9b9 DependenciesID=18325223e4a885e1d8efd5f7f1889a5c StaticDependenciesID=450b3061bba87dc2f4c3f17fd1f9672e 
Number of updated asset objects reloaded before import = 0
Number of asset objects unloaded after import = 1
========================================================================
Received Import Request.
  Time of request: 2026-09-01T06:04:46.957059Z
  Time since last request: 0.000605167 seconds.
  importAddress: GUID: 1f7d60d5005d54711ae9f45a3a393185 - Path: Packages/com.unity.xr.arkit/Runtime/Frameworks/Foundation/NSStringEncoding.cs - Importer: ScriptedImporter/UnityEditor.QuickSearchModule:UnityEditor.Search:ASIAI0B
Importing 'GUID: 1f7d60d5005d54711ae9f45a3a393185 - Path: Packages/com.unity.xr.arkit/Runtime/Frameworks/Foundation/NSStringEncoding.cs - Importer: ScriptedImporter/UnityEditor.QuickSearchModule:UnityEditor.Search:ASIAI0B' with importer (ScriptedImporter : UnityEditor.QuickSearchModule:UnityEditor.Search:ASIAI0B)
Imported 'GUID: 1f7d60d5005d54711ae9f45a3a393185' -> (Import Result ID: '7fe8801eea7a24eb3b14d9cd6ffbc727') in 0.001 seconds [static and dynamic dependencies]. Details - ImportResultOutputID=8c0b0e085ec504f3ad892dfc1ceacb8f DependenciesID=305dcc55fdee9c4726c5b6a2c8a76ae6 StaticDependenciesID=e5e1bf734770ccb1207e818764c71ea7 
Number of updated asset objects reloaded before import = 0
Number of asset objects unloaded after import = 0
========================================================================
Received Import Request.
  Time of request: 2026-09-01T06:04:46.95937Z
  Time since last request: 0.000637208 seconds.
  importAddress: GUID: 347b921b688a64eceb83167dc021ac23 - Path: Packages/com.unity.xr.arfoundation/Runtime/ARSubsystems/Planes/PlaneClassifications.cs - Importer: ScriptedImporter/UnityEditor.QuickSearchModule:UnityEditor.Search:ASIAI0B
Importing 'GUID: 347b921b688a64eceb83167dc021ac23 - Path: Packages/com.unity.xr.arfoundation/Runtime/ARSubsystems/Planes/PlaneClassifications.cs - Importer: ScriptedImporter/UnityEditor.QuickSearchModule:UnityEditor.Search:ASIAI0B' with importer (ScriptedImporter : UnityEditor.QuickSearchModule:UnityEditor.Search:ASIAI0B)
Imported 'GUID: 347b921b688a64eceb83167dc021ac23' -> (Import Result ID: 'fd256b4a948191f02544f0374ce95176') in 0.001 seconds [static and dynamic dependencies]. Details - ImportResultOutputID=61427e884a8bf54ea1112838543823ef DependenciesID=fef2ab3f27bc21e82972a0a41fbc2790 StaticDependenciesID=c26588b9e761247761c7b15bbae77366 
Number of updated asset objects reloaded before import = 0
Number of asset objects unloaded after import = 0
========================================================================
Received Import Request.
  Time of request: 2026-09-01T06:04:46.961054Z
  Time since last request: 0.000298292 seconds.
  importAddress: GUID: 6eb6dad3a10d34f428dc7939ecab6d53 - Path: Packages/com.unity.xr.arfoundation/Editor/VisualScripting - Importer: ScriptedImporter/UnityEditor.QuickSearchModule:UnityEditor.Search:ASIAI0B
Importing 'GUID: 6eb6dad3a10d34f428dc7939ecab6d53 - Path: Packages/com.unity.xr.arfoundation/Editor/VisualScripting - Importer: ScriptedImporter/UnityEditor.QuickSearchModule:UnityEditor.Search:ASIAI0B' with importer (ScriptedImporter : UnityEditor.QuickSearchModule:UnityEditor.Search:ASIAI0B)
Imported 'GUID: 6eb6dad3a10d34f428dc7939ecab6d53' -> (Import Result ID: '050b98eebea4d7883a2f66817424b33c') in 0.001 seconds [static and dynamic dependencies]. Details - ImportResultOutputID=e6574d0eae66a77bfa14dc4907b05c4c DependenciesID=35bc17992dccddbeea2b9662044316de StaticDependenciesID=b10a7e2d035cb1905cbe1cd6b1986c09 
Number of updated asset objects reloaded before import = 0
Number of asset objects unloaded after import = 1
========================================================================
Received Import Request.
  Time of request: 2026-09-01T06:04:46.962592Z
  Time since last request: 0.000292875 seconds.
  importAddress: GUID: 5c8d4a86cd0a24d8d866bd949b72c646 - Path: Packages/com.unity.xr.arfoundation/Runtime/VisualScripting/Units/Events/EventUnits/CameraFrameReceivedEventUnit.cs - Importer: ScriptedImporter/UnityEditor.QuickSearchModule:UnityEditor.Search:ASIAI0B
Importing 'GUID: 5c8d4a86cd0a24d8d866bd949b72c646 - Path: Packages/com.unity.xr.arfoundation/Runtime/VisualScripting/Units/Events/EventUnits/CameraFrameReceivedEventUnit.cs - Importer: ScriptedImporter/UnityEditor.QuickSearchModule:UnityEditor.Search:ASIAI0B' with importer (ScriptedImporter : UnityEditor.QuickSearchModule:UnityEditor.Search:ASIAI0B)
Imported 'GUID: 5c8d4a86cd0a24d8d866bd949b72c646' -> (Import Result ID: 'e239fbb9d835d43490948c33fe884f32') in 0.001 seconds [static and dynamic dependencies]. Details - ImportResultOutputID=fa178e2b032a1eaf7876ac3bbc6e5cd5 DependenciesID=8f52c1472900f0ce500ef7907fc424a7 StaticDependenciesID=0069974fb86643edb7f760e1f5c35fb1 
Number of updated asset objects reloaded before import = 0
Number of asset objects unloaded after import = 0
========================================================================
Received Import Request.
  Time of request: 2026-09-01T06:04:46.964997Z
  Time since last request: 0.00065675 seconds.
  importAddress: GUID: 7f3fc6616b71a4f29a6f0a7d9e38d9c7 - Path: Packages/com.unity.xr.arfoundation/Editor/VisualScripting/GetRaycastsUnitDescriptor.cs - Importer: ScriptedImporter/UnityEditor.QuickSearchModule:UnityEditor.Search:ASIAI0B
Importing 'GUID: 7f3fc6616b71a4f29a6f0a7d9e38d9c7 - Path: Packages/com.unity.xr.arfoundation/Editor/VisualScripting/GetRaycastsUnitDescriptor.cs - Importer: ScriptedImporter/UnityEditor.QuickSearchModule:UnityEditor.Search:ASIAI0B' with importer (ScriptedImporter : UnityEditor.QuickSearchModule:UnityEditor.Search:ASIAI0B)
Imported 'GUID: 7f3fc6616b71a4f29a6f0a7d9e38d9c7' -> (Import Result ID: 'ce6d5746cade6e8752eaf8423bde07ba') in 0.001 seconds [static and dynamic dependencies]. Details - ImportResultOutputID=e251447a48a2b2644ea042a5cadfd1b7 DependenciesID=8f2b7b74a28337df3df5ec75a4f478d3 StaticDependenciesID=59e049638d7807c01d39173ada33c3ae 
Number of updated asset objects reloaded before import = 0
Number of asset objects unloaded after import = 0
========================================================================
Received Import Request.
  Time of request: 2026-09-01T06:04:46.967099Z
  Time since last request: 0.000345708 seconds.
  importAddress: GUID: e63a1a8c41a734581823094a33417369 - Path: Packages/com.unity.xr.arkit/Runtime/Frameworks/Foundation/NSString.cs - Importer: ScriptedImporter/UnityEditor.QuickSearchModule:UnityEditor.Search:ASIAI0B
Importing 'GUID: e63a1a8c41a734581823094a33417369 - Path: Packages/com.unity.xr.arkit/Runtime/Frameworks/Foundation/NSString.cs - Importer: ScriptedImporter/UnityEditor.QuickSearchModule:UnityEditor.Search:ASIAI0B' with importer (ScriptedImporter : UnityEditor.QuickSearchModule:UnityEditor.Search:ASIAI0B)
Imported 'GUID: e63a1a8c41a734581823094a33417369' -> (Import Result ID: '6daaf9e9c273c969d34ad0d6098f9142') in 0.001 seconds [static and dynamic dependencies]. Details - ImportResultOutputID=0571b5a09bf55d7fbf73433916929d05 DependenciesID=0ce460bb07265b8913fc654eb0cbaa08 StaticDependenciesID=a01992942d4d17d52047c1ba7307e8cb 
Number of updated asset objects reloaded before import = 0
Number of asset objects unloaded after import = 0
========================================================================
Received Import Request.
  Time of request: 2026-09-01T06:04:46.968804Z
  Time since last request: 0.0003445 seconds.
  importAddress: GUID: 950042044eb8b45cfb957653439b0be7 - Path: Packages/com.unity.xr.arfoundation/Assets/Materials/SimulationLitGray.mat - Importer: ScriptedImporter/UnityEditor.QuickSearchModule:UnityEditor.Search:ASIAI0B
Importing 'GUID: 950042044eb8b45cfb957653439b0be7 - Path: Packages/com.unity.xr.arfoundation/Assets/Materials/SimulationLitGray.mat - Importer: ScriptedImporter/UnityEditor.QuickSearchModule:UnityEditor.Search:ASIAI0B' with importer (ScriptedImporter : UnityEditor.QuickSearchModule:UnityEditor.Search:ASIAI0B)
Imported 'GUID: 950042044eb8b45cfb957653439b0be7' -> (Import Result ID: '8f1f58f8848f2a4dc6f8b976c7a60a8c') in 0.003 seconds [static and dynamic dependencies]. Details - ImportResultOutputID=a0e965d74547df939bf0e9c351d5c9e5 DependenciesID=d63518b17a62b5c2c65f840f910a1c85 StaticDependenciesID=3a4339af08817b346747d0f9f41cff23 
Number of updated asset objects reloaded before import = 0
Number of asset objects unloaded after import = 2
========================================================================
Received Import Request.
  Time of request: 2026-09-01T06:04:46.972778Z
  Time since last request: 0.000490167 seconds.
  importAddress: GUID: db365322c56084dd7b6acc2cc8b331f6 - Path: Packages/com.unity.xr.arfoundation/Runtime/ARFoundation/Objects - Importer: ScriptedImporter/UnityEditor.QuickSearchModule:UnityEditor.Search:ASIAI0B
Importing 'GUID: db365322c56084dd7b6acc2cc8b331f6 - Path: Packages/com.unity.xr.arfoundation/Runtime/ARFoundation/Objects - Importer: ScriptedImporter/UnityEditor.QuickSearchModule:UnityEditor.Search:ASIAI0B' with importer (ScriptedImporter : UnityEditor.QuickSearchModule:UnityEditor.Search:ASIAI0B)
Imported 'GUID: db365322c56084dd7b6acc2cc8b331f6' -> (Import Result ID: 'f5c32c8f6dc84310851fa7bb6128ca3f') in 0.002 seconds [static and dynamic dependencies]. Details - ImportResultOutputID=dfd0164ae01ce5d07d17ffc0f19b16e7 DependenciesID=f43ca9d2e59d28c80579697b531f68dd StaticDependenciesID=c7add4ef7b72f5c1d7b6887bff79e727 
Number of updated asset objects reloaded before import = 0
Number of asset objects unloaded after import = 1
========================================================================
Received Import Request.
  Time of request: 2026-09-01T06:04:46.975493Z
  Time since last request: 0.000473208 seconds.
  importAddress: GUID: 1ff7e79fd64f7469a96dff1e97f179a9 - Path: Packages/com.unity.xr.arfoundation/Assets/Materials/FeaturePointMat.mat - Importer: ScriptedImporter/UnityEditor.QuickSearchModule:UnityEditor.Search:ASIAI0B
Importing 'GUID: 1ff7e79fd64f7469a96dff1e97f179a9 - Path: Packages/com.unity.xr.arfoundation/Assets/Materials/FeaturePointMat.mat - Importer: ScriptedImporter/UnityEditor.QuickSearchModule:UnityEditor.Search:ASIAI0B' with importer (ScriptedImporter : UnityEditor.QuickSearchModule:UnityEditor.Search:ASIAI0B)
Imported 'GUID: 1ff7e79fd64f7469a96dff1e97f179a9' -> (Import Result ID: '2a91e108b3e10dc985b631d7f9f89f5b') in 0.003 seconds [static and dynamic dependencies]. Details - ImportResultOutputID=ec4bce22b006be7ece1466da9822b74e DependenciesID=cf8cfeadf46b28c3814a78cb39255fe4 StaticDependenciesID=68ba52f5d268595760ae1f60d76a4d55 
Number of updated asset objects reloaded before import = 0
Number of asset objects unloaded after import = 2
========================================================================
Received Import Request.
  Time of request: 2026-09-01T06:04:46.978899Z
  Time since last request: 0.000388167 seconds.
  importAddress: GUID: 5bb79ccef52fc424b9a0fdc6412fca8c - Path: Packages/com.unity.xr.arfoundation/Assets/Shaders/SimulationSyntheticLit.shader - Importer: ScriptedImporter/UnityEditor.QuickSearchModule:UnityEditor.Search:ASIAI0B
Importing 'GUID: 5bb79ccef52fc424b9a0fdc6412fca8c - Path: Packages/com.unity.xr.arfoundation/Assets/Shaders/SimulationSyntheticLit.shader - Importer: ScriptedImporter/UnityEditor.QuickSearchModule:UnityEditor.Search:ASIAI0B' with importer (ScriptedImporter : UnityEditor.QuickSearchModule:UnityEditor.Search:ASIAI0B)
Imported 'GUID: 5bb79ccef52fc424b9a0fdc6412fca8c' -> (Import Result ID: 'fd01eeb3f551532086f08fbb06c2fdbf') in 0.005 seconds [static and dynamic dependencies]. Details - ImportResultOutputID=c0aa94a4bd648f1c38b84341f3a565bb DependenciesID=030c261a9358b1055ffe1469173c58dd StaticDependenciesID=b2bf5c14317efba69668d4aa4743f400 
Number of updated asset objects reloaded before import = 0
Number of asset objects unloaded after import = 2
========================================================================
Received Import Request.
  Time of request: 2026-09-01T06:04:46.985018Z
  Time since last request: 0.000589875 seconds.
  importAddress: GUID: ecaa53a930f98bb44872ac2989fabc18 - Path: Packages/com.unity.xr.arfoundation/Editor/Icons/d_NoViewEnvironment.png - Importer: ScriptedImporter/UnityEditor.QuickSearchModule:UnityEditor.Search:ASIAI0B
Importing 'GUID: ecaa53a930f98bb44872ac2989fabc18 - Path: Packages/com.unity.xr.arfoundation/Editor/Icons/d_NoViewEnvironment.png - Importer: ScriptedImporter/UnityEditor.QuickSearchModule:UnityEditor.Search:ASIAI0B' with importer (ScriptedImporter : UnityEditor.QuickSearchModule:UnityEditor.Search:ASIAI0B)
Imported 'GUID: ecaa53a930f98bb44872ac2989fabc18' -> (Import Result ID: '6f32313cd95ad5034636ed0aa47f1fbb') in 0.004 seconds [static and dynamic dependencies]. Details - ImportResultOutputID=68307794918781cc69612d5f4a07302c DependenciesID=24e7da5d2c33957a76006aa232415017 StaticDependenciesID=efe0a80d34241cbb81b53694604a5cdb 
Number of updated asset objects reloaded before import = 0
Number of asset objects unloaded after import = 1
========================================================================
Received Import Request.
  Time of request: 2026-09-01T06:04:46.989793Z
  Time since last request: 0.000456416 seconds.
  importAddress: GUID: fefc6742a83d14e0fa0e566721f132c0 - Path: Packages/com.unity.xr.arfoundation/Tests/Runtime/CodeSamples/ARTrackedImageManagerSamples.cs - Importer: ScriptedImporter/UnityEditor.QuickSearchModule:UnityEditor.Search:ASIAI0B
Importing 'GUID: fefc6742a83d14e0fa0e566721f132c0 - Path: Packages/com.unity.xr.arfoundation/Tests/Runtime/CodeSamples/ARTrackedImageManagerSamples.cs - Importer: ScriptedImporter/UnityEditor.QuickSearchModule:UnityEditor.Search:ASIAI0B' with importer (ScriptedImporter : UnityEditor.QuickSearchModule:UnityEditor.Search:ASIAI0B)
Imported 'GUID: fefc6742a83d14e0fa0e566721f132c0' -> (Import Result ID: 'cb8f37510b0bcdb21363855efa059672') in 0.002 seconds [static and dynamic dependencies]. Details - ImportResultOutputID=f580b663c9d4bf1ef0fa7f5c36ebb499 DependenciesID=bdd2d072c06c7e19ea2b23920df42ca8 StaticDependenciesID=e8792e09ff3a0a70e891d41bfcb42000 
Number of updated asset objects reloaded before import = 0
Number of asset objects unloaded after import = 0
========================================================================
Received Import Request.
  Time of request: 2026-09-01T06:04:46.992703Z
  Time since last request: 0.000367417 seconds.
  importAddress: GUID: 286108a95f30b401bb0555389fcef8aa - Path: Packages/com.unity.xr.arfoundation/Runtime/VisualScripting/Units/Events/EventUnits - Importer: ScriptedImporter/UnityEditor.QuickSearchModule:UnityEditor.Search:ASIAI0B
Importing 'GUID: 286108a95f30b401bb0555389fcef8aa - Path: Packages/com.unity.xr.arfoundation/Runtime/VisualScripting/Units/Events/EventUnits - Importer: ScriptedImporter/UnityEditor.QuickSearchModule:UnityEditor.Search:ASIAI0B' with importer (ScriptedImporter : UnityEditor.QuickSearchModule:UnityEditor.Search:ASIAI0B)
Imported 'GUID: 286108a95f30b401bb0555389fcef8aa' -> (Import Result ID: 'b8ed8c3aa098820210d8f9131223f19d') in 0.001 seconds [static and dynamic dependencies]. Details - ImportResultOutputID=b75c76009e2149c5fde4d666d7efe470 DependenciesID=b7abcb8c755229762463e9e6708e0999 StaticDependenciesID=13ac01b56eae3784a8d4920891c73eb5 
Number of updated asset objects reloaded before import = 0
Number of asset objects unloaded after import = 1
========================================================================
Received Import Request.
  Time of request: 2026-09-01T06:04:46.994601Z
  Time since last request: 0.000328709 seconds.
  importAddress: GUID: 60c46c2b2958c4c97bc32b601aa82b4e - Path: Packages/com.unity.xr.arkit/Editor/XcodeAssetCatalog.cs - Importer: ScriptedImporter/UnityEditor.QuickSearchModule:UnityEditor.Search:ASIAI0B
Importing 'GUID: 60c46c2b2958c4c97bc32b601aa82b4e - Path: Packages/com.unity.xr.arkit/Editor/XcodeAssetCatalog.cs - Importer: ScriptedImporter/UnityEditor.QuickSearchModule:UnityEditor.Search:ASIAI0B' with importer (ScriptedImporter : UnityEditor.QuickSearchModule:UnityEditor.Search:ASIAI0B)
Imported 'GUID: 60c46c2b2958c4c97bc32b601aa82b4e' -> (Import Result ID: '06b215fa1cdbf0628fc9ef1a9a2622b8') in 0.001 seconds [static and dynamic dependencies]. Details - ImportResultOutputID=4c3de598b82755f0d6825161f7e46ec6 DependenciesID=47139a173fc8983d776de0ec9458e54d StaticDependenciesID=6508f104da12ff023741c5bd4fddfad8 
Number of updated asset objects reloaded before import = 0
Number of asset objects unloaded after import = 0
========================================================================
Received Import Request.
  Time of request: 2026-09-01T06:04:46.996624Z
  Time since last request: 0.000370125 seconds.
  importAddress: GUID: 25b1b44544824591a184434de65bbd3c - Path: Packages/com.unity.xr.arfoundation/Runtime/ARFoundation/Common/Textures/IUpdatableTexture.cs - Importer: ScriptedImporter/UnityEditor.QuickSearchModule:UnityEditor.Search:ASIAI0B
Importing 'GUID: 25b1b44544824591a184434de65bbd3c - Path: Packages/com.unity.xr.arfoundation/Runtime/ARFoundation/Common/Textures/IUpdatableTexture.cs - Importer: ScriptedImporter/UnityEditor.QuickSearchModule:UnityEditor.Search:ASIAI0B' with importer (ScriptedImporter : UnityEditor.QuickSearchModule:UnityEditor.Search:ASIAI0B)
Imported 'GUID: 25b1b44544824591a184434de65bbd3c' -> (Import Result ID: '875794f337b76f90a603b2c60877393e') in 0.002 seconds [static and dynamic dependencies]. Details - ImportResultOutputID=e3543a436b5f4bfee8b9f1cd89ec2561 DependenciesID=e5a49ab354ccbb714a5b53ca9ffe6fee StaticDependenciesID=7977e7bd2035d9e728c434f882e4dfb7 
Number of updated asset objects reloaded before import = 0
Number of asset objects unloaded after import = 0
========================================================================
Received Import Request.
  Time of request: 2026-09-01T06:04:46.998925Z
  Time since last request: 0.000376292 seconds.
  importAddress: GUID: 0508574958194d07ad241a5074b55fe4 - Path: Packages/com.unity.xr.arfoundation/Runtime/VisualScripting/Units/Events/EventUnits/ARHumanBodiesChangedEventUnit.cs - Importer: ScriptedImporter/UnityEditor.QuickSearchModule:UnityEditor.Search:ASIAI0B
Importing 'GUID: 0508574958194d07ad241a5074b55fe4 - Path: Packages/com.unity.xr.arfoundation/Runtime/VisualScripting/Units/Events/EventUnits/ARHumanBodiesChangedEventUnit.cs - Importer: ScriptedImporter/UnityEditor.QuickSearchModule:UnityEditor.Search:ASIAI0B' with importer (ScriptedImporter : UnityEditor.QuickSearchModule:UnityEditor.Search:ASIAI0B)
Imported 'GUID: 0508574958194d07ad241a5074b55fe4' -> (Import Result ID: '9ecf137d032967eb57485b587c2ed526') in 0.001 seconds [static and dynamic dependencies]. Details - ImportResultOutputID=720f58637de5696536cee563669ece53 DependenciesID=c387b7eecd94ea25f5758465ae24ec6c StaticDependenciesID=bbba6d8d73371193b23c1e0f8cb03f28 
Number of updated asset objects reloaded before import = 0
Number of asset objects unloaded after import = 0
========================================================================
Received Import Request.
  Time of request: 2026-09-01T06:04:47.001596Z
  Time since last request: 0.000789917 seconds.
  importAddress: GUID: 790b8f63850834d56afcba83a89c105a - Path: Packages/com.unity.xr.arfoundation/Editor/Simulation/ProjectValidation/SimulationValidationRules.cs - Importer: ScriptedImporter/UnityEditor.QuickSearchModule:UnityEditor.Search:ASIAI0B
Importing 'GUID: 790b8f63850834d56afcba83a89c105a - Path: Packages/com.unity.xr.arfoundation/Editor/Simulation/ProjectValidation/SimulationValidationRules.cs - Importer: ScriptedImporter/UnityEditor.QuickSearchModule:UnityEditor.Search:ASIAI0B' with importer (ScriptedImporter : UnityEditor.QuickSearchModule:UnityEditor.Search:ASIAI0B)
Imported 'GUID: 790b8f63850834d56afcba83a89c105a' -> (Import Result ID: 'b5cb3895bf6ce2346e64d6f4a20d26f2') in 0.001 seconds [static and dynamic dependencies]. Details - ImportResultOutputID=1b3ae31de763ef3c3976df8861ecd92e DependenciesID=57e5a306fb556189fa9de6e6c39fea24 StaticDependenciesID=9b531c66fe5dcb51129fdce84da77268 
Number of updated asset objects reloaded before import = 0
Number of asset objects unloaded after import = 0
========================================================================
Received Import Request.
  Time of request: 2026-09-01T06:04:47.004045Z
  Time since last request: 0.000472208 seconds.
  importAddress: GUID: 9d3db31bbb5403849881c1de3f2f5d59 - Path: Packages/com.unity.xr.arfoundation/Runtime/ARFoundation/Images/ARTrackedImage.cs - Importer: ScriptedImporter/UnityEditor.QuickSearchModule:UnityEditor.Search:ASIAI0B
Importing 'GUID: 9d3db31bbb5403849881c1de3f2f5d59 - Path: Packages/com.unity.xr.arfoundation/Runtime/ARFoundation/Images/ARTrackedImage.cs - Importer: ScriptedImporter/UnityEditor.QuickSearchModule:UnityEditor.Search:ASIAI0B' with importer (ScriptedImporter : UnityEditor.QuickSearchModule:UnityEditor.Search:ASIAI0B)
Imported 'GUID: 9d3db31bbb5403849881c1de3f2f5d59' -> (Import Result ID: 'f4a87420ec16977002b72d12e94b7644') in 0.001 seconds [static and dynamic dependencies]. Details - ImportResultOutputID=318dd4255ce047da8687e7be0b2c08a6 DependenciesID=9e5d6c7eaef26967e09e4d78fc2b7b94 StaticDependenciesID=a47ff49a8ba51b1b4338b4c8842429f8 
Number of updated asset objects reloaded before import = 0
Number of asset objects unloaded after import = 1
========================================================================
Received Import Request.
  Time of request: 2026-09-01T06:04:47.006326Z
  Time since last request: 0.000419708 seconds.
  importAddress: GUID: cf175f1725ba94a63898a4a8c0c187e0 - Path: Packages/com.unity.xr.arkit/Runtime/ARKitMeshSubsystemExtensions.cs - Importer: ScriptedImporter/UnityEditor.QuickSearchModule:UnityEditor.Search:ASIAI0B
Importing 'GUID: cf175f1725ba94a63898a4a8c0c187e0 - Path: Packages/com.unity.xr.arkit/Runtime/ARKitMeshSubsystemExtensions.cs - Importer: ScriptedImporter/UnityEditor.QuickSearchModule:UnityEditor.Search:ASIAI0B' with importer (ScriptedImporter : UnityEditor.QuickSearchModule:UnityEditor.Search:ASIAI0B)
Imported 'GUID: cf175f1725ba94a63898a4a8c0c187e0' -> (Import Result ID: 'cd0b607820b205a9a3113f36da054e89') in 0.001 seconds [static and dynamic dependencies]. Details - ImportResultOutputID=a87e5449223b580e48e85ddc91f6044d DependenciesID=6557a460318884f64667743c3413da5d StaticDependenciesID=6f9c9a5f7b9454d434090f5386270f0c 
Number of updated asset objects reloaded before import = 0
Number of asset objects unloaded after import = 0
========================================================================
Received Import Request.
  Time of request: 2026-09-01T06:04:47.008478Z
  Time since last request: 0.000649208 seconds.
  importAddress: GUID: 999a41e6c0c15455cbc9ea898cb83153 - Path: Packages/com.unity.xr.arkit/Editor/ARKitPackageMetadata.cs - Importer: ScriptedImporter/UnityEditor.QuickSearchModule:UnityEditor.Search:ASIAI0B
Importing 'GUID: 999a41e6c0c15455cbc9ea898cb83153 - Path: Packages/com.unity.xr.arkit/Editor/ARKitPackageMetadata.cs - Importer: ScriptedImporter/UnityEditor.QuickSearchModule:UnityEditor.Search:ASIAI0B' with importer (ScriptedImporter : UnityEditor.QuickSearchModule:UnityEditor.Search:ASIAI0B)
Imported 'GUID: 999a41e6c0c15455cbc9ea898cb83153' -> (Import Result ID: 'd8924ce505cd2ecdf2043a5ff379a941') in 0.001 seconds [static and dynamic dependencies]. Details - ImportResultOutputID=c59e7f8c7ff77df743fe680b67a96f9e DependenciesID=4f5589e009fd58eb4e526b51a68b0cd6 StaticDependenciesID=1acde5fcc434820a2a639a955c4c6e27 
Number of updated asset objects reloaded before import = 0
Number of asset objects unloaded after import = 0
========================================================================
Received Import Request.
  Time of request: 2026-09-01T06:04:47.010337Z
  Time since last request: 0.000415875 seconds.
  importAddress: GUID: 89183701efb84489da4667b464ae9ce2 - Path: Packages/com.unity.xr.arfoundation/Editor/ARSubsystems/XRReferenceImageLibraryEditor.cs - Importer: ScriptedImporter/UnityEditor.QuickSearchModule:UnityEditor.Search:ASIAI0B
Importing 'GUID: 89183701efb84489da4667b464ae9ce2 - Path: Packages/com.unity.xr.arfoundation/Editor/ARSubsystems/XRReferenceImageLibraryEditor.cs - Importer: ScriptedImporter/UnityEditor.QuickSearchModule:UnityEditor.Search:ASIAI0B' with importer (ScriptedImporter : UnityEditor.QuickSearchModule:UnityEditor.Search:ASIAI0B)
Imported 'GUID: 89183701efb84489da4667b464ae9ce2' -> (Import Result ID: '2fc41a6d6b097085c51205364432bbc4') in 0.002 seconds [static and dynamic dependencies]. Details - ImportResultOutputID=d5fe7116f90a231ea8e5ba6cb4bfd749 DependenciesID=8abbe5032bcfb253a27ab434874c3b4a StaticDependenciesID=02e3d6e816107f2c5baff4dfcc071ef2 
Number of updated asset objects reloaded before import = 0
Number of asset objects unloaded after import = 0
========================================================================
Received Import Request.
  Time of request: 2026-09-01T06:04:47.01308Z
  Time since last request: 0.000363208 seconds.
  importAddress: GUID: 4a24be5f08c7043598d9640be92ff978 - Path: Packages/com.unity.xr.arfoundation/Runtime/Simulation/Subsystems/Plane/PlaneFindingParams.cs - Importer: ScriptedImporter/UnityEditor.QuickSearchModule:UnityEditor.Search:ASIAI0B
Importing 'GUID: 4a24be5f08c7043598d9640be92ff978 - Path: Packages/com.unity.xr.arfoundation/Runtime/Simulation/Subsystems/Plane/PlaneFindingParams.cs - Importer: ScriptedImporter/UnityEditor.QuickSearchModule:UnityEditor.Search:ASIAI0B' with importer (ScriptedImporter : UnityEditor.QuickSearchModule:UnityEditor.Search:ASIAI0B)
Imported 'GUID: 4a24be5f08c7043598d9640be92ff978' -> (Import Result ID: '56b0b48dc903b7172864c1e193f4e1d6') in 0.002 seconds [static and dynamic dependencies]. Details - ImportResultOutputID=c4ee71fad720cb3573f56b131495e070 DependenciesID=b33579fa3cff3ba3ce133a3581065a15 StaticDependenciesID=cca344ecc960c9d9ad4fb36e17a4579f 
Number of updated asset objects reloaded before import = 0
Number of asset objects unloaded after import = 0
========================================================================
Received Import Request.
  Time of request: 2026-09-01T06:04:47.015595Z
  Time since last request: 0.000472083 seconds.
  importAddress: GUID: 524976ce97844c598e25e14dce5d3067 - Path: Packages/com.unity.xr.arkit/LICENSE.md - Importer: ScriptedImporter/UnityEditor.QuickSearchModule:UnityEditor.Search:ASIAI0B
Importing 'GUID: 524976ce97844c598e25e14dce5d3067 - Path: Packages/com.unity.xr.arkit/LICENSE.md - Importer: ScriptedImporter/UnityEditor.QuickSearchModule:UnityEditor.Search:ASIAI0B' with importer (ScriptedImporter : UnityEditor.QuickSearchModule:UnityEditor.Search:ASIAI0B)
Imported 'GUID: 524976ce97844c598e25e14dce5d3067' -> (Import Result ID: '08a756751375677f3077a510e76e2026') in 0.002 seconds [static and dynamic dependencies]. Details - ImportResultOutputID=e98b36813b998044b5e0961e711aca40 DependenciesID=433eebe80bca2806807bcf806a4a5a9e StaticDependenciesID=3301743eae3e6e176691780a14cb3113 
Number of updated asset objects reloaded before import = 0
Number of asset objects unloaded after import = 1
========================================================================
Received Import Request.
  Time of request: 2026-09-01T06:04:47.018124Z
  Time since last request: 0.0004705 seconds.
  importAddress: GUID: 131c4f47312954998bd2a03e22b74113 - Path: Packages/com.unity.xr.arfoundation/Tests/Runtime/ARFoundation/PointCloudSubsystem - Importer: ScriptedImporter/UnityEditor.QuickSearchModule:UnityEditor.Search:ASIAI0B
Importing 'GUID: 131c4f47312954998bd2a03e22b74113 - Path: Packages/com.unity.xr.arfoundation/Tests/Runtime/ARFoundation/PointCloudSubsystem - Importer: ScriptedImporter/UnityEditor.QuickSearchModule:UnityEditor.Search:ASIAI0B' with importer (ScriptedImporter : UnityEditor.QuickSearchModule:UnityEditor.Search:ASIAI0B)
Imported 'GUID: 131c4f47312954998bd2a03e22b74113' -> (Import Result ID: 'f3f8214690341ac138bdcbe22c3259d4') in 0.001 seconds [static and dynamic dependencies]. Details - ImportResultOutputID=bcb9acec162d4916840b946d94eeb5a7 DependenciesID=2408a0c2d6ad5b68940fed576ce83306 StaticDependenciesID=f8f6b2c5247254ecc40e4ee42f3b5d8b 
Number of updated asset objects reloaded before import = 0
Number of asset objects unloaded after import = 1
========================================================================
Received Import Request.
  Time of request: 2026-09-01T06:04:47.020127Z
  Time since last request: 0.000364959 seconds.
  importAddress: GUID: 807ec905f0cff4b3ea39a5044119c195 - Path: Packages/com.unity.xr.arfoundation/Tests/Editor/XRTestTooling/AssemblyInfo.cs - Importer: ScriptedImporter/UnityEditor.QuickSearchModule:UnityEditor.Search:ASIAI0B
Importing 'GUID: 807ec905f0cff4b3ea39a5044119c195 - Path: Packages/com.unity.xr.arfoundation/Tests/Editor/XRTestTooling/AssemblyInfo.cs - Importer: ScriptedImporter/UnityEditor.QuickSearchModule:UnityEditor.Search:ASIAI0B' with importer (ScriptedImporter : UnityEditor.QuickSearchModule:UnityEditor.Search:ASIAI0B)
Imported 'GUID: 807ec905f0cff4b3ea39a5044119c195' -> (Import Result ID: '3036a250eabde44706889c083120c4c3') in 0.001 seconds [static and dynamic dependencies]. Details - ImportResultOutputID=970d155cb9b79a629dbb66a18ec82ea8 DependenciesID=3dae41dc056e52a972818d5f2bc5db3e StaticDependenciesID=a7c8093dce795cdd0c340abda9fbb796 
Number of updated asset objects reloaded before import = 0
Number of asset objects unloaded after import = 0
========================================================================
Received Import Request.
  Time of request: 2026-09-01T06:04:47.021798Z
  Time since last request: 0.000344583 seconds.
  importAddress: GUID: f674d8841b5c74e4791c6f1c90888637 - Path: Packages/com.unity.xr.arfoundation/Editor/ARFoundation/ARSceneValidator.cs - Importer: ScriptedImporter/UnityEditor.QuickSearchModule:UnityEditor.Search:ASIAI0B
Importing 'GUID: f674d8841b5c74e4791c6f1c90888637 - Path: Packages/com.unity.xr.arfoundation/Editor/ARFoundation/ARSceneValidator.cs - Importer: ScriptedImporter/UnityEditor.QuickSearchModule:UnityEditor.Search:ASIAI0B' with importer (ScriptedImporter : UnityEditor.QuickSearchModule:UnityEditor.Search:ASIAI0B)
Imported 'GUID: f674d8841b5c74e4791c6f1c90888637' -> (Import Result ID: '65f613397549421f1e32312365ac2f33') in 0.002 seconds [static and dynamic dependencies]. Details - ImportResultOutputID=84d976eb02e26fe743df750c23e9695b DependenciesID=7850271eb37f0400de1af2db58d2703b StaticDependenciesID=b5354e1ef13f3783edbb5b4a25272c3f 
Number of updated asset objects reloaded before import = 0
Number of asset objects unloaded after import = 0
========================================================================
Received Import Request.
  Time of request: 2026-09-01T06:04:47.024555Z
  Time since last request: 0.000633209 seconds.
  importAddress: GUID: 9221cd441c9f4e7b84fb4afc006ac05f - Path: Packages/com.unity.xr.arfoundation/Runtime/ARFoundation/Occlusion/AROcclusionSources.cs - Importer: ScriptedImporter/UnityEditor.QuickSearchModule:UnityEditor.Search:ASIAI0B
Importing 'GUID: 9221cd441c9f4e7b84fb4afc006ac05f - Path: Packages/com.unity.xr.arfoundation/Runtime/ARFoundation/Occlusion/AROcclusionSources.cs - Importer: ScriptedImporter/UnityEditor.QuickSearchModule:UnityEditor.Search:ASIAI0B' with importer (ScriptedImporter : UnityEditor.QuickSearchModule:UnityEditor.Search:ASIAI0B)
Imported 'GUID: 9221cd441c9f4e7b84fb4afc006ac05f' -> (Import Result ID: '0344e16fbd8ef477094a6f0641a3b481') in 0.001 seconds [static and dynamic dependencies]. Details - ImportResultOutputID=0b4a3dc5883b88506b0b2dcf801950dc DependenciesID=ad3de051dfa983b0e7175f3faa7e47a3 StaticDependenciesID=2d88c8646e3401ee67a6a00ecec4ea70 
Number of updated asset objects reloaded before import = 0
Number of asset objects unloaded after import = 0
========================================================================
Received Import Request.
  Time of request: 2026-09-01T06:04:47.026437Z
  Time since last request: 0.000364333 seconds.
  importAddress: GUID: 30a89e6ba963248cf85628ef0bbdab27 - Path: Packages/com.unity.mathematics/Tests/Editor/BasicTestSuite.cs - Importer: ScriptedImporter/UnityEditor.QuickSearchModule:UnityEditor.Search:ASIAI0B
Importing 'GUID: 30a89e6ba963248cf85628ef0bbdab27 - Path: Packages/com.unity.mathematics/Tests/Editor/BasicTestSuite.cs - Importer: ScriptedImporter/UnityEditor.QuickSearchModule:UnityEditor.Search:ASIAI0B' with importer (ScriptedImporter : UnityEditor.QuickSearchModule:UnityEditor.Search:ASIAI0B)
Imported 'GUID: 30a89e6ba963248cf85628ef0bbdab27' -> (Import Result ID: '7fc78b03729a7b2e5718f381961b2c87') in 0.001 seconds [static and dynamic dependencies]. Details - ImportResultOutputID=253533496c4f2745dc65136fb78a8be0 DependenciesID=1960e28ed7563661bbd66a51165c9b45 StaticDependenciesID=c9012b0f3a2d2d71d63a030a26aea420 
Number of updated asset objects reloaded before import = 0
Number of asset objects unloaded after import = 0
========================================================================
Received Import Request.
  Time of request: 2026-09-01T06:04:47.028292Z
  Time since last request: 0.000510333 seconds.
  importAddress: GUID: a59bbbc7cf37f8646aa59b673b9360d2 - Path: Packages/com.unity.xr.arfoundation/Editor/Simulation/Rendering/MaterialInspector.cs - Importer: ScriptedImporter/UnityEditor.QuickSearchModule:UnityEditor.Search:ASIAI0B
Importing 'GUID: a59bbbc7cf37f8646aa59b673b9360d2 - Path: Packages/com.unity.xr.arfoundation/Editor/Simulation/Rendering/MaterialInspector.cs - Importer: ScriptedImporter/UnityEditor.QuickSearchModule:UnityEditor.Search:ASIAI0B' with importer (ScriptedImporter : UnityEditor.QuickSearchModule:UnityEditor.Search:ASIAI0B)
Imported 'GUID: a59bbbc7cf37f8646aa59b673b9360d2' -> (Import Result ID: '507a889a3bda258c9dc7793155143b39') in 0.001 seconds [static and dynamic dependencies]. Details - ImportResultOutputID=a9890d4e23c02519b1f7d6f17fb1bd7a DependenciesID=16824a7622f36a52576eb4a9f7d62c41 StaticDependenciesID=abbe7eda5bd6fe001c7f0733824f4dc9 
Number of updated asset objects reloaded before import = 0
Number of asset objects unloaded after import = 0
========================================================================
Received Import Request.
  Time of request: 2026-09-01T06:04:47.030002Z
  Time since last request: 0.000376167 seconds.
  importAddress: GUID: bf84f93bece6046529e7fc72790a441b - Path: Packages/com.unity.xr.arfoundation/Runtime/VisualScripting/Units/Events/MessageListeners/Deprecated/TrackableManagerListener.deprecated.cs - Importer: ScriptedImporter/UnityEditor.QuickSearchModule:UnityEditor.Search:ASIAI0B
Importing 'GUID: bf84f93bece6046529e7fc72790a441b - Path: Packages/com.unity.xr.arfoundation/Runtime/VisualScripting/Units/Events/MessageListeners/Deprecated/TrackableManagerListener.deprecated.cs - Importer: ScriptedImporter/UnityEditor.QuickSearchModule:UnityEditor.Search:ASIAI0B' with importer (ScriptedImporter : UnityEditor.QuickSearchModule:UnityEditor.Search:ASIAI0B)
Imported 'GUID: bf84f93bece6046529e7fc72790a441b' -> (Import Result ID: '466ac99aec12febcbbc39001e83aa9df') in 0.002 seconds [static and dynamic dependencies]. Details - ImportResultOutputID=8a55c582e6507d22f10793b799881841 DependenciesID=778cd9a5b7e2b577cd661edad8b33aca StaticDependenciesID=451b1b2ef29ad5b03e375a41879c6529 
Number of updated asset objects reloaded before import = 0
Number of asset objects unloaded after import = 0
========================================================================
Received Import Request.
  Time of request: 2026-09-01T06:04:47.032195Z
  Time since last request: 0.000351167 seconds.
  importAddress: GUID: 14b97d93227b4458689fe84ac6b19037 - Path: Packages/com.unity.xr.arfoundation/Runtime/ARSubsystems/Participants - Importer: ScriptedImporter/UnityEditor.QuickSearchModule:UnityEditor.Search:ASIAI0B
Importing 'GUID: 14b97d93227b4458689fe84ac6b19037 - Path: Packages/com.unity.xr.arfoundation/Runtime/ARSubsystems/Participants - Importer: ScriptedImporter/UnityEditor.QuickSearchModule:UnityEditor.Search:ASIAI0B' with importer (ScriptedImporter : UnityEditor.QuickSearchModule:UnityEditor.Search:ASIAI0B)
Imported 'GUID: 14b97d93227b4458689fe84ac6b19037' -> (Import Result ID: 'c4908001511c6c9170c5fc7b0fc7c601') in 0.001 seconds [static and dynamic dependencies]. Details - ImportResultOutputID=ad62c8960b33ac3f034f254e0227e3b1 DependenciesID=b287b2c1ad528317491146bfe9eb4919 StaticDependenciesID=a6eabcd109de37f4c4dcc270b52abe3f 
Number of updated asset objects reloaded before import = 0
Number of asset objects unloaded after import = 1
========================================================================
Received Import Request.
  Time of request: 2026-09-01T06:04:47.033944Z
  Time since last request: 0.000345667 seconds.
  importAddress: GUID: 51d3d9771c63408fae8d36ace8613815 - Path: Packages/com.unity.xr.arfoundation/Runtime/ARSubsystems/EnvironmentProbes - Importer: ScriptedImporter/UnityEditor.QuickSearchModule:UnityEditor.Search:ASIAI0B
Importing 'GUID: 51d3d9771c63408fae8d36ace8613815 - Path: Packages/com.unity.xr.arfoundation/Runtime/ARSubsystems/EnvironmentProbes - Importer: ScriptedImporter/UnityEditor.QuickSearchModule:UnityEditor.Search:ASIAI0B' with importer (ScriptedImporter : UnityEditor.QuickSearchModule:UnityEditor.Search:ASIAI0B)
Imported 'GUID: 51d3d9771c63408fae8d36ace8613815' -> (Import Result ID: '65c66ea85e4c0d8f0d8270174b202ace') in 0.001 seconds [static and dynamic dependencies]. Details - ImportResultOutputID=83a7948ac1303e496c1f3682edb121bd DependenciesID=2bc9d9775f3e3c5648f0563de4aa2bdd StaticDependenciesID=4cf21be8d720635fa8a8ab5be7d2dd9e 
Number of updated asset objects reloaded before import = 0
Number of asset objects unloaded after import = 1
========================================================================
Received Import Request.
  Time of request: 2026-09-01T06:04:47.035732Z
  Time since last request: 0.00046025 seconds.
  importAddress: GUID: 319ddbac80c34d378ff0912871be3eb1 - Path: Packages/com.unity.xr.arfoundation/Runtime/ARFoundation/Utils/RenderingUtility.cs - Importer: ScriptedImporter/UnityEditor.QuickSearchModule:UnityEditor.Search:ASIAI0B
Importing 'GUID: 319ddbac80c34d378ff0912871be3eb1 - Path: Packages/com.unity.xr.arfoundation/Runtime/ARFoundation/Utils/RenderingUtility.cs - Importer: ScriptedImporter/UnityEditor.QuickSearchModule:UnityEditor.Search:ASIAI0B' with importer (ScriptedImporter : UnityEditor.QuickSearchModule:UnityEditor.Search:ASIAI0B)
Imported 'GUID: 319ddbac80c34d378ff0912871be3eb1' -> (Import Result ID: '6bb5fe285fbdecb9bdd2369eca0747a8') in 0.002 seconds [static and dynamic dependencies]. Details - ImportResultOutputID=cebfdb67ff42bf8bfd7e64e022a0330a DependenciesID=4063f851372b66623e66365715392f95 StaticDependenciesID=26ca320da42741f067d4d0f8669f61ce 
Number of updated asset objects reloaded before import = 0
Number of asset objects unloaded after import = 0
========================================================================
Received Import Request.
  Time of request: 2026-09-01T06:04:47.038602Z
  Time since last request: 0.000448291 seconds.
  importAddress: GUID: 6f96e4b9bbe444c8f88d51ae10a2b75e - Path: Packages/com.unity.mathematics/Tests/Editor/Unity.Mathematics.Editor.Tests.asmdef - Importer: ScriptedImporter/UnityEditor.QuickSearchModule:UnityEditor.Search:ASIAI0B
Importing 'GUID: 6f96e4b9bbe444c8f88d51ae10a2b75e - Path: Packages/com.unity.mathematics/Tests/Editor/Unity.Mathematics.Editor.Tests.asmdef - Importer: ScriptedImporter/UnityEditor.QuickSearchModule:UnityEditor.Search:ASIAI0B' with importer (ScriptedImporter : UnityEditor.QuickSearchModule:UnityEditor.Search:ASIAI0B)
Imported 'GUID: 6f96e4b9bbe444c8f88d51ae10a2b75e' -> (Import Result ID: '64b4345c7958b532acfbdc8e845bddc6') in 0.003 seconds [static and dynamic dependencies]. Details - ImportResultOutputID=9e735dac2f23b1b604b2b7c7b3891576 DependenciesID=9adcfa2dcb03db8a0e837cf803d5c9bd StaticDependenciesID=090825ffccd261afd3648244e13de524 
Number of updated asset objects reloaded before import = 0
Number of asset objects unloaded after import = 1
========================================================================
Received Import Request.
  Time of request: 2026-09-01T06:04:47.042491Z
  Time since last request: 0.000374 seconds.
  importAddress: GUID: 158c59ce7c9f4202b598c5fb7887c0ac - Path: Packages/com.unity.xr.arfoundation/Runtime/ARFoundation/Common/Textures/ISwapchainStrategy.cs - Importer: ScriptedImporter/UnityEditor.QuickSearchModule:UnityEditor.Search:ASIAI0B
Importing 'GUID: 158c59ce7c9f4202b598c5fb7887c0ac - Path: Packages/com.unity.xr.arfoundation/Runtime/ARFoundation/Common/Textures/ISwapchainStrategy.cs - Importer: ScriptedImporter/UnityEditor.QuickSearchModule:UnityEditor.Search:ASIAI0B' with importer (ScriptedImporter : UnityEditor.QuickSearchModule:UnityEditor.Search:ASIAI0B)
Imported 'GUID: 158c59ce7c9f4202b598c5fb7887c0ac' -> (Import Result ID: '3d978341d5c4fc01061992f7b5dfde66') in 0.001 seconds [static and dynamic dependencies]. Details - ImportResultOutputID=23e2baa5109c9f3b616e074f2a15d377 DependenciesID=f5124ab0bdf383c33db97007a455f5d1 StaticDependenciesID=a29e5d4d998499a23f40842b57dfe282 
Number of updated asset objects reloaded before import = 0
Number of asset objects unloaded after import = 0
========================================================================
Received Import Request.
  Time of request: 2026-09-01T06:04:47.044681Z
  Time since last request: 0.000393 seconds.
  importAddress: GUID: cd1deff5bdbeb89408b7b67befb680f2 - Path: Packages/com.unity.xr.arfoundation/Editor/Icons/ArrowCaretRight.png - Importer: ScriptedImporter/UnityEditor.QuickSearchModule:UnityEditor.Search:ASIAI0B
Importing 'GUID: cd1deff5bdbeb89408b7b67befb680f2 - Path: Packages/com.unity.xr.arfoundation/Editor/Icons/ArrowCaretRight.png - Importer: ScriptedImporter/UnityEditor.QuickSearchModule:UnityEditor.Search:ASIAI0B' with importer (ScriptedImporter : UnityEditor.QuickSearchModule:UnityEditor.Search:ASIAI0B)
Imported 'GUID: cd1deff5bdbeb89408b7b67befb680f2' -> (Import Result ID: 'd0bf509a43571e9a2ddb649ba22a7734') in 0.003 seconds [static and dynamic dependencies]. Details - ImportResultOutputID=881bbd6407ee74d634f721f7d712db88 DependenciesID=ad73e4946905499c849fe5e61be05f5f StaticDependenciesID=d6d24ad60a0d24f2094731ccdfe25303 
Number of updated asset objects reloaded before import = 0
Number of asset objects unloaded after import = 1
========================================================================
Received Import Request.
  Time of request: 2026-09-01T06:04:47.048822Z
  Time since last request: 0.000468541 seconds.
  importAddress: GUID: 88d13c9a606ca4ca894adc96f5e0be08 - Path: Packages/com.unity.xr.arfoundation/Runtime/ARSubsystems/Common/Textures/XRCpuImage - Importer: ScriptedImporter/UnityEditor.QuickSearchModule:UnityEditor.Search:ASIAI0B
Importing 'GUID: 88d13c9a606ca4ca894adc96f5e0be08 - Path: Packages/com.unity.xr.arfoundation/Runtime/ARSubsystems/Common/Textures/XRCpuImage - Importer: ScriptedImporter/UnityEditor.QuickSearchModule:UnityEditor.Search:ASIAI0B' with importer (ScriptedImporter : UnityEditor.QuickSearchModule:UnityEditor.Search:ASIAI0B)
Imported 'GUID: 88d13c9a606ca4ca894adc96f5e0be08' -> (Import Result ID: '99caaff78f737c34b870b50ccd50d0ef') in 0.001 seconds [static and dynamic dependencies]. Details - ImportResultOutputID=5ac09a8ff4e674e276f388e1208cf962 DependenciesID=b6aff0483502a15b4fc1b35a13c97476 StaticDependenciesID=5eeeedc7ca14e1a9338c1dec784197cc 
Number of updated asset objects reloaded before import = 0
Number of asset objects unloaded after import = 1
========================================================================
Received Import Request.
  Time of request: 2026-09-01T06:04:47.050958Z
  Time since last request: 0.000693584 seconds.
  importAddress: GUID: 5fab0d74d4d31754180a351f20d1dd72 - Path: Packages/com.unity.xr.arfoundation/Tests/Editor/CodeSamples/Unity.XR.ARFoundation.CodeSamples.Editor.Tests.asmdef - Importer: ScriptedImporter/UnityEditor.QuickSearchModule:UnityEditor.Search:ASIAI0B
Importing 'GUID: 5fab0d74d4d31754180a351f20d1dd72 - Path: Packages/com.unity.xr.arfoundation/Tests/Editor/CodeSamples/Unity.XR.ARFoundation.CodeSamples.Editor.Tests.asmdef - Importer: ScriptedImporter/UnityEditor.QuickSearchModule:UnityEditor.Search:ASIAI0B' with importer (ScriptedImporter : UnityEditor.QuickSearchModule:UnityEditor.Search:ASIAI0B)
Imported 'GUID: 5fab0d74d4d31754180a351f20d1dd72' -> (Import Result ID: '300d035d0b21af763c5ab8306c49d364') in 0.002 seconds [static and dynamic dependencies]. Details - ImportResultOutputID=f1f9319dfce1c6c591dfd2a477e8ab69 DependenciesID=28ac5400c2ed28512e96757ca618304c StaticDependenciesID=8ddffe8342a465acfec94f1e0763c04d 
Number of updated asset objects reloaded before import = 0
Number of asset objects unloaded after import = 1
========================================================================
Received Import Request.
  Time of request: 2026-09-01T06:04:47.069542Z
  Time since last request: 0.016675958 seconds.
  importAddress: GUID: c7b92c392902f4043a03a64032c02fe1 - Path: Packages/com.unity.xr.arfoundation/Assets/Prefabs/DefaultSimulationEnvironment.prefab - Importer: ScriptedImporter/UnityEditor.QuickSearchModule:UnityEditor.Search:ASIAI0B
Importing 'GUID: c7b92c392902f4043a03a64032c02fe1 - Path: Packages/com.unity.xr.arfoundation/Assets/Prefabs/DefaultSimulationEnvironment.prefab - Importer: ScriptedImporter/UnityEditor.QuickSearchModule:UnityEditor.Search:ASIAI0B' with importer (ScriptedImporter : UnityEditor.QuickSearchModule:UnityEditor.Search:ASIAI0B)
Imported 'GUID: c7b92c392902f4043a03a64032c02fe1' -> (Import Result ID: '06a4fab284634f550f762f4a4cc8ef87') in 0.018 seconds [static and dynamic dependencies]. Details - ImportResultOutputID=725e886e985d2a22fd2eab1445cad341 DependenciesID=6b70f6d7e8347789a6caa91ba7bd1983 StaticDependenciesID=4e244818251d1cbedc62010744aa05d1 
Number of updated asset objects reloaded before import = 0
Number of asset objects unloaded after import = 61
========================================================================
Received Import Request.
  Time of request: 2026-09-01T06:04:47.088575Z
  Time since last request: 0.000361333 seconds.
  importAddress: GUID: f9b38eefd33214e6fabdddc517a829c3 - Path: Packages/com.unity.xr.arfoundation/Editor/VisualScripting/Deprecated/AnchorsChangedEventUnitDescriptor.deprecated.cs - Importer: ScriptedImporter/UnityEditor.QuickSearchModule:UnityEditor.Search:ASIAI0B
Importing 'GUID: f9b38eefd33214e6fabdddc517a829c3 - Path: Packages/com.unity.xr.arfoundation/Editor/VisualScripting/Deprecated/AnchorsChangedEventUnitDescriptor.deprecated.cs - Importer: ScriptedImporter/UnityEditor.QuickSearchModule:UnityEditor.Search:ASIAI0B' with importer (ScriptedImporter : UnityEditor.QuickSearchModule:UnityEditor.Search:ASIAI0B)
Imported 'GUID: f9b38eefd33214e6fabdddc517a829c3' -> (Import Result ID: 'dc13107c9cadb72a6fe5304eea4e53a0') in 0.001 seconds [static and dynamic dependencies]. Details - ImportResultOutputID=74dd72df4f9acc302a339c03ab4a0b39 DependenciesID=7553654f39e59ff68d208a1a0279e448 StaticDependenciesID=389ec58e1ad147acdf87ca6072068166 
Number of updated asset objects reloaded before import = 0
Number of asset objects unloaded after import = 0
========================================================================
Received Import Request.
  Time of request: 2026-09-01T06:04:47.090547Z
  Time since last request: 0.0003115 seconds.
  importAddress: GUID: 9e34f4abaa67d47cb8f75c5c3b78ddf0 - Path: Packages/com.unity.xr.arfoundation/Runtime/VisualScripting/Units/Events/EventUnits/Deprecated/EnvironmentProbesChangedEventUnit.deprecated.cs - Importer: ScriptedImporter/UnityEditor.QuickSearchModule:UnityEditor.Search:ASIAI0B
Importing 'GUID: 9e34f4abaa67d47cb8f75c5c3b78ddf0 - Path: Packages/com.unity.xr.arfoundation/Runtime/VisualScripting/Units/Events/EventUnits/Deprecated/EnvironmentProbesChangedEventUnit.deprecated.cs - Importer: ScriptedImporter/UnityEditor.QuickSearchModule:UnityEditor.Search:ASIAI0B' with importer (ScriptedImporter : UnityEditor.QuickSearchModule:UnityEditor.Search:ASIAI0B)
Imported 'GUID: 9e34f4abaa67d47cb8f75c5c3b78ddf0' -> (Import Result ID: 'a9bf39f1f67264c9452e5095e7e212b3') in 0.001 seconds [static and dynamic dependencies]. Details - ImportResultOutputID=19773f477833e9a1ad7be997423a43ee DependenciesID=c176d8d888ab5cdf7fee38a4734b9170 StaticDependenciesID=3d4ad3941dbb952fee86ff833eac2742 
Number of updated asset objects reloaded before import = 0
Number of asset objects unloaded after import = 0
========================================================================
Received Import Request.
  Time of request: 2026-09-01T06:04:47.092265Z
  Time since last request: 0.000338208 seconds.
  importAddress: GUID: e0a2d5d4ced73224fa45156921c628cb - Path: Packages/com.unity.xr.arfoundation/Runtime/ARSubsystems/Common/Promise.cs - Importer: ScriptedImporter/UnityEditor.QuickSearchModule:UnityEditor.Search:ASIAI0B
Importing 'GUID: e0a2d5d4ced73224fa45156921c628cb - Path: Packages/com.unity.xr.arfoundation/Runtime/ARSubsystems/Common/Promise.cs - Importer: ScriptedImporter/UnityEditor.QuickSearchModule:UnityEditor.Search:ASIAI0B' with importer (ScriptedImporter : UnityEditor.QuickSearchModule:UnityEditor.Search:ASIAI0B)
Imported 'GUID: e0a2d5d4ced73224fa45156921c628cb' -> (Import Result ID: '1f7c5ef55e8ab342b2627ef78b829eca') in 0.002 seconds [static and dynamic dependencies]. Details - ImportResultOutputID=4326f78eabb005449431074922859a8f DependenciesID=e03de7c1b07da0ba77a33fba0148957b StaticDependenciesID=ed4a7f132cefb40e3edc97e195386872 
Number of updated asset objects reloaded before import = 0
Number of asset objects unloaded after import = 0
========================================================================
Received Import Request.
  Time of request: 2026-09-01T06:04:47.094612Z
  Time since last request: 0.000420458 seconds.
  importAddress: GUID: bad3391e4a30445c9272f7f48af91bbd - Path: Packages/com.unity.xr.arfoundation/Runtime/ARSubsystems/Planes/BoundedPlaneBuilder.cs - Importer: ScriptedImporter/UnityEditor.QuickSearchModule:UnityEditor.Search:ASIAI0B
Importing 'GUID: bad3391e4a30445c9272f7f48af91bbd - Path: Packages/com.unity.xr.arfoundation/Runtime/ARSubsystems/Planes/BoundedPlaneBuilder.cs - Importer: ScriptedImporter/UnityEditor.QuickSearchModule:UnityEditor.Search:ASIAI0B' with importer (ScriptedImporter : UnityEditor.QuickSearchModule:UnityEditor.Search:ASIAI0B)
Imported 'GUID: bad3391e4a30445c9272f7f48af91bbd' -> (Import Result ID: '299fa7f1fb0475bb1f56a626e670415a') in 0.001 seconds [static and dynamic dependencies]. Details - ImportResultOutputID=de2a15d40d394be38373fbc2b4a7a434 DependenciesID=ec59a626ab71e46b522871f5eaa02a3e StaticDependenciesID=160f27e94588d08030f653065d7a8d5b 
Number of updated asset objects reloaded before import = 0
Number of asset objects unloaded after import = 0
========================================================================
Received Import Request.
  Time of request: 2026-09-01T06:04:47.096415Z
  Time since last request: 0.000338625 seconds.
  importAddress: GUID: 41d7cb6edc1f547a884bef1db0d62ef5 - Path: Packages/com.unity.xr.arfoundation/Editor/VisualScripting/GetPlanesUnitDescriptor.cs - Importer: ScriptedImporter/UnityEditor.QuickSearchModule:UnityEditor.Search:ASIAI0B
Importing 'GUID: 41d7cb6edc1f547a884bef1db0d62ef5 - Path: Packages/com.unity.xr.arfoundation/Editor/VisualScripting/GetPlanesUnitDescriptor.cs - Importer: ScriptedImporter/UnityEditor.QuickSearchModule:UnityEditor.Search:ASIAI0B' with importer (ScriptedImporter : UnityEditor.QuickSearchModule:UnityEditor.Search:ASIAI0B)
Imported 'GUID: 41d7cb6edc1f547a884bef1db0d62ef5' -> (Import Result ID: '19d035b1f3cccca7cfcd30f91993824f') in 0.001 seconds [static and dynamic dependencies]. Details - ImportResultOutputID=78953afab2798dbf2e04680a9294ac76 DependenciesID=32a70798ca834c0d76252d9454e503f4 StaticDependenciesID=f7e5af156353652eafafd473d10dc889 
Number of updated asset objects reloaded before import = 0
Number of asset objects unloaded after import = 0
========================================================================
Received Import Request.
  Time of request: 2026-09-01T06:04:47.098286Z
  Time since last request: 0.000356917 seconds.
  importAddress: GUID: e140c899c3d924dff8f41e493d33d3a7 - Path: Packages/com.unity.xr.arkit/Tests/Editor/Assets/TestReferenceImageLibrary.asset - Importer: ScriptedImporter/UnityEditor.QuickSearchModule:UnityEditor.Search:ASIAI0B
Importing 'GUID: e140c899c3d924dff8f41e493d33d3a7 - Path: Packages/com.unity.xr.arkit/Tests/Editor/Assets/TestReferenceImageLibrary.asset - Importer: ScriptedImporter/UnityEditor.QuickSearchModule:UnityEditor.Search:ASIAI0B' with importer (ScriptedImporter : UnityEditor.QuickSearchModule:UnityEditor.Search:ASIAI0B)
Imported 'GUID: e140c899c3d924dff8f41e493d33d3a7' -> (Import Result ID: '0160fc4be9670895069e62784f23acb1') in 0.048 seconds [static and dynamic dependencies]. Details - ImportResultOutputID=cbedd4cebdcdcc719e37b4602232fa65 DependenciesID=2b736cbbcf10a5f6437b53418a9b33c0 StaticDependenciesID=692c2b7e263d27e9848722bfbb27829e 
Number of updated asset objects reloaded before import = 0
Number of asset objects unloaded after import = 1
========================================================================
Received Import Request.
  Time of request: 2026-09-01T06:04:47.146753Z
  Time since last request: 0.000428375 seconds.
  importAddress: GUID: abb13e18b7f635846ae5227543a999ed - Path: Packages/com.unity.xr.arfoundation/Assets - Importer: ScriptedImporter/UnityEditor.QuickSearchModule:UnityEditor.Search:ASIAI0B
Importing 'GUID: abb13e18b7f635846ae5227543a999ed - Path: Packages/com.unity.xr.arfoundation/Assets - Importer: ScriptedImporter/UnityEditor.QuickSearchModule:UnityEditor.Search:ASIAI0B' with importer (ScriptedImporter : UnityEditor.QuickSearchModule:UnityEditor.Search:ASIAI0B)
Imported 'GUID: abb13e18b7f635846ae5227543a999ed' -> (Import Result ID: '7b887d180e1e02e9db3d84fe69a11725') in 0.001 seconds [static and dynamic dependencies]. Details - ImportResultOutputID=0ad48c27f055c2b5f23aec873fbbc5c3 DependenciesID=94848e2b44c27ca6ac4f47586afbd67f StaticDependenciesID=66aed64da282206c54ab0fbb274f3640 
Number of updated asset objects reloaded before import = 0
Number of asset objects unloaded after import = 1
========================================================================
Received Import Request.
  Time of request: 2026-09-01T06:04:47.148799Z
  Time since last request: 0.000334208 seconds.
  importAddress: GUID: 910d3836c6f5c2a4492fb89eda5b4b86 - Path: Packages/com.unity.xr.arfoundation/Assets/Shaders/SimulationRoomXRay.shader - Importer: ScriptedImporter/UnityEditor.QuickSearchModule:UnityEditor.Search:ASIAI0B
Importing 'GUID: 910d3836c6f5c2a4492fb89eda5b4b86 - Path: Packages/com.unity.xr.arfoundation/Assets/Shaders/SimulationRoomXRay.shader - Importer: ScriptedImporter/UnityEditor.QuickSearchModule:UnityEditor.Search:ASIAI0B' with importer (ScriptedImporter : UnityEditor.QuickSearchModule:UnityEditor.Search:ASIAI0B)
Imported 'GUID: 910d3836c6f5c2a4492fb89eda5b4b86' -> (Import Result ID: 'c2580cef4b873a86ba2e564e05ec91f8') in 0.004 seconds [static and dynamic dependencies]. Details - ImportResultOutputID=7e8a6cf73e4a33a441cea932508b6005 DependenciesID=20c578ef0e829c1efa330bf3ca2b1a81 StaticDependenciesID=621981cc1400ff9dcf3519c601f19486 
Number of updated asset objects reloaded before import = 0
Number of asset objects unloaded after import = 2
========================================================================
Received Import Request.
  Time of request: 2026-09-01T06:04:47.154241Z
  Time since last request: 0.000467333 seconds.
  importAddress: GUID: d8531ac98d01b314bbeb68d6d7b426e7 - Path: Packages/com.unity.xr.arfoundation/Runtime/Simulation/Environment/SimulatedAnchor.cs - Importer: ScriptedImporter/UnityEditor.QuickSearchModule:UnityEditor.Search:ASIAI0B
Importing 'GUID: d8531ac98d01b314bbeb68d6d7b426e7 - Path: Packages/com.unity.xr.arfoundation/Runtime/Simulation/Environment/SimulatedAnchor.cs - Importer: ScriptedImporter/UnityEditor.QuickSearchModule:UnityEditor.Search:ASIAI0B' with importer (ScriptedImporter : UnityEditor.QuickSearchModule:UnityEditor.Search:ASIAI0B)
Imported 'GUID: d8531ac98d01b314bbeb68d6d7b426e7' -> (Import Result ID: 'bb2afd3483d5f6f93bbb3fe49eef2aeb') in 0.002 seconds [static and dynamic dependencies]. Details - ImportResultOutputID=7ea68a66514fd8344906dc7e0b68870c DependenciesID=7008024fe3990504894bdc36b4daabe7 StaticDependenciesID=89f8728bc93112d09862798a98c442a4 
Number of updated asset objects reloaded before import = 0
Number of asset objects unloaded after import = 0
========================================================================
Received Import Request.
  Time of request: 2026-09-01T06:04:47.156655Z
  Time since last request: 0.000460125 seconds.
  importAddress: GUID: c39bb24e2bd7a482ca08117fb44b8e44 - Path: Packages/com.unity.xr.arfoundation/Runtime/Simulation/Environment/SimulatedTrackedImage.cs - Importer: ScriptedImporter/UnityEditor.QuickSearchModule:UnityEditor.Search:ASIAI0B
Importing 'GUID: c39bb24e2bd7a482ca08117fb44b8e44 - Path: Packages/com.unity.xr.arfoundation/Runtime/Simulation/Environment/SimulatedTrackedImage.cs - Importer: ScriptedImporter/UnityEditor.QuickSearchModule:UnityEditor.Search:ASIAI0B' with importer (ScriptedImporter : UnityEditor.QuickSearchModule:UnityEditor.Search:ASIAI0B)
Imported 'GUID: c39bb24e2bd7a482ca08117fb44b8e44' -> (Import Result ID: '1b743da8019ceed6fa6a8627d3f172f4') in 0.001 seconds [static and dynamic dependencies]. Details - ImportResultOutputID=53873f0bc21f8ce890bdd1b2709848ca DependenciesID=ba9ab294f408c7c0097deb29a2dc78c4 StaticDependenciesID=d34db287e249979e2f88460d5b2ff2be 
Number of updated asset objects reloaded before import = 0
Number of asset objects unloaded after import = 0
========================================================================
Received Import Request.
  Time of request: 2026-09-01T06:04:47.159203Z
  Time since last request: 0.000514834 seconds.
  importAddress: GUID: 825bfbbb9dc9041c2b5ff7a729249748 - Path: Packages/com.unity.xr.arfoundation/Runtime/VisualScripting/Constants.cs - Importer: ScriptedImporter/UnityEditor.QuickSearchModule:UnityEditor.Search:ASIAI0B
Importing 'GUID: 825bfbbb9dc9041c2b5ff7a729249748 - Path: Packages/com.unity.xr.arfoundation/Runtime/VisualScripting/Constants.cs - Importer: ScriptedImporter/UnityEditor.QuickSearchModule:UnityEditor.Search:ASIAI0B' with importer (ScriptedImporter : UnityEditor.QuickSearchModule:UnityEditor.Search:ASIAI0B)
Imported 'GUID: 825bfbbb9dc9041c2b5ff7a729249748' -> (Import Result ID: '0083a450e34704d748b3081a02c0b247') in 0.001 seconds [static and dynamic dependencies]. Details - ImportResultOutputID=aaeb95ded662e6c95bd1116ab2ce3a62 DependenciesID=b1d5d3f44d95b32cbd9b68d3bae14ea2 StaticDependenciesID=4bac19f445e524db29dd6e8cf2252b6c 
Number of updated asset objects reloaded before import = 0
Number of asset objects unloaded after import = 0
========================================================================
Received Import Request.
  Time of request: 2026-09-01T06:04:47.161344Z
  Time since last request: 0.000641333 seconds.
  importAddress: GUID: a9cbc4b8d8ac4879991424c0f0d85830 - Path: Packages/com.unity.xr.arfoundation/Runtime/ARSubsystems/Utils/AwaitableUtils.cs - Importer: ScriptedImporter/UnityEditor.QuickSearchModule:UnityEditor.Search:ASIAI0B
Importing 'GUID: a9cbc4b8d8ac4879991424c0f0d85830 - Path: Packages/com.unity.xr.arfoundation/Runtime/ARSubsystems/Utils/AwaitableUtils.cs - Importer: ScriptedImporter/UnityEditor.QuickSearchModule:UnityEditor.Search:ASIAI0B' with importer (ScriptedImporter : UnityEditor.QuickSearchModule:UnityEditor.Search:ASIAI0B)
Imported 'GUID: a9cbc4b8d8ac4879991424c0f0d85830' -> (Import Result ID: '271b0053e4881d38e29e53d0f84b6c2e') in 0.001 seconds [static and dynamic dependencies]. Details - ImportResultOutputID=ec57ccbc02bf71ed3ce527b0c2f95aa2 DependenciesID=d34b305290f68f5c6a3a004e5c1b3506 StaticDependenciesID=780fdb00d5a87ebf58aaf9c21c9e329c 
Number of updated asset objects reloaded before import = 0
Number of asset objects unloaded after import = 0
========================================================================
Received Import Request.
  Time of request: 2026-09-01T06:04:47.16337Z
  Time since last request: 0.000427375 seconds.
  importAddress: GUID: 9fa589e99fc5d46ef942dc2d6fdc6420 - Path: Packages/com.unity.xr.arfoundation/Editor/VisualScripting/Deprecated/EnvironmentProbesChangedEventUnitDescriptor.deprecated.cs - Importer: ScriptedImporter/UnityEditor.QuickSearchModule:UnityEditor.Search:ASIAI0B
Importing 'GUID: 9fa589e99fc5d46ef942dc2d6fdc6420 - Path: Packages/com.unity.xr.arfoundation/Editor/VisualScripting/Deprecated/EnvironmentProbesChangedEventUnitDescriptor.deprecated.cs - Importer: ScriptedImporter/UnityEditor.QuickSearchModule:UnityEditor.Search:ASIAI0B' with importer (ScriptedImporter : UnityEditor.QuickSearchModule:UnityEditor.Search:ASIAI0B)
Imported 'GUID: 9fa589e99fc5d46ef942dc2d6fdc6420' -> (Import Result ID: '7d7579866601a1f415e6e15b0ee509e7') in 0.001 seconds [static and dynamic dependencies]. Details - ImportResultOutputID=38b21a3596c5c1be77e1a9bf7b46c2b3 DependenciesID=4d3a1877f7235374a555b976ecd113d1 StaticDependenciesID=c519a76478595c6c3cddcf3c099f754a 
Number of updated asset objects reloaded before import = 0
Number of asset objects unloaded after import = 0
========================================================================
Received Import Request.
  Time of request: 2026-09-01T06:04:47.165493Z
  Time since last request: 0.0002685 seconds.
  importAddress: GUID: 6e92bfd272562a5458a6e7ead8305e2f - Path: Packages/com.unity.xr.arfoundation/Runtime/ARFoundation/Deprecated/ARTrackedImagesChangedEventArgs.deprecated.cs - Importer: ScriptedImporter/UnityEditor.QuickSearchModule:UnityEditor.Search:ASIAI0B
Importing 'GUID: 6e92bfd272562a5458a6e7ead8305e2f - Path: Packages/com.unity.xr.arfoundation/Runtime/ARFoundation/Deprecated/ARTrackedImagesChangedEventArgs.deprecated.cs - Importer: ScriptedImporter/UnityEditor.QuickSearchModule:UnityEditor.Search:ASIAI0B' with importer (ScriptedImporter : UnityEditor.QuickSearchModule:UnityEditor.Search:ASIAI0B)
Imported 'GUID: 6e92bfd272562a5458a6e7ead8305e2f' -> (Import Result ID: '40a84c93e76bd8c4b3ae6280059507dc') in 0.002 seconds [static and dynamic dependencies]. Details - ImportResultOutputID=8a71bc2b4b552c2236cc95bb0f5f8c1a DependenciesID=d47ef5466ff1fdbb65771a4ea2ac7210 StaticDependenciesID=88170015ba85823074ae996faf8493b1 
Number of updated asset objects reloaded before import = 0
Number of asset objects unloaded after import = 1
========================================================================
Received Import Request.
  Time of request: 2026-09-01T06:04:47.168406Z
  Time since last request: 0.000338875 seconds.
  importAddress: GUID: 52a208bb46e934bb5aba0a4973595f80 - Path: Packages/com.unity.xr.arfoundation/Assets/Textures/DialogBackground@4x.png - Importer: ScriptedImporter/UnityEditor.QuickSearchModule:UnityEditor.Search:ASIAI0B
Importing 'GUID: 52a208bb46e934bb5aba0a4973595f80 - Path: Packages/com.unity.xr.arfoundation/Assets/Textures/DialogBackground@4x.png - Importer: ScriptedImporter/UnityEditor.QuickSearchModule:UnityEditor.Search:ASIAI0B' with importer (ScriptedImporter : UnityEditor.QuickSearchModule:UnityEditor.Search:ASIAI0B)
Imported 'GUID: 52a208bb46e934bb5aba0a4973595f80' -> (Import Result ID: '0e469a16adf6baa8580b9cf7a2ee604c') in 0.006 seconds [static and dynamic dependencies]. Details - ImportResultOutputID=c589453fbbf9a5c36989d0f20e89c492 DependenciesID=28c43c66b21cd749e8f15f5d90438874 StaticDependenciesID=78298e4eca294320ba1bf3991a75c356 
Number of updated asset objects reloaded before import = 0
Number of asset objects unloaded after import = 3
========================================================================
Received Import Request.
  Time of request: 2026-09-01T06:04:47.175275Z
  Time since last request: 0.000344375 seconds.
  importAddress: GUID: 009aaebfacf574ac6974b18b13f4d534 - Path: Packages/com.unity.xr.arfoundation/Editor/VisualScripting/Deprecated/HumanBodiesChangedEventUnitDescriptor.deprecated.cs - Importer: ScriptedImporter/UnityEditor.QuickSearchModule:UnityEditor.Search:ASIAI0B
Importing 'GUID: 009aaebfacf574ac6974b18b13f4d534 - Path: Packages/com.unity.xr.arfoundation/Editor/VisualScripting/Deprecated/HumanBodiesChangedEventUnitDescriptor.deprecated.cs - Importer: ScriptedImporter/UnityEditor.QuickSearchModule:UnityEditor.Search:ASIAI0B' with importer (ScriptedImporter : UnityEditor.QuickSearchModule:UnityEditor.Search:ASIAI0B)
Imported 'GUID: 009aaebfacf574ac6974b18b13f4d534' -> (Import Result ID: '072af9faa3050f531d78955d9d4a7c85') in 0.002 seconds [static and dynamic dependencies]. Details - ImportResultOutputID=4833218bd54d37f62e8c5f70397a6f5b DependenciesID=7d83f9e7c2b306802c570c87cad7c8ed StaticDependenciesID=561ef581c0998c675db184fbd0c0da32 
Number of updated asset objects reloaded before import = 0
Number of asset objects unloaded after import = 0
========================================================================
Received Import Request.
  Time of request: 2026-09-01T06:04:47.177821Z
  Time since last request: 0.00026625 seconds.
  importAddress: GUID: 20aba02fbd6687c45829f2d152c68609 - Path: Packages/com.unity.xr.arfoundation/Runtime/ARFoundation/Planes/ARPlaneBoundaryChangedEventArgs.cs - Importer: ScriptedImporter/UnityEditor.QuickSearchModule:UnityEditor.Search:ASIAI0B
Importing 'GUID: 20aba02fbd6687c45829f2d152c68609 - Path: Packages/com.unity.xr.arfoundation/Runtime/ARFoundation/Planes/ARPlaneBoundaryChangedEventArgs.cs - Importer: ScriptedImporter/UnityEditor.QuickSearchModule:UnityEditor.Search:ASIAI0B' with importer (ScriptedImporter : UnityEditor.QuickSearchModule:UnityEditor.Search:ASIAI0B)
Imported 'GUID: 20aba02fbd6687c45829f2d152c68609' -> (Import Result ID: '479a70bed3b793c01a0e9284de9b7a64') in 0.001 seconds [static and dynamic dependencies]. Details - ImportResultOutputID=17884ea6277f1b4a0614de72d7f57664 DependenciesID=b85444ed38c948a2f33a48acba7671a2 StaticDependenciesID=a96bd03e11578c77b3ce057a42d10a32 
Number of updated asset objects reloaded before import = 0
Number of asset objects unloaded after import = 1
========================================================================
Received Import Request.
  Time of request: 2026-09-01T06:04:47.18004Z
  Time since last request: 0.000594292 seconds.
  importAddress: GUID: cb18101c80c8b48a5ae36383ae708609 - Path: Packages/com.unity.xr.arfoundation/Editor/VisualScripting/GetParticipantsUnitDescriptor.cs - Importer: ScriptedImporter/UnityEditor.QuickSearchModule:UnityEditor.Search:ASIAI0B
Importing 'GUID: cb18101c80c8b48a5ae36383ae708609 - Path: Packages/com.unity.xr.arfoundation/Editor/VisualScripting/GetParticipantsUnitDescriptor.cs - Importer: ScriptedImporter/UnityEditor.QuickSearchModule:UnityEditor.Search:ASIAI0B' with importer (ScriptedImporter : UnityEditor.QuickSearchModule:UnityEditor.Search:ASIAI0B)
Imported 'GUID: cb18101c80c8b48a5ae36383ae708609' -> (Import Result ID: 'a118531c3d18576dddf38455d0c7cdd1') in 0.001 seconds [static and dynamic dependencies]. Details - ImportResultOutputID=1c1230c0fa4e2abb1fc4f063b73b009d DependenciesID=6f803e00a7fc34526e2bc081da6b358c StaticDependenciesID=0f3211c2000f06aa3dbcfdb06434f731 
Number of updated asset objects reloaded before import = 0
Number of asset objects unloaded after import = 0
========================================================================
Received Import Request.
  Time of request: 2026-09-01T06:04:47.182153Z
  Time since last request: 0.0006875 seconds.
  importAddress: GUID: f997752ba79e74c83ae8d9566198aac7 - Path: Packages/com.unity.xr.arkit/Editor/ObjectTracking/ARObjectInfo.cs - Importer: ScriptedImporter/UnityEditor.QuickSearchModule:UnityEditor.Search:ASIAI0B
Importing 'GUID: f997752ba79e74c83ae8d9566198aac7 - Path: Packages/com.unity.xr.arkit/Editor/ObjectTracking/ARObjectInfo.cs - Importer: ScriptedImporter/UnityEditor.QuickSearchModule:UnityEditor.Search:ASIAI0B' with importer (ScriptedImporter : UnityEditor.QuickSearchModule:UnityEditor.Search:ASIAI0B)
Imported 'GUID: f997752ba79e74c83ae8d9566198aac7' -> (Import Result ID: '4027fd80bf2be724491c6c0cf0f33dbb') in 0.001 seconds [static and dynamic dependencies]. Details - ImportResultOutputID=a0dfa06c700bc8c9f6b4518e9336b4d6 DependenciesID=26e98482f832d01df259801d95e96fe1 StaticDependenciesID=cb781ad894ab9cef4fb0f032fcfd7b33 
Number of updated asset objects reloaded before import = 0
Number of asset objects unloaded after import = 0
========================================================================
Received Import Request.
  Time of request: 2026-09-01T06:04:47.184015Z
  Time since last request: 0.000507666 seconds.
  importAddress: GUID: 869c9be541a2f4a998e3bf6dd0964735 - Path: Packages/com.unity.xr.arfoundation/Runtime/ARFoundation/Common - Importer: ScriptedImporter/UnityEditor.QuickSearchModule:UnityEditor.Search:ASIAI0B
Importing 'GUID: 869c9be541a2f4a998e3bf6dd0964735 - Path: Packages/com.unity.xr.arfoundation/Runtime/ARFoundation/Common - Importer: ScriptedImporter/UnityEditor.QuickSearchModule:UnityEditor.Search:ASIAI0B' with importer (ScriptedImporter : UnityEditor.QuickSearchModule:UnityEditor.Search:ASIAI0B)
Imported 'GUID: 869c9be541a2f4a998e3bf6dd0964735' -> (Import Result ID: '639962edc128d5d2133a60f7a260f05e') in 0.001 seconds [static and dynamic dependencies]. Details - ImportResultOutputID=4e069ed8c3d36fc65239468da243ef57 DependenciesID=aceec7dc9c50ba6df269338de59cba24 StaticDependenciesID=e71d3dd8bc797eb2166c209d322773fe 
Number of updated asset objects reloaded before import = 0
Number of asset objects unloaded after import = 1
========================================================================
Received Import Request.
  Time of request: 2026-09-01T06:04:47.185557Z
  Time since last request: 0.000354417 seconds.
  importAddress: GUID: 276e51989aae14b7abf932ccecc8911d - Path: Packages/com.unity.xr.arfoundation/Tests/Editor/ARFoundation/SceneUtilsTests.cs - Importer: ScriptedImporter/UnityEditor.QuickSearchModule:UnityEditor.Search:ASIAI0B
Importing 'GUID: 276e51989aae14b7abf932ccecc8911d - Path: Packages/com.unity.xr.arfoundation/Tests/Editor/ARFoundation/SceneUtilsTests.cs - Importer: ScriptedImporter/UnityEditor.QuickSearchModule:UnityEditor.Search:ASIAI0B' with importer (ScriptedImporter : UnityEditor.QuickSearchModule:UnityEditor.Search:ASIAI0B)
Imported 'GUID: 276e51989aae14b7abf932ccecc8911d' -> (Import Result ID: 'b2b45ab1d4da9fa6333e508da59bf16e') in 0.001 seconds [static and dynamic dependencies]. Details - ImportResultOutputID=9fe6dc1915d16faa57d333a0d0bf16b4 DependenciesID=ebd4a82ebb863e9d654b288e301c85d4 StaticDependenciesID=a77c9cc2b01f24bd3dc693484de7519a 
Number of updated asset objects reloaded before import = 0
Number of asset objects unloaded after import = 0
========================================================================
Received Import Request.
  Time of request: 2026-09-01T06:04:47.18718Z
  Time since last request: 0.000382209 seconds.
  importAddress: GUID: 0ad967c9b039c4c5db35830a2211d12b - Path: Packages/com.unity.xr.arfoundation/Assets/Shaders/SoftOcclusionPreprocessing.shader - Importer: ScriptedImporter/UnityEditor.QuickSearchModule:UnityEditor.Search:ASIAI0B
Importing 'GUID: 0ad967c9b039c4c5db35830a2211d12b - Path: Packages/com.unity.xr.arfoundation/Assets/Shaders/SoftOcclusionPreprocessing.shader - Importer: ScriptedImporter/UnityEditor.QuickSearchModule:UnityEditor.Search:ASIAI0B' with importer (ScriptedImporter : UnityEditor.QuickSearchModule:UnityEditor.Search:ASIAI0B)
Imported 'GUID: 0ad967c9b039c4c5db35830a2211d12b' -> (Import Result ID: '60927c2fc42f61f8ba6dd878da7556bf') in 0.002 seconds [static and dynamic dependencies]. Details - ImportResultOutputID=86469aafb993d43da46a23baf697c97f DependenciesID=584dbd309e1c6a05e076363dcd7f2c37 StaticDependenciesID=e3b10e052cb4c68f50b254403ee4d4d0 
Number of updated asset objects reloaded before import = 0
Number of asset objects unloaded after import = 1
========================================================================
Received Import Request.
  Time of request: 2026-09-01T06:04:47.190533Z
  Time since last request: 0.000729583 seconds.
  importAddress: GUID: 075a0517e04d494da58fb60f37730271 - Path: Packages/com.unity.xr.arfoundation/Editor/Simulation/XREnvironmentViewManager.cs - Importer: ScriptedImporter/UnityEditor.QuickSearchModule:UnityEditor.Search:ASIAI0B
Importing 'GUID: 075a0517e04d494da58fb60f37730271 - Path: Packages/com.unity.xr.arfoundation/Editor/Simulation/XREnvironmentViewManager.cs - Importer: ScriptedImporter/UnityEditor.QuickSearchModule:UnityEditor.Search:ASIAI0B' with importer (ScriptedImporter : UnityEditor.QuickSearchModule:UnityEditor.Search:ASIAI0B)
Imported 'GUID: 075a0517e04d494da58fb60f37730271' -> (Import Result ID: '0db380e0b1fefd1c3f82d4eaac59b03c') in 0.001 seconds [static and dynamic dependencies]. Details - ImportResultOutputID=dc6950f2669ad8549ea1d781807752d0 DependenciesID=1c87519de82f86b1899e16de1a51f894 StaticDependenciesID=165eda69e73af736d842c6553da2bd5d 
Number of updated asset objects reloaded before import = 0
Number of asset objects unloaded after import = 0
========================================================================
Received Import Request.
  Time of request: 2026-09-01T06:04:47.19246Z
  Time since last request: 0.000413041 seconds.
  importAddress: GUID: 5f6b10434e7f4bce97074a8c54a2da59 - Path: Packages/com.unity.xr.arfoundation/Runtime/Simulation/Subsystems/EnvironmentProbe - Importer: ScriptedImporter/UnityEditor.QuickSearchModule:UnityEditor.Search:ASIAI0B
Importing 'GUID: 5f6b10434e7f4bce97074a8c54a2da59 - Path: Packages/com.unity.xr.arfoundation/Runtime/Simulation/Subsystems/EnvironmentProbe - Importer: ScriptedImporter/UnityEditor.QuickSearchModule:UnityEditor.Search:ASIAI0B' with importer (ScriptedImporter : UnityEditor.QuickSearchModule:UnityEditor.Search:ASIAI0B)
Imported 'GUID: 5f6b10434e7f4bce97074a8c54a2da59' -> (Import Result ID: '27a1e4f1cf0a44c7041f4f25c519ffc2') in 0.001 seconds [static and dynamic dependencies]. Details - ImportResultOutputID=295cb951e1d28740f25d96606ee5f812 DependenciesID=125fc6934cb304f3507df67511346277 StaticDependenciesID=6e9db7369a95ec2a4e38bcbe485b6bb8 
Number of updated asset objects reloaded before import = 0
Number of asset objects unloaded after import = 1
========================================================================
Received Import Request.
  Time of request: 2026-09-01T06:04:47.194212Z
  Time since last request: 0.000323166 seconds.
  importAddress: GUID: 5018cdcbd1c1949d7884fbbf34d29672 - Path: Packages/com.unity.xr.arkit/Editor/ObjectTracking/ARObject.cs - Importer: ScriptedImporter/UnityEditor.QuickSearchModule:UnityEditor.Search:ASIAI0B
Importing 'GUID: 5018cdcbd1c1949d7884fbbf34d29672 - Path: Packages/com.unity.xr.arkit/Editor/ObjectTracking/ARObject.cs - Importer: ScriptedImporter/UnityEditor.QuickSearchModule:UnityEditor.Search:ASIAI0B' with importer (ScriptedImporter : UnityEditor.QuickSearchModule:UnityEditor.Search:ASIAI0B)
Imported 'GUID: 5018cdcbd1c1949d7884fbbf34d29672' -> (Import Result ID: 'e07f9126ba8ee8485a486498af8033d6') in 0.001 seconds [static and dynamic dependencies]. Details - ImportResultOutputID=3edfb7f6c050351572ed1e3d97f43259 DependenciesID=224e6c4269b7a708cf69ac6dc1448b1e StaticDependenciesID=4855cb81c7ce9002ff63fd0023cb2042 
Number of updated asset objects reloaded before import = 0
Number of asset objects unloaded after import = 0
========================================================================
Received Import Request.
  Time of request: 2026-09-01T06:04:47.196066Z
  Time since last request: 0.000385708 seconds.
  importAddress: GUID: 5f264e44be4b84fb1beb4a7679f7b1e5 - Path: Packages/com.unity.xr.arfoundation/Runtime/VisualScripting/Units/Events/MessageListeners/Deprecated/ARPointCloudManagerListener.deprecated.cs - Importer: ScriptedImporter/UnityEditor.QuickSearchModule:UnityEditor.Search:ASIAI0B
Importing 'GUID: 5f264e44be4b84fb1beb4a7679f7b1e5 - Path: Packages/com.unity.xr.arfoundation/Runtime/VisualScripting/Units/Events/MessageListeners/Deprecated/ARPointCloudManagerListener.deprecated.cs - Importer: ScriptedImporter/UnityEditor.QuickSearchModule:UnityEditor.Search:ASIAI0B' with importer (ScriptedImporter : UnityEditor.QuickSearchModule:UnityEditor.Search:ASIAI0B)
Imported 'GUID: 5f264e44be4b84fb1beb4a7679f7b1e5' -> (Import Result ID: 'ef5f6613e5afc15888a0e396def0c6a1') in 0.001 seconds [static and dynamic dependencies]. Details - ImportResultOutputID=996c25a8333584c1a9b735f647edf31b DependenciesID=094a46954ed092cf40e89b891e85640d StaticDependenciesID=6c271ea01da9a47aca4c1cb856addc66 
Number of updated asset objects reloaded before import = 0
Number of asset objects unloaded after import = 0
========================================================================
Received Import Request.
  Time of request: 2026-09-01T06:04:47.198064Z
  Time since last request: 0.000513292 seconds.
  importAddress: GUID: ad63b296373364c6099ead21544f7185 - Path: Packages/com.unity.xr.arkit/Runtime/Frameworks/ARKit/ARCoachingOverlayTransition.cs - Importer: ScriptedImporter/UnityEditor.QuickSearchModule:UnityEditor.Search:ASIAI0B
Importing 'GUID: ad63b296373364c6099ead21544f7185 - Path: Packages/com.unity.xr.arkit/Runtime/Frameworks/ARKit/ARCoachingOverlayTransition.cs - Importer: ScriptedImporter/UnityEditor.QuickSearchModule:UnityEditor.Search:ASIAI0B' with importer (ScriptedImporter : UnityEditor.QuickSearchModule:UnityEditor.Search:ASIAI0B)
Imported 'GUID: ad63b296373364c6099ead21544f7185' -> (Import Result ID: '1ad6852708e78f533936fcfe15417655') in 0.001 seconds [static and dynamic dependencies]. Details - ImportResultOutputID=ca755162219ad08ea7a075dcfe760a1a DependenciesID=4d35dc33baadb0f242f95b954bb756ee StaticDependenciesID=1e5b819c68012f62cb7b1f4dbe20c8ca 
Number of updated asset objects reloaded before import = 0
Number of asset objects unloaded after import = 0
========================================================================
Received Import Request.
  Time of request: 2026-09-01T06:04:47.200049Z
  Time since last request: 0.000500458 seconds.
  importAddress: GUID: d872c4aafa0ad4480b08ee596f80d9ba - Path: Packages/com.unity.xr.arkit/Runtime/Constants.cs - Importer: ScriptedImporter/UnityEditor.QuickSearchModule:UnityEditor.Search:ASIAI0B
Importing 'GUID: d872c4aafa0ad4480b08ee596f80d9ba - Path: Packages/com.unity.xr.arkit/Runtime/Constants.cs - Importer: ScriptedImporter/UnityEditor.QuickSearchModule:UnityEditor.Search:ASIAI0B' with importer (ScriptedImporter : UnityEditor.QuickSearchModule:UnityEditor.Search:ASIAI0B)
Imported 'GUID: d872c4aafa0ad4480b08ee596f80d9ba' -> (Import Result ID: 'cb34540fe3de5b385ec63c0ae5cbf2a4') in 0.001 seconds [static and dynamic dependencies]. Details - ImportResultOutputID=6d6adec0bf6060228ad0684ee2be6757 DependenciesID=d85dc6f05be0c1b968c580180e20cdf9 StaticDependenciesID=f542e5403f1e28cda84a6c70de0a32ef 
Number of updated asset objects reloaded before import = 0
Number of asset objects unloaded after import = 0
========================================================================
Received Import Request.
  Time of request: 2026-09-01T06:04:47.201645Z
  Time since last request: 0.000315875 seconds.
  importAddress: GUID: ef71a65dba1a40ebacf5f04136d30d31 - Path: Packages/com.unity.xr.arkit/Runtime/Camera/ARKitCpuImageApi.cs - Importer: ScriptedImporter/UnityEditor.QuickSearchModule:UnityEditor.Search:ASIAI0B
Importing 'GUID: ef71a65dba1a40ebacf5f04136d30d31 - Path: Packages/com.unity.xr.arkit/Runtime/Camera/ARKitCpuImageApi.cs - Importer: ScriptedImporter/UnityEditor.QuickSearchModule:UnityEditor.Search:ASIAI0B' with importer (ScriptedImporter : UnityEditor.QuickSearchModule:UnityEditor.Search:ASIAI0B)
Imported 'GUID: ef71a65dba1a40ebacf5f04136d30d31' -> (Import Result ID: 'a464a5fedc57e64f47861d4587aa3de7') in 0.001 seconds [static and dynamic dependencies]. Details - ImportResultOutputID=57dabb7c422fe5d60d54ba7cb9cefb14 DependenciesID=331d3f50ca2054fe3597f9bb02351061 StaticDependenciesID=fd261b520e6a3326ded49c44de369e9d 
Number of updated asset objects reloaded before import = 0
Number of asset objects unloaded after import = 0
========================================================================
Received Import Request.
  Time of request: 2026-09-01T06:04:47.203787Z
  Time since last request: 0.000442875 seconds.
  importAddress: GUID: b99aacf904b7147c09de807b3c8f56e5 - Path: Packages/com.unity.xr.arfoundation/Runtime/ARFoundation/DebugMenu/DebugSlider.cs - Importer: ScriptedImporter/UnityEditor.QuickSearchModule:UnityEditor.Search:ASIAI0B
Importing 'GUID: b99aacf904b7147c09de807b3c8f56e5 - Path: Packages/com.unity.xr.arfoundation/Runtime/ARFoundation/DebugMenu/DebugSlider.cs - Importer: ScriptedImporter/UnityEditor.QuickSearchModule:UnityEditor.Search:ASIAI0B' with importer (ScriptedImporter : UnityEditor.QuickSearchModule:UnityEditor.Search:ASIAI0B)
Imported 'GUID: b99aacf904b7147c09de807b3c8f56e5' -> (Import Result ID: '2d8d11433001d556e20629c6d13d5da6') in 0.001 seconds [static and dynamic dependencies]. Details - ImportResultOutputID=04d74d5c0a4b864e2cdbd21a22722633 DependenciesID=d56fa784f5152e9024076fd6467b8c9f StaticDependenciesID=9e020e0ac290433a077d347e868e39b2 
Number of updated asset objects reloaded before import = 0
Number of asset objects unloaded after import = 0
========================================================================
Received Import Request.
  Time of request: 2026-09-01T06:04:47.2068Z
  Time since last request: 0.0012195 seconds.
  importAddress: GUID: dfd0ce20189d48e5b22bb4134b558f5a - Path: Packages/com.unity.xr.arkit/Runtime/Unity.XR.ARKit.asmdef - Importer: ScriptedImporter/UnityEditor.QuickSearchModule:UnityEditor.Search:ASIAI0B
Importing 'GUID: dfd0ce20189d48e5b22bb4134b558f5a - Path: Packages/com.unity.xr.arkit/Runtime/Unity.XR.ARKit.asmdef - Importer: ScriptedImporter/UnityEditor.QuickSearchModule:UnityEditor.Search:ASIAI0B' with importer (ScriptedImporter : UnityEditor.QuickSearchModule:UnityEditor.Search:ASIAI0B)
Imported 'GUID: dfd0ce20189d48e5b22bb4134b558f5a' -> (Import Result ID: 'ee33de547e916cc1dd4b821ff39a7f50') in 0.002 seconds [static and dynamic dependencies]. Details - ImportResultOutputID=3cc580a22cb18c2705b9d8c128b4e03b DependenciesID=6608a3812190a13a176371214f9a6663 StaticDependenciesID=95d593239b22265356469858f46e58ea 
Number of updated asset objects reloaded before import = 0
Number of asset objects unloaded after import = 1
========================================================================
Received Import Request.
  Time of request: 2026-09-01T06:04:47.20992Z
  Time since last request: 0.000524166 seconds.
  importAddress: GUID: 34cb3d9cb3dcf2c479d9c2034853c49e - Path: Packages/com.unity.xr.arfoundation/Runtime/Simulation - Importer: ScriptedImporter/UnityEditor.QuickSearchModule:UnityEditor.Search:ASIAI0B
Importing 'GUID: 34cb3d9cb3dcf2c479d9c2034853c49e - Path: Packages/com.unity.xr.arfoundation/Runtime/Simulation - Importer: ScriptedImporter/UnityEditor.QuickSearchModule:UnityEditor.Search:ASIAI0B' with importer (ScriptedImporter : UnityEditor.QuickSearchModule:UnityEditor.Search:ASIAI0B)
Imported 'GUID: 34cb3d9cb3dcf2c479d9c2034853c49e' -> (Import Result ID: 'c247be738e5ec0cbbbe4065427d4a7c4') in 0.001 seconds [static and dynamic dependencies]. Details - ImportResultOutputID=143091d6a3bf0deba19a5608ecac2c1d DependenciesID=3c9f8844e8b1240d25deed5495fb1936 StaticDependenciesID=a7dbd72251bcfa19acc3e7dc96097742 
Number of updated asset objects reloaded before import = 0
Number of asset objects unloaded after import = 1
========================================================================
Received Import Request.
  Time of request: 2026-09-01T06:04:47.212021Z
  Time since last request: 0.000436792 seconds.
  importAddress: GUID: 357beecef99065242a6f2a17807a553b - Path: Packages/com.unity.xr.arfoundation/Runtime/ARSubsystems/Common/TrackingSubsystem/ITrackable.cs - Importer: ScriptedImporter/UnityEditor.QuickSearchModule:UnityEditor.Search:ASIAI0B
Importing 'GUID: 357beecef99065242a6f2a17807a553b - Path: Packages/com.unity.xr.arfoundation/Runtime/ARSubsystems/Common/TrackingSubsystem/ITrackable.cs - Importer: ScriptedImporter/UnityEditor.QuickSearchModule:UnityEditor.Search:ASIAI0B' with importer (ScriptedImporter : UnityEditor.QuickSearchModule:UnityEditor.Search:ASIAI0B)
Imported 'GUID: 357beecef99065242a6f2a17807a553b' -> (Import Result ID: 'e9de71bba64298f8697055f4ba5df1ef') in 0.001 seconds [static and dynamic dependencies]. Details - ImportResultOutputID=903c6865185b55862ba6cf5e7ae65795 DependenciesID=88f41eabcccffa4d6f52c7be0473ba8c StaticDependenciesID=d24d3992b3a0ba5a1277e7aca1a8ef6e 
Number of updated asset objects reloaded before import = 0
Number of asset objects unloaded after import = 0
========================================================================
Received Import Request.
  Time of request: 2026-09-01T06:04:47.214089Z
  Time since last request: 0.00059625 seconds.
  importAddress: GUID: a49c62393703f0c4c840e5c6bcb83867 - Path: Packages/com.unity.xr.arfoundation/Runtime/Simulation/Plugins/linux/XRSimulationSubsystem.debug - Importer: ScriptedImporter/UnityEditor.QuickSearchModule:UnityEditor.Search:ASIAI0B
Importing 'GUID: a49c62393703f0c4c840e5c6bcb83867 - Path: Packages/com.unity.xr.arfoundation/Runtime/Simulation/Plugins/linux/XRSimulationSubsystem.debug - Importer: ScriptedImporter/UnityEditor.QuickSearchModule:UnityEditor.Search:ASIAI0B' with importer (ScriptedImporter : UnityEditor.QuickSearchModule:UnityEditor.Search:ASIAI0B)
Imported 'GUID: a49c62393703f0c4c840e5c6bcb83867' -> (Import Result ID: 'b670b7be8543440013fd8eca5ffa8d40') in 0.002 seconds [static and dynamic dependencies]. Details - ImportResultOutputID=5765c7bf3089e970516d5181d7211e61 DependenciesID=0eeca4a018d4ea49502133b300c9060f StaticDependenciesID=8c7c3f281ae8bdb494afc967a5b4058e 
Number of updated asset objects reloaded before import = 0
Number of asset objects unloaded after import = 1
========================================================================
Received Import Request.
  Time of request: 2026-09-01T06:04:47.216344Z
  Time since last request: 0.000383875 seconds.
  importAddress: GUID: 4b0f2438e67114da4ac58152a08f3f93 - Path: Packages/com.unity.xr.arfoundation/Runtime/ARFoundation/Camera - Importer: ScriptedImporter/UnityEditor.QuickSearchModule:UnityEditor.Search:ASIAI0B
Importing 'GUID: 4b0f2438e67114da4ac58152a08f3f93 - Path: Packages/com.unity.xr.arfoundation/Runtime/ARFoundation/Camera - Importer: ScriptedImporter/UnityEditor.QuickSearchModule:UnityEditor.Search:ASIAI0B' with importer (ScriptedImporter : UnityEditor.QuickSearchModule:UnityEditor.Search:ASIAI0B)
Imported 'GUID: 4b0f2438e67114da4ac58152a08f3f93' -> (Import Result ID: '5b1c2b34d52b795b3757e3e8dcc5867d') in 0.001 seconds [static and dynamic dependencies]. Details - ImportResultOutputID=3732a8a9c20fba11fd7bf73ecf57fd31 DependenciesID=b5a9001b6ae09d6042acd5e90742e114 StaticDependenciesID=80212b0670bbb6aa56b96bca1832014d 
Number of updated asset objects reloaded before import = 0
Number of asset objects unloaded after import = 1
========================================================================
Received Import Request.
  Time of request: 2026-09-01T06:04:47.218081Z
  Time since last request: 0.000351875 seconds.
  importAddress: GUID: dc68255ffd5e54e389473dc518aabcb0 - Path: Packages/com.unity.xr.arfoundation/Runtime/ARFoundation/Utils - Importer: ScriptedImporter/UnityEditor.QuickSearchModule:UnityEditor.Search:ASIAI0B
Importing 'GUID: dc68255ffd5e54e389473dc518aabcb0 - Path: Packages/com.unity.xr.arfoundation/Runtime/ARFoundation/Utils - Importer: ScriptedImporter/UnityEditor.QuickSearchModule:UnityEditor.Search:ASIAI0B' with importer (ScriptedImporter : UnityEditor.QuickSearchModule:UnityEditor.Search:ASIAI0B)
Imported 'GUID: dc68255ffd5e54e389473dc518aabcb0' -> (Import Result ID: 'db96c5035445981644c7784436a7c9e2') in 0.002 seconds [static and dynamic dependencies]. Details - ImportResultOutputID=98c5c94306648035041c614f42dd6ef8 DependenciesID=c5d244133ba5db5d8a1f29c7202e8079 StaticDependenciesID=7530da71381b29cbdffe124c5adb62af 
Number of updated asset objects reloaded before import = 0
Number of asset objects unloaded after import = 1
========================================================================
Received Import Request.
  Time of request: 2026-09-01T06:04:47.22041Z
  Time since last request: 0.000465459 seconds.
  importAddress: GUID: 6743a50a812740be8c0aa3fccc46fae9 - Path: Packages/com.unity.xr.arkit/Assets/Shaders/ARKitBackgroundAfterOpaques.shader - Importer: ScriptedImporter/UnityEditor.QuickSearchModule:UnityEditor.Search:ASIAI0B
Importing 'GUID: 6743a50a812740be8c0aa3fccc46fae9 - Path: Packages/com.unity.xr.arkit/Assets/Shaders/ARKitBackgroundAfterOpaques.shader - Importer: ScriptedImporter/UnityEditor.QuickSearchModule:UnityEditor.Search:ASIAI0B' with importer (ScriptedImporter : UnityEditor.QuickSearchModule:UnityEditor.Search:ASIAI0B)
Imported 'GUID: 6743a50a812740be8c0aa3fccc46fae9' -> (Import Result ID: '3a13759663faff01ae33361dfa112ceb') in 0.002 seconds [static and dynamic dependencies]. Details - ImportResultOutputID=cb09acd2f9f98261ac7e6b71f00e812e DependenciesID=20958c31adff3f12d428c15855294c24 StaticDependenciesID=dd33fdc4ec1ba114eecfc6ac6d9644f8 
Number of updated asset objects reloaded before import = 0
Number of asset objects unloaded after import = 1
========================================================================
Received Import Request.
  Time of request: 2026-09-01T06:04:47.223219Z
  Time since last request: 0.000505625 seconds.
  importAddress: GUID: 329f488ec6bd4d4e9ac636aa6c5bc189 - Path: Packages/com.unity.xr.arfoundation/Runtime/VisualScripting/Units/Events/MessageListeners/ARHumanBodiesChangedListener.cs - Importer: ScriptedImporter/UnityEditor.QuickSearchModule:UnityEditor.Search:ASIAI0B
Importing 'GUID: 329f488ec6bd4d4e9ac636aa6c5bc189 - Path: Packages/com.unity.xr.arfoundation/Runtime/VisualScripting/Units/Events/MessageListeners/ARHumanBodiesChangedListener.cs - Importer: ScriptedImporter/UnityEditor.QuickSearchModule:UnityEditor.Search:ASIAI0B' with importer (ScriptedImporter : UnityEditor.QuickSearchModule:UnityEditor.Search:ASIAI0B)
Imported 'GUID: 329f488ec6bd4d4e9ac636aa6c5bc189' -> (Import Result ID: '6137e3e77663e0557e1a28ebf193b366') in 0.001 seconds [static and dynamic dependencies]. Details - ImportResultOutputID=ab949240c0f01ca186321d3d57bcc6d5 DependenciesID=ffe8f9ad5afa352cd243895f9a9a3eea StaticDependenciesID=9f28ffe055d8a6d016bb1507d9f660d4 
Number of updated asset objects reloaded before import = 0
Number of asset objects unloaded after import = 0
========================================================================
Received Import Request.
  Time of request: 2026-09-01T06:04:47.225606Z
  Time since last request: 0.000636542 seconds.
  importAddress: GUID: 8e58b3bb0ecf482f8d24cd12b28c1c40 - Path: Packages/com.unity.xr.arkit/Editor/ARKitBuildProcessor.cs - Importer: ScriptedImporter/UnityEditor.QuickSearchModule:UnityEditor.Search:ASIAI0B
Importing 'GUID: 8e58b3bb0ecf482f8d24cd12b28c1c40 - Path: Packages/com.unity.xr.arkit/Editor/ARKitBuildProcessor.cs - Importer: ScriptedImporter/UnityEditor.QuickSearchModule:UnityEditor.Search:ASIAI0B' with importer (ScriptedImporter : UnityEditor.QuickSearchModule:UnityEditor.Search:ASIAI0B)
Imported 'GUID: 8e58b3bb0ecf482f8d24cd12b28c1c40' -> (Import Result ID: 'b0cb458e0f2420eccb671a20ed8a42a3') in 0.002 seconds [static and dynamic dependencies]. Details - ImportResultOutputID=cc8417c2ed6e5bfa87b5bff6b6ea46f5 DependenciesID=62838199674341d545fcbff8e21b052f StaticDependenciesID=dfdd111210209d23c1475127b67491db 
Number of updated asset objects reloaded before import = 0
Number of asset objects unloaded after import = 1
========================================================================
Received Import Request.
  Time of request: 2026-09-01T06:04:47.228137Z
  Time since last request: 0.000397917 seconds.
  importAddress: GUID: 109b1eed01024e2fbdf1b109fff8813c - Path: Packages/com.unity.xr.arfoundation/Runtime/ARSubsystems/Markers/XRSpatialBufferType.cs - Importer: ScriptedImporter/UnityEditor.QuickSearchModule:UnityEditor.Search:ASIAI0B
Importing 'GUID: 109b1eed01024e2fbdf1b109fff8813c - Path: Packages/com.unity.xr.arfoundation/Runtime/ARSubsystems/Markers/XRSpatialBufferType.cs - Importer: ScriptedImporter/UnityEditor.QuickSearchModule:UnityEditor.Search:ASIAI0B' with importer (ScriptedImporter : UnityEditor.QuickSearchModule:UnityEditor.Search:ASIAI0B)
Imported 'GUID: 109b1eed01024e2fbdf1b109fff8813c' -> (Import Result ID: 'b73897735c5b1a24877a1cb6d753c0a0') in 0.001 seconds [static and dynamic dependencies]. Details - ImportResultOutputID=ca67c9885151a5723581100a9bccea06 DependenciesID=087ccb3fd4c0573ead23abff5cf5f12f StaticDependenciesID=5be31d824f36f3a3a6e8aab099494610 
Number of updated asset objects reloaded before import = 0
Number of asset objects unloaded after import = 0
========================================================================
Received Import Request.
  Time of request: 2026-09-01T06:04:47.230434Z
  Time since last request: 0.000424708 seconds.
  importAddress: GUID: 2a91e1f16d3bef84eb6c25e4c6a63fdb - Path: Packages/com.unity.xr.arfoundation/Assets/Prefabs/ARPointCloud.prefab - Importer: ScriptedImporter/UnityEditor.QuickSearchModule:UnityEditor.Search:ASIAI0B
Importing 'GUID: 2a91e1f16d3bef84eb6c25e4c6a63fdb - Path: Packages/com.unity.xr.arfoundation/Assets/Prefabs/ARPointCloud.prefab - Importer: ScriptedImporter/UnityEditor.QuickSearchModule:UnityEditor.Search:ASIAI0B' with importer (ScriptedImporter : UnityEditor.QuickSearchModule:UnityEditor.Search:ASIAI0B)
Imported 'GUID: 2a91e1f16d3bef84eb6c25e4c6a63fdb' -> (Import Result ID: '481e11dae8f2026bf366cb779097dd46') in 0.050 seconds [static and dynamic dependencies]. Details - ImportResultOutputID=03e26f30c5abecf17558609e1d07a669 DependenciesID=45d269e32308671ba069b411623d32cd StaticDependenciesID=c726dfaca6a92181c2990069598e1fda 
Number of updated asset objects reloaded before import = 0
Number of asset objects unloaded after import = 6
========================================================================
Received Import Request.
  Time of request: 2026-09-01T06:04:47.281103Z
  Time since last request: 0.000332625 seconds.
  importAddress: GUID: 864ca89a59879504d8f94a4e6ef5bb30 - Path: Packages/com.unity.xr.arfoundation/Runtime/ARSubsystems/Session - Importer: ScriptedImporter/UnityEditor.QuickSearchModule:UnityEditor.Search:ASIAI0B
Importing 'GUID: 864ca89a59879504d8f94a4e6ef5bb30 - Path: Packages/com.unity.xr.arfoundation/Runtime/ARSubsystems/Session - Importer: ScriptedImporter/UnityEditor.QuickSearchModule:UnityEditor.Search:ASIAI0B' with importer (ScriptedImporter : UnityEditor.QuickSearchModule:UnityEditor.Search:ASIAI0B)
Imported 'GUID: 864ca89a59879504d8f94a4e6ef5bb30' -> (Import Result ID: '4891dbceedd9885ba0830d8f43c4f25c') in 0.002 seconds [static and dynamic dependencies]. Details - ImportResultOutputID=5fcaa16f5b252c5cdd89164a06ff7fcb DependenciesID=41a1ef9629a2de52681fc6a33a294b56 StaticDependenciesID=5c68d716df3c595e9e85461dbae10a29 
Number of updated asset objects reloaded before import = 0
Number of asset objects unloaded after import = 1
========================================================================
Received Import Request.
  Time of request: 2026-09-01T06:04:47.283508Z
  Time since last request: 0.000407 seconds.
  importAddress: GUID: ca647a4b079694d9e9475d9f1e1f035b - Path: Packages/com.unity.xr.arfoundation/Editor/VisualScripting/GetTrackedObjectsUnitDescriptor.cs - Importer: ScriptedImporter/UnityEditor.QuickSearchModule:UnityEditor.Search:ASIAI0B
Importing 'GUID: ca647a4b079694d9e9475d9f1e1f035b - Path: Packages/com.unity.xr.arfoundation/Editor/VisualScripting/GetTrackedObjectsUnitDescriptor.cs - Importer: ScriptedImporter/UnityEditor.QuickSearchModule:UnityEditor.Search:ASIAI0B' with importer (ScriptedImporter : UnityEditor.QuickSearchModule:UnityEditor.Search:ASIAI0B)
Imported 'GUID: ca647a4b079694d9e9475d9f1e1f035b' -> (Import Result ID: '6e8c1de2b74670759cff0cf6442ca65b') in 0.001 seconds [static and dynamic dependencies]. Details - ImportResultOutputID=e9dbab72387e30fbd654d40dea67dc86 DependenciesID=6f6ccc618505e232e3e92a7ac6d9ab34 StaticDependenciesID=27f9f9e5ce9159331f9c65da454a6c88 
Number of updated asset objects reloaded before import = 0
Number of asset objects unloaded after import = 0
========================================================================
Received Import Request.
  Time of request: 2026-09-01T06:04:47.285611Z
  Time since last request: 0.000460709 seconds.
  importAddress: GUID: b8c02549a931427fb127a9a438fe1f17 - Path: Packages/com.unity.xr.arfoundation/Runtime/ARFoundation/Common/TrackingSubsystem/TrackableSpawner/ARNullTrackable.cs - Importer: ScriptedImporter/UnityEditor.QuickSearchModule:UnityEditor.Search:ASIAI0B
Importing 'GUID: b8c02549a931427fb127a9a438fe1f17 - Path: Packages/com.unity.xr.arfoundation/Runtime/ARFoundation/Common/TrackingSubsystem/TrackableSpawner/ARNullTrackable.cs - Importer: ScriptedImporter/UnityEditor.QuickSearchModule:UnityEditor.Search:ASIAI0B' with importer (ScriptedImporter : UnityEditor.QuickSearchModule:UnityEditor.Search:ASIAI0B)
Imported 'GUID: b8c02549a931427fb127a9a438fe1f17' -> (Import Result ID: '2dc8758f2ad5b7922f08542145881ad2') in 0.001 seconds [static and dynamic dependencies]. Details - ImportResultOutputID=06ebce912f74e656ee11e9af81ecac5d DependenciesID=0e3ecf3e89cf6fd77db801735b4f2c7f StaticDependenciesID=b3e70a96eb1ed0b6d505aca410b38a4f 
Number of updated asset objects reloaded before import = 0
Number of asset objects unloaded after import = 0
========================================================================
Received Import Request.
  Time of request: 2026-09-01T06:04:47.287395Z
  Time since last request: 0.000327459 seconds.
  importAddress: GUID: c2d43a954dec49b08bb85a096ea37b90 - Path: Packages/com.unity.xr.arfoundation/Runtime/ARSubsystems/PointClouds/XRDepthSubsystem.deprecated.cs - Importer: ScriptedImporter/UnityEditor.QuickSearchModule:UnityEditor.Search:ASIAI0B
Importing 'GUID: c2d43a954dec49b08bb85a096ea37b90 - Path: Packages/com.unity.xr.arfoundation/Runtime/ARSubsystems/PointClouds/XRDepthSubsystem.deprecated.cs - Importer: ScriptedImporter/UnityEditor.QuickSearchModule:UnityEditor.Search:ASIAI0B' with importer (ScriptedImporter : UnityEditor.QuickSearchModule:UnityEditor.Search:ASIAI0B)
Imported 'GUID: c2d43a954dec49b08bb85a096ea37b90' -> (Import Result ID: 'c0df323a3ac3f2882cfa3daa98235652') in 0.001 seconds [static and dynamic dependencies]. Details - ImportResultOutputID=f8424686a55f635c5cc32a37228f34d3 DependenciesID=1c384530e1b7ee9303d0b8bff11c7019 StaticDependenciesID=cb1521f943b9bba8f19c4887b4184009 
Number of updated asset objects reloaded before import = 0
Number of asset objects unloaded after import = 0
========================================================================
Received Import Request.
  Time of request: 2026-09-01T06:04:47.289397Z
  Time since last request: 0.00052225 seconds.
  importAddress: GUID: 5bfd2d3e7771f401e9cb7e8b0987cfdc - Path: Packages/com.unity.xr.arkit/Runtime/Camera/HighResolutionCpuImagePromise.cs - Importer: ScriptedImporter/UnityEditor.QuickSearchModule:UnityEditor.Search:ASIAI0B
Importing 'GUID: 5bfd2d3e7771f401e9cb7e8b0987cfdc - Path: Packages/com.unity.xr.arkit/Runtime/Camera/HighResolutionCpuImagePromise.cs - Importer: ScriptedImporter/UnityEditor.QuickSearchModule:UnityEditor.Search:ASIAI0B' with importer (ScriptedImporter : UnityEditor.QuickSearchModule:UnityEditor.Search:ASIAI0B)
Imported 'GUID: 5bfd2d3e7771f401e9cb7e8b0987cfdc' -> (Import Result ID: '7508d35867466662f1b68ab3cd9b7832') in 0.002 seconds [static and dynamic dependencies]. Details - ImportResultOutputID=e187321a6a5b940b41c9508dab3ea1e2 DependenciesID=b0a811731cd8fa1da0b4af18b4e12d09 StaticDependenciesID=40964de3d9b1ccc5e0085e019f3128d5 
Number of updated asset objects reloaded before import = 0
Number of asset objects unloaded after import = 0
========================================================================
Received Import Request.
  Time of request: 2026-09-01T06:04:47.292234Z
  Time since last request: 0.000453209 seconds.
  importAddress: GUID: e3fe8b8388be44076b2e27c5d76283c6 - Path: Packages/com.unity.xr.arfoundation/Runtime/ARSubsystems/HumanBodies/XRHumanBodyJoint.cs - Importer: ScriptedImporter/UnityEditor.QuickSearchModule:UnityEditor.Search:ASIAI0B
Importing 'GUID: e3fe8b8388be44076b2e27c5d76283c6 - Path: Packages/com.unity.xr.arfoundation/Runtime/ARSubsystems/HumanBodies/XRHumanBodyJoint.cs - Importer: ScriptedImporter/UnityEditor.QuickSearchModule:UnityEditor.Search:ASIAI0B' with importer (ScriptedImporter : UnityEditor.QuickSearchModule:UnityEditor.Search:ASIAI0B)
Imported 'GUID: e3fe8b8388be44076b2e27c5d76283c6' -> (Import Result ID: '63c4d2609c81e933285ba24bc42719d5') in 0.001 seconds [static and dynamic dependencies]. Details - ImportResultOutputID=6ae44a13f89f1d10063a91fd29d42de0 DependenciesID=19f2307cc18c8e196d63d7b7b2c2a170 StaticDependenciesID=9292be0a72f58908aeee962165a6674e 
Number of updated asset objects reloaded before import = 0
Number of asset objects unloaded after import = 0
========================================================================
Received Import Request.
  Time of request: 2026-09-01T06:04:47.294153Z
  Time since last request: 0.000443083 seconds.
  importAddress: GUID: f78e666a09634f139370c3eb8c8db836 - Path: Packages/com.unity.xr.arfoundation/Tests/Runtime/XRSimulation/SimulationTestSetup.cs - Importer: ScriptedImporter/UnityEditor.QuickSearchModule:UnityEditor.Search:ASIAI0B
Importing 'GUID: f78e666a09634f139370c3eb8c8db836 - Path: Packages/com.unity.xr.arfoundation/Tests/Runtime/XRSimulation/SimulationTestSetup.cs - Importer: ScriptedImporter/UnityEditor.QuickSearchModule:UnityEditor.Search:ASIAI0B' with importer (ScriptedImporter : UnityEditor.QuickSearchModule:UnityEditor.Search:ASIAI0B)
Imported 'GUID: f78e666a09634f139370c3eb8c8db836' -> (Import Result ID: '44998356037b4f78fc709bc4929d2173') in 0.001 seconds [static and dynamic dependencies]. Details - ImportResultOutputID=8ff5208c1c175e4dbdeded08829cdcee DependenciesID=1b29b03782213b58444701884f4dc4fd StaticDependenciesID=d4934c9154158207cbe2d84e30022129 
Number of updated asset objects reloaded before import = 0
Number of asset objects unloaded after import = 0
========================================================================
Received Import Request.
  Time of request: 2026-09-01T06:04:47.2958Z
  Time since last request: 0.000363416 seconds.
  importAddress: GUID: 6a0f6fecac4584b67bb30468a2c016ef - Path: Assets/XR/Settings 1 - Importer: ScriptedImporter/UnityEditor.QuickSearchModule:UnityEditor.Search:ASIAI0B
Importing 'GUID: 6a0f6fecac4584b67bb30468a2c016ef - Path: Assets/XR/Settings 1 - Importer: ScriptedImporter/UnityEditor.QuickSearchModule:UnityEditor.Search:ASIAI0B' with importer (ScriptedImporter : UnityEditor.QuickSearchModule:UnityEditor.Search:ASIAI0B)
Imported 'GUID: 6a0f6fecac4584b67bb30468a2c016ef' -> (Import Result ID: 'eff78f95639d469a48232b2400960ae3') in 0.001 seconds [static and dynamic dependencies]. Details - ImportResultOutputID=1a68436856ef79bbd9e01447b62fd94b DependenciesID=97d286eb047ff8349c386dd2748817b1 StaticDependenciesID=6b250d0cd08510c00ab3fe20e1de431a 
Number of updated asset objects reloaded before import = 0
Number of asset objects unloaded after import = 1
========================================================================
Received Import Request.
  Time of request: 2026-09-01T06:04:47.297363Z
  Time since last request: 0.000389833 seconds.
  importAddress: GUID: 393446da135b40b2ad4d07a9940b6593 - Path: Packages/com.unity.xr.arkit/Editor/AssemblyInfo.cs - Importer: ScriptedImporter/UnityEditor.QuickSearchModule:UnityEditor.Search:ASIAI0B
Importing 'GUID: 393446da135b40b2ad4d07a9940b6593 - Path: Packages/com.unity.xr.arkit/Editor/AssemblyInfo.cs - Importer: ScriptedImporter/UnityEditor.QuickSearchModule:UnityEditor.Search:ASIAI0B' with importer (ScriptedImporter : UnityEditor.QuickSearchModule:UnityEditor.Search:ASIAI0B)
Imported 'GUID: 393446da135b40b2ad4d07a9940b6593' -> (Import Result ID: 'c2ef17a09f09e1e1443b765ccb5cbb15') in 0.001 seconds [static and dynamic dependencies]. Details - ImportResultOutputID=b8cf063a5c9cc60105564066bac6cb6a DependenciesID=bc6baf561c94db3f407bb082054c00f9 StaticDependenciesID=50d0078de1842b5ad79823359ef7f729 
Number of updated asset objects reloaded before import = 0
Number of asset objects unloaded after import = 0
========================================================================
Received Import Request.
  Time of request: 2026-09-01T06:04:47.299021Z
  Time since last request: 0.0003975 seconds.
  importAddress: GUID: da5e530587f7cb04cbc06011d172fb7d - Path: Packages/com.unity.xr.arfoundation/Runtime/ARSubsystems/Input/HandheldARInputDevice.cs - Importer: ScriptedImporter/UnityEditor.QuickSearchModule:UnityEditor.Search:ASIAI0B
Importing 'GUID: da5e530587f7cb04cbc06011d172fb7d - Path: Packages/com.unity.xr.arfoundation/Runtime/ARSubsystems/Input/HandheldARInputDevice.cs - Importer: ScriptedImporter/UnityEditor.QuickSearchModule:UnityEditor.Search:ASIAI0B' with importer (ScriptedImporter : UnityEditor.QuickSearchModule:UnityEditor.Search:ASIAI0B)
Imported 'GUID: da5e530587f7cb04cbc06011d172fb7d' -> (Import Result ID: 'dd1f529c0aff84118a494d184954cdb9') in 0.002 seconds [static and dynamic dependencies]. Details - ImportResultOutputID=6c097ed900e6c424cbdf95a3509d51b9 DependenciesID=b91aa4d541e75051fc4033c88587acf5 StaticDependenciesID=680fce565dd0fdaabb2d681cd31e3fe1 
Number of updated asset objects reloaded before import = 0
Number of asset objects unloaded after import = 0
========================================================================
Received Import Request.
  Time of request: 2026-09-01T06:04:47.301557Z
  Time since last request: 0.000556792 seconds.
  importAddress: GUID: 7c4f957e68d474ce6a952ef2173b6099 - Path: Packages/com.unity.xr.arkit/Runtime/Camera/ARKitWhiteBalanceRange.cs - Importer: ScriptedImporter/UnityEditor.QuickSearchModule:UnityEditor.Search:ASIAI0B
Importing 'GUID: 7c4f957e68d474ce6a952ef2173b6099 - Path: Packages/com.unity.xr.arkit/Runtime/Camera/ARKitWhiteBalanceRange.cs - Importer: ScriptedImporter/UnityEditor.QuickSearchModule:UnityEditor.Search:ASIAI0B' with importer (ScriptedImporter : UnityEditor.QuickSearchModule:UnityEditor.Search:ASIAI0B)
Imported 'GUID: 7c4f957e68d474ce6a952ef2173b6099' -> (Import Result ID: 'e199707f94aa41b2539c0034bf302351') in 0.001 seconds [static and dynamic dependencies]. Details - ImportResultOutputID=beebc59c15e58bc0c3728ff30e7297b8 DependenciesID=bfba53951f02e6c1b5cb967d8d5b0d9a StaticDependenciesID=85bdef7d499ca6ea9af8d2253881de54 
Number of updated asset objects reloaded before import = 0
Number of asset objects unloaded after import = 0
========================================================================
Received Import Request.
  Time of request: 2026-09-01T06:04:47.305381Z
  Time since last request: 0.001865125 seconds.
  importAddress: GUID: 6cc3cab6b4b4f4103aa5a6946f295848 - Path: Packages/com.unity.xr.arfoundation/Editor/ARSubsystems/SerializableGuidUtil.cs - Importer: ScriptedImporter/UnityEditor.QuickSearchModule:UnityEditor.Search:ASIAI0B
Importing 'GUID: 6cc3cab6b4b4f4103aa5a6946f295848 - Path: Packages/com.unity.xr.arfoundation/Editor/ARSubsystems/SerializableGuidUtil.cs - Importer: ScriptedImporter/UnityEditor.QuickSearchModule:UnityEditor.Search:ASIAI0B' with importer (ScriptedImporter : UnityEditor.QuickSearchModule:UnityEditor.Search:ASIAI0B)
Imported 'GUID: 6cc3cab6b4b4f4103aa5a6946f295848' -> (Import Result ID: 'e2c56bbffb907711430d873eec4d57c5') in 0.002 seconds [static and dynamic dependencies]. Details - ImportResultOutputID=3ac79d013184db1c84df79f96b9df440 DependenciesID=39ac73084c7adb64f4bd5d81777543d1 StaticDependenciesID=f94f3ce354b02e7c0cc35c5b92c4c5be 
Number of updated asset objects reloaded before import = 0
Number of asset objects unloaded after import = 0
========================================================================
Received Import Request.
  Time of request: 2026-09-01T06:04:47.308882Z
  Time since last request: 0.001369584 seconds.
  importAddress: GUID: d849a297add04720b454eb5b398a201c - Path: Packages/com.unity.xr.arfoundation/Runtime/ARSubsystems - Importer: ScriptedImporter/UnityEditor.QuickSearchModule:UnityEditor.Search:ASIAI0B
Importing 'GUID: d849a297add04720b454eb5b398a201c - Path: Packages/com.unity.xr.arfoundation/Runtime/ARSubsystems - Importer: ScriptedImporter/UnityEditor.QuickSearchModule:UnityEditor.Search:ASIAI0B' with importer (ScriptedImporter : UnityEditor.QuickSearchModule:UnityEditor.Search:ASIAI0B)
Imported 'GUID: d849a297add04720b454eb5b398a201c' -> (Import Result ID: 'ffe0547983c4d9c537aeff577db57189') in 0.007 seconds [static and dynamic dependencies]. Details - ImportResultOutputID=cf8e3fc7a24fe5860c6deb54ded71801 DependenciesID=0cbb6e511b826333548018ca7d02745c StaticDependenciesID=36ec2a0a3750432996eb6867480eb58a 
Number of updated asset objects reloaded before import = 0
Number of asset objects unloaded after import = 1
========================================================================
Received Import Request.
  Time of request: 2026-09-01T06:04:47.317044Z
  Time since last request: 0.000398125 seconds.
  importAddress: GUID: 87f3250b490f18d498f85044f18389c1 - Path: Packages/com.unity.xr.arfoundation/Runtime/Simulation/Subsystems/Occlusion - Importer: ScriptedImporter/UnityEditor.QuickSearchModule:UnityEditor.Search:ASIAI0B
Importing 'GUID: 87f3250b490f18d498f85044f18389c1 - Path: Packages/com.unity.xr.arfoundation/Runtime/Simulation/Subsystems/Occlusion - Importer: ScriptedImporter/UnityEditor.QuickSearchModule:UnityEditor.Search:ASIAI0B' with importer (ScriptedImporter : UnityEditor.QuickSearchModule:UnityEditor.Search:ASIAI0B)
Imported 'GUID: 87f3250b490f18d498f85044f18389c1' -> (Import Result ID: '88dfa476085d159d3ba19ff8e64ae16b') in 0.002 seconds [static and dynamic dependencies]. Details - ImportResultOutputID=51228099ba9f405e08d8e27f92e9553f DependenciesID=8c6e6dcd174762c1995f74d9d5694d30 StaticDependenciesID=58bbe7750353dd9fca74c47b72d9b28c 
Number of updated asset objects reloaded before import = 0
Number of asset objects unloaded after import = 1
========================================================================
Received Import Request.
  Time of request: 2026-09-01T06:04:47.320342Z
  Time since last request: 0.000831541 seconds.
  importAddress: GUID: 82bf9acf8efd0499a899a072d9eb1e68 - Path: Packages/com.unity.xr.arfoundation/Runtime/ARSubsystems/Faces/XRFaceMesh.cs - Importer: ScriptedImporter/UnityEditor.QuickSearchModule:UnityEditor.Search:ASIAI0B
Importing 'GUID: 82bf9acf8efd0499a899a072d9eb1e68 - Path: Packages/com.unity.xr.arfoundation/Runtime/ARSubsystems/Faces/XRFaceMesh.cs - Importer: ScriptedImporter/UnityEditor.QuickSearchModule:UnityEditor.Search:ASIAI0B' with importer (ScriptedImporter : UnityEditor.QuickSearchModule:UnityEditor.Search:ASIAI0B)
Imported 'GUID: 82bf9acf8efd0499a899a072d9eb1e68' -> (Import Result ID: 'c6db4f7a28d51078b7c2c98f8143155d') in 0.005 seconds [static and dynamic dependencies]. Details - ImportResultOutputID=f3bc40f308c885783cdfcf9d2b4bd54f DependenciesID=80316fb7eaf67ce42e94f3d76a9324ab StaticDependenciesID=f497d9d426f75431db9fb77ee1771132 
Number of updated asset objects reloaded before import = 0
Number of asset objects unloaded after import = 0
========================================================================
Received Import Request.
  Time of request: 2026-09-01T06:04:47.328166Z
  Time since last request: 0.000661167 seconds.
  importAddress: GUID: d89408adbbc2541448b230cb4472ce8f - Path: Packages/com.unity.xr.arfoundation/Runtime/VisualScripting/Units/Events/EventUnits/Deprecated/PlanesChangedEventUnit.deprecated.cs - Importer: ScriptedImporter/UnityEditor.QuickSearchModule:UnityEditor.Search:ASIAI0B
Importing 'GUID: d89408adbbc2541448b230cb4472ce8f - Path: Packages/com.unity.xr.arfoundation/Runtime/VisualScripting/Units/Events/EventUnits/Deprecated/PlanesChangedEventUnit.deprecated.cs - Importer: ScriptedImporter/UnityEditor.QuickSearchModule:UnityEditor.Search:ASIAI0B' with importer (ScriptedImporter : UnityEditor.QuickSearchModule:UnityEditor.Search:ASIAI0B)
Imported 'GUID: d89408adbbc2541448b230cb4472ce8f' -> (Import Result ID: '2a5ec1601704e381aed611f46c3fbe92') in 0.004 seconds [static and dynamic dependencies]. Details - ImportResultOutputID=9065ed187971ca1ee26d8f629e99dac4 DependenciesID=3ba9d3156d4a2f35f54cc32551850073 StaticDependenciesID=82e880585d0c1e6647a05f12bbe7fcd0 
Number of updated asset objects reloaded before import = 0
Number of asset objects unloaded after import = 0
========================================================================
Received Import Request.
  Time of request: 2026-09-01T06:04:47.333378Z
  Time since last request: 0.000441125 seconds.
  importAddress: GUID: 52a8fa5bf9b284f8face038ae393c38d - Path: Packages/com.unity.xr.arkit/Tests/Runtime/CodeSamples/ARKitCameraSubsystemTests.cs - Importer: ScriptedImporter/UnityEditor.QuickSearchModule:UnityEditor.Search:ASIAI0B
Importing 'GUID: 52a8fa5bf9b284f8face038ae393c38d - Path: Packages/com.unity.xr.arkit/Tests/Runtime/CodeSamples/ARKitCameraSubsystemTests.cs - Importer: ScriptedImporter/UnityEditor.QuickSearchModule:UnityEditor.Search:ASIAI0B' with importer (ScriptedImporter : UnityEditor.QuickSearchModule:UnityEditor.Search:ASIAI0B)
Imported 'GUID: 52a8fa5bf9b284f8face038ae393c38d' -> (Import Result ID: '6de43b092960114f1c1ff9877e7f379e') in 0.001 seconds [static and dynamic dependencies]. Details - ImportResultOutputID=7435e0432faab4da9acca087d2ad8260 DependenciesID=0f7de174455a2221e307f2501fa0ecc9 StaticDependenciesID=93c76420ba967104268ad0d8cc366153 
Number of updated asset objects reloaded before import = 0
Number of asset objects unloaded after import = 0
========================================================================
Received Import Request.
  Time of request: 2026-09-01T06:04:47.335173Z
  Time since last request: 0.000220584 seconds.
  importAddress: GUID: a3465b17c8b6e499495e9e20faf3347b - Path: Packages/com.unity.xr.arfoundation/Runtime/InternalUtils/PoseUtils.cs - Importer: ScriptedImporter/UnityEditor.QuickSearchModule:UnityEditor.Search:ASIAI0B
Importing 'GUID: a3465b17c8b6e499495e9e20faf3347b - Path: Packages/com.unity.xr.arfoundation/Runtime/InternalUtils/PoseUtils.cs - Importer: ScriptedImporter/UnityEditor.QuickSearchModule:UnityEditor.Search:ASIAI0B' with importer (ScriptedImporter : UnityEditor.QuickSearchModule:UnityEditor.Search:ASIAI0B)
Imported 'GUID: a3465b17c8b6e499495e9e20faf3347b' -> (Import Result ID: '473757b31b31861b8a192993eff517be') in 0.001 seconds [static and dynamic dependencies]. Details - ImportResultOutputID=f94d995d648b7a5644146c1e0481fe39 DependenciesID=926cd0cbf997827db3687c9cb6334e54 StaticDependenciesID=67ed6c9166ba5803eb8ea87eb20edeb9 
Number of updated asset objects reloaded before import = 0
Number of asset objects unloaded after import = 0
========================================================================
Received Import Request.
  Time of request: 2026-09-01T06:04:47.336985Z
  Time since last request: 0.000290667 seconds.
  importAddress: GUID: 37772415f77fd254c9a9bf93a0f31de2 - Path: Packages/com.unity.xr.arfoundation/Runtime/ARSubsystems/Utils/NativeCopyUtility.cs - Importer: ScriptedImporter/UnityEditor.QuickSearchModule:UnityEditor.Search:ASIAI0B
Importing 'GUID: 37772415f77fd254c9a9bf93a0f31de2 - Path: Packages/com.unity.xr.arfoundation/Runtime/ARSubsystems/Utils/NativeCopyUtility.cs - Importer: ScriptedImporter/UnityEditor.QuickSearchModule:UnityEditor.Search:ASIAI0B' with importer (ScriptedImporter : UnityEditor.QuickSearchModule:UnityEditor.Search:ASIAI0B)
Imported 'GUID: 37772415f77fd254c9a9bf93a0f31de2' -> (Import Result ID: '8cf9d5d7ce2f73716c84ff2d9535226b') in 0.001 seconds [static and dynamic dependencies]. Details - ImportResultOutputID=74a5a1b7308b1a6669d1355346261a6f DependenciesID=941039b5ea536eaac536acd6d3be5e50 StaticDependenciesID=eb816b813df62728293ef6886e7a2e61 
Number of updated asset objects reloaded before import = 0
Number of asset objects unloaded after import = 0
========================================================================
Received Import Request.
  Time of request: 2026-09-01T06:04:47.3391Z
  Time since last request: 0.000729416 seconds.
  importAddress: GUID: 3a555387190414ca883c8012a8fa1800 - Path: Packages/com.unity.xr.arfoundation/Runtime/VisualScripting/Units/Events/MessageListeners/ARCameraManagerListener.cs - Importer: ScriptedImporter/UnityEditor.QuickSearchModule:UnityEditor.Search:ASIAI0B
Importing 'GUID: 3a555387190414ca883c8012a8fa1800 - Path: Packages/com.unity.xr.arfoundation/Runtime/VisualScripting/Units/Events/MessageListeners/ARCameraManagerListener.cs - Importer: ScriptedImporter/UnityEditor.QuickSearchModule:UnityEditor.Search:ASIAI0B' with importer (ScriptedImporter : UnityEditor.QuickSearchModule:UnityEditor.Search:ASIAI0B)
Imported 'GUID: 3a555387190414ca883c8012a8fa1800' -> (Import Result ID: '8f59a5678c15f04c09631c8e671b4b06') in 0.002 seconds [static and dynamic dependencies]. Details - ImportResultOutputID=76d1d066200634e3a39f7938031c90cf DependenciesID=3d02c96d30febd7abf956d3791690219 StaticDependenciesID=213b6048f431eed3ecd333988ad4bcca 
Number of updated asset objects reloaded before import = 0
Number of asset objects unloaded after import = 0
========================================================================
Received Import Request.
  Time of request: 2026-09-01T06:04:47.341985Z
  Time since last request: 0.000557959 seconds.
  importAddress: GUID: 516de25e4e8ff443bafd482bd47f9019 - Path: Packages/com.unity.xr.arfoundation/Editor/Simulation/TrackedImageDiscoveryParamsPropertyDrawer.cs - Importer: ScriptedImporter/UnityEditor.QuickSearchModule:UnityEditor.Search:ASIAI0B
Importing 'GUID: 516de25e4e8ff443bafd482bd47f9019 - Path: Packages/com.unity.xr.arfoundation/Editor/Simulation/TrackedImageDiscoveryParamsPropertyDrawer.cs - Importer: ScriptedImporter/UnityEditor.QuickSearchModule:UnityEditor.Search:ASIAI0B' with importer (ScriptedImporter : UnityEditor.QuickSearchModule:UnityEditor.Search:ASIAI0B)
Imported 'GUID: 516de25e4e8ff443bafd482bd47f9019' -> (Import Result ID: '6e7890f6d07dea0113a7eda106e5b3e7') in 0.001 seconds [static and dynamic dependencies]. Details - ImportResultOutputID=82a9b78f314e83ff0e4af46830879387 DependenciesID=71ae3f876246b7f6ab29e49b4876bb6b StaticDependenciesID=bfca1bbe671185c469f17a90bda5dd1c 
Number of updated asset objects reloaded before import = 0
Number of asset objects unloaded after import = 0
========================================================================
Received Import Request.
  Time of request: 2026-09-01T06:04:47.344234Z
  Time since last request: 0.000313 seconds.
  importAddress: GUID: 72a0c287fbeb4e7eb82728d37fb5e04d - Path: Packages/com.unity.xr.arfoundation/Runtime/VisualScripting/Units/Events/MessageListeners/ARAnchorsChangedListener.cs - Importer: ScriptedImporter/UnityEditor.QuickSearchModule:UnityEditor.Search:ASIAI0B
Importing 'GUID: 72a0c287fbeb4e7eb82728d37fb5e04d - Path: Packages/com.unity.xr.arfoundation/Runtime/VisualScripting/Units/Events/MessageListeners/ARAnchorsChangedListener.cs - Importer: ScriptedImporter/UnityEditor.QuickSearchModule:UnityEditor.Search:ASIAI0B' with importer (ScriptedImporter : UnityEditor.QuickSearchModule:UnityEditor.Search:ASIAI0B)
Imported 'GUID: 72a0c287fbeb4e7eb82728d37fb5e04d' -> (Import Result ID: '76de344dad30cc4990a057f487954cc1') in 0.001 seconds [static and dynamic dependencies]. Details - ImportResultOutputID=c5b5860ce6e55cec08c78de6410ed380 DependenciesID=7120a8dac7fc11709698089ad6772922 StaticDependenciesID=d9f4c9ad3959fa4802589a871a1a65b9 
Number of updated asset objects reloaded before import = 0
Number of asset objects unloaded after import = 0
========================================================================
Received Prepare
AcceleratorClientConnectionCallback - disconnected - :0
WARNING: Shader Unsupported: 'Hidden/Simulation/URP/Synthetic' - All subshaders removed
WARNING: Shader Did you use #pragma only_renderers and omit this platform?
WARNING: Shader If subshaders removal was intentional, you may have forgotten turning Fallback off?
WARNING: Shader Unsupported: 'Simulation/URP/Room X-Ray' - All subshaders removed
WARNING: Shader Did you use #pragma only_renderers and omit this platform?
WARNING: Shader If subshaders removal was intentional, you may have forgotten turning Fallback off?
WARNING: Shader Unsupported: 'Simulation/Standard Lit' - All subshaders removed
WARNING: Shader Did you use #pragma only_renderers and omit this platform?
WARNING: Shader If subshaders removal was intentional, you may have forgotten turning Fallback off?
WARNING: Shader Unsupported: 'Simulation/URP/Lit' - All subshaders removed
WARNING: Shader Did you use #pragma only_renderers and omit this platform?
WARNING: Shader If subshaders removal was intentional, you may have forgotten turning Fallback off?
WARNING: Shader Unsupported: 'Hidden/Simulation/Synthetic Lit' - All subshaders removed
WARNING: Shader Did you use #pragma only_renderers and omit this platform?
WARNING: Shader If subshaders removal was intentional, you may have forgotten turning Fallback off?
WARNING: Shader Unsupported: 'Simulation/Room X-Ray' - All subshaders removed
WARNING: Shader Did you use #pragma only_renderers and omit this platform?
WARNING: Shader If subshaders removal was intentional, you may have forgotten turning Fallback off?
Unloading 6 Unused Serialized files (Serialized files now loaded: 0)
Unloading 402 unused Assets / (502.4 KB). Loaded Objects now: 6093.
Memory consumption went from 139.7 MB to 139.2 MB.
Total: 17.730583 ms (FindLiveObjects: 2.786625 ms CreateObjectMapping: 0.710041 ms MarkObjects: 13.199250 ms  DeleteObjects: 1.034416 ms)

Prepare: number of updated asset objects reloaded= 0
========================================================================
Received Prepare
AcceleratorClientConnectionCallback - disconnected - :0
WARNING: Shader Unsupported: 'Hidden/Simulation/URP/Synthetic' - All subshaders removed
WARNING: Shader Did you use #pragma only_renderers and omit this platform?
WARNING: Shader If subshaders removal was intentional, you may have forgotten turning Fallback off?
WARNING: Shader Unsupported: 'Simulation/URP/Room X-Ray' - All subshaders removed
WARNING: Shader Did you use #pragma only_renderers and omit this platform?
WARNING: Shader If subshaders removal was intentional, you may have forgotten turning Fallback off?
WARNING: Shader Unsupported: 'Simulation/Standard Lit' - All subshaders removed
WARNING: Shader Did you use #pragma only_renderers and omit this platform?
WARNING: Shader If subshaders removal was intentional, you may have forgotten turning Fallback off?
WARNING: Shader Unsupported: 'Simulation/URP/Lit' - All subshaders removed
WARNING: Shader Did you use #pragma only_renderers and omit this platform?
WARNING: Shader If subshaders removal was intentional, you may have forgotten turning Fallback off?
WARNING: Shader Unsupported: 'Hidden/Simulation/Synthetic Lit' - All subshaders removed
WARNING: Shader Did you use #pragma only_renderers and omit this platform?
WARNING: Shader If subshaders removal was intentional, you may have forgotten turning Fallback off?
WARNING: Shader Unsupported: 'Simulation/Room X-Ray' - All subshaders removed
WARNING: Shader Did you use #pragma only_renderers and omit this platform?
WARNING: Shader If subshaders removal was intentional, you may have forgotten turning Fallback off?
Unloading 6 Unused Serialized files (Serialized files now loaded: 0)
Unloading 6 unused Assets / (344.3 KB). Loaded Objects now: 6093.
Memory consumption went from 138.6 MB to 138.3 MB.
Total: 6.980833 ms (FindLiveObjects: 0.242791 ms CreateObjectMapping: 0.482625 ms MarkObjects: 6.050708 ms  DeleteObjects: 0.204333 ms)

Prepare: number of updated asset objects reloaded= 0
AssetImportWorkerClient::OnTransportError - code=2 error=End of file
