Unity Editor version:    6000.5.9f1 (b57deb96f08d)
Branch:                  6000.5/staging
Build type:              Release
Batch mode:              YES
macOS version:           Version 26.6.2 (Build 25G83)
Darwin version:          25.6.0
Architecture:            arm64
Running under Rosetta:   NO
Available memory:        16384 MB
Date:                    2026-09-01T06:19:47Z
[Licensing::Module] Trying to connect to existing licensing client channel...
[Licensing::IpcConnector] Successfully connected to: "LicenseClient-raghavarun" at "2026-09-01T06:19:47.577759Z"

COMMAND LINE ARGUMENTS:
/Applications/Unity/Hub/Editor/6000.5.9f1/Unity.app/Contents/MacOS/Unity
-adb2
-batchMode
-noUpm
-name
AssetImportWorkerHW0
-projectPath
/Users/raghavarun/FirstCardboardExperience
-logFile
Logs/AssetImportWorkerHW0.log
-srvPort
50239
-parentPid
14187
-analyticsCloudUserId
anonymous
-analyticsCloudProjectId
d35c4c8e-6878-458c-acd3-1c87f775f9e6
-analyticsLocalProjectId
7c210cdf8058f4333be6ec4abf868883
-editorAnalyticsEnabled
1
-cbmEditorLicense
8a479e30f61be197078c3bde9e2185f7623b18f7
-cbmMachineId
fkxImH8ZEJHnkoR+254FxgJakgw=
-licensingIpc
LicenseClient-raghavarun
-noDiagnosticSwitchPersistentStore
-job-worker-count
3
-background-job-worker-count
8
-asset-garbage-collectors
1
-force-metal
-name AssetImport
Successfully changed project path to: /Users/raghavarun/FirstCardboardExperience
/Users/raghavarun/FirstCardboardExperience
[UnityMemory] Configuration Parameters - Can be set up in boot.config
    "memorysetup-temp-allocator-size-gi-baking-worker=262144"
    "memorysetup-temp-allocator-size-gi-baking-worker=262144"
    "memorysetup-temp-allocator-size-gi-baking-worker=262144"
    "memorysetup-temp-allocator-size-gi-baking-worker=262144"
    "memorysetup-temp-allocator-size-gi-baking-worker=262144"
    "memorysetup-temp-allocator-size-nav-mesh-worker=65536"
    "memorysetup-temp-allocator-size-audio-worker=65536"
    "memorysetup-temp-allocator-size-cloud-worker=32768"
    "memorysetup-allocator-temp-initial-block-size-main=262144"
    "memorysetup-allocator-temp-initial-block-size-worker=262144"
    "memorysetup-temp-allocator-size-preload-manager=33554432"
    "memorysetup-remapper-allocator-initial-capacity=32768"
    "memorysetup-temp-allocator-size-gfx=262144"
    "memorysetup-temp-allocator-size-background-worker=32768"
    "memorysetup-temp-allocator-size-job-worker=262144"
    "memorysetup-bucket-allocator-granularity=16"
    "memorysetup-bucket-allocator-bucket-count=8"
    "memorysetup-bucket-allocator-block-size=33554432"
    "memorysetup-bucket-allocator-block-count=8"
    "memorysetup-main-allocator-block-size=16777216"
    "memorysetup-thread-allocator-block-size=16777216"
    "memorysetup-main-allocator-mimalloc-enabled=0"
    "memorysetup-gfx-main-allocator-block-size=16777216"
    "memorysetup-gfx-thread-allocator-block-size=16777216"
    "memorysetup-cache-allocator-block-size=4194304"
    "memorysetup-typetree-allocator-block-size=2097152"
    "memorysetup-profiler-bucket-allocator-granularity=16"
    "memorysetup-profiler-bucket-allocator-bucket-count=8"
    "memorysetup-profiler-bucket-allocator-block-size=33554432"
    "memorysetup-profiler-bucket-allocator-block-count=8"
    "memorysetup-profiler-allocator-block-size=16777216"
    "memorysetup-profiler-editor-allocator-block-size=1048576"
    "memorysetup-temp-allocator-size-main=16777216"
    "memorysetup-job-temp-allocator-block-size=2097152"
    "memorysetup-job-temp-allocator-block-size-background=1048576"
    "memorysetup-job-temp-allocator-reduction-small-platforms=262144"
Player connection [8383504768]  Target information:

Player connection [8383504768]  * "[IP] 192.168.1.245 [Port] 0 [Flags] 2 [Guid] 428482780 [EditorId] 428482780 [Version] 1048832 [Id] OSXEditor(0,Raghavs-MacBook-Air-6.local) [Debug] 1 [PackageName] OSXEditor [ProjectName] Editor" 

Player connection [8383504768]  * "[IP] 169.254.95.242 [Port] 0 [Flags] 2 [Guid] 428482780 [EditorId] 428482780 [Version] 1048832 [Id] OSXEditor(0,Raghavs-MacBook-Air-6.local) [Debug] 1 [PackageName] OSXEditor [ProjectName] Editor" 

Player connection [8383504768] Host joined multi-casting on [225.0.0.222:54997]...
Player connection [8383504768] Host joined alternative multi-casting on [225.0.0.222:34997]...
JobSystem: Creating JobQueue using job-worker-count value 3
Input System module state changed to: Initialized.
[Physics::Module] Initialized fallback backend.
[Physics::Module] Id: 0xdecafbad
Library Redirect Path: Library/
[Physics::Module] Selected backend.
[Physics::Module] Name: PhysX
[Physics::Module] Id: 0xf2b8ea05
[Physics::Module] SDK Version: 4.1.2
[Physics::Module] Integration Version: 1.0.0
[Physics::Module] Threading Mode: Multi-Threaded
[Licensing::Module] Licensing is not yet initialized.
[Licensing::Client] Error: HandshakeResponse reported an error:
	ResponseCode: 505
	ResponseStatus: Unsupported protocol version '1.18.3'.
[Licensing::Module] Error: Failed to handshake to channel: "LicenseClient-raghavarun"
[Licensing::IpcConnector] LicenseClient-raghavarun channel disconnected successfully.
[Licensing::IpcConnector] Successfully connected to: "LicenseClient-raghavarun-6000.5.9" at "2026-09-01T06:19:48.036439Z"
[Licensing::Client] Handshaking with LicensingClient:
  Version:                 1.18.3+d7ffd15
  Session Id:              c0a5ece0a2654291b720f57bdd064573
  Correlation Id:          a458a8bfd822da1fcde1611dad7561eb
  External correlation Id: 7185893083941698877
  Machine Id:              fkxImH8ZEJHnkoR+254FxgJakgw=
[Licensing::Module] Successfully connected to LicensingClient on channel: "LicenseClient-raghavarun-6000.5.9" (connect: 0.00s, validation: 0.00s, handshake: 0.31s)
[Licensing::IpcConnector] Successfully connected to: "LicenseClient-raghavarun-6000.5.9-notifications" at "2026-09-01T06:19:48.353009Z"
[Licensing::Module] Licensing Background thread has ended after 0.78s
[Licensing::Module] Licensing is initialized (took 0.34s).
[Licensing::Client] Successfully resolved entitlement details
[Licensing::Module] License group:
  Id: 2476031991391-UnityPersXXXX
  Product: Unity Personal
  Type: Assigned
  Expiration: Unlimited
Initialize engine version: 6000.5.9f1 (b57deb96f08d)
[Subsystems] Discovering subsystems at path /Applications/Unity/Hub/Editor/6000.5.9f1/Unity.app/Contents/Resources/UnitySubsystems
[Subsystems] Discovering subsystems at path /Users/raghavarun/FirstCardboardExperience/Assets
Forcing GfxDevice: Metal
GfxDevice: creating device client; kGfxThreadingModeNonThreaded
 preferred device: Apple M2 (high power)
Metal devices available: 1
0: Apple M2 (high power)
Using device Apple M2 (high power)
Initializing Metal device caps: Apple M2
Mac GPU Family: 2
Apple GPU Family: 8
MSL Version: 3.0
Has Float MSAA: 1
Has Float Filtering: 1
ReadWrite Texture Tier: 2
Initialize mono
Mono path[0] = '/Applications/Unity/Hub/Editor/6000.5.9f1/Unity.app/Contents/Resources/Scripting/Managed'
Mono path[1] = '/Applications/Unity/Hub/Editor/6000.5.9f1/Unity.app/Contents/Resources/Scripting/BCLExtensions/runtime/netstandard2.1'
Mono path[2] = '/Applications/Unity/Hub/Editor/6000.5.9f1/Unity.app/Contents/Resources/Scripting/MonoBleedingEdge/lib/mono/unityjit-macos'
Mono config path = '/Applications/Unity/Hub/Editor/6000.5.9f1/Unity.app/Contents/Resources/Scripting/MonoBleedingEdge/etc'
Using monoOptions --debugger-agent=transport=dt_socket,embedding=1,server=y,suspend=n,address=127.0.0.1:56251
CodeReloadManager initialized
Begin MonoManager ReloadAssembly
Registering precompiled unity dll's ...
Register platform support module: /Applications/Unity/Hub/Editor/6000.5.9f1/PlaybackEngines/WebGLSupport/UnityEditor.WebGL.Extensions.dll
Register platform support module: /Applications/Unity/Hub/Editor/6000.5.9f1/PlaybackEngines/MacStandaloneSupport/UnityEditor.OSXStandalone.Extensions.dll
[Licensing::Client] Successfully resolved entitlement details
Register platform support module: /Applications/Unity/Hub/Editor/6000.5.9f1/PlaybackEngines/AndroidPlayer/UnityEditor.Android.Extensions.dll
Register platform support module: /Applications/Unity/Hub/Editor/6000.5.9f1/PlaybackEngines/iOSSupport/UnityEditor.iOS.Extensions.dll
Registered in 0.001969 seconds.
[usbmuxd] Start listen thread
[usbmuxd] Listen thread started
[usbmuxd] Send listen message
Native extension for iOS target not found
[usbmuxd] Attached: 1 00008150-001110A60E62401C
Native extension for Android target not found
Native extension for OSXStandalone target not found
Native extension for WebGL target not found
Package Manager log level set to [2]
[Package Manager] Failed to launch server process. Reason: Unity was launched with the -noUpm command-line argument
[Package Manager] Unable to send message (not connected to server process).
[Package Manager] Cannot connect to Unity Package Manager local server
ScheduleIndexationOnStartup MainProcess:False IndexOnStartup:True
Mono: successfully reloaded assembly
- Finished resetting the current domain, in  0.848 seconds
Domain Reload Profiling: 1161ms
	BeginReloadAssembly (60ms)
	RebuildCommonClasses (3ms)
	RebuildNativeTypeToScriptingClass (13ms)
	initialDomainReloadingComplete (38ms)
	LoadAllAssembliesAndSetupDomain (199ms)
		LoadAssemblies (60ms)
		AnalyzeDomain (151ms)
			TypeCache.Refresh (150ms)
				TypeCache.ScanAssembly (137ms)
	FinalizeReload (848ms)
		SetupLoadedEditorAssemblies (0ms)
			InitializePlatformSupportModulesInManaged (237ms)
			BeforeProcessingInitializeOnLoad (60ms)
			ProcessInitializeOnLoadAttributes (65ms)
			ProcessInitializeOnLoadMethodAttributes (433ms)
Initializing Unity extensions:
[Licensing::Client] Successfully resolved entitlement details
[CoreBusinessMetrics] Unexpected thread when updating session info.
Curl error 3: URL rejected: Error
[CoreBusinessMetrics] Unexpected thread when updating session info.
========================================================================
Worker process is ready to serve import requests
Import Worker Mode flag is 0x00
Begin MonoManager ReloadAssembly
Native extension for iOS target not found
Native extension for Android target not found
Native extension for OSXStandalone target not found
Native extension for WebGL target not found
[Package Manager] Failed to launch server process. Reason: Unity was launched with the -noUpm command-line argument
[Package Manager] Unable to send message (not connected to server process).
[Package Manager] Cannot connect to Unity Package Manager local server
[Package Manager] Failed to launch server process. Reason: Unity was launched with the -noUpm command-line argument
[Package Manager] Unable to send message (not connected to server process).
[Package Manager] Cannot connect to Unity Package Manager local server
ScheduleIndexationOnStartup MainProcess:False IndexOnStartup:True
Mono: successfully reloaded assembly
[Package Manager] Failed to launch server process. Reason: Unity was launched with the -noUpm command-line argument
[Package Manager] Unable to send message (not connected to server process).
[Package Manager] Cannot connect to Unity Package Manager local server
[Package Manager] Failed to launch server process. Reason: Unity was launched with the -noUpm command-line argument
[Package Manager] Unable to send message (not connected to server process).
[Package Manager] Cannot connect to Unity Package Manager local server
- Finished resetting the current domain, in  0.442 seconds
Domain Reload Profiling: 920ms
	BeginReloadAssembly (92ms)
		DisableScriptedObjects (6ms)
		CreateAndSetChildDomain (15ms)
	RebuildCommonClasses (6ms)
	RebuildNativeTypeToScriptingClass (13ms)
	initialDomainReloadingComplete (25ms)
	LoadAllAssembliesAndSetupDomain (341ms)
		LoadAssemblies (145ms)
		AnalyzeDomain (164ms)
			TypeCache.Refresh (129ms)
				TypeCache.ScanAssembly (114ms)
			BuildScriptInfoCaches (31ms)
	FinalizeReload (443ms)
		SetupLoadedEditorAssemblies (0ms)
			InitializePlatformSupportModulesInManaged (10ms)
			BeforeProcessingInitializeOnLoad (58ms)
			ProcessInitializeOnLoadAttributes (189ms)
			ProcessInitializeOnLoadMethodAttributes (51ms)
		AwakeInstancesAfterBackupRestoration (4ms)
AcceleratorClientConnectionCallback - disconnected - :0
WARNING: Shader Unsupported: 'Hidden/Simulation/URP/Synthetic' - All subshaders removed
WARNING: Shader Did you use #pragma only_renderers and omit this platform?
WARNING: Shader If subshaders removal was intentional, you may have forgotten turning Fallback off?
WARNING: Shader Unsupported: 'Simulation/URP/Room X-Ray' - All subshaders removed
WARNING: Shader Did you use #pragma only_renderers and omit this platform?
WARNING: Shader If subshaders removal was intentional, you may have forgotten turning Fallback off?
WARNING: Shader Unsupported: 'Simulation/Standard Lit' - All subshaders removed
WARNING: Shader Did you use #pragma only_renderers and omit this platform?
WARNING: Shader If subshaders removal was intentional, you may have forgotten turning Fallback off?
WARNING: Shader Unsupported: 'Simulation/URP/Lit' - All subshaders removed
WARNING: Shader Did you use #pragma only_renderers and omit this platform?
WARNING: Shader If subshaders removal was intentional, you may have forgotten turning Fallback off?
WARNING: Shader Unsupported: 'Hidden/Simulation/Synthetic Lit' - All subshaders removed
WARNING: Shader Did you use #pragma only_renderers and omit this platform?
WARNING: Shader If subshaders removal was intentional, you may have forgotten turning Fallback off?
WARNING: Shader Unsupported: 'Simulation/Room X-Ray' - All subshaders removed
WARNING: Shader Did you use #pragma only_renderers and omit this platform?
WARNING: Shader If subshaders removal was intentional, you may have forgotten turning Fallback off?
Launching external process: /Applications/Unity/Hub/Editor/6000.5.9f1/Unity.app/Contents/Helpers/UnityShaderCompiler
Launched and connected shader compiler UnityShaderCompiler after 0.04 seconds
Unloading 6 Unused Serialized files (Serialized files now loaded: 0)
Curl error 3: URL rejected: Error
Unloading 5311 unused Assets / (3.4 MB). Loaded Objects now: 6089.
Memory consumption went from 141.4 MB to 138.0 MB.
Total: 8.311125 ms (FindLiveObjects: 0.455083 ms CreateObjectMapping: 1.260209 ms MarkObjects: 4.880209 ms  DeleteObjects: 1.713625 ms)

========================================================================
Received Import Request.
  Time of request: 2026-09-01T06:19:51.483037Z
  Time since last request: 2540.25227945799998 seconds.
  importAddress: GUID: e3a635070bf20456495555370f0d506c - Path: Packages/com.unity.xr.arkit/Tests/Runtime/Unity.XR.ARKit.Runtime.Tests.asmdef - Importer: ScriptedImporter/UnityEditor.QuickSearchModule:UnityEditor.Search:ASIAI0B
Importing 'GUID: e3a635070bf20456495555370f0d506c - Path: Packages/com.unity.xr.arkit/Tests/Runtime/Unity.XR.ARKit.Runtime.Tests.asmdef - Importer: ScriptedImporter/UnityEditor.QuickSearchModule:UnityEditor.Search:ASIAI0B' with importer (ScriptedImporter : UnityEditor.QuickSearchModule:UnityEditor.Search:ASIAI0B)
Imported 'GUID: e3a635070bf20456495555370f0d506c' -> (Import Result ID: '6f15c6d47ecfb54c1dc59120682d1f0a') in 0.040 seconds [static and dynamic dependencies]. Details - ImportResultOutputID=82f956b70f6710810f43e1cab2893240 DependenciesID=59d664281bc4a09bddaa8ad3fb5d3c13 StaticDependenciesID=6b3ab18464aba2fc51a7d3d258e15429 
Number of updated asset objects reloaded before import = 0
Number of asset objects unloaded after import = 1
========================================================================
Received Import Request.
  Time of request: 2026-09-01T06:19:51.525146Z
  Time since last request: 0.000905791 seconds.
  importAddress: GUID: f736048025e2ae5408431ca8674b0f52 - Path: Packages/com.unity.xr.arfoundation/Editor/Simulation/Rendering/BaseShaderGUI.cs - Importer: ScriptedImporter/UnityEditor.QuickSearchModule:UnityEditor.Search:ASIAI0B
Importing 'GUID: f736048025e2ae5408431ca8674b0f52 - Path: Packages/com.unity.xr.arfoundation/Editor/Simulation/Rendering/BaseShaderGUI.cs - Importer: ScriptedImporter/UnityEditor.QuickSearchModule:UnityEditor.Search:ASIAI0B' with importer (ScriptedImporter : UnityEditor.QuickSearchModule:UnityEditor.Search:ASIAI0B)
Imported 'GUID: f736048025e2ae5408431ca8674b0f52' -> (Import Result ID: '359a96d97ccaa3fffc0d3b419fd97a91') in 0.014 seconds [static and dynamic dependencies]. Details - ImportResultOutputID=dd2b4f631d81d2ed2595911045550b9c DependenciesID=c35d18fd38e40548362cc9200d96beaf StaticDependenciesID=3794af57e4b2e51904708a049448cf41 
Number of updated asset objects reloaded before import = 0
Number of asset objects unloaded after import = 0
========================================================================
Received Import Request.
  Time of request: 2026-09-01T06:19:51.540275Z
  Time since last request: 0.000836875 seconds.
  importAddress: GUID: 604d6bd5e44984e33ae98099b5637b26 - Path: Packages/com.unity.xr.arfoundation/Runtime/ARFoundation/Deprecated/ARParticipantsChangedEventArgs.deprecated.cs - Importer: ScriptedImporter/UnityEditor.QuickSearchModule:UnityEditor.Search:ASIAI0B
Importing 'GUID: 604d6bd5e44984e33ae98099b5637b26 - Path: Packages/com.unity.xr.arfoundation/Runtime/ARFoundation/Deprecated/ARParticipantsChangedEventArgs.deprecated.cs - Importer: ScriptedImporter/UnityEditor.QuickSearchModule:UnityEditor.Search:ASIAI0B' with importer (ScriptedImporter : UnityEditor.QuickSearchModule:UnityEditor.Search:ASIAI0B)
Imported 'GUID: 604d6bd5e44984e33ae98099b5637b26' -> (Import Result ID: 'a60284a59733bc923807ea374f36d872') in 0.002 seconds [static and dynamic dependencies]. Details - ImportResultOutputID=8ce4d58eeb93aae6285019615e79cbcd DependenciesID=eff28f34ca26a821e253626814750df6 StaticDependenciesID=a0147544c39cf90f2f9c459d69d1eef1 
Number of updated asset objects reloaded before import = 0
Number of asset objects unloaded after import = 0
========================================================================
Received Import Request.
  Time of request: 2026-09-01T06:19:51.543861Z
  Time since last request: 0.000679875 seconds.
  importAddress: GUID: bdd7b27fc8fb44e31a5e40525abe4a4e - Path: Packages/com.unity.xr.arfoundation/Runtime/VisualScripting/Units/GetAnchorsUnit.cs - Importer: ScriptedImporter/UnityEditor.QuickSearchModule:UnityEditor.Search:ASIAI0B
Importing 'GUID: bdd7b27fc8fb44e31a5e40525abe4a4e - Path: Packages/com.unity.xr.arfoundation/Runtime/VisualScripting/Units/GetAnchorsUnit.cs - Importer: ScriptedImporter/UnityEditor.QuickSearchModule:UnityEditor.Search:ASIAI0B' with importer (ScriptedImporter : UnityEditor.QuickSearchModule:UnityEditor.Search:ASIAI0B)
Imported 'GUID: bdd7b27fc8fb44e31a5e40525abe4a4e' -> (Import Result ID: '6573749b9511058d46d0bc780de4b0f1') in 0.004 seconds [static and dynamic dependencies]. Details - ImportResultOutputID=a0531cfef935748febcc77fd96bc1f26 DependenciesID=ffae376900500e4f67b06775cb0c77c7 StaticDependenciesID=9bca63e0d066570cc4e82c61aaa74522 
Number of updated asset objects reloaded before import = 0
Number of asset objects unloaded after import = 0
========================================================================
Received Import Request.
  Time of request: 2026-09-01T06:19:51.548401Z
  Time since last request: 0.000543792 seconds.
  importAddress: GUID: 75a2d295763d349babf17e918877f94a - Path: Packages/com.unity.xr.arfoundation/Runtime/VisualScripting/Units/Events/EventUnits/Deprecated/TrackedImagesChangedEventUnit.deprecated.cs - Importer: ScriptedImporter/UnityEditor.QuickSearchModule:UnityEditor.Search:ASIAI0B
Importing 'GUID: 75a2d295763d349babf17e918877f94a - Path: Packages/com.unity.xr.arfoundation/Runtime/VisualScripting/Units/Events/EventUnits/Deprecated/TrackedImagesChangedEventUnit.deprecated.cs - Importer: ScriptedImporter/UnityEditor.QuickSearchModule:UnityEditor.Search:ASIAI0B' with importer (ScriptedImporter : UnityEditor.QuickSearchModule:UnityEditor.Search:ASIAI0B)
Imported 'GUID: 75a2d295763d349babf17e918877f94a' -> (Import Result ID: '4ae071bcd4695ef64d421fa72d8fa208') in 0.003 seconds [static and dynamic dependencies]. Details - ImportResultOutputID=e9473a369d973282a49117617ef2dde3 DependenciesID=586b67a9ee71cffc6156065233021113 StaticDependenciesID=a87e2b0a70b84a277098c704e88c2f90 
Number of updated asset objects reloaded before import = 0
Number of asset objects unloaded after import = 0
========================================================================
Received Import Request.
  Time of request: 2026-09-01T06:19:51.552867Z
  Time since last request: 0.000826083 seconds.
  importAddress: GUID: 2d86d46637c3c40b7bce4fdaaa2c4765 - Path: Packages/com.unity.xr.arfoundation/Runtime/Simulation/Subsystems/PointCloud/PointCloudRaycaster.cs - Importer: ScriptedImporter/UnityEditor.QuickSearchModule:UnityEditor.Search:ASIAI0B
Importing 'GUID: 2d86d46637c3c40b7bce4fdaaa2c4765 - Path: Packages/com.unity.xr.arfoundation/Runtime/Simulation/Subsystems/PointCloud/PointCloudRaycaster.cs - Importer: ScriptedImporter/UnityEditor.QuickSearchModule:UnityEditor.Search:ASIAI0B' with importer (ScriptedImporter : UnityEditor.QuickSearchModule:UnityEditor.Search:ASIAI0B)
Imported 'GUID: 2d86d46637c3c40b7bce4fdaaa2c4765' -> (Import Result ID: '562ce52b2657e6365a3944f7c5220204') in 0.003 seconds [static and dynamic dependencies]. Details - ImportResultOutputID=7988dd2c499a31e41dd05713f00cf9f1 DependenciesID=d7f02699228b65e486a314888563dbb0 StaticDependenciesID=f74df4dc318a82884a42c8486e150a46 
Number of updated asset objects reloaded before import = 0
Number of asset objects unloaded after import = 0
========================================================================
Received Import Request.
  Time of request: 2026-09-01T06:19:51.557461Z
  Time since last request: 0.000691375 seconds.
  importAddress: GUID: e97c4af3e77134d4c91ede2143dbe17e - Path: Packages/com.unity.xr.arfoundation/Runtime/Simulation/Subsystems/CpuImage/SimulationPlatformInterface.cs - Importer: ScriptedImporter/UnityEditor.QuickSearchModule:UnityEditor.Search:ASIAI0B
Importing 'GUID: e97c4af3e77134d4c91ede2143dbe17e - Path: Packages/com.unity.xr.arfoundation/Runtime/Simulation/Subsystems/CpuImage/SimulationPlatformInterface.cs - Importer: ScriptedImporter/UnityEditor.QuickSearchModule:UnityEditor.Search:ASIAI0B' with importer (ScriptedImporter : UnityEditor.QuickSearchModule:UnityEditor.Search:ASIAI0B)
Imported 'GUID: e97c4af3e77134d4c91ede2143dbe17e' -> (Import Result ID: 'a7e3863290604bcb9de28b336fe76999') in 0.003 seconds [static and dynamic dependencies]. Details - ImportResultOutputID=10504b9c524a2fa2b1274e0b6f893299 DependenciesID=b83c80a6587a1564739ed4be3b754950 StaticDependenciesID=3002b996a0830104724349bae2597da1 
Number of updated asset objects reloaded before import = 0
Number of asset objects unloaded after import = 0
========================================================================
Received Import Request.
  Time of request: 2026-09-01T06:19:51.562126Z
  Time since last request: 0.00078675 seconds.
  importAddress: GUID: 2c243f34576814b198f7c99108424f83 - Path: Packages/com.unity.xr.arfoundation/Runtime/ARSubsystems/Session/NotTrackingReason.cs - Importer: ScriptedImporter/UnityEditor.QuickSearchModule:UnityEditor.Search:ASIAI0B
Importing 'GUID: 2c243f34576814b198f7c99108424f83 - Path: Packages/com.unity.xr.arfoundation/Runtime/ARSubsystems/Session/NotTrackingReason.cs - Importer: ScriptedImporter/UnityEditor.QuickSearchModule:UnityEditor.Search:ASIAI0B' with importer (ScriptedImporter : UnityEditor.QuickSearchModule:UnityEditor.Search:ASIAI0B)
Imported 'GUID: 2c243f34576814b198f7c99108424f83' -> (Import Result ID: 'd38cab03235cdcf1f937143ce980db80') in 0.003 seconds [static and dynamic dependencies]. Details - ImportResultOutputID=1bb3198a9e2c5d615b496feaea519fdc DependenciesID=03255a0dbd07adaf68aa7dca95e0fcf2 StaticDependenciesID=8a9a81ce249ee4dd2a21a18f89da2e71 
Number of updated asset objects reloaded before import = 0
Number of asset objects unloaded after import = 0
========================================================================
Received Import Request.
  Time of request: 2026-09-01T06:19:51.566383Z
  Time since last request: 0.000863583 seconds.
  importAddress: GUID: 939aee6b214e246598ffec5bf5f87e33 - Path: Packages/com.unity.xr.arfoundation/Runtime/ARSubsystems/Occlusion/EnvironmentDepthMode.cs - Importer: ScriptedImporter/UnityEditor.QuickSearchModule:UnityEditor.Search:ASIAI0B
Importing 'GUID: 939aee6b214e246598ffec5bf5f87e33 - Path: Packages/com.unity.xr.arfoundation/Runtime/ARSubsystems/Occlusion/EnvironmentDepthMode.cs - Importer: ScriptedImporter/UnityEditor.QuickSearchModule:UnityEditor.Search:ASIAI0B' with importer (ScriptedImporter : UnityEditor.QuickSearchModule:UnityEditor.Search:ASIAI0B)
Imported 'GUID: 939aee6b214e246598ffec5bf5f87e33' -> (Import Result ID: 'bc13d3e9b194b9c96056cd43b20ec242') in 0.002 seconds [static and dynamic dependencies]. Details - ImportResultOutputID=b9cba758c4458946f1aa1aede1999fdc DependenciesID=1af2f1fcc064a7d2376fc90fe0c008af StaticDependenciesID=15abbf26575ee3708062702ee5e23e1f 
Number of updated asset objects reloaded before import = 0
Number of asset objects unloaded after import = 0
========================================================================
Received Import Request.
  Time of request: 2026-09-01T06:19:51.569588Z
  Time since last request: 0.000696958 seconds.
  importAddress: GUID: be645242e1e374143a3eba18802f6ec7 - Path: Packages/com.unity.xr.arfoundation/Editor/ARFoundation/ARSessionEditor.cs - Importer: ScriptedImporter/UnityEditor.QuickSearchModule:UnityEditor.Search:ASIAI0B
Importing 'GUID: be645242e1e374143a3eba18802f6ec7 - Path: Packages/com.unity.xr.arfoundation/Editor/ARFoundation/ARSessionEditor.cs - Importer: ScriptedImporter/UnityEditor.QuickSearchModule:UnityEditor.Search:ASIAI0B' with importer (ScriptedImporter : UnityEditor.QuickSearchModule:UnityEditor.Search:ASIAI0B)
Imported 'GUID: be645242e1e374143a3eba18802f6ec7' -> (Import Result ID: 'eedffd9b17d607072ff4441b62d8d06e') in 0.002 seconds [static and dynamic dependencies]. Details - ImportResultOutputID=9f7b36834c12a3fb4b56e452ee07fde6 DependenciesID=dda72cc7fed0a2ea094f2c9c1dc56c71 StaticDependenciesID=c6bbfb9ac661e9f45a0a9548cccadbaa 
Number of updated asset objects reloaded before import = 0
Number of asset objects unloaded after import = 0
========================================================================
Received Import Request.
  Time of request: 2026-09-01T06:19:51.572107Z
  Time since last request: 0.000484167 seconds.
  importAddress: GUID: 528198ad546fb48aaa3050a0aa304e32 - Path: Packages/com.unity.xr.arkit/Runtime/NativeView.cs - Importer: ScriptedImporter/UnityEditor.QuickSearchModule:UnityEditor.Search:ASIAI0B
Importing 'GUID: 528198ad546fb48aaa3050a0aa304e32 - Path: Packages/com.unity.xr.arkit/Runtime/NativeView.cs - Importer: ScriptedImporter/UnityEditor.QuickSearchModule:UnityEditor.Search:ASIAI0B' with importer (ScriptedImporter : UnityEditor.QuickSearchModule:UnityEditor.Search:ASIAI0B)
Imported 'GUID: 528198ad546fb48aaa3050a0aa304e32' -> (Import Result ID: '537c53bab0306d8f35672af219a62f85') in 0.003 seconds [static and dynamic dependencies]. Details - ImportResultOutputID=e44a90f019173efaf3b010c9faad37e5 DependenciesID=af84148ea003a401aa23e2709af7e94e StaticDependenciesID=1520e455f3095289367cd33016e199f1 
Number of updated asset objects reloaded before import = 0
Number of asset objects unloaded after import = 0
========================================================================
Received Import Request.
  Time of request: 2026-09-01T06:19:51.576236Z
  Time since last request: 0.000677708 seconds.
  importAddress: GUID: d9a42b4386f714278b7b6b3ea042e246 - Path: Packages/com.unity.xr.arfoundation/Runtime/Simulation/Subsystems/Plane - Importer: ScriptedImporter/UnityEditor.QuickSearchModule:UnityEditor.Search:ASIAI0B
Importing 'GUID: d9a42b4386f714278b7b6b3ea042e246 - Path: Packages/com.unity.xr.arfoundation/Runtime/Simulation/Subsystems/Plane - Importer: ScriptedImporter/UnityEditor.QuickSearchModule:UnityEditor.Search:ASIAI0B' with importer (ScriptedImporter : UnityEditor.QuickSearchModule:UnityEditor.Search:ASIAI0B)
Imported 'GUID: d9a42b4386f714278b7b6b3ea042e246' -> (Import Result ID: '3f5cabe2861449a342311e9ac680ff1a') in 0.003 seconds [static and dynamic dependencies]. Details - ImportResultOutputID=2efe8cdc80c05eba382a180afc796f66 DependenciesID=736e4013ea28fe38f582748e1ea0ac9f StaticDependenciesID=210563fc48f4f09c96b742fcb91c4c7f 
Number of updated asset objects reloaded before import = 0
Number of asset objects unloaded after import = 1
========================================================================
Received Import Request.
  Time of request: 2026-09-01T06:19:51.580772Z
  Time since last request: 0.001226458 seconds.
  importAddress: GUID: d43fd16a07cf4ce1be877a0e98cdf5a8 - Path: Packages/com.unity.xr.arfoundation/Tests/Runtime/ARFoundation/TrackableSpawnerTests.cs - Importer: ScriptedImporter/UnityEditor.QuickSearchModule:UnityEditor.Search:ASIAI0B
Importing 'GUID: d43fd16a07cf4ce1be877a0e98cdf5a8 - Path: Packages/com.unity.xr.arfoundation/Tests/Runtime/ARFoundation/TrackableSpawnerTests.cs - Importer: ScriptedImporter/UnityEditor.QuickSearchModule:UnityEditor.Search:ASIAI0B' with importer (ScriptedImporter : UnityEditor.QuickSearchModule:UnityEditor.Search:ASIAI0B)
Imported 'GUID: d43fd16a07cf4ce1be877a0e98cdf5a8' -> (Import Result ID: '3155d364f2db06c24b10b833bac74745') in 0.004 seconds [static and dynamic dependencies]. Details - ImportResultOutputID=8fec1f9d3d053c400a37d6ad477b3bb6 DependenciesID=16ac70935aef1fe362f310c344de7958 StaticDependenciesID=6bd6de0398fc76a56e8cce25587de43d 
Number of updated asset objects reloaded before import = 0
Number of asset objects unloaded after import = 0
========================================================================
Received Import Request.
  Time of request: 2026-09-01T06:19:51.585633Z
  Time since last request: 0.00049425 seconds.
  importAddress: GUID: 537fba2fda5d04570bff46d92999a152 - Path: Packages/com.unity.xr.arfoundation/Runtime/ARFoundation/Session/ARSessionStateChangedEventArgs.cs - Importer: ScriptedImporter/UnityEditor.QuickSearchModule:UnityEditor.Search:ASIAI0B
Importing 'GUID: 537fba2fda5d04570bff46d92999a152 - Path: Packages/com.unity.xr.arfoundation/Runtime/ARFoundation/Session/ARSessionStateChangedEventArgs.cs - Importer: ScriptedImporter/UnityEditor.QuickSearchModule:UnityEditor.Search:ASIAI0B' with importer (ScriptedImporter : UnityEditor.QuickSearchModule:UnityEditor.Search:ASIAI0B)
Imported 'GUID: 537fba2fda5d04570bff46d92999a152' -> (Import Result ID: '8802882e99fa0ffb2ea7ca5ea23830bd') in 0.002 seconds [static and dynamic dependencies]. Details - ImportResultOutputID=a0791d4051619e26d5614afb5b6ca9e8 DependenciesID=b13af145c1697d251bb6f049d557f91e StaticDependenciesID=4c3d59c39ae7116a3bd2b5cbc1919ef6 
Number of updated asset objects reloaded before import = 0
Number of asset objects unloaded after import = 0
========================================================================
Received Import Request.
  Time of request: 2026-09-01T06:19:51.588737Z
  Time since last request: 0.000725 seconds.
  importAddress: GUID: ee7695e7565cb44529978bcaa7717bd3 - Path: Packages/com.unity.xr.arfoundation/Runtime/VisualScripting/Units/Events/MessageListeners/Deprecated/ARAnchorManagerListener.deprecated.cs - Importer: ScriptedImporter/UnityEditor.QuickSearchModule:UnityEditor.Search:ASIAI0B
Importing 'GUID: ee7695e7565cb44529978bcaa7717bd3 - Path: Packages/com.unity.xr.arfoundation/Runtime/VisualScripting/Units/Events/MessageListeners/Deprecated/ARAnchorManagerListener.deprecated.cs - Importer: ScriptedImporter/UnityEditor.QuickSearchModule:UnityEditor.Search:ASIAI0B' with importer (ScriptedImporter : UnityEditor.QuickSearchModule:UnityEditor.Search:ASIAI0B)
Imported 'GUID: ee7695e7565cb44529978bcaa7717bd3' -> (Import Result ID: 'e219f2c03266890acbcbfe9900c27e7a') in 0.003 seconds [static and dynamic dependencies]. Details - ImportResultOutputID=92f8597bcbd8bc058e3489ba2465a15e DependenciesID=0237af7a7b24bbf42e62454e62ef7509 StaticDependenciesID=ed458e6ed904429987db621aa1ae4324 
Number of updated asset objects reloaded before import = 0
Number of asset objects unloaded after import = 0
========================================================================
Received Import Request.
  Time of request: 2026-09-01T06:19:51.592894Z
  Time since last request: 0.000285333 seconds.
  importAddress: GUID: b9f94d88e2bb54777a26387a0cbdb4f4 - Path: Packages/com.unity.xr.arfoundation/Editor/ARFoundation/XROriginCreateUtil.cs - Importer: ScriptedImporter/UnityEditor.QuickSearchModule:UnityEditor.Search:ASIAI0B
Importing 'GUID: b9f94d88e2bb54777a26387a0cbdb4f4 - Path: Packages/com.unity.xr.arfoundation/Editor/ARFoundation/XROriginCreateUtil.cs - Importer: ScriptedImporter/UnityEditor.QuickSearchModule:UnityEditor.Search:ASIAI0B' with importer (ScriptedImporter : UnityEditor.QuickSearchModule:UnityEditor.Search:ASIAI0B)
Imported 'GUID: b9f94d88e2bb54777a26387a0cbdb4f4' -> (Import Result ID: '33b1e1bf5c45eace33ca51c49428c1ea') in 0.002 seconds [static and dynamic dependencies]. Details - ImportResultOutputID=d953d014d14a0c557afbe98dd6161651 DependenciesID=951dfdaebec0ec360863fb6ea9afbe03 StaticDependenciesID=c94e0bb4d8e07e947a5836d803443cb9 
Number of updated asset objects reloaded before import = 0
Number of asset objects unloaded after import = 0
========================================================================
Received Import Request.
  Time of request: 2026-09-01T06:19:51.595391Z
  Time since last request: 0.00038975 seconds.
  importAddress: GUID: 2f1ae8c1b83d94419b59c0b63890aceb - Path: Packages/com.unity.xr.arfoundation/Assets/Textures/IconBackgroundCircleFill@4x.png - Importer: ScriptedImporter/UnityEditor.QuickSearchModule:UnityEditor.Search:ASIAI0B
Importing 'GUID: 2f1ae8c1b83d94419b59c0b63890aceb - Path: Packages/com.unity.xr.arfoundation/Assets/Textures/IconBackgroundCircleFill@4x.png - Importer: ScriptedImporter/UnityEditor.QuickSearchModule:UnityEditor.Search:ASIAI0B' with importer (ScriptedImporter : UnityEditor.QuickSearchModule:UnityEditor.Search:ASIAI0B)
Imported 'GUID: 2f1ae8c1b83d94419b59c0b63890aceb' -> (Import Result ID: 'b9dc5b5082d106d8335037280d525a73') in 0.034 seconds [static and dynamic dependencies]. Details - ImportResultOutputID=467bc98f406aabe36b32fa39c89299a1 DependenciesID=4a2589ba18d7b66c8cd5c7bc15547ec8 StaticDependenciesID=1a607b4d6aa63ee8e95c4a4e78a7ed91 
Number of updated asset objects reloaded before import = 0
Number of asset objects unloaded after import = 3
========================================================================
Received Import Request.
  Time of request: 2026-09-01T06:19:51.630603Z
  Time since last request: 0.0005355 seconds.
  importAddress: GUID: 7b69017ab0d7f4b2fad2a2f0a7d1f5e1 - Path: Packages/com.unity.xr.arfoundation/Runtime/ARSubsystems/Common/Textures/XRCpuImage/Api.cs - Importer: ScriptedImporter/UnityEditor.QuickSearchModule:UnityEditor.Search:ASIAI0B
Importing 'GUID: 7b69017ab0d7f4b2fad2a2f0a7d1f5e1 - Path: Packages/com.unity.xr.arfoundation/Runtime/ARSubsystems/Common/Textures/XRCpuImage/Api.cs - Importer: ScriptedImporter/UnityEditor.QuickSearchModule:UnityEditor.Search:ASIAI0B' with importer (ScriptedImporter : UnityEditor.QuickSearchModule:UnityEditor.Search:ASIAI0B)
Imported 'GUID: 7b69017ab0d7f4b2fad2a2f0a7d1f5e1' -> (Import Result ID: '3632ed15ae80dcbdd2cc8c07f007cd1c') in 0.001 seconds [static and dynamic dependencies]. Details - ImportResultOutputID=c5c05b27d18efd0fcaa2bd2bd9b48210 DependenciesID=cfaeb810dfd91704cd0698014b2f9b48 StaticDependenciesID=2cf0f8e6f77a868f55ae7fb1789ccdd1 
Number of updated asset objects reloaded before import = 0
Number of asset objects unloaded after import = 0
========================================================================
Received Import Request.
  Time of request: 2026-09-01T06:19:51.632733Z
  Time since last request: 0.000239166 seconds.
  importAddress: GUID: 2041af03663454520bfb62fde866df69 - Path: Packages/com.unity.xr.arfoundation/Runtime/ARSubsystems/EnvironmentProbes/XREnvironmentProbeSubsystem.cs - Importer: ScriptedImporter/UnityEditor.QuickSearchModule:UnityEditor.Search:ASIAI0B
Importing 'GUID: 2041af03663454520bfb62fde866df69 - Path: Packages/com.unity.xr.arfoundation/Runtime/ARSubsystems/EnvironmentProbes/XREnvironmentProbeSubsystem.cs - Importer: ScriptedImporter/UnityEditor.QuickSearchModule:UnityEditor.Search:ASIAI0B' with importer (ScriptedImporter : UnityEditor.QuickSearchModule:UnityEditor.Search:ASIAI0B)
Imported 'GUID: 2041af03663454520bfb62fde866df69' -> (Import Result ID: '57072a411e7c2575ba56047a1e70b11c') in 0.001 seconds [static and dynamic dependencies]. Details - ImportResultOutputID=2892fc16025f902bb4bf5d72a298629a DependenciesID=90a5fc07872f30ce5ff86840fa1d58f5 StaticDependenciesID=3b70f66cdc1def85e853cc8ee049fedf 
Number of updated asset objects reloaded before import = 0
Number of asset objects unloaded after import = 0
========================================================================
Received Import Request.
  Time of request: 2026-09-01T06:19:51.634853Z
  Time since last request: 0.00029325 seconds.
  importAddress: GUID: cbab09714adeb4e0389f03fcc88931f5 - Path: Packages/com.unity.xr.arfoundation/Runtime/ARSubsystems/Camera/LightEstimationMode.cs - Importer: ScriptedImporter/UnityEditor.QuickSearchModule:UnityEditor.Search:ASIAI0B
Importing 'GUID: cbab09714adeb4e0389f03fcc88931f5 - Path: Packages/com.unity.xr.arfoundation/Runtime/ARSubsystems/Camera/LightEstimationMode.cs - Importer: ScriptedImporter/UnityEditor.QuickSearchModule:UnityEditor.Search:ASIAI0B' with importer (ScriptedImporter : UnityEditor.QuickSearchModule:UnityEditor.Search:ASIAI0B)
Imported 'GUID: cbab09714adeb4e0389f03fcc88931f5' -> (Import Result ID: 'a656e31d74b97e598f986473585c2cd8') in 0.002 seconds [static and dynamic dependencies]. Details - ImportResultOutputID=5a9025a85c4f620129ae1070b12bdb7e DependenciesID=eca49b9a97174fc8140740e3026ebf19 StaticDependenciesID=c0f1e5c582421e71d8d309c8450a821e 
Number of updated asset objects reloaded before import = 0
Number of asset objects unloaded after import = 0
========================================================================
Received Import Request.
  Time of request: 2026-09-01T06:19:51.637497Z
  Time since last request: 0.00056875 seconds.
  importAddress: GUID: a1855e29cbf4df04f894d2ac603ae668 - Path: Packages/com.unity.xr.arfoundation/Runtime/ARSubsystems/Common/TrackingSubsystem/TrackableChanges.cs - Importer: ScriptedImporter/UnityEditor.QuickSearchModule:UnityEditor.Search:ASIAI0B
Importing 'GUID: a1855e29cbf4df04f894d2ac603ae668 - Path: Packages/com.unity.xr.arfoundation/Runtime/ARSubsystems/Common/TrackingSubsystem/TrackableChanges.cs - Importer: ScriptedImporter/UnityEditor.QuickSearchModule:UnityEditor.Search:ASIAI0B' with importer (ScriptedImporter : UnityEditor.QuickSearchModule:UnityEditor.Search:ASIAI0B)
Imported 'GUID: a1855e29cbf4df04f894d2ac603ae668' -> (Import Result ID: 'afa1f20bc861f5cc17eecb9d68c6af9f') in 0.002 seconds [static and dynamic dependencies]. Details - ImportResultOutputID=915294b99524bf9e537917661f043896 DependenciesID=17382438375864be36591432beaa0c01 StaticDependenciesID=4e32ebf04f414e40df80d7f1aa6fa470 
Number of updated asset objects reloaded before import = 0
Number of asset objects unloaded after import = 0
========================================================================
Received Import Request.
  Time of request: 2026-09-01T06:19:51.640429Z
  Time since last request: 0.000644583 seconds.
  importAddress: GUID: add097fa9a8ed425c90fa582df17e994 - Path: Packages/com.unity.xr.arfoundation/Runtime/Simulation/Subsystems/CpuImage - Importer: ScriptedImporter/UnityEditor.QuickSearchModule:UnityEditor.Search:ASIAI0B
Importing 'GUID: add097fa9a8ed425c90fa582df17e994 - Path: Packages/com.unity.xr.arfoundation/Runtime/Simulation/Subsystems/CpuImage - Importer: ScriptedImporter/UnityEditor.QuickSearchModule:UnityEditor.Search:ASIAI0B' with importer (ScriptedImporter : UnityEditor.QuickSearchModule:UnityEditor.Search:ASIAI0B)
Imported 'GUID: add097fa9a8ed425c90fa582df17e994' -> (Import Result ID: 'f9fb787ebf4d301a9fd4f853c3e6baba') in 0.002 seconds [static and dynamic dependencies]. Details - ImportResultOutputID=de587036aff17d354a8a25b9ee32bfe1 DependenciesID=922020a28781f65cb187f22a57a3325a StaticDependenciesID=a05caf75c82a0c38438b02ed5701ab05 
Number of updated asset objects reloaded before import = 0
Number of asset objects unloaded after import = 1
========================================================================
Received Import Request.
  Time of request: 2026-09-01T06:19:51.643827Z
  Time since last request: 0.000594417 seconds.
  importAddress: GUID: 0a0d3142ee5ee47ffb5982667c49c9db - Path: Packages/com.unity.xr.arfoundation/Tests/Runtime/CodeSamples/ARBoundingBoxManagerSamples.cs - Importer: ScriptedImporter/UnityEditor.QuickSearchModule:UnityEditor.Search:ASIAI0B
Importing 'GUID: 0a0d3142ee5ee47ffb5982667c49c9db - Path: Packages/com.unity.xr.arfoundation/Tests/Runtime/CodeSamples/ARBoundingBoxManagerSamples.cs - Importer: ScriptedImporter/UnityEditor.QuickSearchModule:UnityEditor.Search:ASIAI0B' with importer (ScriptedImporter : UnityEditor.QuickSearchModule:UnityEditor.Search:ASIAI0B)
Imported 'GUID: 0a0d3142ee5ee47ffb5982667c49c9db' -> (Import Result ID: '157abe065be4457600b055f4834514fa') in 0.002 seconds [static and dynamic dependencies]. Details - ImportResultOutputID=73501b1c78f78cc0f3a45b314f55ef9d DependenciesID=19ae51901fee555ecfad9035fc18d4a4 StaticDependenciesID=2ea4caaa9e796ee517e8862c9f9a93b4 
Number of updated asset objects reloaded before import = 0
Number of asset objects unloaded after import = 0
========================================================================
Received Import Request.
  Time of request: 2026-09-01T06:19:51.64632Z
  Time since last request: 0.000267708 seconds.
  importAddress: GUID: 49fa41080d6174583ac9ec7e8751308b - Path: Packages/com.unity.xr.arfoundation/Tests/Editor/ARSubsystems/SerializableGuidTests.cs - Importer: ScriptedImporter/UnityEditor.QuickSearchModule:UnityEditor.Search:ASIAI0B
Importing 'GUID: 49fa41080d6174583ac9ec7e8751308b - Path: Packages/com.unity.xr.arfoundation/Tests/Editor/ARSubsystems/SerializableGuidTests.cs - Importer: ScriptedImporter/UnityEditor.QuickSearchModule:UnityEditor.Search:ASIAI0B' with importer (ScriptedImporter : UnityEditor.QuickSearchModule:UnityEditor.Search:ASIAI0B)
Imported 'GUID: 49fa41080d6174583ac9ec7e8751308b' -> (Import Result ID: 'b9a5c1aad45e3eb9ad10464243110508') in 0.001 seconds [static and dynamic dependencies]. Details - ImportResultOutputID=1bc2bd011c5d39bb688197a5892c6a58 DependenciesID=dffc024473db6ba79d41a4e9c9e01471 StaticDependenciesID=8556ab7b55d9cf85b7db5321797c897d 
Number of updated asset objects reloaded before import = 0
Number of asset objects unloaded after import = 0
========================================================================
Received Import Request.
  Time of request: 2026-09-01T06:19:51.647998Z
  Time since last request: 0.00019725 seconds.
  importAddress: GUID: aae2594c25b524c4c835a321891c71a0 - Path: Packages/com.unity.xr.arfoundation/Editor/ARSubsystems/BuildHelper.cs - Importer: ScriptedImporter/UnityEditor.QuickSearchModule:UnityEditor.Search:ASIAI0B
Importing 'GUID: aae2594c25b524c4c835a321891c71a0 - Path: Packages/com.unity.xr.arfoundation/Editor/ARSubsystems/BuildHelper.cs - Importer: ScriptedImporter/UnityEditor.QuickSearchModule:UnityEditor.Search:ASIAI0B' with importer (ScriptedImporter : UnityEditor.QuickSearchModule:UnityEditor.Search:ASIAI0B)
Imported 'GUID: aae2594c25b524c4c835a321891c71a0' -> (Import Result ID: 'b48d846079df6bf84a11235be3442274') in 0.001 seconds [static and dynamic dependencies]. Details - ImportResultOutputID=602adc11333c5d93e19c0f3b709368d0 DependenciesID=a741022b1117c82415455bb43df9344c StaticDependenciesID=1cf5a5b3f2b15b710856fc33c32085ee 
Number of updated asset objects reloaded before import = 0
Number of asset objects unloaded after import = 0
========================================================================
Received Import Request.
  Time of request: 2026-09-01T06:19:51.649949Z
  Time since last request: 0.000576167 seconds.
  importAddress: GUID: 98ca1a1d8fa94c3eb731f1bf3410ef7a - Path: Packages/com.unity.xr.arfoundation/Runtime/Simulation/Subsystems/EnvironmentProbe/EnvironmentProbeParams.cs - Importer: ScriptedImporter/UnityEditor.QuickSearchModule:UnityEditor.Search:ASIAI0B
Importing 'GUID: 98ca1a1d8fa94c3eb731f1bf3410ef7a - Path: Packages/com.unity.xr.arfoundation/Runtime/Simulation/Subsystems/EnvironmentProbe/EnvironmentProbeParams.cs - Importer: ScriptedImporter/UnityEditor.QuickSearchModule:UnityEditor.Search:ASIAI0B' with importer (ScriptedImporter : UnityEditor.QuickSearchModule:UnityEditor.Search:ASIAI0B)
Imported 'GUID: 98ca1a1d8fa94c3eb731f1bf3410ef7a' -> (Import Result ID: '1aa9de71f86b0e96f6fbe2d3100e89a8') in 0.001 seconds [static and dynamic dependencies]. Details - ImportResultOutputID=10f960560af05d13b9423d3de89e592b DependenciesID=b61c3e77ec8b41df4b7fea0714a1aff5 StaticDependenciesID=e04553dff14fa0f911a945fd0bda312e 
Number of updated asset objects reloaded before import = 0
Number of asset objects unloaded after import = 0
========================================================================
Received Import Request.
  Time of request: 2026-09-01T06:19:51.651838Z
  Time since last request: 0.000203417 seconds.
  importAddress: GUID: bbc970fb209dd41d6970da4a87b976e0 - Path: Packages/com.unity.xr.arfoundation/Tests - Importer: ScriptedImporter/UnityEditor.QuickSearchModule:UnityEditor.Search:ASIAI0B
Importing 'GUID: bbc970fb209dd41d6970da4a87b976e0 - Path: Packages/com.unity.xr.arfoundation/Tests - Importer: ScriptedImporter/UnityEditor.QuickSearchModule:UnityEditor.Search:ASIAI0B' with importer (ScriptedImporter : UnityEditor.QuickSearchModule:UnityEditor.Search:ASIAI0B)
Imported 'GUID: bbc970fb209dd41d6970da4a87b976e0' -> (Import Result ID: '30081f5a3aeee4aa710345cbaac0f3a9') in 0.002 seconds [static and dynamic dependencies]. Details - ImportResultOutputID=9e2aae9a23461f2c99cb4df60d5ab866 DependenciesID=cbdc40e49acc12792504355f6c223b59 StaticDependenciesID=6b60056618948c25de725b02021cc0f6 
Number of updated asset objects reloaded before import = 0
Number of asset objects unloaded after import = 1
========================================================================
Received Import Request.
  Time of request: 2026-09-01T06:19:51.654594Z
  Time since last request: 0.000385875 seconds.
  importAddress: GUID: e8e0ce71f040345eb9c3b970ce7cd8e0 - Path: Packages/com.unity.xr.arkit/Runtime/ARKitSessionDelegate.cs - Importer: ScriptedImporter/UnityEditor.QuickSearchModule:UnityEditor.Search:ASIAI0B
Importing 'GUID: e8e0ce71f040345eb9c3b970ce7cd8e0 - Path: Packages/com.unity.xr.arkit/Runtime/ARKitSessionDelegate.cs - Importer: ScriptedImporter/UnityEditor.QuickSearchModule:UnityEditor.Search:ASIAI0B' with importer (ScriptedImporter : UnityEditor.QuickSearchModule:UnityEditor.Search:ASIAI0B)
Imported 'GUID: e8e0ce71f040345eb9c3b970ce7cd8e0' -> (Import Result ID: 'c55bab6e8a9a2304e1fc18f7fade666e') in 0.002 seconds [static and dynamic dependencies]. Details - ImportResultOutputID=8182dbcdc86e5324c52d763b1ddc0e8c DependenciesID=5581e8eb3bfe34f19ede52969ea2836c StaticDependenciesID=d3d415a66b5b679fd917d7644b3e6b2c 
Number of updated asset objects reloaded before import = 0
Number of asset objects unloaded after import = 0
========================================================================
Received Import Request.
  Time of request: 2026-09-01T06:19:51.657483Z
  Time since last request: 0.000669584 seconds.
  importAddress: GUID: 031d25925d1dbfa46b1d5f40979c2338 - Path: Packages/com.unity.xr.arfoundation/Runtime/ARFoundation/Session/ARSessionState.cs - Importer: ScriptedImporter/UnityEditor.QuickSearchModule:UnityEditor.Search:ASIAI0B
Importing 'GUID: 031d25925d1dbfa46b1d5f40979c2338 - Path: Packages/com.unity.xr.arfoundation/Runtime/ARFoundation/Session/ARSessionState.cs - Importer: ScriptedImporter/UnityEditor.QuickSearchModule:UnityEditor.Search:ASIAI0B' with importer (ScriptedImporter : UnityEditor.QuickSearchModule:UnityEditor.Search:ASIAI0B)
Imported 'GUID: 031d25925d1dbfa46b1d5f40979c2338' -> (Import Result ID: '62e539272554f8aa6d9c0a11d028c993') in 0.003 seconds [static and dynamic dependencies]. Details - ImportResultOutputID=2d5851b6cc7b232bd7e74e5d77964a30 DependenciesID=bf97f050f1c79250b3ac88a24723529b StaticDependenciesID=d6fc38b7ce105514b0a153900fd6c931 
Number of updated asset objects reloaded before import = 0
Number of asset objects unloaded after import = 1
========================================================================
Received Import Request.
  Time of request: 2026-09-01T06:19:51.660942Z
  Time since last request: 0.000365708 seconds.
  importAddress: GUID: a2691ee365c36ea429319fe131fd85aa - Path: Packages/com.unity.xr.arfoundation/Editor/Icons/d_XREnvironment@2x.png - Importer: ScriptedImporter/UnityEditor.QuickSearchModule:UnityEditor.Search:ASIAI0B
Importing 'GUID: a2691ee365c36ea429319fe131fd85aa - Path: Packages/com.unity.xr.arfoundation/Editor/Icons/d_XREnvironment@2x.png - Importer: ScriptedImporter/UnityEditor.QuickSearchModule:UnityEditor.Search:ASIAI0B' with importer (ScriptedImporter : UnityEditor.QuickSearchModule:UnityEditor.Search:ASIAI0B)
Imported 'GUID: a2691ee365c36ea429319fe131fd85aa' -> (Import Result ID: '2887a7dd4630a8a63ca23445e2ee6271') in 0.004 seconds [static and dynamic dependencies]. Details - ImportResultOutputID=0b8a126308f9305ad0d6b8f6dce95812 DependenciesID=09c8e2056776bf29a5fb7129da29ca8c StaticDependenciesID=5a974f632816bfce56db7702f36d314d 
Number of updated asset objects reloaded before import = 0
Number of asset objects unloaded after import = 1
========================================================================
Received Import Request.
  Time of request: 2026-09-01T06:19:51.665731Z
  Time since last request: 0.000497875 seconds.
  importAddress: GUID: 64d3a546fa1feee43a90ef737d862517 - Path: Packages/com.unity.xr.arfoundation/Runtime/ARSubsystems/Planes/PlaneAlignment.cs - Importer: ScriptedImporter/UnityEditor.QuickSearchModule:UnityEditor.Search:ASIAI0B
Importing 'GUID: 64d3a546fa1feee43a90ef737d862517 - Path: Packages/com.unity.xr.arfoundation/Runtime/ARSubsystems/Planes/PlaneAlignment.cs - Importer: ScriptedImporter/UnityEditor.QuickSearchModule:UnityEditor.Search:ASIAI0B' with importer (ScriptedImporter : UnityEditor.QuickSearchModule:UnityEditor.Search:ASIAI0B)
Imported 'GUID: 64d3a546fa1feee43a90ef737d862517' -> (Import Result ID: '414c81672315b8b3c1a0038e06d151c4') in 0.002 seconds [static and dynamic dependencies]. Details - ImportResultOutputID=84e6824e7cae2dff34295121cb23157b DependenciesID=17d7c0f87291106721b31c7dded8a01a StaticDependenciesID=458e2ace8647ccab18640f101ef48850 
Number of updated asset objects reloaded before import = 0
Number of asset objects unloaded after import = 0
========================================================================
Received Import Request.
  Time of request: 2026-09-01T06:19:51.668751Z
  Time since last request: 0.000597791 seconds.
  importAddress: GUID: f4959899d682b41a7aa15f824a96db67 - Path: Packages/com.unity.xr.arfoundation/Runtime/ARSubsystems/Utils/HashCodeUtil.cs - Importer: ScriptedImporter/UnityEditor.QuickSearchModule:UnityEditor.Search:ASIAI0B
Importing 'GUID: f4959899d682b41a7aa15f824a96db67 - Path: Packages/com.unity.xr.arfoundation/Runtime/ARSubsystems/Utils/HashCodeUtil.cs - Importer: ScriptedImporter/UnityEditor.QuickSearchModule:UnityEditor.Search:ASIAI0B' with importer (ScriptedImporter : UnityEditor.QuickSearchModule:UnityEditor.Search:ASIAI0B)
Imported 'GUID: f4959899d682b41a7aa15f824a96db67' -> (Import Result ID: '81cdb34dcbf4e5b996366f231cd8903f') in 0.002 seconds [static and dynamic dependencies]. Details - ImportResultOutputID=4562c8c1c356bf3efb9f1a7d79d9fea7 DependenciesID=9094e45fc249d29a371a5b97e4de8315 StaticDependenciesID=bbbc093284fd36eaf8c61c8783c3862f 
Number of updated asset objects reloaded before import = 0
Number of asset objects unloaded after import = 0
========================================================================
Received Import Request.
  Time of request: 2026-09-01T06:19:51.672609Z
  Time since last request: 0.000624542 seconds.
  importAddress: GUID: 62af5a4e86cc4721afcb8ea6d0ff8124 - Path: Packages/com.unity.xr.arfoundation/Runtime/ARSubsystems/PointClouds - Importer: ScriptedImporter/UnityEditor.QuickSearchModule:UnityEditor.Search:ASIAI0B
Importing 'GUID: 62af5a4e86cc4721afcb8ea6d0ff8124 - Path: Packages/com.unity.xr.arfoundation/Runtime/ARSubsystems/PointClouds - Importer: ScriptedImporter/UnityEditor.QuickSearchModule:UnityEditor.Search:ASIAI0B' with importer (ScriptedImporter : UnityEditor.QuickSearchModule:UnityEditor.Search:ASIAI0B)
Imported 'GUID: 62af5a4e86cc4721afcb8ea6d0ff8124' -> (Import Result ID: '0de53dfe3067d81f775cbb1ec1bfd784') in 0.002 seconds [static and dynamic dependencies]. Details - ImportResultOutputID=0066818027e1e71e66bf0beca96bcbf1 DependenciesID=116791ca328b3cc6511fa7655a3f90b6 StaticDependenciesID=fd71ece547b594fbe449241c22e82c21 
Number of updated asset objects reloaded before import = 0
Number of asset objects unloaded after import = 1
========================================================================
Received Import Request.
  Time of request: 2026-09-01T06:19:51.675093Z
  Time since last request: 0.000426542 seconds.
  importAddress: GUID: ec3e350cbafe2804aa5efec0909662f5 - Path: Packages/com.unity.xr.arfoundation/Runtime/Simulation/Analytics - Importer: ScriptedImporter/UnityEditor.QuickSearchModule:UnityEditor.Search:ASIAI0B
Importing 'GUID: ec3e350cbafe2804aa5efec0909662f5 - Path: Packages/com.unity.xr.arfoundation/Runtime/Simulation/Analytics - Importer: ScriptedImporter/UnityEditor.QuickSearchModule:UnityEditor.Search:ASIAI0B' with importer (ScriptedImporter : UnityEditor.QuickSearchModule:UnityEditor.Search:ASIAI0B)
Imported 'GUID: ec3e350cbafe2804aa5efec0909662f5' -> (Import Result ID: 'b590e4208bdc286de52cc6a015dfcb1d') in 0.001 seconds [static and dynamic dependencies]. Details - ImportResultOutputID=3a552718332eafb39b77010433028ad4 DependenciesID=4ae230719e8af03f98b7c35dbbdf9db6 StaticDependenciesID=5fca003806a34b2af84568154a521bad 
Number of updated asset objects reloaded before import = 0
Number of asset objects unloaded after import = 1
========================================================================
Received Import Request.
  Time of request: 2026-09-01T06:19:51.677315Z
  Time since last request: 0.000362584 seconds.
  importAddress: GUID: 913298c0087134b8ba37b3a9e79bcea6 - Path: Packages/com.unity.xr.arfoundation/Runtime/Simulation/Subsystems/Plane/VoxelGridOrientation.cs - Importer: ScriptedImporter/UnityEditor.QuickSearchModule:UnityEditor.Search:ASIAI0B
Importing 'GUID: 913298c0087134b8ba37b3a9e79bcea6 - Path: Packages/com.unity.xr.arfoundation/Runtime/Simulation/Subsystems/Plane/VoxelGridOrientation.cs - Importer: ScriptedImporter/UnityEditor.QuickSearchModule:UnityEditor.Search:ASIAI0B' with importer (ScriptedImporter : UnityEditor.QuickSearchModule:UnityEditor.Search:ASIAI0B)
Imported 'GUID: 913298c0087134b8ba37b3a9e79bcea6' -> (Import Result ID: '006d9676a58537a9a85c6bfe158a270d') in 0.002 seconds [static and dynamic dependencies]. Details - ImportResultOutputID=ae7a6d3ed478cdbe162ff894481edcfe DependenciesID=42e34d031b84315e4970c607249fb040 StaticDependenciesID=989ac9a5e4a27be6e07d2ecaecf3a36e 
Number of updated asset objects reloaded before import = 0
Number of asset objects unloaded after import = 0
========================================================================
Received Import Request.
  Time of request: 2026-09-01T06:19:51.679924Z
  Time since last request: 0.000547459 seconds.
  importAddress: GUID: cfeca5805f184759b14756568bc4c8ea - Path: Packages/com.unity.xr.arfoundation/Runtime/Simulation/Subsystems/Anchors/SimulationAnchorImpl.cs - Importer: ScriptedImporter/UnityEditor.QuickSearchModule:UnityEditor.Search:ASIAI0B
Importing 'GUID: cfeca5805f184759b14756568bc4c8ea - Path: Packages/com.unity.xr.arfoundation/Runtime/Simulation/Subsystems/Anchors/SimulationAnchorImpl.cs - Importer: ScriptedImporter/UnityEditor.QuickSearchModule:UnityEditor.Search:ASIAI0B' with importer (ScriptedImporter : UnityEditor.QuickSearchModule:UnityEditor.Search:ASIAI0B)
Imported 'GUID: cfeca5805f184759b14756568bc4c8ea' -> (Import Result ID: 'dda6905fc105759f5e8596cd806d721c') in 0.003 seconds [static and dynamic dependencies]. Details - ImportResultOutputID=6154565fc297ea535db0930817924cb0 DependenciesID=d10bc1fc29d6f9a9003fad673010bacc StaticDependenciesID=31ee5fdb09f266f9cafdd6f811f87d4b 
Number of updated asset objects reloaded before import = 0
Number of asset objects unloaded after import = 0
========================================================================
Received Import Request.
  Time of request: 2026-09-01T06:19:51.684586Z
  Time since last request: 0.000809875 seconds.
  importAddress: GUID: cdbb799b6590a4aa892901a4b6735673 - Path: Packages/com.unity.xr.arfoundation/Runtime/VisualScripting/Units/GetTrackedImagesUnit.cs - Importer: ScriptedImporter/UnityEditor.QuickSearchModule:UnityEditor.Search:ASIAI0B
Importing 'GUID: cdbb799b6590a4aa892901a4b6735673 - Path: Packages/com.unity.xr.arfoundation/Runtime/VisualScripting/Units/GetTrackedImagesUnit.cs - Importer: ScriptedImporter/UnityEditor.QuickSearchModule:UnityEditor.Search:ASIAI0B' with importer (ScriptedImporter : UnityEditor.QuickSearchModule:UnityEditor.Search:ASIAI0B)
Imported 'GUID: cdbb799b6590a4aa892901a4b6735673' -> (Import Result ID: '06466025e2ab1b9c9a6f50ea2b9dbc69') in 0.003 seconds [static and dynamic dependencies]. Details - ImportResultOutputID=18e8d1e074df85942f743597f9dd6343 DependenciesID=bc6d365e6740c9a374309124c0c28aac StaticDependenciesID=c79198bf77f53502670dcbc46199a1d4 
Number of updated asset objects reloaded before import = 0
Number of asset objects unloaded after import = 0
========================================================================
Received Import Request.
  Time of request: 2026-09-01T06:19:51.688544Z
  Time since last request: 0.000555167 seconds.
  importAddress: GUID: 3a0e142d77f674f2ebbe0f6b064b1a95 - Path: Packages/com.unity.xr.arfoundation/Runtime/Simulation/Subsystems/Plane/DiscoveredPlane.cs - Importer: ScriptedImporter/UnityEditor.QuickSearchModule:UnityEditor.Search:ASIAI0B
Importing 'GUID: 3a0e142d77f674f2ebbe0f6b064b1a95 - Path: Packages/com.unity.xr.arfoundation/Runtime/Simulation/Subsystems/Plane/DiscoveredPlane.cs - Importer: ScriptedImporter/UnityEditor.QuickSearchModule:UnityEditor.Search:ASIAI0B' with importer (ScriptedImporter : UnityEditor.QuickSearchModule:UnityEditor.Search:ASIAI0B)
Imported 'GUID: 3a0e142d77f674f2ebbe0f6b064b1a95' -> (Import Result ID: 'da85b0dcc8b2ba879ce45d2fc6309135') in 0.002 seconds [static and dynamic dependencies]. Details - ImportResultOutputID=52f031dff98ed9d4a7ba4186caf9583b DependenciesID=ff57954f5deaecd66a362706f4483f95 StaticDependenciesID=86f79d1716220d26615d3ed719b16e33 
Number of updated asset objects reloaded before import = 0
Number of asset objects unloaded after import = 0
========================================================================
Received Import Request.
  Time of request: 2026-09-01T06:19:51.691146Z
  Time since last request: 0.000297167 seconds.
  importAddress: GUID: 405ff1b6d34178a4a987fc2f6908a1f3 - Path: Packages/com.unity.xr.arfoundation/Assets/Prefabs/Handles.fbx - Importer: ScriptedImporter/UnityEditor.QuickSearchModule:UnityEditor.Search:ASIAI0B
Importing 'GUID: 405ff1b6d34178a4a987fc2f6908a1f3 - Path: Packages/com.unity.xr.arfoundation/Assets/Prefabs/Handles.fbx - Importer: ScriptedImporter/UnityEditor.QuickSearchModule:UnityEditor.Search:ASIAI0B' with importer (ScriptedImporter : UnityEditor.QuickSearchModule:UnityEditor.Search:ASIAI0B)
Imported 'GUID: 405ff1b6d34178a4a987fc2f6908a1f3' -> (Import Result ID: 'a81988c2e1ea60401942181a98503b13') in 0.032 seconds [static and dynamic dependencies]. Details - ImportResultOutputID=9fd3869255447388e2d1c598e03a21ed DependenciesID=83719b3f80f38dcb1edbdfe10d122090 StaticDependenciesID=71afd866178c2f32477ea183932d672e 
Number of updated asset objects reloaded before import = 0
Number of asset objects unloaded after import = 34
========================================================================
Received Import Request.
  Time of request: 2026-09-01T06:19:51.724227Z
  Time since last request: 0.000331583 seconds.
  importAddress: GUID: 4589e5ef4d304c829e6060a79fd5758b - Path: Packages/com.unity.xr.arfoundation/Runtime/ARSubsystems/BoundingBoxes/XRBoundingBox.cs - Importer: ScriptedImporter/UnityEditor.QuickSearchModule:UnityEditor.Search:ASIAI0B
Importing 'GUID: 4589e5ef4d304c829e6060a79fd5758b - Path: Packages/com.unity.xr.arfoundation/Runtime/ARSubsystems/BoundingBoxes/XRBoundingBox.cs - Importer: ScriptedImporter/UnityEditor.QuickSearchModule:UnityEditor.Search:ASIAI0B' with importer (ScriptedImporter : UnityEditor.QuickSearchModule:UnityEditor.Search:ASIAI0B)
Imported 'GUID: 4589e5ef4d304c829e6060a79fd5758b' -> (Import Result ID: '73ddaba3c5be706bf3f1c81cb24f58b6') in 0.003 seconds [static and dynamic dependencies]. Details - ImportResultOutputID=bf6c136f88822e7ba78c576505a1c26a DependenciesID=b4ef1fed0bc6ce7c59d0499863b529aa StaticDependenciesID=643b81fe7caa837a05c91c2619db9101 
Number of updated asset objects reloaded before import = 0
Number of asset objects unloaded after import = 0
========================================================================
Received Import Request.
  Time of request: 2026-09-01T06:19:51.728064Z
  Time since last request: 0.000613625 seconds.
  importAddress: GUID: 64b230171391f409b8d60f822091d567 - Path: Packages/com.unity.xr.arfoundation/Runtime/VisualScripting/Units/GetFacesUnit.cs - Importer: ScriptedImporter/UnityEditor.QuickSearchModule:UnityEditor.Search:ASIAI0B
Importing 'GUID: 64b230171391f409b8d60f822091d567 - Path: Packages/com.unity.xr.arfoundation/Runtime/VisualScripting/Units/GetFacesUnit.cs - Importer: ScriptedImporter/UnityEditor.QuickSearchModule:UnityEditor.Search:ASIAI0B' with importer (ScriptedImporter : UnityEditor.QuickSearchModule:UnityEditor.Search:ASIAI0B)
Imported 'GUID: 64b230171391f409b8d60f822091d567' -> (Import Result ID: 'cd4b07f84c3b55b53b10080107149dbb') in 0.002 seconds [static and dynamic dependencies]. Details - ImportResultOutputID=b45865d7b2851545b07b5b147a0dfa52 DependenciesID=6ffff159c9f76928aa68ddf83aa709df StaticDependenciesID=f18460454340a31981f0afae9b83e4e4 
Number of updated asset objects reloaded before import = 0
Number of asset objects unloaded after import = 0
========================================================================
Received Import Request.
  Time of request: 2026-09-01T06:19:51.730959Z
  Time since last request: 0.000836542 seconds.
  importAddress: GUID: 4183f4756694b465583b42c565571c73 - Path: Packages/com.unity.xr.arfoundation/Runtime/ARSubsystems/PointClouds/XRPointCloudSubsystem.cs - Importer: ScriptedImporter/UnityEditor.QuickSearchModule:UnityEditor.Search:ASIAI0B
Importing 'GUID: 4183f4756694b465583b42c565571c73 - Path: Packages/com.unity.xr.arfoundation/Runtime/ARSubsystems/PointClouds/XRPointCloudSubsystem.cs - Importer: ScriptedImporter/UnityEditor.QuickSearchModule:UnityEditor.Search:ASIAI0B' with importer (ScriptedImporter : UnityEditor.QuickSearchModule:UnityEditor.Search:ASIAI0B)
Imported 'GUID: 4183f4756694b465583b42c565571c73' -> (Import Result ID: '2c3c43ba7120a0354faccd87623152d7') in 0.002 seconds [static and dynamic dependencies]. Details - ImportResultOutputID=e2213aba719f7925c4d6212dcd2982c8 DependenciesID=c242437d0e5649ee53b25a9bd9ce6065 StaticDependenciesID=9be18bfa76e2909963dd9c890ccea291 
Number of updated asset objects reloaded before import = 0
Number of asset objects unloaded after import = 0
========================================================================
Received Import Request.
  Time of request: 2026-09-01T06:19:51.733293Z
  Time since last request: 0.000412875 seconds.
  importAddress: GUID: a1e94f8ab8d854093b973e64e6472574 - Path: Packages/com.unity.xr.arkit/Runtime/RoomPlanBoundingBoxSubsystem.cs - Importer: ScriptedImporter/UnityEditor.QuickSearchModule:UnityEditor.Search:ASIAI0B
Importing 'GUID: a1e94f8ab8d854093b973e64e6472574 - Path: Packages/com.unity.xr.arkit/Runtime/RoomPlanBoundingBoxSubsystem.cs - Importer: ScriptedImporter/UnityEditor.QuickSearchModule:UnityEditor.Search:ASIAI0B' with importer (ScriptedImporter : UnityEditor.QuickSearchModule:UnityEditor.Search:ASIAI0B)
Imported 'GUID: a1e94f8ab8d854093b973e64e6472574' -> (Import Result ID: '1c34be0326184e77ce310719fbf9ca66') in 0.003 seconds [static and dynamic dependencies]. Details - ImportResultOutputID=7506c0442f7d2f6de35646cd11b3e348 DependenciesID=30b73db14bd65c79ef42d8bda60f8ebc StaticDependenciesID=1e33aad8821e65b43f5399278b86ff10 
Number of updated asset objects reloaded before import = 0
Number of asset objects unloaded after import = 0
========================================================================
Received Import Request.
  Time of request: 2026-09-01T06:19:51.736471Z
  Time since last request: 0.000292458 seconds.
  importAddress: GUID: 77e98d6d245941242894ff6f17ee6190 - Path: Packages/com.unity.xr.arfoundation/Runtime/Simulation/Plugins/windows-x64 - Importer: ScriptedImporter/UnityEditor.QuickSearchModule:UnityEditor.Search:ASIAI0B
Importing 'GUID: 77e98d6d245941242894ff6f17ee6190 - Path: Packages/com.unity.xr.arfoundation/Runtime/Simulation/Plugins/windows-x64 - Importer: ScriptedImporter/UnityEditor.QuickSearchModule:UnityEditor.Search:ASIAI0B' with importer (ScriptedImporter : UnityEditor.QuickSearchModule:UnityEditor.Search:ASIAI0B)
Imported 'GUID: 77e98d6d245941242894ff6f17ee6190' -> (Import Result ID: '9797bfa6238ecacae2194c2b919c02d4') in 0.002 seconds [static and dynamic dependencies]. Details - ImportResultOutputID=578b2aa94b7dbad4b3629cb69ebd5583 DependenciesID=047412e3fcb4f52172f829655ba539ae StaticDependenciesID=effeb6677c96c42132e484bea573291f 
Number of updated asset objects reloaded before import = 0
Number of asset objects unloaded after import = 1
========================================================================
Received Import Request.
  Time of request: 2026-09-01T06:19:51.739503Z
  Time since last request: 0.000882792 seconds.
  importAddress: GUID: a5f475e02d554df2af4d12763b666520 - Path: Packages/com.unity.xr.arkit/Editor/NoniOSBuildProcessor.cs - Importer: ScriptedImporter/UnityEditor.QuickSearchModule:UnityEditor.Search:ASIAI0B
Importing 'GUID: a5f475e02d554df2af4d12763b666520 - Path: Packages/com.unity.xr.arkit/Editor/NoniOSBuildProcessor.cs - Importer: ScriptedImporter/UnityEditor.QuickSearchModule:UnityEditor.Search:ASIAI0B' with importer (ScriptedImporter : UnityEditor.QuickSearchModule:UnityEditor.Search:ASIAI0B)
Imported 'GUID: a5f475e02d554df2af4d12763b666520' -> (Import Result ID: '34c7957ad86bb0b540ce484624bdf743') in 0.001 seconds [static and dynamic dependencies]. Details - ImportResultOutputID=8f1827897d16bbf84c6124bf5c96f17c DependenciesID=d0957b5017eb76899e28cf649442111c StaticDependenciesID=0fd67eaaec631c9909d7179ec9070018 
Number of updated asset objects reloaded before import = 0
Number of asset objects unloaded after import = 0
========================================================================
Received Import Request.
  Time of request: 2026-09-01T06:19:51.741575Z
  Time since last request: 0.000260667 seconds.
  importAddress: GUID: 3f95d61577294ecbb213e6d261d5d33f - Path: Packages/com.unity.xr.arfoundation/Editor/Simulation/SimulationPreferencesProvider.cs - Importer: ScriptedImporter/UnityEditor.QuickSearchModule:UnityEditor.Search:ASIAI0B
Importing 'GUID: 3f95d61577294ecbb213e6d261d5d33f - Path: Packages/com.unity.xr.arfoundation/Editor/Simulation/SimulationPreferencesProvider.cs - Importer: ScriptedImporter/UnityEditor.QuickSearchModule:UnityEditor.Search:ASIAI0B' with importer (ScriptedImporter : UnityEditor.QuickSearchModule:UnityEditor.Search:ASIAI0B)
Imported 'GUID: 3f95d61577294ecbb213e6d261d5d33f' -> (Import Result ID: '23312848290a359036fb3c5ef1f25886') in 0.003 seconds [static and dynamic dependencies]. Details - ImportResultOutputID=054fa796fdfa7e00ddd818abc475a281 DependenciesID=d10cf678126501917e095c59f73770ca StaticDependenciesID=c405696742aeb06d26c8c71d669a74e3 
Number of updated asset objects reloaded before import = 0
Number of asset objects unloaded after import = 0
========================================================================
Received Import Request.
  Time of request: 2026-09-01T06:19:51.745879Z
  Time since last request: 0.000438916 seconds.
  importAddress: GUID: 3c6ef533f768476bac9249d73827adfe - Path: Packages/com.unity.xr.arfoundation/Editor/ARSubsystems/ARBuildProcessor.cs - Importer: ScriptedImporter/UnityEditor.QuickSearchModule:UnityEditor.Search:ASIAI0B
Importing 'GUID: 3c6ef533f768476bac9249d73827adfe - Path: Packages/com.unity.xr.arfoundation/Editor/ARSubsystems/ARBuildProcessor.cs - Importer: ScriptedImporter/UnityEditor.QuickSearchModule:UnityEditor.Search:ASIAI0B' with importer (ScriptedImporter : UnityEditor.QuickSearchModule:UnityEditor.Search:ASIAI0B)
Imported 'GUID: 3c6ef533f768476bac9249d73827adfe' -> (Import Result ID: 'da37e72b6f3510662a87e82e16043d31') in 0.002 seconds [static and dynamic dependencies]. Details - ImportResultOutputID=73502e184fa9505f259c0f5d82de9bd7 DependenciesID=e90d096b671c6804f9a3584da907ad3b StaticDependenciesID=05712899035ddec4f2b4df21ff256c76 
Number of updated asset objects reloaded before import = 0
Number of asset objects unloaded after import = 0
========================================================================
Received Import Request.
  Time of request: 2026-09-01T06:19:51.749178Z
  Time since last request: 0.000469042 seconds.
  importAddress: GUID: e1760703bbd54c04488a8d10600262ab - Path: Packages/com.unity.xr.arfoundation/Runtime/ARFoundation/Planes/ARPlaneManager.cs - Importer: ScriptedImporter/UnityEditor.QuickSearchModule:UnityEditor.Search:ASIAI0B
Importing 'GUID: e1760703bbd54c04488a8d10600262ab - Path: Packages/com.unity.xr.arfoundation/Runtime/ARFoundation/Planes/ARPlaneManager.cs - Importer: ScriptedImporter/UnityEditor.QuickSearchModule:UnityEditor.Search:ASIAI0B' with importer (ScriptedImporter : UnityEditor.QuickSearchModule:UnityEditor.Search:ASIAI0B)
Imported 'GUID: e1760703bbd54c04488a8d10600262ab' -> (Import Result ID: '3235569ca6b3d312d00af08b0b50b029') in 0.003 seconds [static and dynamic dependencies]. Details - ImportResultOutputID=5e0482008a47039a9f49a1e9e78e40d1 DependenciesID=15c4f5b0f0ef2f0fb48763e61fbf83ae StaticDependenciesID=49075d25834e492c799b408c953ed131 
Number of updated asset objects reloaded before import = 0
Number of asset objects unloaded after import = 1
========================================================================
Received Import Request.
  Time of request: 2026-09-01T06:19:51.753262Z
  Time since last request: 0.000251875 seconds.
  importAddress: GUID: d08903b51d6a413cb1cf0bd4a315292d - Path: Packages/com.unity.xr.arfoundation/Tests/Runtime/CodeSamples/LoaderUtilitySamples.cs - Importer: ScriptedImporter/UnityEditor.QuickSearchModule:UnityEditor.Search:ASIAI0B
Importing 'GUID: d08903b51d6a413cb1cf0bd4a315292d - Path: Packages/com.unity.xr.arfoundation/Tests/Runtime/CodeSamples/LoaderUtilitySamples.cs - Importer: ScriptedImporter/UnityEditor.QuickSearchModule:UnityEditor.Search:ASIAI0B' with importer (ScriptedImporter : UnityEditor.QuickSearchModule:UnityEditor.Search:ASIAI0B)
Imported 'GUID: d08903b51d6a413cb1cf0bd4a315292d' -> (Import Result ID: '4cb61bcc81218e5de7b859f5f39c0e9e') in 0.002 seconds [static and dynamic dependencies]. Details - ImportResultOutputID=2d885580bae562cfbb6d4c72f93178f7 DependenciesID=cbde0934fc7641899c5f24896391a182 StaticDependenciesID=1c7353ff2a5a983a6588a0421be257d2 
Number of updated asset objects reloaded before import = 0
Number of asset objects unloaded after import = 0
========================================================================
Received Import Request.
  Time of request: 2026-09-01T06:19:51.756649Z
  Time since last request: 0.000846166 seconds.
  importAddress: GUID: 078543e0967e4696b72411d084630e76 - Path: Packages/com.unity.xr.arfoundation/Runtime/VisualScripting/Units/Events/MessageListeners/AREnvironmentProbesChangedListener.cs - Importer: ScriptedImporter/UnityEditor.QuickSearchModule:UnityEditor.Search:ASIAI0B
Importing 'GUID: 078543e0967e4696b72411d084630e76 - Path: Packages/com.unity.xr.arfoundation/Runtime/VisualScripting/Units/Events/MessageListeners/AREnvironmentProbesChangedListener.cs - Importer: ScriptedImporter/UnityEditor.QuickSearchModule:UnityEditor.Search:ASIAI0B' with importer (ScriptedImporter : UnityEditor.QuickSearchModule:UnityEditor.Search:ASIAI0B)
Imported 'GUID: 078543e0967e4696b72411d084630e76' -> (Import Result ID: 'fa470e5167fca13924b579145444882f') in 0.002 seconds [static and dynamic dependencies]. Details - ImportResultOutputID=4e05ce3c2e4ecf1aae323f5f30272022 DependenciesID=d641df459d14872b4d9acaa594215a7d StaticDependenciesID=5502096133a6386ed80e19cb2d71ee60 
Number of updated asset objects reloaded before import = 0
Number of asset objects unloaded after import = 0
========================================================================
Received Import Request.
  Time of request: 2026-09-01T06:19:51.759687Z
  Time since last request: 0.000277541 seconds.
  importAddress: GUID: 0865ed1da42853844860cbdf054fe047 - Path: Packages/com.unity.xr.arfoundation/Runtime/ARFoundation/PointClouds/ARPointCloudMeshVisualizer.cs - Importer: ScriptedImporter/UnityEditor.QuickSearchModule:UnityEditor.Search:ASIAI0B
Importing 'GUID: 0865ed1da42853844860cbdf054fe047 - Path: Packages/com.unity.xr.arfoundation/Runtime/ARFoundation/PointClouds/ARPointCloudMeshVisualizer.cs - Importer: ScriptedImporter/UnityEditor.QuickSearchModule:UnityEditor.Search:ASIAI0B' with importer (ScriptedImporter : UnityEditor.QuickSearchModule:UnityEditor.Search:ASIAI0B)
Imported 'GUID: 0865ed1da42853844860cbdf054fe047' -> (Import Result ID: 'e1c3d1c15cd68d84c27f82743e44c34b') in 0.002 seconds [static and dynamic dependencies]. Details - ImportResultOutputID=4fcc58d2c1a4f12341ccd929c9832f22 DependenciesID=f0affe04e2046cf9f85fbf1a32de1242 StaticDependenciesID=503a3f8277f0e3b25f1ec2e05e9cf85e 
Number of updated asset objects reloaded before import = 0
Number of asset objects unloaded after import = 1
========================================================================
Received Import Request.
  Time of request: 2026-09-01T06:19:51.762991Z
  Time since last request: 0.000530708 seconds.
  importAddress: GUID: f8875a90283d4c0592f03e58a219966d - Path: Packages/com.unity.xr.arfoundation/Runtime/ARSubsystems/Utils - Importer: ScriptedImporter/UnityEditor.QuickSearchModule:UnityEditor.Search:ASIAI0B
Importing 'GUID: f8875a90283d4c0592f03e58a219966d - Path: Packages/com.unity.xr.arfoundation/Runtime/ARSubsystems/Utils - Importer: ScriptedImporter/UnityEditor.QuickSearchModule:UnityEditor.Search:ASIAI0B' with importer (ScriptedImporter : UnityEditor.QuickSearchModule:UnityEditor.Search:ASIAI0B)
Imported 'GUID: f8875a90283d4c0592f03e58a219966d' -> (Import Result ID: 'c2ca92939529986e7d411f9681fcaaf3') in 0.002 seconds [static and dynamic dependencies]. Details - ImportResultOutputID=41549d371090a5c4812dd65073b571d0 DependenciesID=1175e76ce7b3e099a007c48add8bb4db StaticDependenciesID=7b279334753830a8ff6e3a9698a3a8c0 
Number of updated asset objects reloaded before import = 0
Number of asset objects unloaded after import = 1
========================================================================
Received Import Request.
  Time of request: 2026-09-01T06:19:51.765663Z
  Time since last request: 0.000370042 seconds.
  importAddress: GUID: cdb8859fb0a09423cb297e38fa65bd99 - Path: Packages/com.unity.xr.arfoundation/Runtime/VisualScripting/Unity.XR.ARFoundation.VisualScripting.asmdef - Importer: ScriptedImporter/UnityEditor.QuickSearchModule:UnityEditor.Search:ASIAI0B
Importing 'GUID: cdb8859fb0a09423cb297e38fa65bd99 - Path: Packages/com.unity.xr.arfoundation/Runtime/VisualScripting/Unity.XR.ARFoundation.VisualScripting.asmdef - Importer: ScriptedImporter/UnityEditor.QuickSearchModule:UnityEditor.Search:ASIAI0B' with importer (ScriptedImporter : UnityEditor.QuickSearchModule:UnityEditor.Search:ASIAI0B)
Imported 'GUID: cdb8859fb0a09423cb297e38fa65bd99' -> (Import Result ID: '0faddcede2f110baa889defa83720495') in 0.003 seconds [static and dynamic dependencies]. Details - ImportResultOutputID=c7bb40ced019de5cb7cbea750f7c4ca8 DependenciesID=ab6ca9fbcafff8cc5d43d66e10d065e6 StaticDependenciesID=0dd4e981512d338526f34a62280bee63 
Number of updated asset objects reloaded before import = 0
Number of asset objects unloaded after import = 1
========================================================================
Received Import Request.
  Time of request: 2026-09-01T06:19:51.769469Z
  Time since last request: 0.000398 seconds.
  importAddress: GUID: 08f30060c0dee554ca2cf98f21214505 - Path: Packages/com.unity.xr.arkit/Runtime/PlaneTracking/ARKitPlaneSubsystem.cs - Importer: ScriptedImporter/UnityEditor.QuickSearchModule:UnityEditor.Search:ASIAI0B
Importing 'GUID: 08f30060c0dee554ca2cf98f21214505 - Path: Packages/com.unity.xr.arkit/Runtime/PlaneTracking/ARKitPlaneSubsystem.cs - Importer: ScriptedImporter/UnityEditor.QuickSearchModule:UnityEditor.Search:ASIAI0B' with importer (ScriptedImporter : UnityEditor.QuickSearchModule:UnityEditor.Search:ASIAI0B)
Imported 'GUID: 08f30060c0dee554ca2cf98f21214505' -> (Import Result ID: 'f1b5ccf21fa9704b3efe2b683543fb21') in 0.003 seconds [static and dynamic dependencies]. Details - ImportResultOutputID=de01d2710af328570a984b60a3b61497 DependenciesID=b7a93ff30c4631b4b85559f9b3123281 StaticDependenciesID=4c0eab923904e750bae725ee7777cd36 
Number of updated asset objects reloaded before import = 0
Number of asset objects unloaded after import = 0
========================================================================
Received Import Request.
  Time of request: 2026-09-01T06:19:51.773113Z
  Time since last request: 0.000609625 seconds.
  importAddress: GUID: 17f439b08a45e4e3aae1a3da922cfb4f - Path: Packages/com.unity.xr.arfoundation/Editor/ARSubsystems/GuidExtensions.cs - Importer: ScriptedImporter/UnityEditor.QuickSearchModule:UnityEditor.Search:ASIAI0B
Importing 'GUID: 17f439b08a45e4e3aae1a3da922cfb4f - Path: Packages/com.unity.xr.arfoundation/Editor/ARSubsystems/GuidExtensions.cs - Importer: ScriptedImporter/UnityEditor.QuickSearchModule:UnityEditor.Search:ASIAI0B' with importer (ScriptedImporter : UnityEditor.QuickSearchModule:UnityEditor.Search:ASIAI0B)
Imported 'GUID: 17f439b08a45e4e3aae1a3da922cfb4f' -> (Import Result ID: '859985fac202584e025b8915602102a5') in 0.003 seconds [static and dynamic dependencies]. Details - ImportResultOutputID=bfdc19c1026a2db4662564c847882f68 DependenciesID=7c50423c3f7142a165e77cda258e96a0 StaticDependenciesID=f5e2154134080abd5bf5d774339cac08 
Number of updated asset objects reloaded before import = 0
Number of asset objects unloaded after import = 0
========================================================================
Received Import Request.
  Time of request: 2026-09-01T06:19:51.777235Z
  Time since last request: 0.000395125 seconds.
  importAddress: GUID: f5b30e8a085274b279fdd4e4e9f700ea - Path: Packages/com.unity.xr.arfoundation/Tests/Runtime/ARFoundation/PointCloudSubsystem/XRDepthSubsystemTests.cs - Importer: ScriptedImporter/UnityEditor.QuickSearchModule:UnityEditor.Search:ASIAI0B
Importing 'GUID: f5b30e8a085274b279fdd4e4e9f700ea - Path: Packages/com.unity.xr.arfoundation/Tests/Runtime/ARFoundation/PointCloudSubsystem/XRDepthSubsystemTests.cs - Importer: ScriptedImporter/UnityEditor.QuickSearchModule:UnityEditor.Search:ASIAI0B' with importer (ScriptedImporter : UnityEditor.QuickSearchModule:UnityEditor.Search:ASIAI0B)
Imported 'GUID: f5b30e8a085274b279fdd4e4e9f700ea' -> (Import Result ID: '92f5695af2f9ccb03699f7ae9c9e8c76') in 0.002 seconds [static and dynamic dependencies]. Details - ImportResultOutputID=050a6d52bc2471d91082d4619c30288a DependenciesID=b22ccaf4138d91d49295ef74f3b01c58 StaticDependenciesID=7e786c2934acca234c2e6c65e819cff4 
Number of updated asset objects reloaded before import = 0
Number of asset objects unloaded after import = 0
========================================================================
Received Import Request.
  Time of request: 2026-09-01T06:19:51.779776Z
  Time since last request: 0.000534 seconds.
  importAddress: GUID: c563bbf53850b4d67b7a9e30192c0044 - Path: Packages/com.unity.xr.arfoundation/Runtime/ARSubsystems/Session/Configuration/DefaultConfigurationChooser.cs - Importer: ScriptedImporter/UnityEditor.QuickSearchModule:UnityEditor.Search:ASIAI0B
Importing 'GUID: c563bbf53850b4d67b7a9e30192c0044 - Path: Packages/com.unity.xr.arfoundation/Runtime/ARSubsystems/Session/Configuration/DefaultConfigurationChooser.cs - Importer: ScriptedImporter/UnityEditor.QuickSearchModule:UnityEditor.Search:ASIAI0B' with importer (ScriptedImporter : UnityEditor.QuickSearchModule:UnityEditor.Search:ASIAI0B)
Imported 'GUID: c563bbf53850b4d67b7a9e30192c0044' -> (Import Result ID: '04a6516c0a120871aebf8fc3dae189fc') in 0.003 seconds [static and dynamic dependencies]. Details - ImportResultOutputID=bb7bddf3151907b82f0edfeb80e70730 DependenciesID=8d116c6635f29bca6daca9b0889d174f StaticDependenciesID=6e9c74a8b2487de49d9c51e4e163e4ec 
Number of updated asset objects reloaded before import = 0
Number of asset objects unloaded after import = 0
========================================================================
Received Import Request.
  Time of request: 2026-09-01T06:19:51.784227Z
  Time since last request: 0.000929625 seconds.
  importAddress: GUID: a09a75150b9b44dca8b10c058fe47f80 - Path: Packages/com.unity.xr.arfoundation/Runtime/Simulation/Subsystems/EnvironmentProbe/SimulationEnvironmentProbeSubsystem.cs - Importer: ScriptedImporter/UnityEditor.QuickSearchModule:UnityEditor.Search:ASIAI0B
Importing 'GUID: a09a75150b9b44dca8b10c058fe47f80 - Path: Packages/com.unity.xr.arfoundation/Runtime/Simulation/Subsystems/EnvironmentProbe/SimulationEnvironmentProbeSubsystem.cs - Importer: ScriptedImporter/UnityEditor.QuickSearchModule:UnityEditor.Search:ASIAI0B' with importer (ScriptedImporter : UnityEditor.QuickSearchModule:UnityEditor.Search:ASIAI0B)
Imported 'GUID: a09a75150b9b44dca8b10c058fe47f80' -> (Import Result ID: 'cc99626f401473e7e8f7f7176f0b10a8') in 0.002 seconds [static and dynamic dependencies]. Details - ImportResultOutputID=11b1b09aedc8694ff444d63398373028 DependenciesID=bc655ada20f431c2d9da675b661c0633 StaticDependenciesID=f888928c52d1af270fc1072c47c1d7b2 
Number of updated asset objects reloaded before import = 0
Number of asset objects unloaded after import = 0
========================================================================
Received Import Request.
  Time of request: 2026-09-01T06:19:51.787478Z
  Time since last request: 0.000658625 seconds.
  importAddress: GUID: ff19958cf81a54c4d970366f927ff634 - Path: Packages/com.unity.xr.arfoundation/Runtime/Simulation/Subsystems/BoundingBox/BoundingBoxRaycaster.cs - Importer: ScriptedImporter/UnityEditor.QuickSearchModule:UnityEditor.Search:ASIAI0B
Importing 'GUID: ff19958cf81a54c4d970366f927ff634 - Path: Packages/com.unity.xr.arfoundation/Runtime/Simulation/Subsystems/BoundingBox/BoundingBoxRaycaster.cs - Importer: ScriptedImporter/UnityEditor.QuickSearchModule:UnityEditor.Search:ASIAI0B' with importer (ScriptedImporter : UnityEditor.QuickSearchModule:UnityEditor.Search:ASIAI0B)
Imported 'GUID: ff19958cf81a54c4d970366f927ff634' -> (Import Result ID: '1121db3e3397f175a898a286b00e9811') in 0.002 seconds [static and dynamic dependencies]. Details - ImportResultOutputID=a0d72fcb775465db6d6ab7e67c46fc90 DependenciesID=5e1b68f067fbeddb0956d2e23138c133 StaticDependenciesID=508246966fa576412b13249a14fe2ded 
Number of updated asset objects reloaded before import = 0
Number of asset objects unloaded after import = 0
========================================================================
Received Import Request.
  Time of request: 2026-09-01T06:19:51.790688Z
  Time since last request: 0.000551292 seconds.
  importAddress: GUID: 484593dbbcaa941a8b598d64157420e5 - Path: Packages/com.unity.xr.arkit/Runtime/ARMeshClassification.cs - Importer: ScriptedImporter/UnityEditor.QuickSearchModule:UnityEditor.Search:ASIAI0B
Importing 'GUID: 484593dbbcaa941a8b598d64157420e5 - Path: Packages/com.unity.xr.arkit/Runtime/ARMeshClassification.cs - Importer: ScriptedImporter/UnityEditor.QuickSearchModule:UnityEditor.Search:ASIAI0B' with importer (ScriptedImporter : UnityEditor.QuickSearchModule:UnityEditor.Search:ASIAI0B)
Imported 'GUID: 484593dbbcaa941a8b598d64157420e5' -> (Import Result ID: '42bca8e62fea3bdbe83b29060e778104') in 0.002 seconds [static and dynamic dependencies]. Details - ImportResultOutputID=18c20030b9a0135f8f5b1f8f29c98f91 DependenciesID=7ae840e8acd421267262dd5314f06680 StaticDependenciesID=c9672289fdf905df96c4fbf5144476ab 
Number of updated asset objects reloaded before import = 0
Number of asset objects unloaded after import = 0
========================================================================
Received Import Request.
  Time of request: 2026-09-01T06:19:51.814048Z
  Time since last request: 0.021353416 seconds.
  importAddress: GUID: fa3fb75eda3bf45979a29899f741f20e - Path: Packages/com.unity.xr.arkit/Runtime/FaceTracking/XRFaceBlendShapeExtensions.cs - Importer: ScriptedImporter/UnityEditor.QuickSearchModule:UnityEditor.Search:ASIAI0B
Importing 'GUID: fa3fb75eda3bf45979a29899f741f20e - Path: Packages/com.unity.xr.arkit/Runtime/FaceTracking/XRFaceBlendShapeExtensions.cs - Importer: ScriptedImporter/UnityEditor.QuickSearchModule:UnityEditor.Search:ASIAI0B' with importer (ScriptedImporter : UnityEditor.QuickSearchModule:UnityEditor.Search:ASIAI0B)
Imported 'GUID: fa3fb75eda3bf45979a29899f741f20e' -> (Import Result ID: '963eca0c9ded5daa072e894dba54b2c1') in 0.003 seconds [static and dynamic dependencies]. Details - ImportResultOutputID=fdb7062665d7d9b7ffcedbca72a277de DependenciesID=d522f111251f03ea80b2f85bd9d1783d StaticDependenciesID=c63c585c79a14f70f7a2f8619ff9dbbc 
Number of updated asset objects reloaded before import = 0
Number of asset objects unloaded after import = 0
========================================================================
Received Import Request.
  Time of request: 2026-09-01T06:19:51.8187Z
  Time since last request: 0.000486875 seconds.
  importAddress: GUID: 7774b7846094742d5a8cc9e4ee12f4d7 - Path: Packages/com.unity.xr.arfoundation/Runtime/ARSubsystems/Session/Configuration/ConfigurationChooser.cs - Importer: ScriptedImporter/UnityEditor.QuickSearchModule:UnityEditor.Search:ASIAI0B
Importing 'GUID: 7774b7846094742d5a8cc9e4ee12f4d7 - Path: Packages/com.unity.xr.arfoundation/Runtime/ARSubsystems/Session/Configuration/ConfigurationChooser.cs - Importer: ScriptedImporter/UnityEditor.QuickSearchModule:UnityEditor.Search:ASIAI0B' with importer (ScriptedImporter : UnityEditor.QuickSearchModule:UnityEditor.Search:ASIAI0B)
Imported 'GUID: 7774b7846094742d5a8cc9e4ee12f4d7' -> (Import Result ID: '53d0428f4e22e7994099b611409fc2a9') in 0.002 seconds [static and dynamic dependencies]. Details - ImportResultOutputID=6390aa55bbfc0e95e34aa6167e215741 DependenciesID=4cb138288c8e0a87bb20f05eab4414ac StaticDependenciesID=2d982b3d8090361fe68a6c952e3dc853 
Number of updated asset objects reloaded before import = 0
Number of asset objects unloaded after import = 0
========================================================================
Received Import Request.
  Time of request: 2026-09-01T06:19:51.821558Z
  Time since last request: 0.000705667 seconds.
  importAddress: GUID: cbe74d5481cd4621a471410411cbdedb - Path: Packages/com.unity.xr.arfoundation/Runtime/ARFoundation/Common/Textures - Importer: ScriptedImporter/UnityEditor.QuickSearchModule:UnityEditor.Search:ASIAI0B
Importing 'GUID: cbe74d5481cd4621a471410411cbdedb - Path: Packages/com.unity.xr.arfoundation/Runtime/ARFoundation/Common/Textures - Importer: ScriptedImporter/UnityEditor.QuickSearchModule:UnityEditor.Search:ASIAI0B' with importer (ScriptedImporter : UnityEditor.QuickSearchModule:UnityEditor.Search:ASIAI0B)
Imported 'GUID: cbe74d5481cd4621a471410411cbdedb' -> (Import Result ID: '5c350aaa5edc7a22f9887ed0b811b0dd') in 0.002 seconds [static and dynamic dependencies]. Details - ImportResultOutputID=3a953d3733f5fbfe070c81e669833b5b DependenciesID=b12a76c2f2c867184467f801c1a7d8b3 StaticDependenciesID=4a11dfe48386d2661bc13118d4b72e2e 
Number of updated asset objects reloaded before import = 0
Number of asset objects unloaded after import = 1
========================================================================
Received Import Request.
  Time of request: 2026-09-01T06:19:51.824083Z
  Time since last request: 0.000266542 seconds.
  importAddress: GUID: 0952f57f8a7ee9e4f94ef6db42536b7e - Path: Packages/com.unity.xr.arfoundation/Runtime/Simulation/Plugins/windows-arm64/XRSimulationSubsystem.dll - Importer: ScriptedImporter/UnityEditor.QuickSearchModule:UnityEditor.Search:ASIAI0B
Importing 'GUID: 0952f57f8a7ee9e4f94ef6db42536b7e - Path: Packages/com.unity.xr.arfoundation/Runtime/Simulation/Plugins/windows-arm64/XRSimulationSubsystem.dll - Importer: ScriptedImporter/UnityEditor.QuickSearchModule:UnityEditor.Search:ASIAI0B' with importer (ScriptedImporter : UnityEditor.QuickSearchModule:UnityEditor.Search:ASIAI0B)
Imported 'GUID: 0952f57f8a7ee9e4f94ef6db42536b7e' -> (Import Result ID: 'd1e0e7e75f2accb408c067741a2a1006') in 0.003 seconds [static and dynamic dependencies]. Details - ImportResultOutputID=d2c539238b8185c85fc8aa8ec108d092 DependenciesID=7b01e6965fd9406fbc02d40f381c07c2 StaticDependenciesID=c7bde59a10d25c89d8ff28630161dc53 
Number of updated asset objects reloaded before import = 0
Number of asset objects unloaded after import = 0
========================================================================
Received Import Request.
  Time of request: 2026-09-01T06:19:51.828434Z
  Time since last request: 0.000482083 seconds.
  importAddress: GUID: ef662a28bb28d4963a15c6677d0af57a - Path: Packages/com.unity.xr.arfoundation/Runtime/ARSubsystems/PointClouds/XRPointCloudSubsystemDescriptor.cs - Importer: ScriptedImporter/UnityEditor.QuickSearchModule:UnityEditor.Search:ASIAI0B
Importing 'GUID: ef662a28bb28d4963a15c6677d0af57a - Path: Packages/com.unity.xr.arfoundation/Runtime/ARSubsystems/PointClouds/XRPointCloudSubsystemDescriptor.cs - Importer: ScriptedImporter/UnityEditor.QuickSearchModule:UnityEditor.Search:ASIAI0B' with importer (ScriptedImporter : UnityEditor.QuickSearchModule:UnityEditor.Search:ASIAI0B)
Imported 'GUID: ef662a28bb28d4963a15c6677d0af57a' -> (Import Result ID: 'fb39c654d0e45430056d24a130975cdf') in 0.002 seconds [static and dynamic dependencies]. Details - ImportResultOutputID=a42f7cb48d92e13d75992e93a4c74698 DependenciesID=a322a99aa107729e41390e17b8ecfa8c StaticDependenciesID=f2222b4535a519a77751264dc3ba166f 
Number of updated asset objects reloaded before import = 0
Number of asset objects unloaded after import = 0
========================================================================
Received Import Request.
  Time of request: 2026-09-01T06:19:51.831937Z
  Time since last request: 0.000776083 seconds.
  importAddress: GUID: 938bbf5161bc81343a53e86f74e80c43 - Path: Packages/com.unity.xr.arfoundation/Runtime/ARSubsystems/Faces/XRFaceBlendShape.cs - Importer: ScriptedImporter/UnityEditor.QuickSearchModule:UnityEditor.Search:ASIAI0B
Importing 'GUID: 938bbf5161bc81343a53e86f74e80c43 - Path: Packages/com.unity.xr.arfoundation/Runtime/ARSubsystems/Faces/XRFaceBlendShape.cs - Importer: ScriptedImporter/UnityEditor.QuickSearchModule:UnityEditor.Search:ASIAI0B' with importer (ScriptedImporter : UnityEditor.QuickSearchModule:UnityEditor.Search:ASIAI0B)
Imported 'GUID: 938bbf5161bc81343a53e86f74e80c43' -> (Import Result ID: '9c95d0f3c6112c0dbafdb6454d7810f4') in 0.002 seconds [static and dynamic dependencies]. Details - ImportResultOutputID=1b14e1cbc790d26c8cf9a183423dfebb DependenciesID=6a5d692097938ef86a27d983d542e143 StaticDependenciesID=72edbf7e9b0bbd4330d71f0c78c179c5 
Number of updated asset objects reloaded before import = 0
Number of asset objects unloaded after import = 0
========================================================================
Received Import Request.
  Time of request: 2026-09-01T06:19:51.835428Z
  Time since last request: 0.000445333 seconds.
  importAddress: GUID: 1d80902c4f7464863949e8f58dc92787 - Path: Packages/com.unity.xr.arfoundation/Editor/VisualScripting/Deprecated/TrackedImagesChangedEventUnitDescriptor.deprecated.cs - Importer: ScriptedImporter/UnityEditor.QuickSearchModule:UnityEditor.Search:ASIAI0B
Importing 'GUID: 1d80902c4f7464863949e8f58dc92787 - Path: Packages/com.unity.xr.arfoundation/Editor/VisualScripting/Deprecated/TrackedImagesChangedEventUnitDescriptor.deprecated.cs - Importer: ScriptedImporter/UnityEditor.QuickSearchModule:UnityEditor.Search:ASIAI0B' with importer (ScriptedImporter : UnityEditor.QuickSearchModule:UnityEditor.Search:ASIAI0B)
Imported 'GUID: 1d80902c4f7464863949e8f58dc92787' -> (Import Result ID: '87ce9279fbb1578cc6dc3f5459db0289') in 0.004 seconds [static and dynamic dependencies]. Details - ImportResultOutputID=9adadf3a4d64c227ff67b599baf8bc00 DependenciesID=55e298232e46d4294441a174315dcf9b StaticDependenciesID=11a4f67c48a647854f0bd12666f85487 
Number of updated asset objects reloaded before import = 0
Number of asset objects unloaded after import = 0
========================================================================
Received Import Request.
  Time of request: 2026-09-01T06:19:51.840894Z
  Time since last request: 0.000534417 seconds.
  importAddress: GUID: e07e4704de31272488f32563e145cb63 - Path: Packages/com.unity.xr.arfoundation/Assets/Materials - Importer: ScriptedImporter/UnityEditor.QuickSearchModule:UnityEditor.Search:ASIAI0B
Importing 'GUID: e07e4704de31272488f32563e145cb63 - Path: Packages/com.unity.xr.arfoundation/Assets/Materials - Importer: ScriptedImporter/UnityEditor.QuickSearchModule:UnityEditor.Search:ASIAI0B' with importer (ScriptedImporter : UnityEditor.QuickSearchModule:UnityEditor.Search:ASIAI0B)
Imported 'GUID: e07e4704de31272488f32563e145cb63' -> (Import Result ID: 'bd21c456d0eacd14b21cce94d90f8613') in 0.003 seconds [static and dynamic dependencies]. Details - ImportResultOutputID=5493d24262ec3193dddaeeaa91d33958 DependenciesID=a705d36f027b6dd7eb655d60874c9ef1 StaticDependenciesID=82db2db4d6d4b98aa19be0768c0a72fe 
Number of updated asset objects reloaded before import = 0
Number of asset objects unloaded after import = 1
========================================================================
Received Import Request.
  Time of request: 2026-09-01T06:19:51.84457Z
  Time since last request: 0.000391625 seconds.
  importAddress: GUID: 6a8d857d8706540509e4fcd02ea92f74 - Path: Packages/com.unity.xr.arfoundation/Assets/Prefabs/DebugLineRenderer.prefab - Importer: ScriptedImporter/UnityEditor.QuickSearchModule:UnityEditor.Search:ASIAI0B
Importing 'GUID: 6a8d857d8706540509e4fcd02ea92f74 - Path: Packages/com.unity.xr.arfoundation/Assets/Prefabs/DebugLineRenderer.prefab - Importer: ScriptedImporter/UnityEditor.QuickSearchModule:UnityEditor.Search:ASIAI0B' with importer (ScriptedImporter : UnityEditor.QuickSearchModule:UnityEditor.Search:ASIAI0B)
Imported 'GUID: 6a8d857d8706540509e4fcd02ea92f74' -> (Import Result ID: '86c4f9a7e23f80b1a56f960fefd73333') in 0.017 seconds [static and dynamic dependencies]. Details - ImportResultOutputID=8732ed1676adb0120e46de6532780b24 DependenciesID=033b911aaa51ddc73dd4c60119df7dda StaticDependenciesID=99e6467effa500f944a99d7262d609ce 
Number of updated asset objects reloaded before import = 0
Number of asset objects unloaded after import = 5
========================================================================
Received Import Request.
  Time of request: 2026-09-01T06:19:51.862864Z
  Time since last request: 0.000409083 seconds.
  importAddress: GUID: 52c71de9b30ebd847a893883b014d143 - Path: Packages/com.unity.xr.arfoundation/Editor/InternalUtils/ShowInDebugInspectorOnlyAttributeDrawer.cs - Importer: ScriptedImporter/UnityEditor.QuickSearchModule:UnityEditor.Search:ASIAI0B
Importing 'GUID: 52c71de9b30ebd847a893883b014d143 - Path: Packages/com.unity.xr.arfoundation/Editor/InternalUtils/ShowInDebugInspectorOnlyAttributeDrawer.cs - Importer: ScriptedImporter/UnityEditor.QuickSearchModule:UnityEditor.Search:ASIAI0B' with importer (ScriptedImporter : UnityEditor.QuickSearchModule:UnityEditor.Search:ASIAI0B)
Imported 'GUID: 52c71de9b30ebd847a893883b014d143' -> (Import Result ID: 'bf47848809d080831934a23f75ebc25c') in 0.002 seconds [static and dynamic dependencies]. Details - ImportResultOutputID=5ad54e84d01c6a09951baaa892eae479 DependenciesID=a0eb32ae845f3b3d59e13941cc653437 StaticDependenciesID=ddc71ec3b4da253d6efddd89d8b463b8 
Number of updated asset objects reloaded before import = 0
Number of asset objects unloaded after import = 0
========================================================================
Received Import Request.
  Time of request: 2026-09-01T06:19:51.865536Z
  Time since last request: 0.000631125 seconds.
  importAddress: GUID: 45b274d6d3da5470d8f61867c6ea905f - Path: Packages/com.unity.xr.arfoundation/Runtime/ARFoundation/AssemblyInfo.cs - Importer: ScriptedImporter/UnityEditor.QuickSearchModule:UnityEditor.Search:ASIAI0B
Importing 'GUID: 45b274d6d3da5470d8f61867c6ea905f - Path: Packages/com.unity.xr.arfoundation/Runtime/ARFoundation/AssemblyInfo.cs - Importer: ScriptedImporter/UnityEditor.QuickSearchModule:UnityEditor.Search:ASIAI0B' with importer (ScriptedImporter : UnityEditor.QuickSearchModule:UnityEditor.Search:ASIAI0B)
Imported 'GUID: 45b274d6d3da5470d8f61867c6ea905f' -> (Import Result ID: 'a4680d096977ab0bafd8d6fcfb7fd620') in 0.002 seconds [static and dynamic dependencies]. Details - ImportResultOutputID=d38d1c9d66099fc21ac2a2334d08fd46 DependenciesID=0b2c4293098f3d98881ee3a36d46d510 StaticDependenciesID=b7fd969dbcbcb0e12b5931298dea8e28 
Number of updated asset objects reloaded before import = 0
Number of asset objects unloaded after import = 0
========================================================================
Received Import Request.
  Time of request: 2026-09-01T06:19:51.869204Z
  Time since last request: 0.000770542 seconds.
  importAddress: GUID: f64c93d7f0b0146fcb07f287c6a74606 - Path: Packages/com.unity.xr.arkit/Editor/ObjectTracking/ARKitReferenceObjectLibraryBuildProcessor.cs - Importer: ScriptedImporter/UnityEditor.QuickSearchModule:UnityEditor.Search:ASIAI0B
Importing 'GUID: f64c93d7f0b0146fcb07f287c6a74606 - Path: Packages/com.unity.xr.arkit/Editor/ObjectTracking/ARKitReferenceObjectLibraryBuildProcessor.cs - Importer: ScriptedImporter/UnityEditor.QuickSearchModule:UnityEditor.Search:ASIAI0B' with importer (ScriptedImporter : UnityEditor.QuickSearchModule:UnityEditor.Search:ASIAI0B)
Imported 'GUID: f64c93d7f0b0146fcb07f287c6a74606' -> (Import Result ID: '97f21e639f275cfa9d6508fd68d32d1f') in 0.002 seconds [static and dynamic dependencies]. Details - ImportResultOutputID=11ffdbaf65735035e2725c7b93428556 DependenciesID=8e293835366287dc704c3876a12eb641 StaticDependenciesID=c8eaa6283951e185def3aae4457ab1f0 
Number of updated asset objects reloaded before import = 0
Number of asset objects unloaded after import = 0
========================================================================
Received Import Request.
  Time of request: 2026-09-01T06:19:51.871447Z
  Time since last request: 0.000303291 seconds.
  importAddress: GUID: fd0e1895dcc43c74184562d03b5982ad - Path: Packages/com.unity.xr.arfoundation/Runtime/Simulation/Subsystems/Meshing/SimulationMeshSubsystem.cs - Importer: ScriptedImporter/UnityEditor.QuickSearchModule:UnityEditor.Search:ASIAI0B
Importing 'GUID: fd0e1895dcc43c74184562d03b5982ad - Path: Packages/com.unity.xr.arfoundation/Runtime/Simulation/Subsystems/Meshing/SimulationMeshSubsystem.cs - Importer: ScriptedImporter/UnityEditor.QuickSearchModule:UnityEditor.Search:ASIAI0B' with importer (ScriptedImporter : UnityEditor.QuickSearchModule:UnityEditor.Search:ASIAI0B)
Imported 'GUID: fd0e1895dcc43c74184562d03b5982ad' -> (Import Result ID: '9d9ffdcc53ba48e0174f13c3b1bb3640') in 0.002 seconds [static and dynamic dependencies]. Details - ImportResultOutputID=8c420790adec5760f9c73fc59f4eeee0 DependenciesID=203db647952e70203e9fdfd37cee955e StaticDependenciesID=b7f1af295b3b7b1f9534448eab6c9bb9 
Number of updated asset objects reloaded before import = 0
Number of asset objects unloaded after import = 0
========================================================================
Received Import Request.
  Time of request: 2026-09-01T06:19:51.875023Z
  Time since last request: 0.000447791 seconds.
  importAddress: GUID: 1f513ecde09444370ba3c9c4f84caea1 - Path: Packages/com.unity.xr.arfoundation/Runtime/ARSubsystems/Camera/CameraFocusMode.cs - Importer: ScriptedImporter/UnityEditor.QuickSearchModule:UnityEditor.Search:ASIAI0B
Importing 'GUID: 1f513ecde09444370ba3c9c4f84caea1 - Path: Packages/com.unity.xr.arfoundation/Runtime/ARSubsystems/Camera/CameraFocusMode.cs - Importer: ScriptedImporter/UnityEditor.QuickSearchModule:UnityEditor.Search:ASIAI0B' with importer (ScriptedImporter : UnityEditor.QuickSearchModule:UnityEditor.Search:ASIAI0B)
Imported 'GUID: 1f513ecde09444370ba3c9c4f84caea1' -> (Import Result ID: '4915ea21ee9a23387716673225a7167c') in 0.001 seconds [static and dynamic dependencies]. Details - ImportResultOutputID=da33bf3b391ec415556a9d10057222fc DependenciesID=c17e307a6e95cd0d24c2c14ed66793cd StaticDependenciesID=4b7eff642985a18875729bc55f2ac724 
Number of updated asset objects reloaded before import = 0
Number of asset objects unloaded after import = 0
========================================================================
Received Import Request.
  Time of request: 2026-09-01T06:19:51.876934Z
  Time since last request: 0.000243167 seconds.
  importAddress: GUID: 9305d50e9cd47400babfb13b19b6973b - Path: Packages/com.unity.xr.arfoundation/Runtime/ARFoundation/Session/TrackingMode.cs - Importer: ScriptedImporter/UnityEditor.QuickSearchModule:UnityEditor.Search:ASIAI0B
Importing 'GUID: 9305d50e9cd47400babfb13b19b6973b - Path: Packages/com.unity.xr.arfoundation/Runtime/ARFoundation/Session/TrackingMode.cs - Importer: ScriptedImporter/UnityEditor.QuickSearchModule:UnityEditor.Search:ASIAI0B' with importer (ScriptedImporter : UnityEditor.QuickSearchModule:UnityEditor.Search:ASIAI0B)
Imported 'GUID: 9305d50e9cd47400babfb13b19b6973b' -> (Import Result ID: '7430f95a545c7b691d51321e24195500') in 0.003 seconds [static and dynamic dependencies]. Details - ImportResultOutputID=f13ba84188d3dd602778bc1bba7f1ec8 DependenciesID=fe7962aec894fa5b4bae4a6cbebed0d6 StaticDependenciesID=ef9acc52a763091090046f441fc6787e 
Number of updated asset objects reloaded before import = 0
Number of asset objects unloaded after import = 0
========================================================================
Received Import Request.
  Time of request: 2026-09-01T06:19:51.880864Z
  Time since last request: 0.000435792 seconds.
  importAddress: GUID: 0575f0b9fb91c48c09cb2544e152b26d - Path: Packages/com.unity.xr.arfoundation/Runtime/Simulation/Subsystems/ImageTracking/SimulationRuntimeImageLibrary.cs - Importer: ScriptedImporter/UnityEditor.QuickSearchModule:UnityEditor.Search:ASIAI0B
Importing 'GUID: 0575f0b9fb91c48c09cb2544e152b26d - Path: Packages/com.unity.xr.arfoundation/Runtime/Simulation/Subsystems/ImageTracking/SimulationRuntimeImageLibrary.cs - Importer: ScriptedImporter/UnityEditor.QuickSearchModule:UnityEditor.Search:ASIAI0B' with importer (ScriptedImporter : UnityEditor.QuickSearchModule:UnityEditor.Search:ASIAI0B)
Imported 'GUID: 0575f0b9fb91c48c09cb2544e152b26d' -> (Import Result ID: '98d9b17b4893403e54139c6d9b38b010') in 0.002 seconds [static and dynamic dependencies]. Details - ImportResultOutputID=1a8805383be80c6151bce9f1acbe31c9 DependenciesID=acd9648a7232017fa9adec2d32d9fa3a StaticDependenciesID=7e6555151e8556fff91040d0fb05735a 
Number of updated asset objects reloaded before import = 0
Number of asset objects unloaded after import = 0
========================================================================
Received Import Request.
  Time of request: 2026-09-01T06:19:51.883727Z
  Time since last request: 0.000252333 seconds.
  importAddress: GUID: 04392eaff8b294458a251dc9f4679221 - Path: Packages/com.unity.xr.arkit/Editor/ObjectTracking/ARKitReferenceObjectEntryEditor.cs - Importer: ScriptedImporter/UnityEditor.QuickSearchModule:UnityEditor.Search:ASIAI0B
Importing 'GUID: 04392eaff8b294458a251dc9f4679221 - Path: Packages/com.unity.xr.arkit/Editor/ObjectTracking/ARKitReferenceObjectEntryEditor.cs - Importer: ScriptedImporter/UnityEditor.QuickSearchModule:UnityEditor.Search:ASIAI0B' with importer (ScriptedImporter : UnityEditor.QuickSearchModule:UnityEditor.Search:ASIAI0B)
Imported 'GUID: 04392eaff8b294458a251dc9f4679221' -> (Import Result ID: 'ab055939ef87a7ac20548d0ad4c3d253') in 0.002 seconds [static and dynamic dependencies]. Details - ImportResultOutputID=9a33c172a5af50788cc04653f771caa0 DependenciesID=53269453328548b628cf8b5f4ddfe182 StaticDependenciesID=e14e5f7b0321dfbd14ec27aa5bc3c2f4 
Number of updated asset objects reloaded before import = 0
Number of asset objects unloaded after import = 0
========================================================================
Received Import Request.
  Time of request: 2026-09-01T06:19:51.886636Z
  Time since last request: 0.000630333 seconds.
  importAddress: GUID: 1dd796eaee8744b4aa41b3f8bf5df64f - Path: Packages/com.unity.xr.arfoundation/Assets/InputActions/XR Simulation Input Actions.inputactions - Importer: ScriptedImporter/UnityEditor.QuickSearchModule:UnityEditor.Search:ASIAI0B
Importing 'GUID: 1dd796eaee8744b4aa41b3f8bf5df64f - Path: Packages/com.unity.xr.arfoundation/Assets/InputActions/XR Simulation Input Actions.inputactions - Importer: ScriptedImporter/UnityEditor.QuickSearchModule:UnityEditor.Search:ASIAI0B' with importer (ScriptedImporter : UnityEditor.QuickSearchModule:UnityEditor.Search:ASIAI0B)
Imported 'GUID: 1dd796eaee8744b4aa41b3f8bf5df64f' -> (Import Result ID: '343af2070d177c38e54fae7ac92dd0eb') in 0.120 seconds [static and dynamic dependencies]. Details - ImportResultOutputID=f5b4af1cc12fde482f5b0d9e49d1a431 DependenciesID=7791cba1abc52ea949b8267ab633238e StaticDependenciesID=9aef984da5c924f4ff9abdec41516c2d 
Number of updated asset objects reloaded before import = 0
Number of asset objects unloaded after import = 7
========================================================================
Received Import Request.
  Time of request: 2026-09-01T06:19:52.007089Z
  Time since last request: 0.000430875 seconds.
  importAddress: GUID: a84ad26cbb9204f9ba5d0c712459775f - Path: Packages/com.unity.xr.arfoundation/Editor/ARFoundation - Importer: ScriptedImporter/UnityEditor.QuickSearchModule:UnityEditor.Search:ASIAI0B
Importing 'GUID: a84ad26cbb9204f9ba5d0c712459775f - Path: Packages/com.unity.xr.arfoundation/Editor/ARFoundation - Importer: ScriptedImporter/UnityEditor.QuickSearchModule:UnityEditor.Search:ASIAI0B' with importer (ScriptedImporter : UnityEditor.QuickSearchModule:UnityEditor.Search:ASIAI0B)
Imported 'GUID: a84ad26cbb9204f9ba5d0c712459775f' -> (Import Result ID: '044cb41395a5a8b87f6e87bb28876fa5') in 0.002 seconds [static and dynamic dependencies]. Details - ImportResultOutputID=24456c6f39955b9c135437ab92f843e0 DependenciesID=42de5926d715eb9f60e90e666224f84f StaticDependenciesID=90ace2cab1a8acc23094d84d3bf605b5 
Number of updated asset objects reloaded before import = 0
Number of asset objects unloaded after import = 1
========================================================================
Received Import Request.
  Time of request: 2026-09-01T06:19:52.009603Z
  Time since last request: 0.000249542 seconds.
  importAddress: GUID: 3859a92a05d4f5d418cb6ca605290e74 - Path: Packages/com.unity.xr.arfoundation/Runtime/ARFoundation/Session/ARSession.cs - Importer: ScriptedImporter/UnityEditor.QuickSearchModule:UnityEditor.Search:ASIAI0B
Importing 'GUID: 3859a92a05d4f5d418cb6ca605290e74 - Path: Packages/com.unity.xr.arfoundation/Runtime/ARFoundation/Session/ARSession.cs - Importer: ScriptedImporter/UnityEditor.QuickSearchModule:UnityEditor.Search:ASIAI0B' with importer (ScriptedImporter : UnityEditor.QuickSearchModule:UnityEditor.Search:ASIAI0B)
Imported 'GUID: 3859a92a05d4f5d418cb6ca605290e74' -> (Import Result ID: 'ba6e2a4d9cd6f260b1e868b41aafbd9c') in 0.002 seconds [static and dynamic dependencies]. Details - ImportResultOutputID=6871c83e197fab0770a6d0e2de40b072 DependenciesID=d6d061243d1cbf96d7df76b85d3a736c StaticDependenciesID=4cdc2583bcbbde612e6ee94ac54f7fb4 
Number of updated asset objects reloaded before import = 0
Number of asset objects unloaded after import = 1
========================================================================
Received Import Request.
  Time of request: 2026-09-01T06:19:52.012691Z
  Time since last request: 0.000452333 seconds.
  importAddress: GUID: a18c4d6661b404073b154020b9e2d993 - Path: Packages/com.unity.xr.arkit/Runtime/ARKitLoader.cs - Importer: ScriptedImporter/UnityEditor.QuickSearchModule:UnityEditor.Search:ASIAI0B
Importing 'GUID: a18c4d6661b404073b154020b9e2d993 - Path: Packages/com.unity.xr.arkit/Runtime/ARKitLoader.cs - Importer: ScriptedImporter/UnityEditor.QuickSearchModule:UnityEditor.Search:ASIAI0B' with importer (ScriptedImporter : UnityEditor.QuickSearchModule:UnityEditor.Search:ASIAI0B)
Imported 'GUID: a18c4d6661b404073b154020b9e2d993' -> (Import Result ID: '402e936a727048bfa23209a126b35215') in 0.002 seconds [static and dynamic dependencies]. Details - ImportResultOutputID=4e2067bd7f6c0de0fa6a9e54d8624917 DependenciesID=0c1ed25f60e29960a40e55a172c73aa5 StaticDependenciesID=07b91c3b7e93f029f5bee03780141bad 
Number of updated asset objects reloaded before import = 0
Number of asset objects unloaded after import = 0
========================================================================
Received Import Request.
  Time of request: 2026-09-01T06:19:52.015419Z
  Time since last request: 0.000340583 seconds.
  importAddress: GUID: 77717f4a2b4fdf840ada817e4186b7d7 - Path: Packages/com.unity.xr.arfoundation/Runtime/ARSubsystems/Session/SessionInstallationStatus.cs - Importer: ScriptedImporter/UnityEditor.QuickSearchModule:UnityEditor.Search:ASIAI0B
Importing 'GUID: 77717f4a2b4fdf840ada817e4186b7d7 - Path: Packages/com.unity.xr.arfoundation/Runtime/ARSubsystems/Session/SessionInstallationStatus.cs - Importer: ScriptedImporter/UnityEditor.QuickSearchModule:UnityEditor.Search:ASIAI0B' with importer (ScriptedImporter : UnityEditor.QuickSearchModule:UnityEditor.Search:ASIAI0B)
Imported 'GUID: 77717f4a2b4fdf840ada817e4186b7d7' -> (Import Result ID: '0fd6f8eb0cc293bf612fdd88027950b0') in 0.001 seconds [static and dynamic dependencies]. Details - ImportResultOutputID=8a0dfe4f1d5f7ce3d38527b8c6634b63 DependenciesID=46d125520dd99431597ccc4fd5f216ef StaticDependenciesID=8b9e209cd1b2f66b3be88dc10f31bcee 
Number of updated asset objects reloaded before import = 0
Number of asset objects unloaded after import = 0
========================================================================
Received Import Request.
  Time of request: 2026-09-01T06:19:52.017762Z
  Time since last request: 0.000539583 seconds.
  importAddress: GUID: d640407051394e845b5a2644547e9f7d - Path: Packages/com.unity.xr.arfoundation/Editor - Importer: ScriptedImporter/UnityEditor.QuickSearchModule:UnityEditor.Search:ASIAI0B
Importing 'GUID: d640407051394e845b5a2644547e9f7d - Path: Packages/com.unity.xr.arfoundation/Editor - Importer: ScriptedImporter/UnityEditor.QuickSearchModule:UnityEditor.Search:ASIAI0B' with importer (ScriptedImporter : UnityEditor.QuickSearchModule:UnityEditor.Search:ASIAI0B)
Imported 'GUID: d640407051394e845b5a2644547e9f7d' -> (Import Result ID: '76edf792f8501169261fdedabb73aa99') in 0.003 seconds [static and dynamic dependencies]. Details - ImportResultOutputID=3b3a77f1a9807c47b911ab34133e62ff DependenciesID=eb247804ac3288bd3eaa081e93fa0812 StaticDependenciesID=643cb59224994a850b748ffef1a373eb 
Number of updated asset objects reloaded before import = 0
Number of asset objects unloaded after import = 1
========================================================================
Received Import Request.
  Time of request: 2026-09-01T06:19:52.021699Z
  Time since last request: 0.000614083 seconds.
  importAddress: GUID: d519c6f3e4912420f8534bc46f362325 - Path: Packages/com.unity.xr.arfoundation/Tests/Editor/ARFoundation - Importer: ScriptedImporter/UnityEditor.QuickSearchModule:UnityEditor.Search:ASIAI0B
Importing 'GUID: d519c6f3e4912420f8534bc46f362325 - Path: Packages/com.unity.xr.arfoundation/Tests/Editor/ARFoundation - Importer: ScriptedImporter/UnityEditor.QuickSearchModule:UnityEditor.Search:ASIAI0B' with importer (ScriptedImporter : UnityEditor.QuickSearchModule:UnityEditor.Search:ASIAI0B)
Imported 'GUID: d519c6f3e4912420f8534bc46f362325' -> (Import Result ID: '6cb824f5e2660c0fe1de40a99b1c55ad') in 0.002 seconds [static and dynamic dependencies]. Details - ImportResultOutputID=f98520d69cacedf6863a127c902ab2d7 DependenciesID=dd7c9d026d4838064e2e081bb7a85df2 StaticDependenciesID=2353e945fc8e9fc2b23107313c42cdec 
Number of updated asset objects reloaded before import = 0
Number of asset objects unloaded after import = 1
========================================================================
Received Import Request.
  Time of request: 2026-09-01T06:19:52.024562Z
  Time since last request: 0.000735458 seconds.
  importAddress: GUID: 6bcd071e2174c4f83ab48247d10003a9 - Path: Packages/com.unity.xr.arfoundation/Runtime/VisualScripting/Units/Events/MessageListeners/Deprecated/ARTrackedImageManagerListener.deprecated.cs - Importer: ScriptedImporter/UnityEditor.QuickSearchModule:UnityEditor.Search:ASIAI0B
Importing 'GUID: 6bcd071e2174c4f83ab48247d10003a9 - Path: Packages/com.unity.xr.arfoundation/Runtime/VisualScripting/Units/Events/MessageListeners/Deprecated/ARTrackedImageManagerListener.deprecated.cs - Importer: ScriptedImporter/UnityEditor.QuickSearchModule:UnityEditor.Search:ASIAI0B' with importer (ScriptedImporter : UnityEditor.QuickSearchModule:UnityEditor.Search:ASIAI0B)
Imported 'GUID: 6bcd071e2174c4f83ab48247d10003a9' -> (Import Result ID: '8d8fc1537e4305edb71dc2e9760fa6df') in 0.001 seconds [static and dynamic dependencies]. Details - ImportResultOutputID=013641657560e611e60b569d326bc1bf DependenciesID=c5db6a1b6b9b2a40fcaa376e2265299e StaticDependenciesID=592d6c3b0fd0f546c0340facbbeb8e35 
Number of updated asset objects reloaded before import = 0
Number of asset objects unloaded after import = 0
========================================================================
Received Import Request.
  Time of request: 2026-09-01T06:19:52.027037Z
  Time since last request: 0.000647125 seconds.
  importAddress: GUID: dfb34231ed0894c8ab01fe75f428bc8c - Path: Packages/com.unity.xr.arfoundation/Runtime/Simulation/Subsystems/SimulationCameraTextureReadbackPass.cs - Importer: ScriptedImporter/UnityEditor.QuickSearchModule:UnityEditor.Search:ASIAI0B
Importing 'GUID: dfb34231ed0894c8ab01fe75f428bc8c - Path: Packages/com.unity.xr.arfoundation/Runtime/Simulation/Subsystems/SimulationCameraTextureReadbackPass.cs - Importer: ScriptedImporter/UnityEditor.QuickSearchModule:UnityEditor.Search:ASIAI0B' with importer (ScriptedImporter : UnityEditor.QuickSearchModule:UnityEditor.Search:ASIAI0B)
Imported 'GUID: dfb34231ed0894c8ab01fe75f428bc8c' -> (Import Result ID: '2c96b5923859906584fb6ce7f6085de1') in 0.002 seconds [static and dynamic dependencies]. Details - ImportResultOutputID=2d328140ceaa5de13e465372fa0c6c87 DependenciesID=422a6070ad030da5665e5ccc161224a0 StaticDependenciesID=0fcaa0c366bc7f311489bee2f243c22a 
Number of updated asset objects reloaded before import = 0
Number of asset objects unloaded after import = 0
========================================================================
Received Import Request.
  Time of request: 2026-09-01T06:19:52.029665Z
  Time since last request: 0.000372125 seconds.
  importAddress: GUID: e62301c5aa4c4e7cb64b201f9feefbf7 - Path: Packages/com.unity.xr.arfoundation/Tests/Runtime/ARFoundation/AnchorSubsystem/XRAnchorSubsystemTests.cs - Importer: ScriptedImporter/UnityEditor.QuickSearchModule:UnityEditor.Search:ASIAI0B
Importing 'GUID: e62301c5aa4c4e7cb64b201f9feefbf7 - Path: Packages/com.unity.xr.arfoundation/Tests/Runtime/ARFoundation/AnchorSubsystem/XRAnchorSubsystemTests.cs - Importer: ScriptedImporter/UnityEditor.QuickSearchModule:UnityEditor.Search:ASIAI0B' with importer (ScriptedImporter : UnityEditor.QuickSearchModule:UnityEditor.Search:ASIAI0B)
Imported 'GUID: e62301c5aa4c4e7cb64b201f9feefbf7' -> (Import Result ID: '78a3b697f997f3d55f9a669421cb2ce7') in 0.002 seconds [static and dynamic dependencies]. Details - ImportResultOutputID=27474af98f6e6489a44d3f07862987af DependenciesID=a4c75d207f7c8928322f6e64e4129245 StaticDependenciesID=c2bb169ab9f2f24cb178755d176818fe 
Number of updated asset objects reloaded before import = 0
Number of asset objects unloaded after import = 0
========================================================================
Received Import Request.
  Time of request: 2026-09-01T06:19:52.032536Z
  Time since last request: 0.000553709 seconds.
  importAddress: GUID: 322f3593f9a36234c8fb983b964fed7b - Path: Packages/com.unity.xr.arfoundation/Assets/Shaders/XRayURPForwardPass.hlsl - Importer: ScriptedImporter/UnityEditor.QuickSearchModule:UnityEditor.Search:ASIAI0B
Importing 'GUID: 322f3593f9a36234c8fb983b964fed7b - Path: Packages/com.unity.xr.arfoundation/Assets/Shaders/XRayURPForwardPass.hlsl - Importer: ScriptedImporter/UnityEditor.QuickSearchModule:UnityEditor.Search:ASIAI0B' with importer (ScriptedImporter : UnityEditor.QuickSearchModule:UnityEditor.Search:ASIAI0B)
Imported 'GUID: 322f3593f9a36234c8fb983b964fed7b' -> (Import Result ID: 'e7246082540ec3d9bb0023287450e860') in 0.002 seconds [static and dynamic dependencies]. Details - ImportResultOutputID=810f71649590f4d34aa088556e9cdad4 DependenciesID=b6a921082ae71ddb72931015fd96670e StaticDependenciesID=bb86f11d97798763590b233e910ce0bb 
Number of updated asset objects reloaded before import = 0
Number of asset objects unloaded after import = 1
========================================================================
Received Import Request.
  Time of request: 2026-09-01T06:19:52.035318Z
  Time since last request: 0.000522375 seconds.
  importAddress: GUID: 0ae4d376c05df421b98c5b39b25b0d29 - Path: Packages/com.unity.xr.arfoundation/Runtime/ARFoundation/Camera/ARBackgroundRendererFeature.cs - Importer: ScriptedImporter/UnityEditor.QuickSearchModule:UnityEditor.Search:ASIAI0B
Importing 'GUID: 0ae4d376c05df421b98c5b39b25b0d29 - Path: Packages/com.unity.xr.arfoundation/Runtime/ARFoundation/Camera/ARBackgroundRendererFeature.cs - Importer: ScriptedImporter/UnityEditor.QuickSearchModule:UnityEditor.Search:ASIAI0B' with importer (ScriptedImporter : UnityEditor.QuickSearchModule:UnityEditor.Search:ASIAI0B)
Imported 'GUID: 0ae4d376c05df421b98c5b39b25b0d29' -> (Import Result ID: '0468ceaccceae5d7262a763c86082c30') in 0.001 seconds [static and dynamic dependencies]. Details - ImportResultOutputID=fe2c4612eb340934683009bdf1b35f65 DependenciesID=22809002de7b9bdd280778188e998b10 StaticDependenciesID=927420ba37f1a29a13794e7333fd00fd 
Number of updated asset objects reloaded before import = 0
Number of asset objects unloaded after import = 0
========================================================================
Received Import Request.
  Time of request: 2026-09-01T06:19:52.037267Z
  Time since last request: 0.000251292 seconds.
  importAddress: GUID: 707eb5d73cde13d4ab662341bf14c90b - Path: Packages/com.unity.xr.arfoundation/Runtime/ARSubsystems/Raycasts/XRRaycastSubsystemDescriptor.cs - Importer: ScriptedImporter/UnityEditor.QuickSearchModule:UnityEditor.Search:ASIAI0B
Importing 'GUID: 707eb5d73cde13d4ab662341bf14c90b - Path: Packages/com.unity.xr.arfoundation/Runtime/ARSubsystems/Raycasts/XRRaycastSubsystemDescriptor.cs - Importer: ScriptedImporter/UnityEditor.QuickSearchModule:UnityEditor.Search:ASIAI0B' with importer (ScriptedImporter : UnityEditor.QuickSearchModule:UnityEditor.Search:ASIAI0B)
Imported 'GUID: 707eb5d73cde13d4ab662341bf14c90b' -> (Import Result ID: 'e547e5f7b8745f348f2d7d60f8c0f7b3') in 0.002 seconds [static and dynamic dependencies]. Details - ImportResultOutputID=c22a65557a0353bf9d875105fcd2e5b9 DependenciesID=78abad8b867db8ecb1d8ec82270ba4b9 StaticDependenciesID=a2d11a9c672c763c6caa2bf2ffd0bc8c 
Number of updated asset objects reloaded before import = 0
Number of asset objects unloaded after import = 0
========================================================================
Received Import Request.
  Time of request: 2026-09-01T06:19:52.039411Z
  Time since last request: 0.000243458 seconds.
  importAddress: GUID: f022b6fdf51914a7ebe9fd606e40c507 - Path: Packages/com.unity.xr.arkit/Editor/ProjectValidation - Importer: ScriptedImporter/UnityEditor.QuickSearchModule:UnityEditor.Search:ASIAI0B
Importing 'GUID: f022b6fdf51914a7ebe9fd606e40c507 - Path: Packages/com.unity.xr.arkit/Editor/ProjectValidation - Importer: ScriptedImporter/UnityEditor.QuickSearchModule:UnityEditor.Search:ASIAI0B' with importer (ScriptedImporter : UnityEditor.QuickSearchModule:UnityEditor.Search:ASIAI0B)
Imported 'GUID: f022b6fdf51914a7ebe9fd606e40c507' -> (Import Result ID: 'e5bf9d98eb5b10fe2912c9a4154d56ad') in 0.001 seconds [static and dynamic dependencies]. Details - ImportResultOutputID=2de4679dc48771107868306310ffc116 DependenciesID=9806d3d796c863c52ae302cd1dbded2c StaticDependenciesID=d19f99d32f61775af6d38dd191e97344 
Number of updated asset objects reloaded before import = 0
Number of asset objects unloaded after import = 1
========================================================================
Received Import Request.
  Time of request: 2026-09-01T06:19:52.041577Z
  Time since last request: 0.000382209 seconds.
  importAddress: GUID: 366b943182f744abca717ffdf2049625 - Path: Packages/com.unity.xr.arfoundation/Editor/Icons - Importer: ScriptedImporter/UnityEditor.QuickSearchModule:UnityEditor.Search:ASIAI0B
Importing 'GUID: 366b943182f744abca717ffdf2049625 - Path: Packages/com.unity.xr.arfoundation/Editor/Icons - Importer: ScriptedImporter/UnityEditor.QuickSearchModule:UnityEditor.Search:ASIAI0B' with importer (ScriptedImporter : UnityEditor.QuickSearchModule:UnityEditor.Search:ASIAI0B)
Imported 'GUID: 366b943182f744abca717ffdf2049625' -> (Import Result ID: '18c535355e85f5e1d74aba23a8a8b323') in 0.001 seconds [static and dynamic dependencies]. Details - ImportResultOutputID=6517cc4312ca62fc5454c9efe0ae38fe DependenciesID=8d9e50356dedccf175c663872aed27f8 StaticDependenciesID=cae9471f595e55af177f4b3e24ae9287 
Number of updated asset objects reloaded before import = 0
Number of asset objects unloaded after import = 1
========================================================================
Received Import Request.
  Time of request: 2026-09-01T06:19:52.043442Z
  Time since last request: 0.000254042 seconds.
  importAddress: GUID: a0e08a3e871584dbdbfcbe55ef88963e - Path: Packages/com.unity.xr.arfoundation/Runtime/ARSubsystems/Common/Textures/XRShaderKeywords.cs - Importer: ScriptedImporter/UnityEditor.QuickSearchModule:UnityEditor.Search:ASIAI0B
Importing 'GUID: a0e08a3e871584dbdbfcbe55ef88963e - Path: Packages/com.unity.xr.arfoundation/Runtime/ARSubsystems/Common/Textures/XRShaderKeywords.cs - Importer: ScriptedImporter/UnityEditor.QuickSearchModule:UnityEditor.Search:ASIAI0B' with importer (ScriptedImporter : UnityEditor.QuickSearchModule:UnityEditor.Search:ASIAI0B)
Imported 'GUID: a0e08a3e871584dbdbfcbe55ef88963e' -> (Import Result ID: 'f9bb01774c0456fb80bb3aae5be5b148') in 0.001 seconds [static and dynamic dependencies]. Details - ImportResultOutputID=1e81538120777fb6f3a1babaa21c2436 DependenciesID=e0ad06aee900fb76be36f124a9e96ae9 StaticDependenciesID=ca50de76888a6fec75d64ddca37f421b 
Number of updated asset objects reloaded before import = 0
Number of asset objects unloaded after import = 0
========================================================================
Received Import Request.
  Time of request: 2026-09-01T06:19:52.045304Z
  Time since last request: 0.000254 seconds.
  importAddress: GUID: 9f4303f323c7746ca84ee8ea9f7b57cc - Path: Packages/com.unity.xr.arkit/Editor/ARKitReferenceImageLibraryBuildProcessor.cs - Importer: ScriptedImporter/UnityEditor.QuickSearchModule:UnityEditor.Search:ASIAI0B
Importing 'GUID: 9f4303f323c7746ca84ee8ea9f7b57cc - Path: Packages/com.unity.xr.arkit/Editor/ARKitReferenceImageLibraryBuildProcessor.cs - Importer: ScriptedImporter/UnityEditor.QuickSearchModule:UnityEditor.Search:ASIAI0B' with importer (ScriptedImporter : UnityEditor.QuickSearchModule:UnityEditor.Search:ASIAI0B)
Imported 'GUID: 9f4303f323c7746ca84ee8ea9f7b57cc' -> (Import Result ID: 'f5d4aa0aaaa594bd9f247d463c0f9ce0') in 0.001 seconds [static and dynamic dependencies]. Details - ImportResultOutputID=34faf28d25400b2b24ccbe1f99ef7f34 DependenciesID=72f849b2ed376cf77ba164dc733db0c6 StaticDependenciesID=77ec736210ff742cd7b0d10fa6342389 
Number of updated asset objects reloaded before import = 0
Number of asset objects unloaded after import = 0
========================================================================
Received Import Request.
  Time of request: 2026-09-01T06:19:52.046972Z
  Time since last request: 0.000260333 seconds.
  importAddress: GUID: 9ed193f78c6b9bd48a4717dab2c1d1ff - Path: Packages/com.unity.xr.arfoundation/Runtime/Simulation/Environment - Importer: ScriptedImporter/UnityEditor.QuickSearchModule:UnityEditor.Search:ASIAI0B
Importing 'GUID: 9ed193f78c6b9bd48a4717dab2c1d1ff - Path: Packages/com.unity.xr.arfoundation/Runtime/Simulation/Environment - Importer: ScriptedImporter/UnityEditor.QuickSearchModule:UnityEditor.Search:ASIAI0B' with importer (ScriptedImporter : UnityEditor.QuickSearchModule:UnityEditor.Search:ASIAI0B)
Imported 'GUID: 9ed193f78c6b9bd48a4717dab2c1d1ff' -> (Import Result ID: 'dfe4b196d784e11604dd064ada91ef31') in 0.001 seconds [static and dynamic dependencies]. Details - ImportResultOutputID=ea1bb68316f8bb0244d56ad2d28badd9 DependenciesID=3697d533836a5aea72aa0b30a0565a20 StaticDependenciesID=2b963dbc21aba9b5151bfaf4e1e9b72b 
Number of updated asset objects reloaded before import = 0
Number of asset objects unloaded after import = 1
========================================================================
Received Import Request.
  Time of request: 2026-09-01T06:19:52.048673Z
  Time since last request: 0.000314292 seconds.
  importAddress: GUID: 416eb10192cf41b997ef4fd3ba977aec - Path: Packages/com.unity.xr.arfoundation/Runtime/InternalUtils/ObjectPoolCreateUtil.cs - Importer: ScriptedImporter/UnityEditor.QuickSearchModule:UnityEditor.Search:ASIAI0B
Importing 'GUID: 416eb10192cf41b997ef4fd3ba977aec - Path: Packages/com.unity.xr.arfoundation/Runtime/InternalUtils/ObjectPoolCreateUtil.cs - Importer: ScriptedImporter/UnityEditor.QuickSearchModule:UnityEditor.Search:ASIAI0B' with importer (ScriptedImporter : UnityEditor.QuickSearchModule:UnityEditor.Search:ASIAI0B)
Imported 'GUID: 416eb10192cf41b997ef4fd3ba977aec' -> (Import Result ID: '47152479615a6c1b2861b3a4a33ddd67') in 0.003 seconds [static and dynamic dependencies]. Details - ImportResultOutputID=9deb1ac7460e7fbf3857fc21e1db8ade DependenciesID=f514897ffed938a6206bdb46ca7ad844 StaticDependenciesID=33fdbc87451faee142e836719940cd2b 
Number of updated asset objects reloaded before import = 0
Number of asset objects unloaded after import = 0
========================================================================
Received Import Request.
  Time of request: 2026-09-01T06:19:52.052188Z
  Time since last request: 0.000466083 seconds.
  importAddress: GUID: 87d4f64e2ea2a4e629e5af6086dd9cf0 - Path: Packages/com.unity.xr.arfoundation/Tests/Runtime/ARFoundation/RaycastSubsystem - Importer: ScriptedImporter/UnityEditor.QuickSearchModule:UnityEditor.Search:ASIAI0B
Importing 'GUID: 87d4f64e2ea2a4e629e5af6086dd9cf0 - Path: Packages/com.unity.xr.arfoundation/Tests/Runtime/ARFoundation/RaycastSubsystem - Importer: ScriptedImporter/UnityEditor.QuickSearchModule:UnityEditor.Search:ASIAI0B' with importer (ScriptedImporter : UnityEditor.QuickSearchModule:UnityEditor.Search:ASIAI0B)
Imported 'GUID: 87d4f64e2ea2a4e629e5af6086dd9cf0' -> (Import Result ID: 'd6efbc227c558719d4ca9bb5570c9173') in 0.001 seconds [static and dynamic dependencies]. Details - ImportResultOutputID=0080de7ac0fb85dabf42ca00dec50a6b DependenciesID=f0804f6493faaa4c6bf8ece0c519dc86 StaticDependenciesID=37d1bfea01eadda78ce216d5251a78f9 
Number of updated asset objects reloaded before import = 0
Number of asset objects unloaded after import = 1
========================================================================
Received Import Request.
  Time of request: 2026-09-01T06:19:52.054315Z
  Time since last request: 0.00025025 seconds.
  importAddress: GUID: 0fba486e06ba1462980fc8a47e94cf04 - Path: Packages/com.unity.xr.arkit/Runtime/CoreLocationErrorCode.cs - Importer: ScriptedImporter/UnityEditor.QuickSearchModule:UnityEditor.Search:ASIAI0B
Importing 'GUID: 0fba486e06ba1462980fc8a47e94cf04 - Path: Packages/com.unity.xr.arkit/Runtime/CoreLocationErrorCode.cs - Importer: ScriptedImporter/UnityEditor.QuickSearchModule:UnityEditor.Search:ASIAI0B' with importer (ScriptedImporter : UnityEditor.QuickSearchModule:UnityEditor.Search:ASIAI0B)
Imported 'GUID: 0fba486e06ba1462980fc8a47e94cf04' -> (Import Result ID: 'c323697fdb4a199de31414f6c5e41708') in 0.001 seconds [static and dynamic dependencies]. Details - ImportResultOutputID=f8c951eb1a3b7f756d2958734ad7f699 DependenciesID=ddd7093fc720636d3204ff02f6936f03 StaticDependenciesID=97a159d5cb31cb83ae0f1c161db1cf13 
Number of updated asset objects reloaded before import = 0
Number of asset objects unloaded after import = 0
========================================================================
Received Import Request.
  Time of request: 2026-09-01T06:19:52.05632Z
  Time since last request: 0.000269667 seconds.
  importAddress: GUID: d933471f829ecae49a9e46d639ad5f54 - Path: Packages/com.unity.xr.arfoundation/Runtime/ARFoundation/Raycasts/ARRaycastHit.cs - Importer: ScriptedImporter/UnityEditor.QuickSearchModule:UnityEditor.Search:ASIAI0B
Importing 'GUID: d933471f829ecae49a9e46d639ad5f54 - Path: Packages/com.unity.xr.arfoundation/Runtime/ARFoundation/Raycasts/ARRaycastHit.cs - Importer: ScriptedImporter/UnityEditor.QuickSearchModule:UnityEditor.Search:ASIAI0B' with importer (ScriptedImporter : UnityEditor.QuickSearchModule:UnityEditor.Search:ASIAI0B)
Imported 'GUID: d933471f829ecae49a9e46d639ad5f54' -> (Import Result ID: 'c2097511366bae451e50a41d4d73a163') in 0.002 seconds [static and dynamic dependencies]. Details - ImportResultOutputID=7e2752e80c8dcc493099913f85294f0a DependenciesID=493f20cc20a9b890fc1a1e64146c1033 StaticDependenciesID=f27ebe961b51440f1d463ed0dfa11e6c 
Number of updated asset objects reloaded before import = 0
Number of asset objects unloaded after import = 1
========================================================================
Received Import Request.
  Time of request: 2026-09-01T06:19:52.058513Z
  Time since last request: 0.000317584 seconds.
  importAddress: GUID: 9cac560dd573c4c5088432b9d202f3e7 - Path: Packages/com.unity.xr.arkit/Runtime/ARKitLoaderSettings.cs - Importer: ScriptedImporter/UnityEditor.QuickSearchModule:UnityEditor.Search:ASIAI0B
Importing 'GUID: 9cac560dd573c4c5088432b9d202f3e7 - Path: Packages/com.unity.xr.arkit/Runtime/ARKitLoaderSettings.cs - Importer: ScriptedImporter/UnityEditor.QuickSearchModule:UnityEditor.Search:ASIAI0B' with importer (ScriptedImporter : UnityEditor.QuickSearchModule:UnityEditor.Search:ASIAI0B)
Imported 'GUID: 9cac560dd573c4c5088432b9d202f3e7' -> (Import Result ID: '54d4827450f4334a6a04be22d2a44a4a') in 0.001 seconds [static and dynamic dependencies]. Details - ImportResultOutputID=7a08de8a02a57b8b090e3dbc2a1ce50b DependenciesID=a778c85a09c550082f7f13022569dae5 StaticDependenciesID=5c52f815f73eda6499cbd5b2f618ef4b 
Number of updated asset objects reloaded before import = 0
Number of asset objects unloaded after import = 0
========================================================================
Received Import Request.
  Time of request: 2026-09-01T06:19:52.060048Z
  Time since last request: 0.000230959 seconds.
  importAddress: GUID: de1b4e61aaacc433eb28f61132ac97bb - Path: Packages/com.unity.xr.arkit/Runtime/ARKitApi.cs - Importer: ScriptedImporter/UnityEditor.QuickSearchModule:UnityEditor.Search:ASIAI0B
Importing 'GUID: de1b4e61aaacc433eb28f61132ac97bb - Path: Packages/com.unity.xr.arkit/Runtime/ARKitApi.cs - Importer: ScriptedImporter/UnityEditor.QuickSearchModule:UnityEditor.Search:ASIAI0B' with importer (ScriptedImporter : UnityEditor.QuickSearchModule:UnityEditor.Search:ASIAI0B)
Imported 'GUID: de1b4e61aaacc433eb28f61132ac97bb' -> (Import Result ID: 'dab033ef9ae9fdab80f33877b8034ea4') in 0.002 seconds [static and dynamic dependencies]. Details - ImportResultOutputID=5234bf7021db884c7c2faf63dce81f3f DependenciesID=1f87cc0f73a2e6e2e0888c453e56fe74 StaticDependenciesID=3bd2c5e371d70ed8ea0205f9e6072322 
Number of updated asset objects reloaded before import = 0
Number of asset objects unloaded after import = 1
========================================================================
Received Import Request.
  Time of request: 2026-09-01T06:19:52.062694Z
  Time since last request: 0.000272667 seconds.
  importAddress: GUID: 9e5861fe4d817477986290fde61dbc8c - Path: Packages/com.unity.xr.arfoundation/Runtime/ARFoundation/HumanBodies/ARHumanBodyManager.cs - Importer: ScriptedImporter/UnityEditor.QuickSearchModule:UnityEditor.Search:ASIAI0B
Importing 'GUID: 9e5861fe4d817477986290fde61dbc8c - Path: Packages/com.unity.xr.arfoundation/Runtime/ARFoundation/HumanBodies/ARHumanBodyManager.cs - Importer: ScriptedImporter/UnityEditor.QuickSearchModule:UnityEditor.Search:ASIAI0B' with importer (ScriptedImporter : UnityEditor.QuickSearchModule:UnityEditor.Search:ASIAI0B)
Imported 'GUID: 9e5861fe4d817477986290fde61dbc8c' -> (Import Result ID: '976c95b2bc4d3581ab259c5e5e9b9770') in 0.001 seconds [static and dynamic dependencies]. Details - ImportResultOutputID=0d91170e49e8f1dc1fbb5d57c19b4507 DependenciesID=402a5eb12b15fa2f0ba27ce1b6ef5281 StaticDependenciesID=6483c4fb75a0bf6506cd98c2bf13e4f4 
Number of updated asset objects reloaded before import = 0
Number of asset objects unloaded after import = 1
========================================================================
Received Import Request.
  Time of request: 2026-09-01T06:19:52.064609Z
  Time since last request: 0.000255625 seconds.
  importAddress: GUID: ba5a5f182b3f9a14fa153e9bee21a2c4 - Path: Packages/com.unity.xr.arfoundation/Runtime/Simulation/Environment/SimulationEnvironment.cs - Importer: ScriptedImporter/UnityEditor.QuickSearchModule:UnityEditor.Search:ASIAI0B
Importing 'GUID: ba5a5f182b3f9a14fa153e9bee21a2c4 - Path: Packages/com.unity.xr.arfoundation/Runtime/Simulation/Environment/SimulationEnvironment.cs - Importer: ScriptedImporter/UnityEditor.QuickSearchModule:UnityEditor.Search:ASIAI0B' with importer (ScriptedImporter : UnityEditor.QuickSearchModule:UnityEditor.Search:ASIAI0B)
Imported 'GUID: ba5a5f182b3f9a14fa153e9bee21a2c4' -> (Import Result ID: 'fdfecadaffd0353d0eba7c43e959dafc') in 0.001 seconds [static and dynamic dependencies]. Details - ImportResultOutputID=6fbb65f57f2a0089007f8fb998b03920 DependenciesID=fa697f65063ade7ab6fb2ade3964ad7a StaticDependenciesID=3641baf0012e69e5f006e9de0dc529c0 
Number of updated asset objects reloaded before import = 0
Number of asset objects unloaded after import = 0
========================================================================
Received Import Request.
  Time of request: 2026-09-01T06:19:52.066593Z
  Time since last request: 0.000360208 seconds.
  importAddress: GUID: ea8e2a403d0d94ebcbe7d79d120beb28 - Path: Packages/com.unity.xr.arfoundation/Tests/Runtime/CodeSamples/RaycastSamples.cs - Importer: ScriptedImporter/UnityEditor.QuickSearchModule:UnityEditor.Search:ASIAI0B
Importing 'GUID: ea8e2a403d0d94ebcbe7d79d120beb28 - Path: Packages/com.unity.xr.arfoundation/Tests/Runtime/CodeSamples/RaycastSamples.cs - Importer: ScriptedImporter/UnityEditor.QuickSearchModule:UnityEditor.Search:ASIAI0B' with importer (ScriptedImporter : UnityEditor.QuickSearchModule:UnityEditor.Search:ASIAI0B)
Imported 'GUID: ea8e2a403d0d94ebcbe7d79d120beb28' -> (Import Result ID: 'f1e468b97bf237b2436e02f55d94e779') in 0.001 seconds [static and dynamic dependencies]. Details - ImportResultOutputID=086bbcc4f15e188e58a25adec626f71f DependenciesID=a3d430bc34a77d06e9a82b59da6e6343 StaticDependenciesID=ec4bc0e46a5e5444768b35f3f81f383a 
Number of updated asset objects reloaded before import = 0
Number of asset objects unloaded after import = 0
========================================================================
Received Import Request.
  Time of request: 2026-09-01T06:19:52.06842Z
  Time since last request: 0.00026225 seconds.
  importAddress: GUID: e35cc332c6211ec449f15ac0cb835f78 - Path: Packages/com.unity.xr.arfoundation/Editor/Icons/NoViewEnvironment.png - Importer: ScriptedImporter/UnityEditor.QuickSearchModule:UnityEditor.Search:ASIAI0B
Importing 'GUID: e35cc332c6211ec449f15ac0cb835f78 - Path: Packages/com.unity.xr.arfoundation/Editor/Icons/NoViewEnvironment.png - Importer: ScriptedImporter/UnityEditor.QuickSearchModule:UnityEditor.Search:ASIAI0B' with importer (ScriptedImporter : UnityEditor.QuickSearchModule:UnityEditor.Search:ASIAI0B)
Imported 'GUID: e35cc332c6211ec449f15ac0cb835f78' -> (Import Result ID: '6160b137fc194388c8b0991e421ef8bb') in 0.003 seconds [static and dynamic dependencies]. Details - ImportResultOutputID=fc1398e62cca11c34c6491960c9d3e4a DependenciesID=ba25f93c307c18729d300dfa840a8e25 StaticDependenciesID=9dc8514d055c51be44614c3d239fb662 
Number of updated asset objects reloaded before import = 0
Number of asset objects unloaded after import = 1
========================================================================
Received Import Request.
  Time of request: 2026-09-01T06:19:52.072821Z
  Time since last request: 0.000406792 seconds.
  importAddress: GUID: 779f5eab1277241d6b58ee2c44909b20 - Path: Packages/com.unity.xr.arfoundation/Assets/Prefabs/AnchorTransform.prefab - Importer: ScriptedImporter/UnityEditor.QuickSearchModule:UnityEditor.Search:ASIAI0B
Importing 'GUID: 779f5eab1277241d6b58ee2c44909b20 - Path: Packages/com.unity.xr.arfoundation/Assets/Prefabs/AnchorTransform.prefab - Importer: ScriptedImporter/UnityEditor.QuickSearchModule:UnityEditor.Search:ASIAI0B' with importer (ScriptedImporter : UnityEditor.QuickSearchModule:UnityEditor.Search:ASIAI0B)
Imported 'GUID: 779f5eab1277241d6b58ee2c44909b20' -> (Import Result ID: '2d0c4779967d9a4ff078f31504788d45') in 0.009 seconds [static and dynamic dependencies]. Details - ImportResultOutputID=37629da00b43e78b1e9b4bce6891dd18 DependenciesID=47a763e74313ec39dc048b56eb84b3a8 StaticDependenciesID=f6048a86da8fb9ed2f5fb8971e339023 
Number of updated asset objects reloaded before import = 0
Number of asset objects unloaded after import = 23
========================================================================
Received Import Request.
  Time of request: 2026-09-01T06:19:52.082361Z
  Time since last request: 0.000193792 seconds.
  importAddress: GUID: cfa641b69c04746c0935966949559fa6 - Path: Packages/com.unity.xr.arfoundation/Runtime/ARSubsystems/Camera/XRCameraConfiguration.cs - Importer: ScriptedImporter/UnityEditor.QuickSearchModule:UnityEditor.Search:ASIAI0B
Importing 'GUID: cfa641b69c04746c0935966949559fa6 - Path: Packages/com.unity.xr.arfoundation/Runtime/ARSubsystems/Camera/XRCameraConfiguration.cs - Importer: ScriptedImporter/UnityEditor.QuickSearchModule:UnityEditor.Search:ASIAI0B' with importer (ScriptedImporter : UnityEditor.QuickSearchModule:UnityEditor.Search:ASIAI0B)
Imported 'GUID: cfa641b69c04746c0935966949559fa6' -> (Import Result ID: '59e108049b6e5eca5f1b1fdddcfa39eb') in 0.001 seconds [static and dynamic dependencies]. Details - ImportResultOutputID=d17eac945c67d564c30c78eac1046f54 DependenciesID=5928113033922e5e3ba25967b5bd5605 StaticDependenciesID=2a3653ffe4039debffabe8cda5854d53 
Number of updated asset objects reloaded before import = 0
Number of asset objects unloaded after import = 0
========================================================================
Received Import Request.
  Time of request: 2026-09-01T06:19:52.084485Z
  Time since last request: 0.000423042 seconds.
  importAddress: GUID: 15729b5c948a9464d88ca27de79d6eba - Path: Packages/com.unity.xr.arkit/Runtime/Occlusion/ARKitOcclusionSubsystem.cs - Importer: ScriptedImporter/UnityEditor.QuickSearchModule:UnityEditor.Search:ASIAI0B
Importing 'GUID: 15729b5c948a9464d88ca27de79d6eba - Path: Packages/com.unity.xr.arkit/Runtime/Occlusion/ARKitOcclusionSubsystem.cs - Importer: ScriptedImporter/UnityEditor.QuickSearchModule:UnityEditor.Search:ASIAI0B' with importer (ScriptedImporter : UnityEditor.QuickSearchModule:UnityEditor.Search:ASIAI0B)
Imported 'GUID: 15729b5c948a9464d88ca27de79d6eba' -> (Import Result ID: '518efb328828ac74d6f2cd170e2b75c8') in 0.001 seconds [static and dynamic dependencies]. Details - ImportResultOutputID=7a9aaed2954bf3e8d4a17322ffc47fe7 DependenciesID=517afa0dda56b571e1783cdd06dcb8ed StaticDependenciesID=8d6cdebdccd6cff11b3ce275cf6907ce 
Number of updated asset objects reloaded before import = 0
Number of asset objects unloaded after import = 0
========================================================================
Received Import Request.
  Time of request: 2026-09-01T06:19:52.086435Z
  Time since last request: 0.000332083 seconds.
  importAddress: GUID: 6971cda678a8e3d44a76793c12ba317d - Path: Packages/com.unity.xr.arfoundation/Editor/Icons/AddEdit@2x.png - Importer: ScriptedImporter/UnityEditor.QuickSearchModule:UnityEditor.Search:ASIAI0B
Importing 'GUID: 6971cda678a8e3d44a76793c12ba317d - Path: Packages/com.unity.xr.arfoundation/Editor/Icons/AddEdit@2x.png - Importer: ScriptedImporter/UnityEditor.QuickSearchModule:UnityEditor.Search:ASIAI0B' with importer (ScriptedImporter : UnityEditor.QuickSearchModule:UnityEditor.Search:ASIAI0B)
Imported 'GUID: 6971cda678a8e3d44a76793c12ba317d' -> (Import Result ID: '1515be075c38cdb01ac5311895f3a3b4') in 0.003 seconds [static and dynamic dependencies]. Details - ImportResultOutputID=e4db4140564bfb182bf45f6ffa68ae6f DependenciesID=8a1fb07de4ea23045930b8fe6defc741 StaticDependenciesID=1ef96aebf935d261e75030278ef3a699 
Number of updated asset objects reloaded before import = 0
Number of asset objects unloaded after import = 1
========================================================================
Received Import Request.
  Time of request: 2026-09-01T06:19:52.090465Z
  Time since last request: 0.000270334 seconds.
  importAddress: GUID: c14e4ff2e791043d98ee84764ad4c794 - Path: Packages/com.unity.xr.arfoundation/Runtime/ARFoundation/Raycasts - Importer: ScriptedImporter/UnityEditor.QuickSearchModule:UnityEditor.Search:ASIAI0B
Importing 'GUID: c14e4ff2e791043d98ee84764ad4c794 - Path: Packages/com.unity.xr.arfoundation/Runtime/ARFoundation/Raycasts - Importer: ScriptedImporter/UnityEditor.QuickSearchModule:UnityEditor.Search:ASIAI0B' with importer (ScriptedImporter : UnityEditor.QuickSearchModule:UnityEditor.Search:ASIAI0B)
Imported 'GUID: c14e4ff2e791043d98ee84764ad4c794' -> (Import Result ID: '622d7638a5038c5a9fdff43d480acd4f') in 0.001 seconds [static and dynamic dependencies]. Details - ImportResultOutputID=5156b3108b31bb6908db1f3bbf8424ff DependenciesID=ab3ee73bbc012e0aa62b7ca323847b2b StaticDependenciesID=45654c3fa0cdd5f5fea0eb26962aa137 
Number of updated asset objects reloaded before import = 0
Number of asset objects unloaded after import = 1
========================================================================
Received Import Request.
  Time of request: 2026-09-01T06:19:52.092208Z
  Time since last request: 0.000232334 seconds.
  importAddress: GUID: 3581d0632f27d4cf9b5fbdb0bf542474 - Path: Packages/com.unity.xr.arfoundation/Runtime/Simulation/Subsystems/SimulatedExifData.cs - Importer: ScriptedImporter/UnityEditor.QuickSearchModule:UnityEditor.Search:ASIAI0B
Importing 'GUID: 3581d0632f27d4cf9b5fbdb0bf542474 - Path: Packages/com.unity.xr.arfoundation/Runtime/Simulation/Subsystems/SimulatedExifData.cs - Importer: ScriptedImporter/UnityEditor.QuickSearchModule:UnityEditor.Search:ASIAI0B' with importer (ScriptedImporter : UnityEditor.QuickSearchModule:UnityEditor.Search:ASIAI0B)
Imported 'GUID: 3581d0632f27d4cf9b5fbdb0bf542474' -> (Import Result ID: '5ae3e9d8f80fe32fbd135c7ddedc8085') in 0.001 seconds [static and dynamic dependencies]. Details - ImportResultOutputID=84682efe7dd252e08b8890385f06dd7b DependenciesID=3457fcc7a127d36c0e4768bcb0bb9f26 StaticDependenciesID=dd55256e64d82c787d09136ceee46848 
Number of updated asset objects reloaded before import = 0
Number of asset objects unloaded after import = 0
========================================================================
Received Import Request.
  Time of request: 2026-09-01T06:19:52.094093Z
  Time since last request: 0.000257791 seconds.
  importAddress: GUID: 89c5a83f7058c3f42921c3797959f492 - Path: Packages/com.unity.xr.arfoundation/Assets/Shaders/SimulationURPRoomXRay.shader - Importer: ScriptedImporter/UnityEditor.QuickSearchModule:UnityEditor.Search:ASIAI0B
Importing 'GUID: 89c5a83f7058c3f42921c3797959f492 - Path: Packages/com.unity.xr.arfoundation/Assets/Shaders/SimulationURPRoomXRay.shader - Importer: ScriptedImporter/UnityEditor.QuickSearchModule:UnityEditor.Search:ASIAI0B' with importer (ScriptedImporter : UnityEditor.QuickSearchModule:UnityEditor.Search:ASIAI0B)
Imported 'GUID: 89c5a83f7058c3f42921c3797959f492' -> (Import Result ID: 'f645861cab26fb63f52b0aece7d29f87') in 0.005 seconds [static and dynamic dependencies]. Details - ImportResultOutputID=df5a6ffa41c25b70332f8e68e03c3828 DependenciesID=aad9da9194b590b677818138f671fe88 StaticDependenciesID=548ab1f2e293de800ebc24237b799a89 
Number of updated asset objects reloaded before import = 0
Number of asset objects unloaded after import = 1
========================================================================
Received Import Request.
  Time of request: 2026-09-01T06:19:52.099882Z
  Time since last request: 0.000418583 seconds.
  importAddress: GUID: 6ab22a0976394c01b518ba3ad6f2a4ed - Path: Packages/com.unity.xr.arfoundation/Editor/Simulation/XREnvironmentViewUtilities.cs - Importer: ScriptedImporter/UnityEditor.QuickSearchModule:UnityEditor.Search:ASIAI0B
Importing 'GUID: 6ab22a0976394c01b518ba3ad6f2a4ed - Path: Packages/com.unity.xr.arfoundation/Editor/Simulation/XREnvironmentViewUtilities.cs - Importer: ScriptedImporter/UnityEditor.QuickSearchModule:UnityEditor.Search:ASIAI0B' with importer (ScriptedImporter : UnityEditor.QuickSearchModule:UnityEditor.Search:ASIAI0B)
Imported 'GUID: 6ab22a0976394c01b518ba3ad6f2a4ed' -> (Import Result ID: '2c55cf722b289f5077f59d326e8c77c6') in 0.002 seconds [static and dynamic dependencies]. Details - ImportResultOutputID=9c4d2d2310abe7072e1d11d98fe8fe0d DependenciesID=fa2664312a71fee49f78f1f85fbe7729 StaticDependenciesID=60ecc1cc868a63b793c55e6dda87e100 
Number of updated asset objects reloaded before import = 0
Number of asset objects unloaded after import = 0
========================================================================
Received Import Request.
  Time of request: 2026-09-01T06:19:52.102404Z
  Time since last request: 0.000387041 seconds.
  importAddress: GUID: fc012377dc7da4ef6af5a99288050fb4 - Path: Packages/com.unity.xr.arkit/Runtime/SetReferenceLibraryResult.cs - Importer: ScriptedImporter/UnityEditor.QuickSearchModule:UnityEditor.Search:ASIAI0B
Importing 'GUID: fc012377dc7da4ef6af5a99288050fb4 - Path: Packages/com.unity.xr.arkit/Runtime/SetReferenceLibraryResult.cs - Importer: ScriptedImporter/UnityEditor.QuickSearchModule:UnityEditor.Search:ASIAI0B' with importer (ScriptedImporter : UnityEditor.QuickSearchModule:UnityEditor.Search:ASIAI0B)
Imported 'GUID: fc012377dc7da4ef6af5a99288050fb4' -> (Import Result ID: 'dfcb6d77fd853e9f94973e67e02f21dc') in 0.001 seconds [static and dynamic dependencies]. Details - ImportResultOutputID=9d1f3cf8b36420758f6d4d55a3fb6394 DependenciesID=9b7f16351b1a64c52fd5d451a8ee1945 StaticDependenciesID=9d5329e0115c1d83c62c1d2d97b7b30e 
Number of updated asset objects reloaded before import = 0
Number of asset objects unloaded after import = 0
========================================================================
Received Import Request.
  Time of request: 2026-09-01T06:19:52.1041Z
  Time since last request: 0.000232666 seconds.
  importAddress: GUID: d326ad1d5a59dac4491541cac5693fa7 - Path: Packages/com.unity.xr.arfoundation/Runtime/Simulation/Subsystems/BoundingBox/SimulationBoundingBoxDiscoverer.cs - Importer: ScriptedImporter/UnityEditor.QuickSearchModule:UnityEditor.Search:ASIAI0B
Importing 'GUID: d326ad1d5a59dac4491541cac5693fa7 - Path: Packages/com.unity.xr.arfoundation/Runtime/Simulation/Subsystems/BoundingBox/SimulationBoundingBoxDiscoverer.cs - Importer: ScriptedImporter/UnityEditor.QuickSearchModule:UnityEditor.Search:ASIAI0B' with importer (ScriptedImporter : UnityEditor.QuickSearchModule:UnityEditor.Search:ASIAI0B)
Imported 'GUID: d326ad1d5a59dac4491541cac5693fa7' -> (Import Result ID: '4d3bfdf378793c9f75eb6c2e1115394f') in 0.001 seconds [static and dynamic dependencies]. Details - ImportResultOutputID=1c7fd3d7f3ad3c037fa0615eefabcae1 DependenciesID=1c5fb19b31b888328232ccc4a550df4a StaticDependenciesID=bd3f697a53baf31b5e4c989f16cf8b44 
Number of updated asset objects reloaded before import = 0
Number of asset objects unloaded after import = 0
========================================================================
Received Import Request.
  Time of request: 2026-09-01T06:19:52.105999Z
  Time since last request: 0.000244833 seconds.
  importAddress: GUID: f18dffb27e0af4e0aba7473ed98be676 - Path: Packages/com.unity.xr.arkit/Runtime/PointCloud/ARKitXRDepthSubsystem.deprecated.cs - Importer: ScriptedImporter/UnityEditor.QuickSearchModule:UnityEditor.Search:ASIAI0B
Importing 'GUID: f18dffb27e0af4e0aba7473ed98be676 - Path: Packages/com.unity.xr.arkit/Runtime/PointCloud/ARKitXRDepthSubsystem.deprecated.cs - Importer: ScriptedImporter/UnityEditor.QuickSearchModule:UnityEditor.Search:ASIAI0B' with importer (ScriptedImporter : UnityEditor.QuickSearchModule:UnityEditor.Search:ASIAI0B)
Imported 'GUID: f18dffb27e0af4e0aba7473ed98be676' -> (Import Result ID: 'db5665d23274424fecf2d587792133f6') in 0.001 seconds [static and dynamic dependencies]. Details - ImportResultOutputID=b96f92e195cf061c3846e751a5d9d862 DependenciesID=9b176bf6119aa85de9ee9e71670aba0a StaticDependenciesID=1a4db07df4c9fc1524c1a82e7cf7797b 
Number of updated asset objects reloaded before import = 0
Number of asset objects unloaded after import = 0
========================================================================
Received Import Request.
  Time of request: 2026-09-01T06:19:52.107982Z
  Time since last request: 0.000353917 seconds.
  importAddress: GUID: 2fe1d0d8722b0c243b1924eb11f87a07 - Path: Packages/com.unity.xr.arfoundation/Tests/Runtime/ARFoundation/MeshSubsystem/MockMeshSubsystem.cs - Importer: ScriptedImporter/UnityEditor.QuickSearchModule:UnityEditor.Search:ASIAI0B
Importing 'GUID: 2fe1d0d8722b0c243b1924eb11f87a07 - Path: Packages/com.unity.xr.arfoundation/Tests/Runtime/ARFoundation/MeshSubsystem/MockMeshSubsystem.cs - Importer: ScriptedImporter/UnityEditor.QuickSearchModule:UnityEditor.Search:ASIAI0B' with importer (ScriptedImporter : UnityEditor.QuickSearchModule:UnityEditor.Search:ASIAI0B)
Imported 'GUID: 2fe1d0d8722b0c243b1924eb11f87a07' -> (Import Result ID: 'bea93667b939a3894d8192518d0eaaa1') in 0.001 seconds [static and dynamic dependencies]. Details - ImportResultOutputID=2f8ca02193a116c5582de56fde670dee DependenciesID=b4b3831d118797ef05dbf69c493c81de StaticDependenciesID=222aee74f939f453f0f98deca4baf007 
Number of updated asset objects reloaded before import = 0
Number of asset objects unloaded after import = 0
========================================================================
Received Import Request.
  Time of request: 2026-09-01T06:19:52.10969Z
  Time since last request: 0.000345458 seconds.
  importAddress: GUID: 40e944401d69f4044913e7a42299845c - Path: Packages/com.unity.xr.arfoundation/Runtime/ARSubsystems/Session/Configuration/ConfigurationDescriptor.cs - Importer: ScriptedImporter/UnityEditor.QuickSearchModule:UnityEditor.Search:ASIAI0B
Importing 'GUID: 40e944401d69f4044913e7a42299845c - Path: Packages/com.unity.xr.arfoundation/Runtime/ARSubsystems/Session/Configuration/ConfigurationDescriptor.cs - Importer: ScriptedImporter/UnityEditor.QuickSearchModule:UnityEditor.Search:ASIAI0B' with importer (ScriptedImporter : UnityEditor.QuickSearchModule:UnityEditor.Search:ASIAI0B)
Imported 'GUID: 40e944401d69f4044913e7a42299845c' -> (Import Result ID: '4ac2b71d962caaea594d9f364d1c629d') in 0.001 seconds [static and dynamic dependencies]. Details - ImportResultOutputID=18bb07681fe19740e28c22a1d71a8410 DependenciesID=4a06ed0e376c2bdc058b3d4c87fd4923 StaticDependenciesID=a1f8f4edbda309c8ee5f00a91ecd4a45 
Number of updated asset objects reloaded before import = 0
Number of asset objects unloaded after import = 0
========================================================================
Received Import Request.
  Time of request: 2026-09-01T06:19:52.11167Z
  Time since last request: 0.000243042 seconds.
  importAddress: GUID: f09193ef380d4ebf8a1f2abcb9cd8789 - Path: Packages/com.unity.xr.arfoundation/Runtime/ARSubsystems/Images - Importer: ScriptedImporter/UnityEditor.QuickSearchModule:UnityEditor.Search:ASIAI0B
Importing 'GUID: f09193ef380d4ebf8a1f2abcb9cd8789 - Path: Packages/com.unity.xr.arfoundation/Runtime/ARSubsystems/Images - Importer: ScriptedImporter/UnityEditor.QuickSearchModule:UnityEditor.Search:ASIAI0B' with importer (ScriptedImporter : UnityEditor.QuickSearchModule:UnityEditor.Search:ASIAI0B)
Imported 'GUID: f09193ef380d4ebf8a1f2abcb9cd8789' -> (Import Result ID: '6bffb5139f97c1ec8bc4a84a234e0a56') in 0.001 seconds [static and dynamic dependencies]. Details - ImportResultOutputID=29c61c1b617ec6f457590e817d3dc0ff DependenciesID=5a2a98b66b06b9d467e9bd65ffc66ab8 StaticDependenciesID=d73c490523dd658945ebd8ac146d48b7 
Number of updated asset objects reloaded before import = 0
Number of asset objects unloaded after import = 1
========================================================================
Received Import Request.
  Time of request: 2026-09-01T06:19:52.11316Z
  Time since last request: 0.000207458 seconds.
  importAddress: GUID: 57788796914f74150a3e809c482f0ff9 - Path: Packages/com.unity.xr.arfoundation/Runtime/ARFoundation/Input - Importer: ScriptedImporter/UnityEditor.QuickSearchModule:UnityEditor.Search:ASIAI0B
Importing 'GUID: 57788796914f74150a3e809c482f0ff9 - Path: Packages/com.unity.xr.arfoundation/Runtime/ARFoundation/Input - Importer: ScriptedImporter/UnityEditor.QuickSearchModule:UnityEditor.Search:ASIAI0B' with importer (ScriptedImporter : UnityEditor.QuickSearchModule:UnityEditor.Search:ASIAI0B)
Imported 'GUID: 57788796914f74150a3e809c482f0ff9' -> (Import Result ID: '9978eabe6f72968bf181e34486a1b9fe') in 0.001 seconds [static and dynamic dependencies]. Details - ImportResultOutputID=ea8ea094110e5f47679989ce4aee4900 DependenciesID=1b37d5329c87b0089639e9339a5e91c6 StaticDependenciesID=89e16a257395c53cc40af0b9f885d016 
Number of updated asset objects reloaded before import = 0
Number of asset objects unloaded after import = 1
========================================================================
Received Import Request.
  Time of request: 2026-09-01T06:19:52.114639Z
  Time since last request: 0.000200458 seconds.
  importAddress: GUID: 8c9d206c090ccd94dbed6b0b20eba444 - Path: Packages/com.unity.xr.arfoundation/Runtime/ARSubsystems/Meshing/XRMeshClassification.cs - Importer: ScriptedImporter/UnityEditor.QuickSearchModule:UnityEditor.Search:ASIAI0B
Importing 'GUID: 8c9d206c090ccd94dbed6b0b20eba444 - Path: Packages/com.unity.xr.arfoundation/Runtime/ARSubsystems/Meshing/XRMeshClassification.cs - Importer: ScriptedImporter/UnityEditor.QuickSearchModule:UnityEditor.Search:ASIAI0B' with importer (ScriptedImporter : UnityEditor.QuickSearchModule:UnityEditor.Search:ASIAI0B)
Imported 'GUID: 8c9d206c090ccd94dbed6b0b20eba444' -> (Import Result ID: 'cc1f27ec45c77566d98886cdb99577bb') in 0.001 seconds [static and dynamic dependencies]. Details - ImportResultOutputID=b97be1a1aa8c1dc91c867b585edf8a32 DependenciesID=43ba686e5fa8b8d3dee9ef64208518e0 StaticDependenciesID=2304dbe955b15be35c5ef443089e7c5e 
Number of updated asset objects reloaded before import = 0
Number of asset objects unloaded after import = 0
========================================================================
Received Import Request.
  Time of request: 2026-09-01T06:19:52.116187Z
  Time since last request: 0.000235625 seconds.
  importAddress: GUID: a86f419245e7148c6a71126cf80055e9 - Path: Packages/com.unity.xr.arfoundation/Editor/VisualScripting/Deprecated/ParticipantsChangedEventUnitDescriptor.deprecated.cs - Importer: ScriptedImporter/UnityEditor.QuickSearchModule:UnityEditor.Search:ASIAI0B
Importing 'GUID: a86f419245e7148c6a71126cf80055e9 - Path: Packages/com.unity.xr.arfoundation/Editor/VisualScripting/Deprecated/ParticipantsChangedEventUnitDescriptor.deprecated.cs - Importer: ScriptedImporter/UnityEditor.QuickSearchModule:UnityEditor.Search:ASIAI0B' with importer (ScriptedImporter : UnityEditor.QuickSearchModule:UnityEditor.Search:ASIAI0B)
Imported 'GUID: a86f419245e7148c6a71126cf80055e9' -> (Import Result ID: 'd68659bfe822b7f9136d04d1c6f169e3') in 0.001 seconds [static and dynamic dependencies]. Details - ImportResultOutputID=031e232cbb75e9c3a63532a3b5dd95b1 DependenciesID=e666c7344036965dcd0a68d5d8fdd476 StaticDependenciesID=feabbfb00f8ce0a490f68d382b3fa548 
Number of updated asset objects reloaded before import = 0
Number of asset objects unloaded after import = 0
========================================================================
Received Import Request.
  Time of request: 2026-09-01T06:19:52.117714Z
  Time since last request: 0.000227375 seconds.
  importAddress: GUID: c9e41cbcdf6f3468bb9a44449bf878ed - Path: Packages/com.unity.xr.arkit/Runtime/Participant - Importer: ScriptedImporter/UnityEditor.QuickSearchModule:UnityEditor.Search:ASIAI0B
Importing 'GUID: c9e41cbcdf6f3468bb9a44449bf878ed - Path: Packages/com.unity.xr.arkit/Runtime/Participant - Importer: ScriptedImporter/UnityEditor.QuickSearchModule:UnityEditor.Search:ASIAI0B' with importer (ScriptedImporter : UnityEditor.QuickSearchModule:UnityEditor.Search:ASIAI0B)
Imported 'GUID: c9e41cbcdf6f3468bb9a44449bf878ed' -> (Import Result ID: 'b95ba2c61972b39712d62dbc3bfb159d') in 0.001 seconds [static and dynamic dependencies]. Details - ImportResultOutputID=d136b5a679e0d117a48d31488e10a19b DependenciesID=8d9b8a2bcb6a510eca1e265a18e409ad StaticDependenciesID=e1ac00766ca49ca19fee0a8680ee2bc3 
Number of updated asset objects reloaded before import = 0
Number of asset objects unloaded after import = 1
========================================================================
Received Import Request.
  Time of request: 2026-09-01T06:19:52.119153Z
  Time since last request: 0.000195875 seconds.
  importAddress: GUID: 0487b835b3c82d246904d42edd34fa87 - Path: Packages/com.unity.xr.arfoundation/Runtime/Simulation/Subsystems/SimulationCameraPoseProvider.cs - Importer: ScriptedImporter/UnityEditor.QuickSearchModule:UnityEditor.Search:ASIAI0B
Importing 'GUID: 0487b835b3c82d246904d42edd34fa87 - Path: Packages/com.unity.xr.arfoundation/Runtime/Simulation/Subsystems/SimulationCameraPoseProvider.cs - Importer: ScriptedImporter/UnityEditor.QuickSearchModule:UnityEditor.Search:ASIAI0B' with importer (ScriptedImporter : UnityEditor.QuickSearchModule:UnityEditor.Search:ASIAI0B)
Imported 'GUID: 0487b835b3c82d246904d42edd34fa87' -> (Import Result ID: '0d229573bfa99230341701ffc8786dc1') in 0.001 seconds [static and dynamic dependencies]. Details - ImportResultOutputID=46df2f2f80e0f6ed6eb4b398c4a4f1c7 DependenciesID=1e673dbc9b7ff7e3ffea206c4f9c9cd9 StaticDependenciesID=1af5bdbbaf564f106a907df9030f3fee 
Number of updated asset objects reloaded before import = 0
Number of asset objects unloaded after import = 0
========================================================================
Received Import Request.
  Time of request: 2026-09-01T06:19:52.129755Z
  Time since last request: 0.009550458 seconds.
  importAddress: GUID: 16d162ee0f78647919468439222d4a79 - Path: Packages/com.unity.xr.arfoundation/Runtime/ARSubsystems/Faces/XRFaceSubsystem.cs - Importer: ScriptedImporter/UnityEditor.QuickSearchModule:UnityEditor.Search:ASIAI0B
Importing 'GUID: 16d162ee0f78647919468439222d4a79 - Path: Packages/com.unity.xr.arfoundation/Runtime/ARSubsystems/Faces/XRFaceSubsystem.cs - Importer: ScriptedImporter/UnityEditor.QuickSearchModule:UnityEditor.Search:ASIAI0B' with importer (ScriptedImporter : UnityEditor.QuickSearchModule:UnityEditor.Search:ASIAI0B)
Imported 'GUID: 16d162ee0f78647919468439222d4a79' -> (Import Result ID: 'd0b446c401418e85d8e6b89fbec80d1b') in 0.002 seconds [static and dynamic dependencies]. Details - ImportResultOutputID=e574b5765f8302dacf273d2b6f1198b5 DependenciesID=6fd01489ac99021bb00839026a7e68be StaticDependenciesID=7c853c49ac1420da8eff17b933362a30 
Number of updated asset objects reloaded before import = 0
Number of asset objects unloaded after import = 0
========================================================================
Received Import Request.
  Time of request: 2026-09-01T06:19:52.13217Z
  Time since last request: 0.000307417 seconds.
  importAddress: GUID: a6f5907f7152f40fa8bc0819e54d4402 - Path: Packages/com.unity.xr.arfoundation/Assets/Textures/Check@2x.png - Importer: ScriptedImporter/UnityEditor.QuickSearchModule:UnityEditor.Search:ASIAI0B
Importing 'GUID: a6f5907f7152f40fa8bc0819e54d4402 - Path: Packages/com.unity.xr.arfoundation/Assets/Textures/Check@2x.png - Importer: ScriptedImporter/UnityEditor.QuickSearchModule:UnityEditor.Search:ASIAI0B' with importer (ScriptedImporter : UnityEditor.QuickSearchModule:UnityEditor.Search:ASIAI0B)
Imported 'GUID: a6f5907f7152f40fa8bc0819e54d4402' -> (Import Result ID: '02b780eb61ad26dfdfcc16ca53a1d5a8') in 0.007 seconds [static and dynamic dependencies]. Details - ImportResultOutputID=a38e04874f4648e2d9d4624a70c4b381 DependenciesID=41b5472f41469e2a504e7b2ce15e095d StaticDependenciesID=02f26f3dcbed22499cbc754971a0546b 
Number of updated asset objects reloaded before import = 0
Number of asset objects unloaded after import = 3
========================================================================
Received Import Request.
  Time of request: 2026-09-01T06:19:52.153113Z
  Time since last request: 0.013496292 seconds.
  importAddress: GUID: 26a137360bb3b49daa5266fb487233c0 - Path: Packages/com.unity.xr.arfoundation/Runtime/ARSubsystems/Objects/XRReferenceObjectEntry.cs - Importer: ScriptedImporter/UnityEditor.QuickSearchModule:UnityEditor.Search:ASIAI0B
Importing 'GUID: 26a137360bb3b49daa5266fb487233c0 - Path: Packages/com.unity.xr.arfoundation/Runtime/ARSubsystems/Objects/XRReferenceObjectEntry.cs - Importer: ScriptedImporter/UnityEditor.QuickSearchModule:UnityEditor.Search:ASIAI0B' with importer (ScriptedImporter : UnityEditor.QuickSearchModule:UnityEditor.Search:ASIAI0B)
Imported 'GUID: 26a137360bb3b49daa5266fb487233c0' -> (Import Result ID: '411e368b4456c75c837308cab6aa3ee3') in 0.002 seconds [static and dynamic dependencies]. Details - ImportResultOutputID=d16c72f640efc07bf6273ed1fe801285 DependenciesID=d5580c4c2351e9612dc10ad75eb10321 StaticDependenciesID=f6de54d9b578832437a29f3250fe0f26 
Number of updated asset objects reloaded before import = 0
Number of asset objects unloaded after import = 0
========================================================================
Received Import Request.
  Time of request: 2026-09-01T06:19:52.156244Z
  Time since last request: 0.000601542 seconds.
  importAddress: GUID: d349022ad39348cc8f8c56ddd7d5685a - Path: Packages/com.unity.xr.arfoundation/Runtime/VisualScripting/Units/Events/MessageListeners/ARPointCloudsChangedListener.cs - Importer: ScriptedImporter/UnityEditor.QuickSearchModule:UnityEditor.Search:ASIAI0B
Importing 'GUID: d349022ad39348cc8f8c56ddd7d5685a - Path: Packages/com.unity.xr.arfoundation/Runtime/VisualScripting/Units/Events/MessageListeners/ARPointCloudsChangedListener.cs - Importer: ScriptedImporter/UnityEditor.QuickSearchModule:UnityEditor.Search:ASIAI0B' with importer (ScriptedImporter : UnityEditor.QuickSearchModule:UnityEditor.Search:ASIAI0B)
Imported 'GUID: d349022ad39348cc8f8c56ddd7d5685a' -> (Import Result ID: 'e00f4520eff3f45148dbf9384b8443b1') in 0.001 seconds [static and dynamic dependencies]. Details - ImportResultOutputID=d499d8633d7b86353f1ccf63865255f8 DependenciesID=b1098a70738b4bd22a2bfe0bdb6d8cae StaticDependenciesID=4f4e5f0a3b18c09bb5070a876f5013e2 
Number of updated asset objects reloaded before import = 0
Number of asset objects unloaded after import = 0
========================================================================
Received Import Request.
  Time of request: 2026-09-01T06:19:52.158401Z
  Time since last request: 0.000403125 seconds.
  importAddress: GUID: b701fb6055e5bf44b84cbe041121eb4a - Path: Packages/com.unity.xr.arfoundation/Assets/Materials/SimulationPlaneMaterial.mat - Importer: ScriptedImporter/UnityEditor.QuickSearchModule:UnityEditor.Search:ASIAI0B
Importing 'GUID: b701fb6055e5bf44b84cbe041121eb4a - Path: Packages/com.unity.xr.arfoundation/Assets/Materials/SimulationPlaneMaterial.mat - Importer: ScriptedImporter/UnityEditor.QuickSearchModule:UnityEditor.Search:ASIAI0B' with importer (ScriptedImporter : UnityEditor.QuickSearchModule:UnityEditor.Search:ASIAI0B)
Imported 'GUID: b701fb6055e5bf44b84cbe041121eb4a' -> (Import Result ID: 'fca9079fff424b9aad3fca52eed32fe3') in 0.209 seconds [static and dynamic dependencies]. Details - ImportResultOutputID=80d57c3ba3df9f47c34a219127de3ba5 DependenciesID=0320fa99473cfdc5f478c1b17e2797a5 StaticDependenciesID=174494fe49b6cd43c8e401441dd37fc6 
Number of updated asset objects reloaded before import = 0
Number of asset objects unloaded after import = 3
========================================================================
Received Import Request.
  Time of request: 2026-09-01T06:19:52.368236Z
  Time since last request: 0.000386792 seconds.
  importAddress: GUID: d182b000d5d4a1b4a9a2575b9ab48c15 - Path: Packages/com.unity.xr.arfoundation/Runtime/ARSubsystems/Raycasts/XRRaycastSubsystem.cs - Importer: ScriptedImporter/UnityEditor.QuickSearchModule:UnityEditor.Search:ASIAI0B
Importing 'GUID: d182b000d5d4a1b4a9a2575b9ab48c15 - Path: Packages/com.unity.xr.arfoundation/Runtime/ARSubsystems/Raycasts/XRRaycastSubsystem.cs - Importer: ScriptedImporter/UnityEditor.QuickSearchModule:UnityEditor.Search:ASIAI0B' with importer (ScriptedImporter : UnityEditor.QuickSearchModule:UnityEditor.Search:ASIAI0B)
Imported 'GUID: d182b000d5d4a1b4a9a2575b9ab48c15' -> (Import Result ID: '815dd8803710d109187731db40718aeb') in 0.001 seconds [static and dynamic dependencies]. Details - ImportResultOutputID=a1e209da4011258f0bd804ce86fe8d0c DependenciesID=1897b7d5a112da43b2cdf54c7a7dcb55 StaticDependenciesID=4411cf070704f112dcafcdfcd81ea3fe 
Number of updated asset objects reloaded before import = 0
Number of asset objects unloaded after import = 0
========================================================================
Received Import Request.
  Time of request: 2026-09-01T06:19:52.37029Z
  Time since last request: 0.000227167 seconds.
  importAddress: GUID: e2556e1b59ff64940b296fd0840b2668 - Path: Packages/com.unity.xr.arfoundation/Editor/ARFoundation/CreateUtils.cs - Importer: ScriptedImporter/UnityEditor.QuickSearchModule:UnityEditor.Search:ASIAI0B
Importing 'GUID: e2556e1b59ff64940b296fd0840b2668 - Path: Packages/com.unity.xr.arfoundation/Editor/ARFoundation/CreateUtils.cs - Importer: ScriptedImporter/UnityEditor.QuickSearchModule:UnityEditor.Search:ASIAI0B' with importer (ScriptedImporter : UnityEditor.QuickSearchModule:UnityEditor.Search:ASIAI0B)
Imported 'GUID: e2556e1b59ff64940b296fd0840b2668' -> (Import Result ID: 'fec43f56bd2797ab1216a89abbdf2fd4') in 0.001 seconds [static and dynamic dependencies]. Details - ImportResultOutputID=69511d4b941db0b5092093d34156ebad DependenciesID=668008f32ffd92e5a33d3891d8b8d17b StaticDependenciesID=284c2cd4409ceb5f79b87c3eaeb266c8 
Number of updated asset objects reloaded before import = 0
Number of asset objects unloaded after import = 0
========================================================================
Received Import Request.
  Time of request: 2026-09-01T06:19:52.371994Z
  Time since last request: 0.00028475 seconds.
  importAddress: GUID: bf70cf7fcfef40169e85e82c0d65ebda - Path: Packages/com.unity.xr.arkit/Runtime/Camera/ARKitFocusMode.cs - Importer: ScriptedImporter/UnityEditor.QuickSearchModule:UnityEditor.Search:ASIAI0B
Importing 'GUID: bf70cf7fcfef40169e85e82c0d65ebda - Path: Packages/com.unity.xr.arkit/Runtime/Camera/ARKitFocusMode.cs - Importer: ScriptedImporter/UnityEditor.QuickSearchModule:UnityEditor.Search:ASIAI0B' with importer (ScriptedImporter : UnityEditor.QuickSearchModule:UnityEditor.Search:ASIAI0B)
Imported 'GUID: bf70cf7fcfef40169e85e82c0d65ebda' -> (Import Result ID: 'abbc5b1e17ea92f186393188af312a3c') in 0.001 seconds [static and dynamic dependencies]. Details - ImportResultOutputID=dc908fb17c5507d5bdc772020277444b DependenciesID=90a7e457ff987ac12fe7ceb505c07ab9 StaticDependenciesID=69c208c6dc4d81223448cb0903e4f3d7 
Number of updated asset objects reloaded before import = 0
Number of asset objects unloaded after import = 0
========================================================================
Received Import Request.
  Time of request: 2026-09-01T06:19:52.373618Z
  Time since last request: 0.000331791 seconds.
  importAddress: GUID: e2b12afd4d27418a9cfb2823fe2b9ff3 - Path: Packages/com.unity.xr.arfoundation/Runtime/Simulation/XRSimulationRuntimeSettings.cs - Importer: ScriptedImporter/UnityEditor.QuickSearchModule:UnityEditor.Search:ASIAI0B
Importing 'GUID: e2b12afd4d27418a9cfb2823fe2b9ff3 - Path: Packages/com.unity.xr.arfoundation/Runtime/Simulation/XRSimulationRuntimeSettings.cs - Importer: ScriptedImporter/UnityEditor.QuickSearchModule:UnityEditor.Search:ASIAI0B' with importer (ScriptedImporter : UnityEditor.QuickSearchModule:UnityEditor.Search:ASIAI0B)
Imported 'GUID: e2b12afd4d27418a9cfb2823fe2b9ff3' -> (Import Result ID: '9eacf53b00568b7ddfbbbc24b68b3461') in 0.001 seconds [static and dynamic dependencies]. Details - ImportResultOutputID=8c8833698f8bd2f407d6812acb949bd7 DependenciesID=c9a9ed24e059cc9b1bc6957bcb4ffae5 StaticDependenciesID=c37a1c575ac73faff7b396da08671308 
Number of updated asset objects reloaded before import = 0
Number of asset objects unloaded after import = 0
========================================================================
Received Import Request.
  Time of request: 2026-09-01T06:19:52.375257Z
  Time since last request: 0.00018325 seconds.
  importAddress: GUID: f6e87ced02c0d485ea5fc91ced3e6417 - Path: Packages/com.unity.xr.arfoundation/Assets/Shaders/GizmoSolidColor.shader - Importer: ScriptedImporter/UnityEditor.QuickSearchModule:UnityEditor.Search:ASIAI0B
Importing 'GUID: f6e87ced02c0d485ea5fc91ced3e6417 - Path: Packages/com.unity.xr.arfoundation/Assets/Shaders/GizmoSolidColor.shader - Importer: ScriptedImporter/UnityEditor.QuickSearchModule:UnityEditor.Search:ASIAI0B' with importer (ScriptedImporter : UnityEditor.QuickSearchModule:UnityEditor.Search:ASIAI0B)
Imported 'GUID: f6e87ced02c0d485ea5fc91ced3e6417' -> (Import Result ID: 'c46376a4350e767433180277fc2fc4ff') in 0.001 seconds [static and dynamic dependencies]. Details - ImportResultOutputID=a396ca3151113dedb308e34dfb2e0dfa DependenciesID=39d76c010872adc79bb19d8fae9605b9 StaticDependenciesID=a32b646ef7540dbd1e397cd7c594376b 
Number of updated asset objects reloaded before import = 0
Number of asset objects unloaded after import = 1
========================================================================
Received Import Request.
  Time of request: 2026-09-01T06:19:52.377082Z
  Time since last request: 0.000212666 seconds.
  importAddress: GUID: e8743eb7d7f5c4e2493acdb145a13ed5 - Path: Packages/com.unity.xr.arkit/Runtime/ObjectTracking/ARKitReferenceObjectEntry.cs - Importer: ScriptedImporter/UnityEditor.QuickSearchModule:UnityEditor.Search:ASIAI0B
Importing 'GUID: e8743eb7d7f5c4e2493acdb145a13ed5 - Path: Packages/com.unity.xr.arkit/Runtime/ObjectTracking/ARKitReferenceObjectEntry.cs - Importer: ScriptedImporter/UnityEditor.QuickSearchModule:UnityEditor.Search:ASIAI0B' with importer (ScriptedImporter : UnityEditor.QuickSearchModule:UnityEditor.Search:ASIAI0B)
Imported 'GUID: e8743eb7d7f5c4e2493acdb145a13ed5' -> (Import Result ID: '9546e4a525100cec519b4fce272e5be1') in 0.001 seconds [static and dynamic dependencies]. Details - ImportResultOutputID=cc73c5b9871791f3d8e6afedd47d19dc DependenciesID=698e1592e1f8d632a709bb827029eac5 StaticDependenciesID=16942b5c4d6288adcc0780139c7737c6 
Number of updated asset objects reloaded before import = 0
Number of asset objects unloaded after import = 0
========================================================================
Received Import Request.
  Time of request: 2026-09-01T06:19:52.378884Z
  Time since last request: 0.000474542 seconds.
  importAddress: GUID: 55cc22e92c1ae43f895a18acb9874659 - Path: Packages/com.unity.xr.arfoundation/Runtime/ARFoundation/Common/TrackingSubsystem/ARTrackablesChangedEventArgs.cs - Importer: ScriptedImporter/UnityEditor.QuickSearchModule:UnityEditor.Search:ASIAI0B
Importing 'GUID: 55cc22e92c1ae43f895a18acb9874659 - Path: Packages/com.unity.xr.arfoundation/Runtime/ARFoundation/Common/TrackingSubsystem/ARTrackablesChangedEventArgs.cs - Importer: ScriptedImporter/UnityEditor.QuickSearchModule:UnityEditor.Search:ASIAI0B' with importer (ScriptedImporter : UnityEditor.QuickSearchModule:UnityEditor.Search:ASIAI0B)
Imported 'GUID: 55cc22e92c1ae43f895a18acb9874659' -> (Import Result ID: '11825ff2468aeed4915d08279e5d5fd3') in 0.001 seconds [static and dynamic dependencies]. Details - ImportResultOutputID=f3a95d3a2e102bb9c90f474116c735f1 DependenciesID=f1c83e9d0133a12532876bfeafa44705 StaticDependenciesID=be1edb1740ae9b312158e6436a8ed00d 
Number of updated asset objects reloaded before import = 0
Number of asset objects unloaded after import = 0
========================================================================
Received Import Request.
  Time of request: 2026-09-01T06:19:52.380662Z
  Time since last request: 0.000339292 seconds.
  importAddress: GUID: 4598ea5d00316445abd4ab7d202861fd - Path: Packages/com.unity.mathematics/Tests/Editor - Importer: ScriptedImporter/UnityEditor.QuickSearchModule:UnityEditor.Search:ASIAI0B
Importing 'GUID: 4598ea5d00316445abd4ab7d202861fd - Path: Packages/com.unity.mathematics/Tests/Editor - Importer: ScriptedImporter/UnityEditor.QuickSearchModule:UnityEditor.Search:ASIAI0B' with importer (ScriptedImporter : UnityEditor.QuickSearchModule:UnityEditor.Search:ASIAI0B)
Imported 'GUID: 4598ea5d00316445abd4ab7d202861fd' -> (Import Result ID: 'cd3553fce6a4ed1b0da947690ae01ea6') in 0.001 seconds [static and dynamic dependencies]. Details - ImportResultOutputID=d84e9f209a94e51309584c830c612bd9 DependenciesID=7cea7a7a847f8e32c1973e4e287f59a0 StaticDependenciesID=a02752c1ba121941e06aa8f592a7ab81 
Number of updated asset objects reloaded before import = 0
Number of asset objects unloaded after import = 1
========================================================================
Received Import Request.
  Time of request: 2026-09-01T06:19:52.382057Z
  Time since last request: 0.00021825 seconds.
  importAddress: GUID: d3e0a6281bce04da1a447cb033f5a999 - Path: Packages/com.unity.xr.arfoundation/Editor/ARFoundation/Analytics/ARSceneAnalysis.cs - Importer: ScriptedImporter/UnityEditor.QuickSearchModule:UnityEditor.Search:ASIAI0B
Importing 'GUID: d3e0a6281bce04da1a447cb033f5a999 - Path: Packages/com.unity.xr.arfoundation/Editor/ARFoundation/Analytics/ARSceneAnalysis.cs - Importer: ScriptedImporter/UnityEditor.QuickSearchModule:UnityEditor.Search:ASIAI0B' with importer (ScriptedImporter : UnityEditor.QuickSearchModule:UnityEditor.Search:ASIAI0B)
Imported 'GUID: d3e0a6281bce04da1a447cb033f5a999' -> (Import Result ID: '634b1c8dfb110452ccc3eef7b9e03209') in 0.001 seconds [static and dynamic dependencies]. Details - ImportResultOutputID=683da5d4983808ed4284d4765f78d988 DependenciesID=8909d08e4d852b58dbff64d6ac46a073 StaticDependenciesID=328e7e185a72caa3335acd51b09d96e4 
Number of updated asset objects reloaded before import = 0
Number of asset objects unloaded after import = 0
========================================================================
Received Import Request.
  Time of request: 2026-09-01T06:19:52.383553Z
  Time since last request: 0.000184125 seconds.
  importAddress: GUID: 6e9177da3440e4e47911a450ea7ff146 - Path: Packages/com.unity.xr.arfoundation/Runtime/ARSubsystems/Common/HelpUrlAttribute.cs - Importer: ScriptedImporter/UnityEditor.QuickSearchModule:UnityEditor.Search:ASIAI0B
Importing 'GUID: 6e9177da3440e4e47911a450ea7ff146 - Path: Packages/com.unity.xr.arfoundation/Runtime/ARSubsystems/Common/HelpUrlAttribute.cs - Importer: ScriptedImporter/UnityEditor.QuickSearchModule:UnityEditor.Search:ASIAI0B' with importer (ScriptedImporter : UnityEditor.QuickSearchModule:UnityEditor.Search:ASIAI0B)
Imported 'GUID: 6e9177da3440e4e47911a450ea7ff146' -> (Import Result ID: '2351a2d735df0902e4314b3a50cd6954') in 0.001 seconds [static and dynamic dependencies]. Details - ImportResultOutputID=73d744ec10c769fe766a0180282c1cab DependenciesID=060898f8fb08d19a11c43a704187e395 StaticDependenciesID=166b31d99c69c11fa24710e2a6f04e28 
Number of updated asset objects reloaded before import = 0
Number of asset objects unloaded after import = 0
========================================================================
Received Import Request.
  Time of request: 2026-09-01T06:19:52.384988Z
  Time since last request: 0.000214792 seconds.
  importAddress: GUID: 3b8d806c6e70e4da481fe8ef9ff3a92d - Path: Packages/com.unity.xr.arfoundation/Editor/VisualScripting/GetFacesUnitDescriptor.cs - Importer: ScriptedImporter/UnityEditor.QuickSearchModule:UnityEditor.Search:ASIAI0B
Importing 'GUID: 3b8d806c6e70e4da481fe8ef9ff3a92d - Path: Packages/com.unity.xr.arfoundation/Editor/VisualScripting/GetFacesUnitDescriptor.cs - Importer: ScriptedImporter/UnityEditor.QuickSearchModule:UnityEditor.Search:ASIAI0B' with importer (ScriptedImporter : UnityEditor.QuickSearchModule:UnityEditor.Search:ASIAI0B)
Imported 'GUID: 3b8d806c6e70e4da481fe8ef9ff3a92d' -> (Import Result ID: '0f69ce00da53d8c2fe557fb03374e553') in 0.001 seconds [static and dynamic dependencies]. Details - ImportResultOutputID=d5ec68a32c26be97133ab8c42aff83a4 DependenciesID=2a37b31492db4ee680c6c2162cefbce8 StaticDependenciesID=7beaeefcec21f208cb1d3eaa7db15a15 
Number of updated asset objects reloaded before import = 0
Number of asset objects unloaded after import = 0
========================================================================
Received Import Request.
  Time of request: 2026-09-01T06:19:52.386627Z
  Time since last request: 0.000220709 seconds.
  importAddress: GUID: 29e25eaf97ffb41f09f0ee403c074373 - Path: Packages/com.unity.xr.arfoundation/Runtime/ARSubsystems/Images/SerializableDictionary.cs - Importer: ScriptedImporter/UnityEditor.QuickSearchModule:UnityEditor.Search:ASIAI0B
Importing 'GUID: 29e25eaf97ffb41f09f0ee403c074373 - Path: Packages/com.unity.xr.arfoundation/Runtime/ARSubsystems/Images/SerializableDictionary.cs - Importer: ScriptedImporter/UnityEditor.QuickSearchModule:UnityEditor.Search:ASIAI0B' with importer (ScriptedImporter : UnityEditor.QuickSearchModule:UnityEditor.Search:ASIAI0B)
Imported 'GUID: 29e25eaf97ffb41f09f0ee403c074373' -> (Import Result ID: 'bb04a2c50d543b4f2c723952239a5bf1') in 0.001 seconds [static and dynamic dependencies]. Details - ImportResultOutputID=3d1847dad39764fed5a91fe5d1c804d4 DependenciesID=9a9b21cbfb7bc2c4b09a310a8cfb324c StaticDependenciesID=ae4b15d221e30361524607b5daa35827 
Number of updated asset objects reloaded before import = 0
Number of asset objects unloaded after import = 0
========================================================================
Received Import Request.
  Time of request: 2026-09-01T06:19:52.388587Z
  Time since last request: 0.000363625 seconds.
  importAddress: GUID: 89bc2d7737aac452590a1778afed30ee - Path: Packages/com.unity.xr.arfoundation/Runtime/Simulation/Subsystems/ImageTracking - Importer: ScriptedImporter/UnityEditor.QuickSearchModule:UnityEditor.Search:ASIAI0B
Importing 'GUID: 89bc2d7737aac452590a1778afed30ee - Path: Packages/com.unity.xr.arfoundation/Runtime/Simulation/Subsystems/ImageTracking - Importer: ScriptedImporter/UnityEditor.QuickSearchModule:UnityEditor.Search:ASIAI0B' with importer (ScriptedImporter : UnityEditor.QuickSearchModule:UnityEditor.Search:ASIAI0B)
Imported 'GUID: 89bc2d7737aac452590a1778afed30ee' -> (Import Result ID: '6ce5b8150c6aa4330a6ef92ee37cabf0') in 0.001 seconds [static and dynamic dependencies]. Details - ImportResultOutputID=79436ef55f1c96656c4702d9334f457d DependenciesID=1b8bfed2340b2c841da670b5907b2fe4 StaticDependenciesID=ad65e5551d2b8a06e499922e399f815f 
Number of updated asset objects reloaded before import = 0
Number of asset objects unloaded after import = 1
========================================================================
Received Import Request.
  Time of request: 2026-09-01T06:19:52.390769Z
  Time since last request: 0.000950375 seconds.
  importAddress: GUID: c2548dac39c7b5348ae9f5412c970c4a - Path: Packages/com.unity.xr.arfoundation/Runtime/ARFoundation/Meshing/IXRMeshSubsystem.cs - Importer: ScriptedImporter/UnityEditor.QuickSearchModule:UnityEditor.Search:ASIAI0B
Importing 'GUID: c2548dac39c7b5348ae9f5412c970c4a - Path: Packages/com.unity.xr.arfoundation/Runtime/ARFoundation/Meshing/IXRMeshSubsystem.cs - Importer: ScriptedImporter/UnityEditor.QuickSearchModule:UnityEditor.Search:ASIAI0B' with importer (ScriptedImporter : UnityEditor.QuickSearchModule:UnityEditor.Search:ASIAI0B)
Imported 'GUID: c2548dac39c7b5348ae9f5412c970c4a' -> (Import Result ID: '7ddab5ce667672b24478521a1f0bc837') in 0.002 seconds [static and dynamic dependencies]. Details - ImportResultOutputID=ae5806e545c66dbdf23fa1ee8eaad789 DependenciesID=d71345480673d9d96997e436650b69a6 StaticDependenciesID=106aa0772acb3833967abeba197efa61 
Number of updated asset objects reloaded before import = 0
Number of asset objects unloaded after import = 0
========================================================================
Received Import Request.
  Time of request: 2026-09-01T06:19:52.393232Z
  Time since last request: 0.000526292 seconds.
  importAddress: GUID: ef3886a9667424aedaa5b3b3e1285dbb - Path: Packages/com.unity.xr.arfoundation/Assets/Prefabs/DebugMenu.prefab - Importer: ScriptedImporter/UnityEditor.QuickSearchModule:UnityEditor.Search:ASIAI0B
Importing 'GUID: ef3886a9667424aedaa5b3b3e1285dbb - Path: Packages/com.unity.xr.arfoundation/Assets/Prefabs/DebugMenu.prefab - Importer: ScriptedImporter/UnityEditor.QuickSearchModule:UnityEditor.Search:ASIAI0B' with importer (ScriptedImporter : UnityEditor.QuickSearchModule:UnityEditor.Search:ASIAI0B)
Imported 'GUID: ef3886a9667424aedaa5b3b3e1285dbb' -> (Import Result ID: '147780e87cccc9f7af2ed28c8d1e5282') in 0.038 seconds [static and dynamic dependencies]. Details - ImportResultOutputID=04946104f1858532530ab7951aea65e1 DependenciesID=721c591360d87ca8eb4c40fbfe498e71 StaticDependenciesID=4918cb1cb931c8ef4fe83bc25b22ed32 
Number of updated asset objects reloaded before import = 0
Number of asset objects unloaded after import = 408
========================================================================
Received Import Request.
  Time of request: 2026-09-01T06:19:52.432599Z
  Time since last request: 0.000033542 seconds.
  importAddress: GUID: 2c92ac10c8d7c403198e08f8f81a7e2d - Path: Packages/com.unity.xr.arfoundation/Runtime/ARSubsystems/Occlusion/HumanSegmentationDepthMode.cs - Importer: ScriptedImporter/UnityEditor.QuickSearchModule:UnityEditor.Search:ASIAI0B
Importing 'GUID: 2c92ac10c8d7c403198e08f8f81a7e2d - Path: Packages/com.unity.xr.arfoundation/Runtime/ARSubsystems/Occlusion/HumanSegmentationDepthMode.cs - Importer: ScriptedImporter/UnityEditor.QuickSearchModule:UnityEditor.Search:ASIAI0B' with importer (ScriptedImporter : UnityEditor.QuickSearchModule:UnityEditor.Search:ASIAI0B)
Imported 'GUID: 2c92ac10c8d7c403198e08f8f81a7e2d' -> (Import Result ID: '185bbc32ce8499dadd6faae85d59fb87') in 0.002 seconds [static and dynamic dependencies]. Details - ImportResultOutputID=b01057d9e9fba51555cbe3cd1c052e58 DependenciesID=0a1536e9f47d986f0f41c838ed27aef3 StaticDependenciesID=654b71ab000e625bca92d77d03d4cc5e 
Number of updated asset objects reloaded before import = 0
Number of asset objects unloaded after import = 0
========================================================================
Received Import Request.
  Time of request: 2026-09-01T06:19:52.43496Z
  Time since last request: 0.000407125 seconds.
  importAddress: GUID: 56590abd0b56c4e1eb3baf80c9adee6f - Path: Packages/com.unity.xr.arfoundation/Editor/VisualScripting/Deprecated/PlanesChangedEventUnitDescriptor.deprecated.cs - Importer: ScriptedImporter/UnityEditor.QuickSearchModule:UnityEditor.Search:ASIAI0B
Importing 'GUID: 56590abd0b56c4e1eb3baf80c9adee6f - Path: Packages/com.unity.xr.arfoundation/Editor/VisualScripting/Deprecated/PlanesChangedEventUnitDescriptor.deprecated.cs - Importer: ScriptedImporter/UnityEditor.QuickSearchModule:UnityEditor.Search:ASIAI0B' with importer (ScriptedImporter : UnityEditor.QuickSearchModule:UnityEditor.Search:ASIAI0B)
Imported 'GUID: 56590abd0b56c4e1eb3baf80c9adee6f' -> (Import Result ID: '302786fac3803c46cb57e7d479eb8d82') in 0.002 seconds [static and dynamic dependencies]. Details - ImportResultOutputID=eed64ee1a67855d0c363fccd046d2b19 DependenciesID=e72aab59b601525e620cbdececc54644 StaticDependenciesID=31a31148d97aad74f6ceba4b1b132b4b 
Number of updated asset objects reloaded before import = 0
Number of asset objects unloaded after import = 0
========================================================================
Received Import Request.
  Time of request: 2026-09-01T06:19:52.437234Z
  Time since last request: 0.000219209 seconds.
  importAddress: GUID: e7ce92d85a734f70b9607069879d8777 - Path: Packages/com.unity.xr.arkit/Runtime/Frameworks/ObjCRuntime/Class.cs - Importer: ScriptedImporter/UnityEditor.QuickSearchModule:UnityEditor.Search:ASIAI0B
Importing 'GUID: e7ce92d85a734f70b9607069879d8777 - Path: Packages/com.unity.xr.arkit/Runtime/Frameworks/ObjCRuntime/Class.cs - Importer: ScriptedImporter/UnityEditor.QuickSearchModule:UnityEditor.Search:ASIAI0B' with importer (ScriptedImporter : UnityEditor.QuickSearchModule:UnityEditor.Search:ASIAI0B)
Imported 'GUID: e7ce92d85a734f70b9607069879d8777' -> (Import Result ID: 'acb08ed8e4eccfd5ef3585187f672ad9') in 0.001 seconds [static and dynamic dependencies]. Details - ImportResultOutputID=bd1f21df7e24002d6d3bcce55477ec70 DependenciesID=1f4f08321868eccef30db180ad786e79 StaticDependenciesID=27bc9b0ce536184e7d33ab1a01090df1 
Number of updated asset objects reloaded before import = 0
Number of asset objects unloaded after import = 0
========================================================================
Received Import Request.
  Time of request: 2026-09-01T06:19:52.439115Z
  Time since last request: 0.000270541 seconds.
  importAddress: GUID: 4dbb6fa313da49678cd7de1c8ddcff16 - Path: Packages/com.unity.xr.arkit/Tests/Editor/AssetBundleTests.cs - Importer: ScriptedImporter/UnityEditor.QuickSearchModule:UnityEditor.Search:ASIAI0B
Importing 'GUID: 4dbb6fa313da49678cd7de1c8ddcff16 - Path: Packages/com.unity.xr.arkit/Tests/Editor/AssetBundleTests.cs - Importer: ScriptedImporter/UnityEditor.QuickSearchModule:UnityEditor.Search:ASIAI0B' with importer (ScriptedImporter : UnityEditor.QuickSearchModule:UnityEditor.Search:ASIAI0B)
Imported 'GUID: 4dbb6fa313da49678cd7de1c8ddcff16' -> (Import Result ID: 'a7c3034cb4b9b15ecf2ba089a2d1b512') in 0.001 seconds [static and dynamic dependencies]. Details - ImportResultOutputID=263d4dd163244778531e4f5ef15ad845 DependenciesID=2a86cfc314c2c9dbbafb17ef9be2dd10 StaticDependenciesID=5a2c051884116a809a00084a531e9e51 
Number of updated asset objects reloaded before import = 0
Number of asset objects unloaded after import = 0
========================================================================
Received Import Request.
  Time of request: 2026-09-01T06:19:52.44077Z
  Time since last request: 0.000239792 seconds.
  importAddress: GUID: f49859cf689b941438241b9c177256d0 - Path: Packages/com.unity.xr.arkit/Runtime/MemoryLayout.cs - Importer: ScriptedImporter/UnityEditor.QuickSearchModule:UnityEditor.Search:ASIAI0B
Importing 'GUID: f49859cf689b941438241b9c177256d0 - Path: Packages/com.unity.xr.arkit/Runtime/MemoryLayout.cs - Importer: ScriptedImporter/UnityEditor.QuickSearchModule:UnityEditor.Search:ASIAI0B' with importer (ScriptedImporter : UnityEditor.QuickSearchModule:UnityEditor.Search:ASIAI0B)
Imported 'GUID: f49859cf689b941438241b9c177256d0' -> (Import Result ID: '6fbfd2dff704d7177e7e4eebb3bc3bc5') in 0.001 seconds [static and dynamic dependencies]. Details - ImportResultOutputID=c6ef5dca7bccd2dc0b89ea3e3b4f5704 DependenciesID=b3731f3e5116941472e14997bfd91fb5 StaticDependenciesID=52df1a1ac739adcb0a71c142706a38c8 
Number of updated asset objects reloaded before import = 0
Number of asset objects unloaded after import = 0
========================================================================
Received Import Request.
  Time of request: 2026-09-01T06:19:52.442224Z
  Time since last request: 0.000229875 seconds.
  importAddress: GUID: 2fa06335acce0ae40887b91750da42ab - Path: Packages/com.unity.xr.arfoundation/Editor/Icons/ArrowCaretLeft@2x.png - Importer: ScriptedImporter/UnityEditor.QuickSearchModule:UnityEditor.Search:ASIAI0B
Importing 'GUID: 2fa06335acce0ae40887b91750da42ab - Path: Packages/com.unity.xr.arfoundation/Editor/Icons/ArrowCaretLeft@2x.png - Importer: ScriptedImporter/UnityEditor.QuickSearchModule:UnityEditor.Search:ASIAI0B' with importer (ScriptedImporter : UnityEditor.QuickSearchModule:UnityEditor.Search:ASIAI0B)
Imported 'GUID: 2fa06335acce0ae40887b91750da42ab' -> (Import Result ID: '65725eda45c49e10fb056694f1a467f9') in 0.003 seconds [static and dynamic dependencies]. Details - ImportResultOutputID=2827e11e717e3c0005aedd2e0e566fd6 DependenciesID=b1006182ed1a3508e4c1c92cd12150cc StaticDependenciesID=f28529d5cbf8ce1f25b8e7e95cae4cb4 
Number of updated asset objects reloaded before import = 0
Number of asset objects unloaded after import = 1
========================================================================
Received Import Request.
  Time of request: 2026-09-01T06:19:52.445655Z
  Time since last request: 0.000254458 seconds.
  importAddress: GUID: 803fc8fde43f51743bb4241067f51dae - Path: Packages/com.unity.xr.arkit/Runtime/PlaneTracking - Importer: ScriptedImporter/UnityEditor.QuickSearchModule:UnityEditor.Search:ASIAI0B
Importing 'GUID: 803fc8fde43f51743bb4241067f51dae - Path: Packages/com.unity.xr.arkit/Runtime/PlaneTracking - Importer: ScriptedImporter/UnityEditor.QuickSearchModule:UnityEditor.Search:ASIAI0B' with importer (ScriptedImporter : UnityEditor.QuickSearchModule:UnityEditor.Search:ASIAI0B)
Imported 'GUID: 803fc8fde43f51743bb4241067f51dae' -> (Import Result ID: '9618c0264ee969b4fae087ab7a1f7cb7') in 0.001 seconds [static and dynamic dependencies]. Details - ImportResultOutputID=7427db833e5120a0bc97aed11210c6fc DependenciesID=ee1335db6dbb87fef1b846dae4133ef7 StaticDependenciesID=70e70d6d08a3975b0e82180e8ba74157 
Number of updated asset objects reloaded before import = 0
Number of asset objects unloaded after import = 1
========================================================================
Received Import Request.
  Time of request: 2026-09-01T06:19:52.447356Z
  Time since last request: 0.000206459 seconds.
  importAddress: GUID: e353b48615994af0b51f89436a0eb542 - Path: Packages/com.unity.xr.arfoundation/Runtime/InternalUtils/SubsystemUtils.cs - Importer: ScriptedImporter/UnityEditor.QuickSearchModule:UnityEditor.Search:ASIAI0B
Importing 'GUID: e353b48615994af0b51f89436a0eb542 - Path: Packages/com.unity.xr.arfoundation/Runtime/InternalUtils/SubsystemUtils.cs - Importer: ScriptedImporter/UnityEditor.QuickSearchModule:UnityEditor.Search:ASIAI0B' with importer (ScriptedImporter : UnityEditor.QuickSearchModule:UnityEditor.Search:ASIAI0B)
Imported 'GUID: e353b48615994af0b51f89436a0eb542' -> (Import Result ID: '78e9b213af71b78d3d87dc6ef9e714ff') in 0.001 seconds [static and dynamic dependencies]. Details - ImportResultOutputID=93b2e53ade328dfe987cebdd4e2bddc0 DependenciesID=589fd1d50e37bfc731a287fb676162f4 StaticDependenciesID=cabce4837b1e6d74e150041919e061ae 
Number of updated asset objects reloaded before import = 0
Number of asset objects unloaded after import = 0
========================================================================
Received Import Request.
  Time of request: 2026-09-01T06:19:52.448806Z
  Time since last request: 0.000196333 seconds.
  importAddress: GUID: 9af0e9ee2d4229b4081dbd7c95ede8b8 - Path: Packages/com.unity.xr.arfoundation/Assets/Shaders/SimulationURPSynthetic.shader - Importer: ScriptedImporter/UnityEditor.QuickSearchModule:UnityEditor.Search:ASIAI0B
Importing 'GUID: 9af0e9ee2d4229b4081dbd7c95ede8b8 - Path: Packages/com.unity.xr.arfoundation/Assets/Shaders/SimulationURPSynthetic.shader - Importer: ScriptedImporter/UnityEditor.QuickSearchModule:UnityEditor.Search:ASIAI0B' with importer (ScriptedImporter : UnityEditor.QuickSearchModule:UnityEditor.Search:ASIAI0B)
Imported 'GUID: 9af0e9ee2d4229b4081dbd7c95ede8b8' -> (Import Result ID: 'd8a91dfeff1031dcce97879a9d7de6df') in 0.002 seconds [static and dynamic dependencies]. Details - ImportResultOutputID=20f5bf59943b735da7986c56062f26b5 DependenciesID=c12295056229aeb650aa9f00f76e6dcf StaticDependenciesID=e0cfbc7f4c06955612dde9beee871b47 
Number of updated asset objects reloaded before import = 0
Number of asset objects unloaded after import = 1
========================================================================
Received Import Request.
  Time of request: 2026-09-01T06:19:52.450974Z
  Time since last request: 0.000235708 seconds.
  importAddress: GUID: 773a1991ffcdd4a8bad2b84e4228ca02 - Path: Packages/com.unity.xr.arfoundation/Editor/VisualScripting/Deprecated/TrackedObjectsChangedEventUnitDescriptor.deprecated.cs - Importer: ScriptedImporter/UnityEditor.QuickSearchModule:UnityEditor.Search:ASIAI0B
Importing 'GUID: 773a1991ffcdd4a8bad2b84e4228ca02 - Path: Packages/com.unity.xr.arfoundation/Editor/VisualScripting/Deprecated/TrackedObjectsChangedEventUnitDescriptor.deprecated.cs - Importer: ScriptedImporter/UnityEditor.QuickSearchModule:UnityEditor.Search:ASIAI0B' with importer (ScriptedImporter : UnityEditor.QuickSearchModule:UnityEditor.Search:ASIAI0B)
Imported 'GUID: 773a1991ffcdd4a8bad2b84e4228ca02' -> (Import Result ID: '4909cb66c6a631ec72e0932f476dc625') in 0.001 seconds [static and dynamic dependencies]. Details - ImportResultOutputID=9084a494f2752cae74285188d77e3eb0 DependenciesID=a0025bc450199c4b17ba30de57e63a30 StaticDependenciesID=36db7d15c88ea5493e8cda0c334fca2c 
Number of updated asset objects reloaded before import = 0
Number of asset objects unloaded after import = 0
========================================================================
Received Import Request.
  Time of request: 2026-09-01T06:19:52.452396Z
  Time since last request: 0.000214208 seconds.
  importAddress: GUID: d9dc66a7974d84a7aa53695cca9e6378 - Path: Packages/com.unity.xr.arfoundation/Runtime/VisualScripting/Units/GetEnvironmentProbesUnit.cs - Importer: ScriptedImporter/UnityEditor.QuickSearchModule:UnityEditor.Search:ASIAI0B
Importing 'GUID: d9dc66a7974d84a7aa53695cca9e6378 - Path: Packages/com.unity.xr.arfoundation/Runtime/VisualScripting/Units/GetEnvironmentProbesUnit.cs - Importer: ScriptedImporter/UnityEditor.QuickSearchModule:UnityEditor.Search:ASIAI0B' with importer (ScriptedImporter : UnityEditor.QuickSearchModule:UnityEditor.Search:ASIAI0B)
Imported 'GUID: d9dc66a7974d84a7aa53695cca9e6378' -> (Import Result ID: 'a3b57c1c7583258f82c6228e32dffd2b') in 0.001 seconds [static and dynamic dependencies]. Details - ImportResultOutputID=b4538479b3dd2944144ca9600d8f25fa DependenciesID=1b9425e9d7681f268aac4c8dce769061 StaticDependenciesID=8a3f1cd6bae0e2b2d63c2480aaf81b28 
Number of updated asset objects reloaded before import = 0
Number of asset objects unloaded after import = 0
========================================================================
Received Import Request.
  Time of request: 2026-09-01T06:19:52.453669Z
  Time since last request: 0.000201958 seconds.
  importAddress: GUID: 164891044828150498a39f5154a062ec - Path: Packages/com.unity.xr.arfoundation/Runtime/ARSubsystems/Common/Textures/XRTextureType.cs - Importer: ScriptedImporter/UnityEditor.QuickSearchModule:UnityEditor.Search:ASIAI0B
Importing 'GUID: 164891044828150498a39f5154a062ec - Path: Packages/com.unity.xr.arfoundation/Runtime/ARSubsystems/Common/Textures/XRTextureType.cs - Importer: ScriptedImporter/UnityEditor.QuickSearchModule:UnityEditor.Search:ASIAI0B' with importer (ScriptedImporter : UnityEditor.QuickSearchModule:UnityEditor.Search:ASIAI0B)
Imported 'GUID: 164891044828150498a39f5154a062ec' -> (Import Result ID: 'c6659082186db039d19825b9fd0a4a03') in 0.001 seconds [static and dynamic dependencies]. Details - ImportResultOutputID=e2c9d9aa603a32d71604b5d23ad35860 DependenciesID=120bf9974c5d2e2d1aa079ac7621d672 StaticDependenciesID=3cf6bdc127a59eb7750d150209d5abf8 
Number of updated asset objects reloaded before import = 0
Number of asset objects unloaded after import = 0
========================================================================
Received Import Request.
  Time of request: 2026-09-01T06:19:52.455388Z
  Time since last request: 0.0004305 seconds.
  importAddress: GUID: b68deb0f38f724eb7ad59aaef4506112 - Path: Packages/com.unity.xr.arfoundation/Editor/Simulation/Environment - Importer: ScriptedImporter/UnityEditor.QuickSearchModule:UnityEditor.Search:ASIAI0B
Importing 'GUID: b68deb0f38f724eb7ad59aaef4506112 - Path: Packages/com.unity.xr.arfoundation/Editor/Simulation/Environment - Importer: ScriptedImporter/UnityEditor.QuickSearchModule:UnityEditor.Search:ASIAI0B' with importer (ScriptedImporter : UnityEditor.QuickSearchModule:UnityEditor.Search:ASIAI0B)
Imported 'GUID: b68deb0f38f724eb7ad59aaef4506112' -> (Import Result ID: '606ba531e177dec89d70a0e62e1d56e5') in 0.001 seconds [static and dynamic dependencies]. Details - ImportResultOutputID=1b3c4cf99a452d99308ecb3fb80819b9 DependenciesID=9c0874a9c3445d3300267135a6d688e7 StaticDependenciesID=367b981c14f9a8b1043a3157214216e5 
Number of updated asset objects reloaded before import = 0
Number of asset objects unloaded after import = 1
========================================================================
Received Import Request.
  Time of request: 2026-09-01T06:19:52.456808Z
  Time since last request: 0.000201833 seconds.
  importAddress: GUID: 7c65081080915438982956f6969ca6c0 - Path: Packages/com.unity.xr.arkit/Runtime/Frameworks/Foundation/NSMutableSet.cs - Importer: ScriptedImporter/UnityEditor.QuickSearchModule:UnityEditor.Search:ASIAI0B
Importing 'GUID: 7c65081080915438982956f6969ca6c0 - Path: Packages/com.unity.xr.arkit/Runtime/Frameworks/Foundation/NSMutableSet.cs - Importer: ScriptedImporter/UnityEditor.QuickSearchModule:UnityEditor.Search:ASIAI0B' with importer (ScriptedImporter : UnityEditor.QuickSearchModule:UnityEditor.Search:ASIAI0B)
Imported 'GUID: 7c65081080915438982956f6969ca6c0' -> (Import Result ID: 'f16aff97065d7fa117035c491126456e') in 0.002 seconds [static and dynamic dependencies]. Details - ImportResultOutputID=73534632b96244778dc3a72f76b2d210 DependenciesID=e771eee9927f8140715cac6b14d9393a StaticDependenciesID=321141dfded0b2e4af60bb1ea8edb0c0 
Number of updated asset objects reloaded before import = 0
Number of asset objects unloaded after import = 0
========================================================================
Received Import Request.
  Time of request: 2026-09-01T06:19:52.459717Z
  Time since last request: 0.000257917 seconds.
  importAddress: GUID: c5ef8db4d37ba4c0fb5e17dbb0e044ba - Path: Packages/com.unity.xr.arfoundation/Assets/Textures/SlideToggleBackground@4x.png - Importer: ScriptedImporter/UnityEditor.QuickSearchModule:UnityEditor.Search:ASIAI0B
Importing 'GUID: c5ef8db4d37ba4c0fb5e17dbb0e044ba - Path: Packages/com.unity.xr.arfoundation/Assets/Textures/SlideToggleBackground@4x.png - Importer: ScriptedImporter/UnityEditor.QuickSearchModule:UnityEditor.Search:ASIAI0B' with importer (ScriptedImporter : UnityEditor.QuickSearchModule:UnityEditor.Search:ASIAI0B)
Imported 'GUID: c5ef8db4d37ba4c0fb5e17dbb0e044ba' -> (Import Result ID: '4ef64064de9d88605d7f98fe8af9c6c9') in 0.003 seconds [static and dynamic dependencies]. Details - ImportResultOutputID=9c803c5d71023b6c5c25403078feb031 DependenciesID=9705f14d2249a3a4aff4a49f12ef8d46 StaticDependenciesID=cd407080cb5f7ba05647a89912da542e 
Number of updated asset objects reloaded before import = 0
Number of asset objects unloaded after import = 3
========================================================================
Received Import Request.
  Time of request: 2026-09-01T06:19:52.464109Z
  Time since last request: 0.000493542 seconds.
  importAddress: GUID: 344ecab415ee3814b8d4d880bcc33fcf - Path: Packages/com.unity.xr.arfoundation/Runtime/Simulation/Subsystems/Occlusion/SimulationOcclusionSubsystem.cs - Importer: ScriptedImporter/UnityEditor.QuickSearchModule:UnityEditor.Search:ASIAI0B
Importing 'GUID: 344ecab415ee3814b8d4d880bcc33fcf - Path: Packages/com.unity.xr.arfoundation/Runtime/Simulation/Subsystems/Occlusion/SimulationOcclusionSubsystem.cs - Importer: ScriptedImporter/UnityEditor.QuickSearchModule:UnityEditor.Search:ASIAI0B' with importer (ScriptedImporter : UnityEditor.QuickSearchModule:UnityEditor.Search:ASIAI0B)
Imported 'GUID: 344ecab415ee3814b8d4d880bcc33fcf' -> (Import Result ID: 'a277e179b2763f8fb390b71bc53039f3') in 0.001 seconds [static and dynamic dependencies]. Details - ImportResultOutputID=7eaf0b66d42c72934e442f4184dd4d8c DependenciesID=156142ef7c81cbee965b0ef3476c5158 StaticDependenciesID=084f0aa29bd1565b82aa11d2badf7d28 
Number of updated asset objects reloaded before import = 0
Number of asset objects unloaded after import = 0
========================================================================
Received Import Request.
  Time of request: 2026-09-01T06:19:52.465717Z
  Time since last request: 0.000196125 seconds.
  importAddress: GUID: 2530020732d14e84ebda257dff701ed3 - Path: Packages/com.unity.xr.arfoundation/Editor/Simulation/SimulationEnvironmentLayerNameCheck.cs - Importer: ScriptedImporter/UnityEditor.QuickSearchModule:UnityEditor.Search:ASIAI0B
Importing 'GUID: 2530020732d14e84ebda257dff701ed3 - Path: Packages/com.unity.xr.arfoundation/Editor/Simulation/SimulationEnvironmentLayerNameCheck.cs - Importer: ScriptedImporter/UnityEditor.QuickSearchModule:UnityEditor.Search:ASIAI0B' with importer (ScriptedImporter : UnityEditor.QuickSearchModule:UnityEditor.Search:ASIAI0B)
Imported 'GUID: 2530020732d14e84ebda257dff701ed3' -> (Import Result ID: 'f486c6f30d8211413d40d1b12ea1fd3b') in 0.001 seconds [static and dynamic dependencies]. Details - ImportResultOutputID=ac9dc998a02d02ab9dcc400a1b68d218 DependenciesID=173021bd97d3d9c6d5c824fd82b531e8 StaticDependenciesID=5aab33188e758c788c44c9f0d0fcb66e 
Number of updated asset objects reloaded before import = 0
Number of asset objects unloaded after import = 0
========================================================================
Received Import Request.
  Time of request: 2026-09-01T06:19:52.467294Z
  Time since last request: 0.000188459 seconds.
  importAddress: GUID: e42d949d3f5591c48a800d05c708e4d3 - Path: Packages/com.unity.xr.arfoundation/Editor/Icons/ViewEnvironment.png - Importer: ScriptedImporter/UnityEditor.QuickSearchModule:UnityEditor.Search:ASIAI0B
Importing 'GUID: e42d949d3f5591c48a800d05c708e4d3 - Path: Packages/com.unity.xr.arfoundation/Editor/Icons/ViewEnvironment.png - Importer: ScriptedImporter/UnityEditor.QuickSearchModule:UnityEditor.Search:ASIAI0B' with importer (ScriptedImporter : UnityEditor.QuickSearchModule:UnityEditor.Search:ASIAI0B)
Imported 'GUID: e42d949d3f5591c48a800d05c708e4d3' -> (Import Result ID: 'a0d7efca6288a5e605cb3fa992e2b1ab') in 0.003 seconds [static and dynamic dependencies]. Details - ImportResultOutputID=ac6ed3dbff5166f4e989e3098ac85e89 DependenciesID=13035c33fa3fa4481cb4388b03c82a04 StaticDependenciesID=179f45ad54e42f46f1342699d2919bb0 
Number of updated asset objects reloaded before import = 0
Number of asset objects unloaded after import = 1
========================================================================
Received Import Request.
  Time of request: 2026-09-01T06:19:52.470445Z
  Time since last request: 0.000180458 seconds.
  importAddress: GUID: a1003d185c0cf48e08c6e39b4ccd5c12 - Path: Packages/com.unity.xr.arfoundation/Runtime/ARSubsystems/Session/Configuration/Feature.cs - Importer: ScriptedImporter/UnityEditor.QuickSearchModule:UnityEditor.Search:ASIAI0B
Importing 'GUID: a1003d185c0cf48e08c6e39b4ccd5c12 - Path: Packages/com.unity.xr.arfoundation/Runtime/ARSubsystems/Session/Configuration/Feature.cs - Importer: ScriptedImporter/UnityEditor.QuickSearchModule:UnityEditor.Search:ASIAI0B' with importer (ScriptedImporter : UnityEditor.QuickSearchModule:UnityEditor.Search:ASIAI0B)
Imported 'GUID: a1003d185c0cf48e08c6e39b4ccd5c12' -> (Import Result ID: 'ef7686dec1c364f122d07f9d5ea339e3') in 0.001 seconds [static and dynamic dependencies]. Details - ImportResultOutputID=2803aaa500ff5a3728b4c9335fd86df1 DependenciesID=3abec2c35f0acf813a4e01bcd8779805 StaticDependenciesID=9eb21b8b36ea2f2601c2ee802f32d6a6 
Number of updated asset objects reloaded before import = 0
Number of asset objects unloaded after import = 0
========================================================================
Received Import Request.
  Time of request: 2026-09-01T06:19:52.472398Z
  Time since last request: 0.00028 seconds.
  importAddress: GUID: 190517c37deb64bad808e93d1768d17e - Path: Packages/com.unity.xr.arfoundation/Runtime/ARSubsystems/Objects/XRTrackedObject.cs - Importer: ScriptedImporter/UnityEditor.QuickSearchModule:UnityEditor.Search:ASIAI0B
Importing 'GUID: 190517c37deb64bad808e93d1768d17e - Path: Packages/com.unity.xr.arfoundation/Runtime/ARSubsystems/Objects/XRTrackedObject.cs - Importer: ScriptedImporter/UnityEditor.QuickSearchModule:UnityEditor.Search:ASIAI0B' with importer (ScriptedImporter : UnityEditor.QuickSearchModule:UnityEditor.Search:ASIAI0B)
Imported 'GUID: 190517c37deb64bad808e93d1768d17e' -> (Import Result ID: '730828b70aed0fbbb8ec5f7e861bb0bf') in 0.001 seconds [static and dynamic dependencies]. Details - ImportResultOutputID=f36e7bedd87511a190ce81273c451e25 DependenciesID=38c405cfd1082ec5f512adf3c5b54074 StaticDependenciesID=66004f80b94ae0265c19e56dee2c71dd 
Number of updated asset objects reloaded before import = 0
Number of asset objects unloaded after import = 0
========================================================================
Received Import Request.
  Time of request: 2026-09-01T06:19:52.473837Z
  Time since last request: 0.000211584 seconds.
  importAddress: GUID: 7e8da3e3d079b4ffba98c9a81302d4bd - Path: Packages/com.unity.xr.arfoundation/Editor/VisualScripting/Deprecated/TrackablesChangedEventUnitDescriptor.deprecated.cs - Importer: ScriptedImporter/UnityEditor.QuickSearchModule:UnityEditor.Search:ASIAI0B
Importing 'GUID: 7e8da3e3d079b4ffba98c9a81302d4bd - Path: Packages/com.unity.xr.arfoundation/Editor/VisualScripting/Deprecated/TrackablesChangedEventUnitDescriptor.deprecated.cs - Importer: ScriptedImporter/UnityEditor.QuickSearchModule:UnityEditor.Search:ASIAI0B' with importer (ScriptedImporter : UnityEditor.QuickSearchModule:UnityEditor.Search:ASIAI0B)
Imported 'GUID: 7e8da3e3d079b4ffba98c9a81302d4bd' -> (Import Result ID: '381b1e0e5d43730f219e7cc6bbf80a27') in 0.002 seconds [static and dynamic dependencies]. Details - ImportResultOutputID=ece82fe7cb061a2a3f617c460e5d74a0 DependenciesID=3b23c1b26d925dc7e2243c0999bffbbe StaticDependenciesID=7568a31f565e75dfb3e3e366c4a8ba36 
Number of updated asset objects reloaded before import = 0
Number of asset objects unloaded after import = 0
========================================================================
Received Import Request.
  Time of request: 2026-09-01T06:19:52.475987Z
  Time since last request: 0.000222833 seconds.
  importAddress: GUID: c8eaec47e7a8d4e299381fcdaa1b6592 - Path: Packages/com.unity.xr.arfoundation/Runtime/ARFoundation/Common/TrackingSubsystem - Importer: ScriptedImporter/UnityEditor.QuickSearchModule:UnityEditor.Search:ASIAI0B
Importing 'GUID: c8eaec47e7a8d4e299381fcdaa1b6592 - Path: Packages/com.unity.xr.arfoundation/Runtime/ARFoundation/Common/TrackingSubsystem - Importer: ScriptedImporter/UnityEditor.QuickSearchModule:UnityEditor.Search:ASIAI0B' with importer (ScriptedImporter : UnityEditor.QuickSearchModule:UnityEditor.Search:ASIAI0B)
Imported 'GUID: c8eaec47e7a8d4e299381fcdaa1b6592' -> (Import Result ID: 'ca0ae409676d1e4177c459aaf99d3153') in 0.001 seconds [static and dynamic dependencies]. Details - ImportResultOutputID=03e04f02b34ef010c8c4e925ebb14f7c DependenciesID=8c1526bccb1eafdf2f5a7ee700f40ab2 StaticDependenciesID=5db6f5358c4b79b991091906a1f427ce 
Number of updated asset objects reloaded before import = 0
Number of asset objects unloaded after import = 1
========================================================================
Received Import Request.
  Time of request: 2026-09-01T06:19:52.477503Z
  Time since last request: 0.000307666 seconds.
  importAddress: GUID: 6086591be400b46bea7bc39a491b23a9 - Path: Packages/com.unity.xr.arfoundation/Runtime/ARFoundation - Importer: ScriptedImporter/UnityEditor.QuickSearchModule:UnityEditor.Search:ASIAI0B
Importing 'GUID: 6086591be400b46bea7bc39a491b23a9 - Path: Packages/com.unity.xr.arfoundation/Runtime/ARFoundation - Importer: ScriptedImporter/UnityEditor.QuickSearchModule:UnityEditor.Search:ASIAI0B' with importer (ScriptedImporter : UnityEditor.QuickSearchModule:UnityEditor.Search:ASIAI0B)
Imported 'GUID: 6086591be400b46bea7bc39a491b23a9' -> (Import Result ID: 'e31edf26ebce74a1560ef67bc2f045d5') in 0.001 seconds [static and dynamic dependencies]. Details - ImportResultOutputID=b8103a11435249d43b21cb015091db86 DependenciesID=9eb93ccd705a59fd58efb3a954c9ff7e StaticDependenciesID=d20195d89c0c5494e25318f2cb1043a6 
Number of updated asset objects reloaded before import = 0
Number of asset objects unloaded after import = 1
========================================================================
Received Import Request.
  Time of request: 2026-09-01T06:19:52.47898Z
  Time since last request: 0.000290583 seconds.
  importAddress: GUID: 399ed36e421c14c9792a82f1f258586e - Path: Packages/com.unity.xr.arfoundation/Tests/Runtime/ARFoundation - Importer: ScriptedImporter/UnityEditor.QuickSearchModule:UnityEditor.Search:ASIAI0B
Importing 'GUID: 399ed36e421c14c9792a82f1f258586e - Path: Packages/com.unity.xr.arfoundation/Tests/Runtime/ARFoundation - Importer: ScriptedImporter/UnityEditor.QuickSearchModule:UnityEditor.Search:ASIAI0B' with importer (ScriptedImporter : UnityEditor.QuickSearchModule:UnityEditor.Search:ASIAI0B)
Imported 'GUID: 399ed36e421c14c9792a82f1f258586e' -> (Import Result ID: '0887c110aa29e4b817fbeb66a16e1004') in 0.001 seconds [static and dynamic dependencies]. Details - ImportResultOutputID=3c36ac6c4410ea64631ec876c4dd0b49 DependenciesID=1873f9bbc48a5059cc466260621b0fcd StaticDependenciesID=3553d86a104ee95a31ee8db4b3b1261c 
Number of updated asset objects reloaded before import = 0
Number of asset objects unloaded after import = 1
========================================================================
Received Import Request.
  Time of request: 2026-09-01T06:19:52.480195Z
  Time since last request: 0.000198084 seconds.
  importAddress: GUID: 8d5a881adabf5d44cad2907c58a51b04 - Path: Packages/com.unity.xr.arfoundation/Assets/Materials/Origin.mat - Importer: ScriptedImporter/UnityEditor.QuickSearchModule:UnityEditor.Search:ASIAI0B
Importing 'GUID: 8d5a881adabf5d44cad2907c58a51b04 - Path: Packages/com.unity.xr.arfoundation/Assets/Materials/Origin.mat - Importer: ScriptedImporter/UnityEditor.QuickSearchModule:UnityEditor.Search:ASIAI0B' with importer (ScriptedImporter : UnityEditor.QuickSearchModule:UnityEditor.Search:ASIAI0B)
Imported 'GUID: 8d5a881adabf5d44cad2907c58a51b04' -> (Import Result ID: '02d1b31c629d7dffb07b10dd8975a184') in 0.001 seconds [static and dynamic dependencies]. Details - ImportResultOutputID=18b1c1cf8b6297e236bcc5f8cf0515da DependenciesID=c1b0c63284dd7dfa8a7f564c83f3bf1a StaticDependenciesID=77073d88f0dbc341ff9c98c15acad296 
Number of updated asset objects reloaded before import = 0
Number of asset objects unloaded after import = 1
========================================================================
Received Import Request.
  Time of request: 2026-09-01T06:19:52.481696Z
  Time since last request: 0.0001695 seconds.
  importAddress: GUID: 199e63c0f884447d9843b488759fad63 - Path: Packages/com.unity.xr.arfoundation/Tests/Runtime/XRSimulation/SimulationSubsystemsTests.cs - Importer: ScriptedImporter/UnityEditor.QuickSearchModule:UnityEditor.Search:ASIAI0B
Importing 'GUID: 199e63c0f884447d9843b488759fad63 - Path: Packages/com.unity.xr.arfoundation/Tests/Runtime/XRSimulation/SimulationSubsystemsTests.cs - Importer: ScriptedImporter/UnityEditor.QuickSearchModule:UnityEditor.Search:ASIAI0B' with importer (ScriptedImporter : UnityEditor.QuickSearchModule:UnityEditor.Search:ASIAI0B)
Imported 'GUID: 199e63c0f884447d9843b488759fad63' -> (Import Result ID: 'ebde8e643f6653a00d53aeecf1b25147') in 0.001 seconds [static and dynamic dependencies]. Details - ImportResultOutputID=49dfb14711598cc532f99bead4c98ca4 DependenciesID=36f564c10b7583fa0408cb8bc9d92bfa StaticDependenciesID=8fd0adecc778cfa14ac722272b54badc 
Number of updated asset objects reloaded before import = 0
Number of asset objects unloaded after import = 0
========================================================================
Received Import Request.
  Time of request: 2026-09-01T06:19:52.482876Z
  Time since last request: 0.000182583 seconds.
  importAddress: GUID: 91fe4d343e0f847bc9edc22ba304a091 - Path: Packages/com.unity.xr.arfoundation/Runtime/ARSubsystems/Images/AddReferenceImageJobState.cs - Importer: ScriptedImporter/UnityEditor.QuickSearchModule:UnityEditor.Search:ASIAI0B
Importing 'GUID: 91fe4d343e0f847bc9edc22ba304a091 - Path: Packages/com.unity.xr.arfoundation/Runtime/ARSubsystems/Images/AddReferenceImageJobState.cs - Importer: ScriptedImporter/UnityEditor.QuickSearchModule:UnityEditor.Search:ASIAI0B' with importer (ScriptedImporter : UnityEditor.QuickSearchModule:UnityEditor.Search:ASIAI0B)
Imported 'GUID: 91fe4d343e0f847bc9edc22ba304a091' -> (Import Result ID: '08e1aebc05e0d421a5a2b16a6041488e') in 0.001 seconds [static and dynamic dependencies]. Details - ImportResultOutputID=c7be95230495a87a2de8e7a9875a6460 DependenciesID=70b3bd5fa274bad0144faebc24909179 StaticDependenciesID=4ef83b10d0d71b7b7c5bb2f0ddcd6499 
Number of updated asset objects reloaded before import = 0
Number of asset objects unloaded after import = 0
========================================================================
Received Import Request.
  Time of request: 2026-09-01T06:19:52.484052Z
  Time since last request: 0.000194875 seconds.
  importAddress: GUID: b2cfdc49b0e62481890204f04f4ec29f - Path: Packages/com.unity.xr.arkit/Runtime/Camera/ARKitWhiteBalanceMode.cs - Importer: ScriptedImporter/UnityEditor.QuickSearchModule:UnityEditor.Search:ASIAI0B
Importing 'GUID: b2cfdc49b0e62481890204f04f4ec29f - Path: Packages/com.unity.xr.arkit/Runtime/Camera/ARKitWhiteBalanceMode.cs - Importer: ScriptedImporter/UnityEditor.QuickSearchModule:UnityEditor.Search:ASIAI0B' with importer (ScriptedImporter : UnityEditor.QuickSearchModule:UnityEditor.Search:ASIAI0B)
Imported 'GUID: b2cfdc49b0e62481890204f04f4ec29f' -> (Import Result ID: '58babb5074fe1d8b4c8b81291e06acbe') in 0.001 seconds [static and dynamic dependencies]. Details - ImportResultOutputID=d33124a8f471fc2e032bb3404967f99a DependenciesID=140d6340e3445b774015ef158bde827a StaticDependenciesID=f3789cbcbf15358645fdba709ec20706 
Number of updated asset objects reloaded before import = 0
Number of asset objects unloaded after import = 0
========================================================================
Received Import Request.
  Time of request: 2026-09-01T06:19:52.485316Z
  Time since last request: 0.000174209 seconds.
  importAddress: GUID: cabafb7516a554a728251bd1dfca40de - Path: Packages/com.unity.xr.arfoundation/Tests/Runtime/ARFoundation/PlaneSubsystem/XRPlaneSubsystemTests.cs - Importer: ScriptedImporter/UnityEditor.QuickSearchModule:UnityEditor.Search:ASIAI0B
Importing 'GUID: cabafb7516a554a728251bd1dfca40de - Path: Packages/com.unity.xr.arfoundation/Tests/Runtime/ARFoundation/PlaneSubsystem/XRPlaneSubsystemTests.cs - Importer: ScriptedImporter/UnityEditor.QuickSearchModule:UnityEditor.Search:ASIAI0B' with importer (ScriptedImporter : UnityEditor.QuickSearchModule:UnityEditor.Search:ASIAI0B)
Imported 'GUID: cabafb7516a554a728251bd1dfca40de' -> (Import Result ID: '4661b3f8998a46145126762dd709b8d3') in 0.001 seconds [static and dynamic dependencies]. Details - ImportResultOutputID=430c8e2b657b755f355edee3caaaead6 DependenciesID=d4ee581aa83454f813d361dc317e91b5 StaticDependenciesID=4d02746767bf0e0a7f816524fb554617 
Number of updated asset objects reloaded before import = 0
Number of asset objects unloaded after import = 0
========================================================================
Received Import Request.
  Time of request: 2026-09-01T06:19:52.486815Z
  Time since last request: 0.000171875 seconds.
  importAddress: GUID: 762c9797b107c85418ecb470ca1ba507 - Path: Packages/com.unity.xr.arfoundation/Tests/Runtime/ARFoundation/MeshSubsystem/MeshSubsystemTests.cs - Importer: ScriptedImporter/UnityEditor.QuickSearchModule:UnityEditor.Search:ASIAI0B
Importing 'GUID: 762c9797b107c85418ecb470ca1ba507 - Path: Packages/com.unity.xr.arfoundation/Tests/Runtime/ARFoundation/MeshSubsystem/MeshSubsystemTests.cs - Importer: ScriptedImporter/UnityEditor.QuickSearchModule:UnityEditor.Search:ASIAI0B' with importer (ScriptedImporter : UnityEditor.QuickSearchModule:UnityEditor.Search:ASIAI0B)
Imported 'GUID: 762c9797b107c85418ecb470ca1ba507' -> (Import Result ID: '7c070a5845f3346ac5701cbeb4992a45') in 0.001 seconds [static and dynamic dependencies]. Details - ImportResultOutputID=1f33695e5b937ddff4b0019c48dbda3f DependenciesID=70bfccd8637b6ef0c38fcca7bbb3cb6d StaticDependenciesID=9873f6bb5afa439d6d1ca3b2042ab505 
Number of updated asset objects reloaded before import = 0
Number of asset objects unloaded after import = 0
========================================================================
Received Import Request.
  Time of request: 2026-09-01T06:19:52.488282Z
  Time since last request: 0.000245542 seconds.
  importAddress: GUID: 78e805609261e4e10abef2031776309c - Path: Packages/com.unity.xr.arkit/Tests/Editor/Assets/one.png - Importer: ScriptedImporter/UnityEditor.QuickSearchModule:UnityEditor.Search:ASIAI0B
Importing 'GUID: 78e805609261e4e10abef2031776309c - Path: Packages/com.unity.xr.arkit/Tests/Editor/Assets/one.png - Importer: ScriptedImporter/UnityEditor.QuickSearchModule:UnityEditor.Search:ASIAI0B' with importer (ScriptedImporter : UnityEditor.QuickSearchModule:UnityEditor.Search:ASIAI0B)
Imported 'GUID: 78e805609261e4e10abef2031776309c' -> (Import Result ID: 'f5f814ee2bd46cd510a01403081245a0') in 0.003 seconds [static and dynamic dependencies]. Details - ImportResultOutputID=5b04a2b5c5440e59ff4f2c8edbc4ea75 DependenciesID=0f9c3866c729c422850e26b4defc64e5 StaticDependenciesID=450171c28c115140c79b651535dd0678 
Number of updated asset objects reloaded before import = 0
Number of asset objects unloaded after import = 1
========================================================================
Received Import Request.
  Time of request: 2026-09-01T06:19:52.491883Z
  Time since last request: 0.00021925 seconds.
  importAddress: GUID: 1980666e4008a4c7ab9db51abc60d832 - Path: Packages/com.unity.xr.arkit/Tests/Editor/Assets/two.png - Importer: ScriptedImporter/UnityEditor.QuickSearchModule:UnityEditor.Search:ASIAI0B
Importing 'GUID: 1980666e4008a4c7ab9db51abc60d832 - Path: Packages/com.unity.xr.arkit/Tests/Editor/Assets/two.png - Importer: ScriptedImporter/UnityEditor.QuickSearchModule:UnityEditor.Search:ASIAI0B' with importer (ScriptedImporter : UnityEditor.QuickSearchModule:UnityEditor.Search:ASIAI0B)
Imported 'GUID: 1980666e4008a4c7ab9db51abc60d832' -> (Import Result ID: '01ab5e375e6cbcd6ca9d90e1dc6a181b') in 0.004 seconds [static and dynamic dependencies]. Details - ImportResultOutputID=f6f738e80784e1b203a0ff9ea8ca2c1e DependenciesID=1ba914e91fc6d957b4b94fad5124e7b6 StaticDependenciesID=1e46d902303247b7e8da28db6da43628 
Number of updated asset objects reloaded before import = 0
Number of asset objects unloaded after import = 1
========================================================================
Received Import Request.
  Time of request: 2026-09-01T06:19:52.496689Z
  Time since last request: 0.000217458 seconds.
  importAddress: GUID: 9772a881d96bb454b9c893503a57a7e2 - Path: Packages/com.unity.xr.arfoundation/Runtime/ARFoundation/Planes/PlaneDetectionModeMaskAttribute.cs - Importer: ScriptedImporter/UnityEditor.QuickSearchModule:UnityEditor.Search:ASIAI0B
Importing 'GUID: 9772a881d96bb454b9c893503a57a7e2 - Path: Packages/com.unity.xr.arfoundation/Runtime/ARFoundation/Planes/PlaneDetectionModeMaskAttribute.cs - Importer: ScriptedImporter/UnityEditor.QuickSearchModule:UnityEditor.Search:ASIAI0B' with importer (ScriptedImporter : UnityEditor.QuickSearchModule:UnityEditor.Search:ASIAI0B)
Imported 'GUID: 9772a881d96bb454b9c893503a57a7e2' -> (Import Result ID: '8e115f328cc902abc75a4ae84ecfcb81') in 0.001 seconds [static and dynamic dependencies]. Details - ImportResultOutputID=e9e62236f2bdd4b7f0c6ca563d0c6b48 DependenciesID=262c1efcf8c97ec2e59461a62ee887a5 StaticDependenciesID=145df19c7c5526f5dda7a9cc06fc9c2f 
Number of updated asset objects reloaded before import = 0
Number of asset objects unloaded after import = 1
========================================================================
Received Import Request.
  Time of request: 2026-09-01T06:19:52.498246Z
  Time since last request: 0.000198417 seconds.
  importAddress: GUID: e407de040eedd40aea2636d18902b576 - Path: Packages/com.unity.xr.arkit/Runtime/Frameworks/Foundation - Importer: ScriptedImporter/UnityEditor.QuickSearchModule:UnityEditor.Search:ASIAI0B
Importing 'GUID: e407de040eedd40aea2636d18902b576 - Path: Packages/com.unity.xr.arkit/Runtime/Frameworks/Foundation - Importer: ScriptedImporter/UnityEditor.QuickSearchModule:UnityEditor.Search:ASIAI0B' with importer (ScriptedImporter : UnityEditor.QuickSearchModule:UnityEditor.Search:ASIAI0B)
Imported 'GUID: e407de040eedd40aea2636d18902b576' -> (Import Result ID: 'e2d0b3c3cbd3b2668c228d67a003c8d5') in 0.001 seconds [static and dynamic dependencies]. Details - ImportResultOutputID=60c515bc4fe3cf2f5d5992a267111eb7 DependenciesID=2734dde182c800cbec7b00d28046432a StaticDependenciesID=f38a3920c9f5bc5c209fea9cbcf178f5 
Number of updated asset objects reloaded before import = 0
Number of asset objects unloaded after import = 1
========================================================================
Received Import Request.
  Time of request: 2026-09-01T06:19:52.499727Z
  Time since last request: 0.000189333 seconds.
  importAddress: GUID: 5f723af2f89cd6349bef1c871638c452 - Path: Packages/com.unity.xr.arfoundation/Runtime/ARFoundation/Common/TrackingSubsystem/ARTrackable.cs - Importer: ScriptedImporter/UnityEditor.QuickSearchModule:UnityEditor.Search:ASIAI0B
Importing 'GUID: 5f723af2f89cd6349bef1c871638c452 - Path: Packages/com.unity.xr.arfoundation/Runtime/ARFoundation/Common/TrackingSubsystem/ARTrackable.cs - Importer: ScriptedImporter/UnityEditor.QuickSearchModule:UnityEditor.Search:ASIAI0B' with importer (ScriptedImporter : UnityEditor.QuickSearchModule:UnityEditor.Search:ASIAI0B)
Imported 'GUID: 5f723af2f89cd6349bef1c871638c452' -> (Import Result ID: 'c4ad71e81d35e62acc240c105680dd53') in 0.001 seconds [static and dynamic dependencies]. Details - ImportResultOutputID=59bd78da31eada734773a1ab1ffdf4f8 DependenciesID=10d07f5e6cd39e218b323ce8ecbba0a8 StaticDependenciesID=0b5f8fbaff37300d856792ca49402067 
Number of updated asset objects reloaded before import = 0
Number of asset objects unloaded after import = 1
========================================================================
Received Import Request.
  Time of request: 2026-09-01T06:19:52.501056Z
  Time since last request: 0.000212958 seconds.
  importAddress: GUID: e8650c35ab94a4106bcbad4a63f6749f - Path: Packages/com.unity.xr.arfoundation/Runtime/ARSubsystems/Camera - Importer: ScriptedImporter/UnityEditor.QuickSearchModule:UnityEditor.Search:ASIAI0B
Importing 'GUID: e8650c35ab94a4106bcbad4a63f6749f - Path: Packages/com.unity.xr.arfoundation/Runtime/ARSubsystems/Camera - Importer: ScriptedImporter/UnityEditor.QuickSearchModule:UnityEditor.Search:ASIAI0B' with importer (ScriptedImporter : UnityEditor.QuickSearchModule:UnityEditor.Search:ASIAI0B)
Imported 'GUID: e8650c35ab94a4106bcbad4a63f6749f' -> (Import Result ID: 'c57288ccf9c72d5d29ced9bfcbddb4e0') in 0.001 seconds [static and dynamic dependencies]. Details - ImportResultOutputID=1f16c88ea2b648909be40c831ad04504 DependenciesID=e434dae5c8087aef4e2b90495e9a94af StaticDependenciesID=fc57d8a97d3e63c86ad0e4fdda7335ff 
Number of updated asset objects reloaded before import = 0
Number of asset objects unloaded after import = 1
========================================================================
Received Import Request.
  Time of request: 2026-09-01T06:19:52.50226Z
  Time since last request: 0.000172708 seconds.
  importAddress: GUID: 22793aa15002430bad1938bf5eb61a12 - Path: Packages/com.unity.xr.arfoundation/Editor/VisualScripting/ARHumanBodiesChangedEventUnitDescriptor.cs - Importer: ScriptedImporter/UnityEditor.QuickSearchModule:UnityEditor.Search:ASIAI0B
Importing 'GUID: 22793aa15002430bad1938bf5eb61a12 - Path: Packages/com.unity.xr.arfoundation/Editor/VisualScripting/ARHumanBodiesChangedEventUnitDescriptor.cs - Importer: ScriptedImporter/UnityEditor.QuickSearchModule:UnityEditor.Search:ASIAI0B' with importer (ScriptedImporter : UnityEditor.QuickSearchModule:UnityEditor.Search:ASIAI0B)
Imported 'GUID: 22793aa15002430bad1938bf5eb61a12' -> (Import Result ID: 'e75186142bb5cceff5b075b466229063') in 0.001 seconds [static and dynamic dependencies]. Details - ImportResultOutputID=15afa4a69c4b060821a3684ca6b622cb DependenciesID=a31c248e726c63e06f019f1c90eaf229 StaticDependenciesID=ccabe9980b1f0ab0718b2c1891e61da7 
Number of updated asset objects reloaded before import = 0
Number of asset objects unloaded after import = 0
========================================================================
Received Import Request.
  Time of request: 2026-09-01T06:19:52.503963Z
  Time since last request: 0.000328125 seconds.
  importAddress: GUID: 67e9c723e26a749f5a926e65e78e6ace - Path: Packages/com.unity.xr.arfoundation/Runtime/ARFoundation/DebugMenu - Importer: ScriptedImporter/UnityEditor.QuickSearchModule:UnityEditor.Search:ASIAI0B
Importing 'GUID: 67e9c723e26a749f5a926e65e78e6ace - Path: Packages/com.unity.xr.arfoundation/Runtime/ARFoundation/DebugMenu - Importer: ScriptedImporter/UnityEditor.QuickSearchModule:UnityEditor.Search:ASIAI0B' with importer (ScriptedImporter : UnityEditor.QuickSearchModule:UnityEditor.Search:ASIAI0B)
Imported 'GUID: 67e9c723e26a749f5a926e65e78e6ace' -> (Import Result ID: '21f67dc921ceb49b89998958d1cb5b72') in 0.001 seconds [static and dynamic dependencies]. Details - ImportResultOutputID=4d41f7d69b58d7655efd7a1cbc79c602 DependenciesID=d6a03a3d8742e975fcf332d5e6745953 StaticDependenciesID=1712a1d1f320ebfc9e79ef74dfa98ae2 
Number of updated asset objects reloaded before import = 0
Number of asset objects unloaded after import = 1
========================================================================
Received Import Request.
  Time of request: 2026-09-01T06:19:52.505384Z
  Time since last request: 0.000359583 seconds.
  importAddress: GUID: 014fd00fd03ff4864b8bf3e9ab6caaac - Path: Packages/com.unity.xr.arkit/Editor/Json.cs - Importer: ScriptedImporter/UnityEditor.QuickSearchModule:UnityEditor.Search:ASIAI0B
Importing 'GUID: 014fd00fd03ff4864b8bf3e9ab6caaac - Path: Packages/com.unity.xr.arkit/Editor/Json.cs - Importer: ScriptedImporter/UnityEditor.QuickSearchModule:UnityEditor.Search:ASIAI0B' with importer (ScriptedImporter : UnityEditor.QuickSearchModule:UnityEditor.Search:ASIAI0B)
Imported 'GUID: 014fd00fd03ff4864b8bf3e9ab6caaac' -> (Import Result ID: '8668a327b498141a7e74a9c69c397fe8') in 0.001 seconds [static and dynamic dependencies]. Details - ImportResultOutputID=67872ef64ab59885e894cc604c3ec0f1 DependenciesID=c01b34ccfbc895d54a83e2e8649d6b65 StaticDependenciesID=7acfa893487765bd9c6a7bd288aaa9f1 
Number of updated asset objects reloaded before import = 0
Number of asset objects unloaded after import = 0
========================================================================
Received Import Request.
  Time of request: 2026-09-01T06:19:52.506601Z
  Time since last request: 0.000190791 seconds.
  importAddress: GUID: 74a4a74438cd46a4f816b9f34fe1e709 - Path: Packages/com.unity.xr.arfoundation/Editor/Icons/d_ArrowCaretRight.png - Importer: ScriptedImporter/UnityEditor.QuickSearchModule:UnityEditor.Search:ASIAI0B
Importing 'GUID: 74a4a74438cd46a4f816b9f34fe1e709 - Path: Packages/com.unity.xr.arfoundation/Editor/Icons/d_ArrowCaretRight.png - Importer: ScriptedImporter/UnityEditor.QuickSearchModule:UnityEditor.Search:ASIAI0B' with importer (ScriptedImporter : UnityEditor.QuickSearchModule:UnityEditor.Search:ASIAI0B)
Imported 'GUID: 74a4a74438cd46a4f816b9f34fe1e709' -> (Import Result ID: 'fcdc6392ed5ec9115349aa429d95dcbb') in 0.003 seconds [static and dynamic dependencies]. Details - ImportResultOutputID=605713de956696aa280691e0cdf62649 DependenciesID=37b8df03864e0d21ff5f09eaa41cabde StaticDependenciesID=5d570a008712a462c6db893f776a33d9 
Number of updated asset objects reloaded before import = 0
Number of asset objects unloaded after import = 1
========================================================================
Received Import Request.
  Time of request: 2026-09-01T06:19:52.5098Z
  Time since last request: 0.000222292 seconds.
  importAddress: GUID: f669b76fe8ebf41daa509d8f1d773f42 - Path: Packages/com.unity.xr.arkit/Runtime/PointCloud/ARKitPointCloudSubsystem.cs - Importer: ScriptedImporter/UnityEditor.QuickSearchModule:UnityEditor.Search:ASIAI0B
Importing 'GUID: f669b76fe8ebf41daa509d8f1d773f42 - Path: Packages/com.unity.xr.arkit/Runtime/PointCloud/ARKitPointCloudSubsystem.cs - Importer: ScriptedImporter/UnityEditor.QuickSearchModule:UnityEditor.Search:ASIAI0B' with importer (ScriptedImporter : UnityEditor.QuickSearchModule:UnityEditor.Search:ASIAI0B)
Imported 'GUID: f669b76fe8ebf41daa509d8f1d773f42' -> (Import Result ID: '220d598649f25a4000f7e482bd918849') in 0.001 seconds [static and dynamic dependencies]. Details - ImportResultOutputID=ac029399e090fa659fb631a82b8a53c8 DependenciesID=e66f79feaaa589cb0af9d99eedba4a05 StaticDependenciesID=72422e19044263747f77f549a1f92e02 
Number of updated asset objects reloaded before import = 0
Number of asset objects unloaded after import = 0
========================================================================
Received Import Request.
  Time of request: 2026-09-01T06:19:52.511418Z
  Time since last request: 0.000246 seconds.
  importAddress: GUID: 6f84035c3f06d45ba962495ae76d0ed8 - Path: Packages/com.unity.xr.arfoundation/Runtime/ARFoundation/BoundingBoxes - Importer: ScriptedImporter/UnityEditor.QuickSearchModule:UnityEditor.Search:ASIAI0B
Importing 'GUID: 6f84035c3f06d45ba962495ae76d0ed8 - Path: Packages/com.unity.xr.arfoundation/Runtime/ARFoundation/BoundingBoxes - Importer: ScriptedImporter/UnityEditor.QuickSearchModule:UnityEditor.Search:ASIAI0B' with importer (ScriptedImporter : UnityEditor.QuickSearchModule:UnityEditor.Search:ASIAI0B)
Imported 'GUID: 6f84035c3f06d45ba962495ae76d0ed8' -> (Import Result ID: '71d1b58e3c5a710acf9a11c213b58343') in 0.001 seconds [static and dynamic dependencies]. Details - ImportResultOutputID=e7eba0e391dac551fdedd083338725b3 DependenciesID=f5dfc4de35061c95b1a4ea236b36103d StaticDependenciesID=a617528f72285a3bb2b7ef640068ce6a 
Number of updated asset objects reloaded before import = 0
Number of asset objects unloaded after import = 1
========================================================================
Received Import Request.
  Time of request: 2026-09-01T06:19:52.512741Z
  Time since last request: 0.000207625 seconds.
  importAddress: GUID: d596517bb17474a2e88ad74752d8e501 - Path: Packages/com.unity.xr.arfoundation/Tests/Editor/XRTestTooling - Importer: ScriptedImporter/UnityEditor.QuickSearchModule:UnityEditor.Search:ASIAI0B
Importing 'GUID: d596517bb17474a2e88ad74752d8e501 - Path: Packages/com.unity.xr.arfoundation/Tests/Editor/XRTestTooling - Importer: ScriptedImporter/UnityEditor.QuickSearchModule:UnityEditor.Search:ASIAI0B' with importer (ScriptedImporter : UnityEditor.QuickSearchModule:UnityEditor.Search:ASIAI0B)
Imported 'GUID: d596517bb17474a2e88ad74752d8e501' -> (Import Result ID: '4d76efa268fd217c3c27c713d147b6b8') in 0.001 seconds [static and dynamic dependencies]. Details - ImportResultOutputID=bb195bc1db7e54ae3460a7a44d743831 DependenciesID=81d648413443fa9f9fd0f05925950178 StaticDependenciesID=a558b764223fa4b8278da93f778f7d7d 
Number of updated asset objects reloaded before import = 0
Number of asset objects unloaded after import = 1
========================================================================
Received Import Request.
  Time of request: 2026-09-01T06:19:52.513988Z
  Time since last request: 0.000181916 seconds.
  importAddress: GUID: 2b64d4220492485b8f740105a53cf787 - Path: Packages/com.unity.xr.arfoundation/Runtime/VisualScripting/Units/Events/MessageListeners/ARTrackedImagesChangedListener.cs - Importer: ScriptedImporter/UnityEditor.QuickSearchModule:UnityEditor.Search:ASIAI0B
Importing 'GUID: 2b64d4220492485b8f740105a53cf787 - Path: Packages/com.unity.xr.arfoundation/Runtime/VisualScripting/Units/Events/MessageListeners/ARTrackedImagesChangedListener.cs - Importer: ScriptedImporter/UnityEditor.QuickSearchModule:UnityEditor.Search:ASIAI0B' with importer (ScriptedImporter : UnityEditor.QuickSearchModule:UnityEditor.Search:ASIAI0B)
Imported 'GUID: 2b64d4220492485b8f740105a53cf787' -> (Import Result ID: '3cd98d13a7317463ba11b19bd202cf67') in 0.001 seconds [static and dynamic dependencies]. Details - ImportResultOutputID=9eadac3feb19b9a0e5cbcdd0dc16c92f DependenciesID=98c6992c2deaa193bf7fd93becb37837 StaticDependenciesID=d1b8dbc9725ccab0bbaa0cb13bcee87c 
Number of updated asset objects reloaded before import = 0
Number of asset objects unloaded after import = 0
========================================================================
Received Import Request.
  Time of request: 2026-09-01T06:19:52.521637Z
  Time since last request: 0.006147458 seconds.
  importAddress: GUID: 2c17b5cfa9a34b3ebf4b611483297f2a - Path: Packages/com.unity.xr.arfoundation/Runtime/VisualScripting/Units/Events/EventUnits/Deprecated/TrackablesChangedEventUnit.deprecated.cs - Importer: ScriptedImporter/UnityEditor.QuickSearchModule:UnityEditor.Search:ASIAI0B
Importing 'GUID: 2c17b5cfa9a34b3ebf4b611483297f2a - Path: Packages/com.unity.xr.arfoundation/Runtime/VisualScripting/Units/Events/EventUnits/Deprecated/TrackablesChangedEventUnit.deprecated.cs - Importer: ScriptedImporter/UnityEditor.QuickSearchModule:UnityEditor.Search:ASIAI0B' with importer (ScriptedImporter : UnityEditor.QuickSearchModule:UnityEditor.Search:ASIAI0B)
Imported 'GUID: 2c17b5cfa9a34b3ebf4b611483297f2a' -> (Import Result ID: 'c8cca59d34f3120df2a4db252384f7e2') in 0.002 seconds [static and dynamic dependencies]. Details - ImportResultOutputID=e7663582a1177260da130e90274525ee DependenciesID=342c5bafdbb26861d7b19fe010d86117 StaticDependenciesID=9e215c5a7185449cae26e8d1f518f62e 
Number of updated asset objects reloaded before import = 0
Number of asset objects unloaded after import = 0
========================================================================
Received Import Request.
  Time of request: 2026-09-01T06:19:52.524143Z
  Time since last request: 0.000447958 seconds.
  importAddress: GUID: d6564aa5abc6541f59801df67d9c87fe - Path: Packages/com.unity.xr.arfoundation/Runtime/ARSubsystems/Session/Configuration - Importer: ScriptedImporter/UnityEditor.QuickSearchModule:UnityEditor.Search:ASIAI0B
Importing 'GUID: d6564aa5abc6541f59801df67d9c87fe - Path: Packages/com.unity.xr.arfoundation/Runtime/ARSubsystems/Session/Configuration - Importer: ScriptedImporter/UnityEditor.QuickSearchModule:UnityEditor.Search:ASIAI0B' with importer (ScriptedImporter : UnityEditor.QuickSearchModule:UnityEditor.Search:ASIAI0B)
Imported 'GUID: d6564aa5abc6541f59801df67d9c87fe' -> (Import Result ID: '050cb3e64868275a57cc7ef3403f236c') in 0.001 seconds [static and dynamic dependencies]. Details - ImportResultOutputID=faee03d6e4579f45d13570b845feca0a DependenciesID=47910c56da7b889c449c2082a4821569 StaticDependenciesID=fec20f963eb1b7503758c36e8a4841c9 
Number of updated asset objects reloaded before import = 0
Number of asset objects unloaded after import = 1
========================================================================
Received Import Request.
  Time of request: 2026-09-01T06:19:52.526472Z
  Time since last request: 0.00037075 seconds.
  importAddress: GUID: f928c25b65077495ab01bd26754120ea - Path: Packages/com.unity.xr.arfoundation/Runtime/ARSubsystems/HumanBodies/XRHumanBodySubsystem.cs - Importer: ScriptedImporter/UnityEditor.QuickSearchModule:UnityEditor.Search:ASIAI0B
Importing 'GUID: f928c25b65077495ab01bd26754120ea - Path: Packages/com.unity.xr.arfoundation/Runtime/ARSubsystems/HumanBodies/XRHumanBodySubsystem.cs - Importer: ScriptedImporter/UnityEditor.QuickSearchModule:UnityEditor.Search:ASIAI0B' with importer (ScriptedImporter : UnityEditor.QuickSearchModule:UnityEditor.Search:ASIAI0B)
Imported 'GUID: f928c25b65077495ab01bd26754120ea' -> (Import Result ID: 'bc3f9aad82556d9cb210bcfca3f67b81') in 0.002 seconds [static and dynamic dependencies]. Details - ImportResultOutputID=2e33a46a2daad7223896136e1694c5cc DependenciesID=88850b483079c09f2f9e3514268ca13a StaticDependenciesID=914fe554ef61eca3539b34e0bc8d12f5 
Number of updated asset objects reloaded before import = 0
Number of asset objects unloaded after import = 0
========================================================================
Received Import Request.
  Time of request: 2026-09-01T06:19:52.529168Z
  Time since last request: 0.000421334 seconds.
  importAddress: GUID: 0a0062c00b734cb192f9daca9120dc04 - Path: Packages/com.unity.xr.arfoundation/Runtime/ARSubsystems/Anchors/XREraseAnchorResult.cs - Importer: ScriptedImporter/UnityEditor.QuickSearchModule:UnityEditor.Search:ASIAI0B
Importing 'GUID: 0a0062c00b734cb192f9daca9120dc04 - Path: Packages/com.unity.xr.arfoundation/Runtime/ARSubsystems/Anchors/XREraseAnchorResult.cs - Importer: ScriptedImporter/UnityEditor.QuickSearchModule:UnityEditor.Search:ASIAI0B' with importer (ScriptedImporter : UnityEditor.QuickSearchModule:UnityEditor.Search:ASIAI0B)
Imported 'GUID: 0a0062c00b734cb192f9daca9120dc04' -> (Import Result ID: 'ee9a3aa84a5d90885c0e67ba066d29aa') in 0.001 seconds [static and dynamic dependencies]. Details - ImportResultOutputID=e2acf14c48a87c6a4d4dd8ce535662d3 DependenciesID=9b090dc17643b0cd4f08331093d4fb4f StaticDependenciesID=c103a8908f4812e2af1b32af7513175c 
Number of updated asset objects reloaded before import = 0
Number of asset objects unloaded after import = 0
========================================================================
Received Import Request.
  Time of request: 2026-09-01T06:19:52.53099Z
  Time since last request: 0.00027375 seconds.
  importAddress: GUID: bd82c88e62a9cc044affc5cb95bea239 - Path: Packages/com.unity.xr.arfoundation/Runtime/Simulation/Subsystems/SimulationCameraSubsystem.cs - Importer: ScriptedImporter/UnityEditor.QuickSearchModule:UnityEditor.Search:ASIAI0B
Importing 'GUID: bd82c88e62a9cc044affc5cb95bea239 - Path: Packages/com.unity.xr.arfoundation/Runtime/Simulation/Subsystems/SimulationCameraSubsystem.cs - Importer: ScriptedImporter/UnityEditor.QuickSearchModule:UnityEditor.Search:ASIAI0B' with importer (ScriptedImporter : UnityEditor.QuickSearchModule:UnityEditor.Search:ASIAI0B)
Imported 'GUID: bd82c88e62a9cc044affc5cb95bea239' -> (Import Result ID: '7ef43dd44f01387d06c3a4317ae076a9') in 0.001 seconds [static and dynamic dependencies]. Details - ImportResultOutputID=587b59de66390169dc0cc364354e0b10 DependenciesID=d3ea03a11d9080c0861562955ce8b842 StaticDependenciesID=e7108a3be5c1a1e766a498f7560e7596 
Number of updated asset objects reloaded before import = 0
Number of asset objects unloaded after import = 0
========================================================================
Received Import Request.
  Time of request: 2026-09-01T06:19:52.532678Z
  Time since last request: 0.000291708 seconds.
  importAddress: GUID: cfad8c92a39c140e4900b547bad95000 - Path: Packages/com.unity.xr.arfoundation/Editor/VisualScripting/CameraFrameReceivedEventUnitDescriptor.cs - Importer: ScriptedImporter/UnityEditor.QuickSearchModule:UnityEditor.Search:ASIAI0B
Importing 'GUID: cfad8c92a39c140e4900b547bad95000 - Path: Packages/com.unity.xr.arfoundation/Editor/VisualScripting/CameraFrameReceivedEventUnitDescriptor.cs - Importer: ScriptedImporter/UnityEditor.QuickSearchModule:UnityEditor.Search:ASIAI0B' with importer (ScriptedImporter : UnityEditor.QuickSearchModule:UnityEditor.Search:ASIAI0B)
Imported 'GUID: cfad8c92a39c140e4900b547bad95000' -> (Import Result ID: '41b3c27f9286483a0f6cc9d86803b9d8') in 0.001 seconds [static and dynamic dependencies]. Details - ImportResultOutputID=14a516b61b7c025b89c3162ae575b8db DependenciesID=ce7c7de62dfaba87e10c58dc81e1f5f3 StaticDependenciesID=5127bf5839ce77901a796937dc11d909 
Number of updated asset objects reloaded before import = 0
Number of asset objects unloaded after import = 0
========================================================================
Received Import Request.
  Time of request: 2026-09-01T06:19:52.534192Z
  Time since last request: 0.000270334 seconds.
  importAddress: GUID: 997e00b7b0d446ecbe18a80b1c66f9ba - Path: Packages/com.unity.xr.arfoundation/Runtime/ARFoundation/Camera/ARDefaultCameraBackgroundRenderingParams.cs - Importer: ScriptedImporter/UnityEditor.QuickSearchModule:UnityEditor.Search:ASIAI0B
Importing 'GUID: 997e00b7b0d446ecbe18a80b1c66f9ba - Path: Packages/com.unity.xr.arfoundation/Runtime/ARFoundation/Camera/ARDefaultCameraBackgroundRenderingParams.cs - Importer: ScriptedImporter/UnityEditor.QuickSearchModule:UnityEditor.Search:ASIAI0B' with importer (ScriptedImporter : UnityEditor.QuickSearchModule:UnityEditor.Search:ASIAI0B)
Imported 'GUID: 997e00b7b0d446ecbe18a80b1c66f9ba' -> (Import Result ID: 'cc0928abc7d6abe31d555dc1ed608c80') in 0.001 seconds [static and dynamic dependencies]. Details - ImportResultOutputID=28cd6a7ca8b16904776e750b6bcf5a78 DependenciesID=89e0adbb344cc2d0230575141dc864b5 StaticDependenciesID=4af14d271412e4e4e9aa9936b6410671 
Number of updated asset objects reloaded before import = 0
Number of asset objects unloaded after import = 0
========================================================================
Received Import Request.
  Time of request: 2026-09-01T06:19:52.535879Z
  Time since last request: 0.000293542 seconds.
  importAddress: GUID: e1d3b0f541190fc4995f7c69c961157f - Path: Packages/com.unity.xr.arfoundation/Runtime/ARFoundation/Deprecated/ARPlaneMeshGenerators.deprecated.cs - Importer: ScriptedImporter/UnityEditor.QuickSearchModule:UnityEditor.Search:ASIAI0B
Importing 'GUID: e1d3b0f541190fc4995f7c69c961157f - Path: Packages/com.unity.xr.arfoundation/Runtime/ARFoundation/Deprecated/ARPlaneMeshGenerators.deprecated.cs - Importer: ScriptedImporter/UnityEditor.QuickSearchModule:UnityEditor.Search:ASIAI0B' with importer (ScriptedImporter : UnityEditor.QuickSearchModule:UnityEditor.Search:ASIAI0B)
Imported 'GUID: e1d3b0f541190fc4995f7c69c961157f' -> (Import Result ID: '00edc9d5a23cbaf68d0cb0df0dcbd113') in 0.001 seconds [static and dynamic dependencies]. Details - ImportResultOutputID=6f7f41f2fdc08b77c7e4b21459539e23 DependenciesID=0dd78d811632db08a00ef32fe3939638 StaticDependenciesID=de8598b9e17f864806118074213e0af9 
Number of updated asset objects reloaded before import = 0
Number of asset objects unloaded after import = 1
========================================================================
Received Import Request.
  Time of request: 2026-09-01T06:19:52.537843Z
  Time since last request: 0.000319 seconds.
  importAddress: GUID: c50290f104bbc4fb8ac6055598095d0c - Path: Packages/com.unity.xr.arkit/ValidationExceptions.json - Importer: ScriptedImporter/UnityEditor.QuickSearchModule:UnityEditor.Search:ASIAI0B
Importing 'GUID: c50290f104bbc4fb8ac6055598095d0c - Path: Packages/com.unity.xr.arkit/ValidationExceptions.json - Importer: ScriptedImporter/UnityEditor.QuickSearchModule:UnityEditor.Search:ASIAI0B' with importer (ScriptedImporter : UnityEditor.QuickSearchModule:UnityEditor.Search:ASIAI0B)
Imported 'GUID: c50290f104bbc4fb8ac6055598095d0c' -> (Import Result ID: '10c17bfc7f5d2dad2f161cc314cda158') in 0.002 seconds [static and dynamic dependencies]. Details - ImportResultOutputID=ca374617cbc8b7d5b4dbbce356e85e9c DependenciesID=b303a2a4d6f8dffd8cc5fb10a8a1d7a4 StaticDependenciesID=f89d583fcae791523cd5a5e0efe0d9a6 
Number of updated asset objects reloaded before import = 0
Number of asset objects unloaded after import = 1
========================================================================
Received Import Request.
  Time of request: 2026-09-01T06:19:52.540432Z
  Time since last request: 0.000578917 seconds.
  importAddress: GUID: 187d2abb775394a85addb1adf8b16d22 - Path: Packages/com.unity.xr.arfoundation/Runtime/VisualScripting/Units/GetParticipantsUnit.cs - Importer: ScriptedImporter/UnityEditor.QuickSearchModule:UnityEditor.Search:ASIAI0B
Importing 'GUID: 187d2abb775394a85addb1adf8b16d22 - Path: Packages/com.unity.xr.arfoundation/Runtime/VisualScripting/Units/GetParticipantsUnit.cs - Importer: ScriptedImporter/UnityEditor.QuickSearchModule:UnityEditor.Search:ASIAI0B' with importer (ScriptedImporter : UnityEditor.QuickSearchModule:UnityEditor.Search:ASIAI0B)
Imported 'GUID: 187d2abb775394a85addb1adf8b16d22' -> (Import Result ID: '43dfd7bba8e102f9bfa5f33ab7c18479') in 0.001 seconds [static and dynamic dependencies]. Details - ImportResultOutputID=859ecad55ff79649ea00c626e11ab9b8 DependenciesID=b6076b04f3debb969e7c215ee5da3882 StaticDependenciesID=d4b33faf8f8cb4faf3ee1d7db09dccd4 
Number of updated asset objects reloaded before import = 0
Number of asset objects unloaded after import = 0
========================================================================
Received Import Request.
  Time of request: 2026-09-01T06:19:52.542241Z
  Time since last request: 0.000313625 seconds.
  importAddress: GUID: 468feb4cb286c434a94bfce2eb9363c7 - Path: Packages/com.unity.xr.arfoundation/Runtime/ARSubsystems/Occlusion/XROcclusionSubsystemDescriptor.cs - Importer: ScriptedImporter/UnityEditor.QuickSearchModule:UnityEditor.Search:ASIAI0B
Importing 'GUID: 468feb4cb286c434a94bfce2eb9363c7 - Path: Packages/com.unity.xr.arfoundation/Runtime/ARSubsystems/Occlusion/XROcclusionSubsystemDescriptor.cs - Importer: ScriptedImporter/UnityEditor.QuickSearchModule:UnityEditor.Search:ASIAI0B' with importer (ScriptedImporter : UnityEditor.QuickSearchModule:UnityEditor.Search:ASIAI0B)
Imported 'GUID: 468feb4cb286c434a94bfce2eb9363c7' -> (Import Result ID: '602308a120e6b4e62ed0d168beac6d34') in 0.003 seconds [static and dynamic dependencies]. Details - ImportResultOutputID=341f68372d3a1424c3f8f1ec8d9f5762 DependenciesID=209a030c18f0f55f348b961be71a8c0b StaticDependenciesID=9667382a8c3cdcf362e0df25ee580f02 
Number of updated asset objects reloaded before import = 0
Number of asset objects unloaded after import = 0
========================================================================
Received Import Request.
  Time of request: 2026-09-01T06:19:52.547129Z
  Time since last request: 0.001275708 seconds.
  importAddress: GUID: 2c15ee0c190124d24b7d44a8b3926cdb - Path: Packages/com.unity.xr.arkit/Runtime/Frameworks/Foundation/NSData.cs - Importer: ScriptedImporter/UnityEditor.QuickSearchModule:UnityEditor.Search:ASIAI0B
Importing 'GUID: 2c15ee0c190124d24b7d44a8b3926cdb - Path: Packages/com.unity.xr.arkit/Runtime/Frameworks/Foundation/NSData.cs - Importer: ScriptedImporter/UnityEditor.QuickSearchModule:UnityEditor.Search:ASIAI0B' with importer (ScriptedImporter : UnityEditor.QuickSearchModule:UnityEditor.Search:ASIAI0B)
Imported 'GUID: 2c15ee0c190124d24b7d44a8b3926cdb' -> (Import Result ID: 'b21365f92a814e0a7d03058fa1a56215') in 0.002 seconds [static and dynamic dependencies]. Details - ImportResultOutputID=e302136df6fddc42f997aa40db9a4d14 DependenciesID=497dbdfcf6c0b6379c680aff6d6555ec StaticDependenciesID=0f7c6324e21a08568ec1322dec52f07b 
Number of updated asset objects reloaded before import = 0
Number of asset objects unloaded after import = 0
========================================================================
Received Import Request.
  Time of request: 2026-09-01T06:19:52.550032Z
  Time since last request: 0.00068475 seconds.
  importAddress: GUID: 264fa44cd6dc4474696989400b5fe298 - Path: Packages/com.unity.xr.arkit/Assets - Importer: ScriptedImporter/UnityEditor.QuickSearchModule:UnityEditor.Search:ASIAI0B
Importing 'GUID: 264fa44cd6dc4474696989400b5fe298 - Path: Packages/com.unity.xr.arkit/Assets - Importer: ScriptedImporter/UnityEditor.QuickSearchModule:UnityEditor.Search:ASIAI0B' with importer (ScriptedImporter : UnityEditor.QuickSearchModule:UnityEditor.Search:ASIAI0B)
Imported 'GUID: 264fa44cd6dc4474696989400b5fe298' -> (Import Result ID: 'bdd6629e9c3624f3575077cc7342aca4') in 0.001 seconds [static and dynamic dependencies]. Details - ImportResultOutputID=ee61ee3b3bf105e47f25331db8278733 DependenciesID=dca6a1f074cb37324c2d891c23f67d00 StaticDependenciesID=1c13fed3c2eff4a966f6ea77a9042b6d 
Number of updated asset objects reloaded before import = 0
Number of asset objects unloaded after import = 1
========================================================================
Received Import Request.
  Time of request: 2026-09-01T06:19:52.551736Z
  Time since last request: 0.000220167 seconds.
  importAddress: GUID: 88a1df93a7700d94b883ba8edffa795e - Path: Packages/com.unity.xr.arkit/Runtime/PointCloud/ARKitXRPointCloudSubsystem.deprecated.cs - Importer: ScriptedImporter/UnityEditor.QuickSearchModule:UnityEditor.Search:ASIAI0B
Importing 'GUID: 88a1df93a7700d94b883ba8edffa795e - Path: Packages/com.unity.xr.arkit/Runtime/PointCloud/ARKitXRPointCloudSubsystem.deprecated.cs - Importer: ScriptedImporter/UnityEditor.QuickSearchModule:UnityEditor.Search:ASIAI0B' with importer (ScriptedImporter : UnityEditor.QuickSearchModule:UnityEditor.Search:ASIAI0B)
Imported 'GUID: 88a1df93a7700d94b883ba8edffa795e' -> (Import Result ID: '383cc107ef22365e37d938a7f411e953') in 0.001 seconds [static and dynamic dependencies]. Details - ImportResultOutputID=a39f0a87dae764a01045ba5d2c1e6b19 DependenciesID=f2c1b99ffc65a0945e4fe22b52ff6497 StaticDependenciesID=95ec548e2219490efc961d59bf96faf8 
Number of updated asset objects reloaded before import = 0
Number of asset objects unloaded after import = 0
========================================================================
Received Import Request.
  Time of request: 2026-09-01T06:19:52.553544Z
  Time since last request: 0.0003185 seconds.
  importAddress: GUID: 4896a6e5ce044582aa0557bf15e23e56 - Path: Packages/com.unity.xr.arfoundation/Runtime/ARSubsystems/BoundingBoxes - Importer: ScriptedImporter/UnityEditor.QuickSearchModule:UnityEditor.Search:ASIAI0B
Importing 'GUID: 4896a6e5ce044582aa0557bf15e23e56 - Path: Packages/com.unity.xr.arfoundation/Runtime/ARSubsystems/BoundingBoxes - Importer: ScriptedImporter/UnityEditor.QuickSearchModule:UnityEditor.Search:ASIAI0B' with importer (ScriptedImporter : UnityEditor.QuickSearchModule:UnityEditor.Search:ASIAI0B)
Imported 'GUID: 4896a6e5ce044582aa0557bf15e23e56' -> (Import Result ID: '4d3fbe7b9247cead88e860ee4fc94f5d') in 0.001 seconds [static and dynamic dependencies]. Details - ImportResultOutputID=ecb50728bd8dfed42e344d8e7df738df DependenciesID=5d28e71c1f94879364f5e8c1b60eb15e StaticDependenciesID=dc2f43e184ae4e5265ea5d6028983776 
Number of updated asset objects reloaded before import = 0
Number of asset objects unloaded after import = 1
========================================================================
Received Import Request.
  Time of request: 2026-09-01T06:19:52.555459Z
  Time since last request: 0.000615459 seconds.
  importAddress: GUID: 507b985b7b2d4af19a1451d439610876 - Path: Packages/com.unity.xr.arkit/Tests/Editor/ACToolTests.cs - Importer: ScriptedImporter/UnityEditor.QuickSearchModule:UnityEditor.Search:ASIAI0B
Importing 'GUID: 507b985b7b2d4af19a1451d439610876 - Path: Packages/com.unity.xr.arkit/Tests/Editor/ACToolTests.cs - Importer: ScriptedImporter/UnityEditor.QuickSearchModule:UnityEditor.Search:ASIAI0B' with importer (ScriptedImporter : UnityEditor.QuickSearchModule:UnityEditor.Search:ASIAI0B)
Imported 'GUID: 507b985b7b2d4af19a1451d439610876' -> (Import Result ID: '208367fab515f0e94304796d79aa0e64') in 0.002 seconds [static and dynamic dependencies]. Details - ImportResultOutputID=892f3f80585ace15308a663b58e28806 DependenciesID=d9ddf3aa5b0c79203d280e4f03d5e4f4 StaticDependenciesID=f2f0a7f899e1381a50a631444904cc18 
Number of updated asset objects reloaded before import = 0
Number of asset objects unloaded after import = 0
========================================================================
Received Import Request.
  Time of request: 2026-09-01T06:19:52.558025Z
  Time since last request: 0.000332958 seconds.
  importAddress: GUID: 2cb649f5330d4c76a367990155bd4527 - Path: Packages/com.unity.xr.arfoundation/Runtime/VisualScripting/Units/Events/EventUnits/ARTrackedObjectsChangedEventUnit.cs - Importer: ScriptedImporter/UnityEditor.QuickSearchModule:UnityEditor.Search:ASIAI0B
Importing 'GUID: 2cb649f5330d4c76a367990155bd4527 - Path: Packages/com.unity.xr.arfoundation/Runtime/VisualScripting/Units/Events/EventUnits/ARTrackedObjectsChangedEventUnit.cs - Importer: ScriptedImporter/UnityEditor.QuickSearchModule:UnityEditor.Search:ASIAI0B' with importer (ScriptedImporter : UnityEditor.QuickSearchModule:UnityEditor.Search:ASIAI0B)
Imported 'GUID: 2cb649f5330d4c76a367990155bd4527' -> (Import Result ID: 'c9815fe570bdaf309d32697378f6cc3c') in 0.001 seconds [static and dynamic dependencies]. Details - ImportResultOutputID=68414613dfa74316a32ba1aaed9a9dd2 DependenciesID=c12271abd4156de581cec9d37b497f3a StaticDependenciesID=ca5d85c3dd400795ca1b47d7fe0ebc8b 
Number of updated asset objects reloaded before import = 0
Number of asset objects unloaded after import = 0
========================================================================
Received Import Request.
  Time of request: 2026-09-01T06:19:52.560252Z
  Time since last request: 0.0007415 seconds.
  importAddress: GUID: f9a52cdf613774a3a9b1a386fe20f3a8 - Path: Packages/com.unity.xr.arfoundation/Runtime/Simulation/Subsystems/EnvironmentScanParams.cs - Importer: ScriptedImporter/UnityEditor.QuickSearchModule:UnityEditor.Search:ASIAI0B
Importing 'GUID: f9a52cdf613774a3a9b1a386fe20f3a8 - Path: Packages/com.unity.xr.arfoundation/Runtime/Simulation/Subsystems/EnvironmentScanParams.cs - Importer: ScriptedImporter/UnityEditor.QuickSearchModule:UnityEditor.Search:ASIAI0B' with importer (ScriptedImporter : UnityEditor.QuickSearchModule:UnityEditor.Search:ASIAI0B)
Imported 'GUID: f9a52cdf613774a3a9b1a386fe20f3a8' -> (Import Result ID: '714a5b7ffe723a659e3aa0943fd29516') in 0.001 seconds [static and dynamic dependencies]. Details - ImportResultOutputID=85acb3392e9a9afa233600296d9e6e9a DependenciesID=dda19fd0963b9cf648fd822447246bc6 StaticDependenciesID=5252ba079d6883a86491b902614c6e8e 
Number of updated asset objects reloaded before import = 0
Number of asset objects unloaded after import = 0
========================================================================
Received Import Request.
  Time of request: 2026-09-01T06:19:52.5624Z
  Time since last request: 0.00058875 seconds.
  importAddress: GUID: d90b72d9df06d124fb4a9aea9ccb8d4c - Path: Packages/com.unity.xr.arfoundation/Runtime/Simulation/Subsystems/BoundingBox/BoundingBoxDiscoveryParams.cs - Importer: ScriptedImporter/UnityEditor.QuickSearchModule:UnityEditor.Search:ASIAI0B
Importing 'GUID: d90b72d9df06d124fb4a9aea9ccb8d4c - Path: Packages/com.unity.xr.arfoundation/Runtime/Simulation/Subsystems/BoundingBox/BoundingBoxDiscoveryParams.cs - Importer: ScriptedImporter/UnityEditor.QuickSearchModule:UnityEditor.Search:ASIAI0B' with importer (ScriptedImporter : UnityEditor.QuickSearchModule:UnityEditor.Search:ASIAI0B)
Imported 'GUID: d90b72d9df06d124fb4a9aea9ccb8d4c' -> (Import Result ID: '94ab2f8bb38e603122b447cb5417eecd') in 0.002 seconds [static and dynamic dependencies]. Details - ImportResultOutputID=b03883a9b7d766817c74e9a42fa5bdbe DependenciesID=de3f1cb9b205040dd6d4c992e9ffe9c8 StaticDependenciesID=67ade73392a8b5706be351d817904a91 
Number of updated asset objects reloaded before import = 0
Number of asset objects unloaded after import = 0
========================================================================
Received Import Request.
  Time of request: 2026-09-01T06:19:52.565431Z
  Time since last request: 0.000411167 seconds.
  importAddress: GUID: 5b8c73f036d2e45959b4b269d1476e69 - Path: Packages/com.unity.xr.arfoundation/Runtime/ARSubsystems/Session/Configuration/Configuration.cs - Importer: ScriptedImporter/UnityEditor.QuickSearchModule:UnityEditor.Search:ASIAI0B
Importing 'GUID: 5b8c73f036d2e45959b4b269d1476e69 - Path: Packages/com.unity.xr.arfoundation/Runtime/ARSubsystems/Session/Configuration/Configuration.cs - Importer: ScriptedImporter/UnityEditor.QuickSearchModule:UnityEditor.Search:ASIAI0B' with importer (ScriptedImporter : UnityEditor.QuickSearchModule:UnityEditor.Search:ASIAI0B)
Imported 'GUID: 5b8c73f036d2e45959b4b269d1476e69' -> (Import Result ID: 'd83afd07841d2638b10f98d83ff0bf7e') in 0.001 seconds [static and dynamic dependencies]. Details - ImportResultOutputID=b4285390a68cdb135ee45de01fb52157 DependenciesID=bd6fa4bc66874cf28e0b853ae2820db4 StaticDependenciesID=fa81f8d03f7d40828f3466a3d0be5617 
Number of updated asset objects reloaded before import = 0
Number of asset objects unloaded after import = 0
========================================================================
Received Import Request.
  Time of request: 2026-09-01T06:19:52.566959Z
  Time since last request: 0.000235125 seconds.
  importAddress: GUID: c7c8217af215d4f83adb6e9edd5b8cf5 - Path: Packages/com.unity.xr.arkit/Tests/Editor/Assets/TestCylinder.arobject - Importer: ScriptedImporter/UnityEditor.QuickSearchModule:UnityEditor.Search:ASIAI0B
Importing 'GUID: c7c8217af215d4f83adb6e9edd5b8cf5 - Path: Packages/com.unity.xr.arkit/Tests/Editor/Assets/TestCylinder.arobject - Importer: ScriptedImporter/UnityEditor.QuickSearchModule:UnityEditor.Search:ASIAI0B' with importer (ScriptedImporter : UnityEditor.QuickSearchModule:UnityEditor.Search:ASIAI0B)
Imported 'GUID: c7c8217af215d4f83adb6e9edd5b8cf5' -> (Import Result ID: 'ec39758e25929bf72729d64ac48d08e8') in 0.003 seconds [static and dynamic dependencies]. Details - ImportResultOutputID=d7bf3406a7cb2efd88885ee6dcdcbed4 DependenciesID=c30ae22d881de7f880c309e8a52aedf6 StaticDependenciesID=a23fab53caa712fb4b986ed46694ed28 
Number of updated asset objects reloaded before import = 0
Number of asset objects unloaded after import = 1
========================================================================
Received Import Request.
  Time of request: 2026-09-01T06:19:52.570947Z
  Time since last request: 0.000391916 seconds.
  importAddress: GUID: 6c1d1d1fa92298641b8c8b81ddb7ec51 - Path: Packages/com.unity.xr.arfoundation/Runtime/ARFoundation/Raycasts/IRaycaster.cs - Importer: ScriptedImporter/UnityEditor.QuickSearchModule:UnityEditor.Search:ASIAI0B
Importing 'GUID: 6c1d1d1fa92298641b8c8b81ddb7ec51 - Path: Packages/com.unity.xr.arfoundation/Runtime/ARFoundation/Raycasts/IRaycaster.cs - Importer: ScriptedImporter/UnityEditor.QuickSearchModule:UnityEditor.Search:ASIAI0B' with importer (ScriptedImporter : UnityEditor.QuickSearchModule:UnityEditor.Search:ASIAI0B)
Imported 'GUID: 6c1d1d1fa92298641b8c8b81ddb7ec51' -> (Import Result ID: '9bcdc193ba496ae1fc4a5a165c25b619') in 0.004 seconds [static and dynamic dependencies]. Details - ImportResultOutputID=09c03616ca2fe448790e8f2710915531 DependenciesID=23517af45f36221a1c57d7b71963052b StaticDependenciesID=69e0ef9e3d8fffb7090eb916c33a380c 
Number of updated asset objects reloaded before import = 0
Number of asset objects unloaded after import = 1
========================================================================
Received Import Request.
  Time of request: 2026-09-01T06:19:52.575259Z
  Time since last request: 0.000364334 seconds.
  importAddress: GUID: fa0df15be1265471585a5d1e25d95d65 - Path: Packages/com.unity.xr.arfoundation/Runtime/ARFoundation/Meshing/MeshQueue.cs - Importer: ScriptedImporter/UnityEditor.QuickSearchModule:UnityEditor.Search:ASIAI0B
Importing 'GUID: fa0df15be1265471585a5d1e25d95d65 - Path: Packages/com.unity.xr.arfoundation/Runtime/ARFoundation/Meshing/MeshQueue.cs - Importer: ScriptedImporter/UnityEditor.QuickSearchModule:UnityEditor.Search:ASIAI0B' with importer (ScriptedImporter : UnityEditor.QuickSearchModule:UnityEditor.Search:ASIAI0B)
Imported 'GUID: fa0df15be1265471585a5d1e25d95d65' -> (Import Result ID: '159674764ace81f2d5768c0ca0a41707') in 0.001 seconds [static and dynamic dependencies]. Details - ImportResultOutputID=6b880d637da9afae66c71a7ff4032ea1 DependenciesID=6c4a0dc7d591263744efea2c8ffb4c01 StaticDependenciesID=d79f8e69a234579b8dd2051bb7888de9 
Number of updated asset objects reloaded before import = 0
Number of asset objects unloaded after import = 1
========================================================================
Received Import Request.
  Time of request: 2026-09-01T06:19:52.576856Z
  Time since last request: 0.000172333 seconds.
  importAddress: GUID: e7c77f6eaab324a819efdc13b8125a39 - Path: Packages/com.unity.xr.arkit/Assets/Shaders/ARKitBackground.shader - Importer: ScriptedImporter/UnityEditor.QuickSearchModule:UnityEditor.Search:ASIAI0B
Importing 'GUID: e7c77f6eaab324a819efdc13b8125a39 - Path: Packages/com.unity.xr.arkit/Assets/Shaders/ARKitBackground.shader - Importer: ScriptedImporter/UnityEditor.QuickSearchModule:UnityEditor.Search:ASIAI0B' with importer (ScriptedImporter : UnityEditor.QuickSearchModule:UnityEditor.Search:ASIAI0B)
Imported 'GUID: e7c77f6eaab324a819efdc13b8125a39' -> (Import Result ID: '4ba79228f81c390a62265542273c8c14') in 0.001 seconds [static and dynamic dependencies]. Details - ImportResultOutputID=9aaa9aab9cb57afa202a03d84b22ef21 DependenciesID=0ab5f665f49f31ac1a1bdc599e6379fd StaticDependenciesID=97cb67cc529fbc6959c97efc9e2b9a90 
Number of updated asset objects reloaded before import = 0
Number of asset objects unloaded after import = 1
========================================================================
Received Import Request.
  Time of request: 2026-09-01T06:19:52.578439Z
  Time since last request: 0.000202 seconds.
  importAddress: GUID: 81bb26b5962fc9e4b922b819f616517d - Path: Packages/com.unity.xr.arfoundation/Runtime/ARSubsystems/Planes/BoundedPlane.cs - Importer: ScriptedImporter/UnityEditor.QuickSearchModule:UnityEditor.Search:ASIAI0B
Importing 'GUID: 81bb26b5962fc9e4b922b819f616517d - Path: Packages/com.unity.xr.arfoundation/Runtime/ARSubsystems/Planes/BoundedPlane.cs - Importer: ScriptedImporter/UnityEditor.QuickSearchModule:UnityEditor.Search:ASIAI0B' with importer (ScriptedImporter : UnityEditor.QuickSearchModule:UnityEditor.Search:ASIAI0B)
Imported 'GUID: 81bb26b5962fc9e4b922b819f616517d' -> (Import Result ID: '33d57bccb2475bcf8623296b255e4001') in 0.001 seconds [static and dynamic dependencies]. Details - ImportResultOutputID=5d2d469ad8c4dcb8401d3b7e2971b605 DependenciesID=a86fe5fd62cd38ece3e694a0b1e4f1bf StaticDependenciesID=246caf9ecc9d60abc5f8bd2e9a337eb3 
Number of updated asset objects reloaded before import = 0
Number of asset objects unloaded after import = 0
========================================================================
Received Import Request.
  Time of request: 2026-09-01T06:19:52.579864Z
  Time since last request: 0.000207042 seconds.
  importAddress: GUID: 7f2fa867610284e2a8cfa129503febb6 - Path: Packages/com.unity.xr.arfoundation/Runtime/ARFoundation/Raycasts/ARRaycastUpdatedEventArgs.cs - Importer: ScriptedImporter/UnityEditor.QuickSearchModule:UnityEditor.Search:ASIAI0B
Importing 'GUID: 7f2fa867610284e2a8cfa129503febb6 - Path: Packages/com.unity.xr.arfoundation/Runtime/ARFoundation/Raycasts/ARRaycastUpdatedEventArgs.cs - Importer: ScriptedImporter/UnityEditor.QuickSearchModule:UnityEditor.Search:ASIAI0B' with importer (ScriptedImporter : UnityEditor.QuickSearchModule:UnityEditor.Search:ASIAI0B)
Imported 'GUID: 7f2fa867610284e2a8cfa129503febb6' -> (Import Result ID: '7b00c76815793542e0753edfedfd2eb9') in 0.001 seconds [static and dynamic dependencies]. Details - ImportResultOutputID=00c00be3c3df7ae23b2be69b861277ba DependenciesID=0fc315ef7bd85bbece4f4582150190c5 StaticDependenciesID=a3f493e3e4eb038ded90382db9db0c3d 
Number of updated asset objects reloaded before import = 0
Number of asset objects unloaded after import = 0
========================================================================
Received Import Request.
  Time of request: 2026-09-01T06:19:52.581363Z
  Time since last request: 0.000321042 seconds.
  importAddress: GUID: b2f528b98f844ed8b6b2d5fdf90b40e6 - Path: Packages/com.unity.xr.arfoundation/Runtime/Simulation/XRSimulationPreferences.cs - Importer: ScriptedImporter/UnityEditor.QuickSearchModule:UnityEditor.Search:ASIAI0B
Importing 'GUID: b2f528b98f844ed8b6b2d5fdf90b40e6 - Path: Packages/com.unity.xr.arfoundation/Runtime/Simulation/XRSimulationPreferences.cs - Importer: ScriptedImporter/UnityEditor.QuickSearchModule:UnityEditor.Search:ASIAI0B' with importer (ScriptedImporter : UnityEditor.QuickSearchModule:UnityEditor.Search:ASIAI0B)
Imported 'GUID: b2f528b98f844ed8b6b2d5fdf90b40e6' -> (Import Result ID: 'cbb25369422e6e6d6b8e2f75ba83bb6c') in 0.001 seconds [static and dynamic dependencies]. Details - ImportResultOutputID=192191f189fc52f7a23d106486665f43 DependenciesID=68e4983f534c5708084c12f49441679d StaticDependenciesID=39fd4ae130eb92e3d0fe48831e2dea9f 
Number of updated asset objects reloaded before import = 0
Number of asset objects unloaded after import = 0
========================================================================
Received Import Request.
  Time of request: 2026-09-01T06:19:52.582953Z
  Time since last request: 0.000277166 seconds.
  importAddress: GUID: beae32e1912b34424bb5f15077ed8fba - Path: Packages/com.unity.xr.arfoundation/Runtime/ARFoundation/Participants/ARParticipantManager.cs - Importer: ScriptedImporter/UnityEditor.QuickSearchModule:UnityEditor.Search:ASIAI0B
Importing 'GUID: beae32e1912b34424bb5f15077ed8fba - Path: Packages/com.unity.xr.arfoundation/Runtime/ARFoundation/Participants/ARParticipantManager.cs - Importer: ScriptedImporter/UnityEditor.QuickSearchModule:UnityEditor.Search:ASIAI0B' with importer (ScriptedImporter : UnityEditor.QuickSearchModule:UnityEditor.Search:ASIAI0B)
Imported 'GUID: beae32e1912b34424bb5f15077ed8fba' -> (Import Result ID: 'af797e219e620bc5fc73393abd2ef82a') in 0.001 seconds [static and dynamic dependencies]. Details - ImportResultOutputID=251d02496e3ee4389ae71817f50a52aa DependenciesID=3233c9a1cdfa2bdaa51bc1e358c35d85 StaticDependenciesID=c56f4ef5d9db1c019189bdbb01e9c097 
Number of updated asset objects reloaded before import = 0
Number of asset objects unloaded after import = 1
========================================================================
Received Import Request.
  Time of request: 2026-09-01T06:19:52.584527Z
  Time since last request: 0.000202958 seconds.
  importAddress: GUID: f1a110d32af21aa4d872c707dfcc6043 - Path: Packages/com.unity.xr.arfoundation/Assets/Materials/DebugPlane.mat - Importer: ScriptedImporter/UnityEditor.QuickSearchModule:UnityEditor.Search:ASIAI0B
Importing 'GUID: f1a110d32af21aa4d872c707dfcc6043 - Path: Packages/com.unity.xr.arfoundation/Assets/Materials/DebugPlane.mat - Importer: ScriptedImporter/UnityEditor.QuickSearchModule:UnityEditor.Search:ASIAI0B' with importer (ScriptedImporter : UnityEditor.QuickSearchModule:UnityEditor.Search:ASIAI0B)
Imported 'GUID: f1a110d32af21aa4d872c707dfcc6043' -> (Import Result ID: '28be46c1382645af26f736a15868d4d9') in 0.003 seconds [static and dynamic dependencies]. Details - ImportResultOutputID=116cfd18b8a91a820ec810c2e67a659b DependenciesID=8924c3475550ebc9035f9d18217ee1e3 StaticDependenciesID=6c614340b2fb4a943508445f27af38d7 
Number of updated asset objects reloaded before import = 0
Number of asset objects unloaded after import = 2
========================================================================
Received Import Request.
  Time of request: 2026-09-01T06:19:52.587916Z
  Time since last request: 0.000193334 seconds.
  importAddress: GUID: 510c31835ac9e4bcfa4eb60eb8229a8e - Path: Packages/com.unity.xr.arfoundation/Runtime/ARSubsystems/Faces/XRFace.cs - Importer: ScriptedImporter/UnityEditor.QuickSearchModule:UnityEditor.Search:ASIAI0B
Importing 'GUID: 510c31835ac9e4bcfa4eb60eb8229a8e - Path: Packages/com.unity.xr.arfoundation/Runtime/ARSubsystems/Faces/XRFace.cs - Importer: ScriptedImporter/UnityEditor.QuickSearchModule:UnityEditor.Search:ASIAI0B' with importer (ScriptedImporter : UnityEditor.QuickSearchModule:UnityEditor.Search:ASIAI0B)
Imported 'GUID: 510c31835ac9e4bcfa4eb60eb8229a8e' -> (Import Result ID: 'edafce27dbdb94331dead8acdecdf5e3') in 0.001 seconds [static and dynamic dependencies]. Details - ImportResultOutputID=9ee9e0d8b38f06cf4d9667fd42ecf9cc DependenciesID=401e088a7480e8566b77d9c441dca06a StaticDependenciesID=c88a5ec43e291b59845b2651e90d6ce3 
Number of updated asset objects reloaded before import = 0
Number of asset objects unloaded after import = 0
========================================================================
Received Import Request.
  Time of request: 2026-09-01T06:19:52.589294Z
  Time since last request: 0.000223208 seconds.
  importAddress: GUID: 520bb47c46cf8624fafb307b7d1b862a - Path: Packages/com.unity.xr.arfoundation/Runtime/ARFoundation/Session/ARSessionOrigin.cs - Importer: ScriptedImporter/UnityEditor.QuickSearchModule:UnityEditor.Search:ASIAI0B
Importing 'GUID: 520bb47c46cf8624fafb307b7d1b862a - Path: Packages/com.unity.xr.arfoundation/Runtime/ARFoundation/Session/ARSessionOrigin.cs - Importer: ScriptedImporter/UnityEditor.QuickSearchModule:UnityEditor.Search:ASIAI0B' with importer (ScriptedImporter : UnityEditor.QuickSearchModule:UnityEditor.Search:ASIAI0B)
Imported 'GUID: 520bb47c46cf8624fafb307b7d1b862a' -> (Import Result ID: '180b07d27903c0f513692021125e9664') in 0.001 seconds [static and dynamic dependencies]. Details - ImportResultOutputID=b061001833d8a70d281485d211335a2b DependenciesID=5c9ecbc716e62a018800d2b3e5738395 StaticDependenciesID=8b8438776682d723852db0bf93c9c432 
Number of updated asset objects reloaded before import = 0
Number of asset objects unloaded after import = 1
========================================================================
Received Import Request.
  Time of request: 2026-09-01T06:19:52.590768Z
  Time since last request: 0.0002085 seconds.
  importAddress: GUID: 64f52354b350d4390a1a658dabccf476 - Path: Packages/com.unity.xr.arfoundation/Runtime/ARSubsystems/Images/RuntimeReferenceImageLibrary.cs - Importer: ScriptedImporter/UnityEditor.QuickSearchModule:UnityEditor.Search:ASIAI0B
Importing 'GUID: 64f52354b350d4390a1a658dabccf476 - Path: Packages/com.unity.xr.arfoundation/Runtime/ARSubsystems/Images/RuntimeReferenceImageLibrary.cs - Importer: ScriptedImporter/UnityEditor.QuickSearchModule:UnityEditor.Search:ASIAI0B' with importer (ScriptedImporter : UnityEditor.QuickSearchModule:UnityEditor.Search:ASIAI0B)
Imported 'GUID: 64f52354b350d4390a1a658dabccf476' -> (Import Result ID: '43a4f93e6a0c8e62b49f9a2a180a93c6') in 0.001 seconds [static and dynamic dependencies]. Details - ImportResultOutputID=ea8a767e096f998d82e36252680863a6 DependenciesID=f364c5aff43ade96e6ad5702f3993782 StaticDependenciesID=139dd029697a2d63764d2cf4063310e9 
Number of updated asset objects reloaded before import = 0
Number of asset objects unloaded after import = 0
========================================================================
Received Import Request.
  Time of request: 2026-09-01T06:19:52.592084Z
  Time since last request: 0.000185625 seconds.
  importAddress: GUID: 28a7f11edacc64e85a1fa8055484d076 - Path: Packages/com.unity.xr.arfoundation/Runtime/ARSubsystems/Common/Textures/XRCpuImage/Plane.cs - Importer: ScriptedImporter/UnityEditor.QuickSearchModule:UnityEditor.Search:ASIAI0B
Importing 'GUID: 28a7f11edacc64e85a1fa8055484d076 - Path: Packages/com.unity.xr.arfoundation/Runtime/ARSubsystems/Common/Textures/XRCpuImage/Plane.cs - Importer: ScriptedImporter/UnityEditor.QuickSearchModule:UnityEditor.Search:ASIAI0B' with importer (ScriptedImporter : UnityEditor.QuickSearchModule:UnityEditor.Search:ASIAI0B)
Imported 'GUID: 28a7f11edacc64e85a1fa8055484d076' -> (Import Result ID: '283044698cf378f0fe381f342c4a991f') in 0.001 seconds [static and dynamic dependencies]. Details - ImportResultOutputID=f9f16c3395dc1dc96212b70f1936ccd5 DependenciesID=8fb0f6bc3b93139a065da9bb26e81ed5 StaticDependenciesID=78a3d46fde17e4ec1cccc101f7d0aac6 
Number of updated asset objects reloaded before import = 0
Number of asset objects unloaded after import = 0
========================================================================
Received Import Request.
  Time of request: 2026-09-01T06:19:52.593263Z
  Time since last request: 0.000170584 seconds.
  importAddress: GUID: 87bbf843abd84c6f8ca3c494e7037776 - Path: Packages/com.unity.xr.arfoundation/Runtime/ARSubsystems/Anchors/XRLoadAnchorResult.cs - Importer: ScriptedImporter/UnityEditor.QuickSearchModule:UnityEditor.Search:ASIAI0B
Importing 'GUID: 87bbf843abd84c6f8ca3c494e7037776 - Path: Packages/com.unity.xr.arfoundation/Runtime/ARSubsystems/Anchors/XRLoadAnchorResult.cs - Importer: ScriptedImporter/UnityEditor.QuickSearchModule:UnityEditor.Search:ASIAI0B' with importer (ScriptedImporter : UnityEditor.QuickSearchModule:UnityEditor.Search:ASIAI0B)
Imported 'GUID: 87bbf843abd84c6f8ca3c494e7037776' -> (Import Result ID: '1a1d824141475e2302909e876554001a') in 0.001 seconds [static and dynamic dependencies]. Details - ImportResultOutputID=b73678c9ed21b166019b42cb9b58072e DependenciesID=6f52ed9d0a581af593d1d002f4525da0 StaticDependenciesID=ece981d9aa56394781b752f356645de1 
Number of updated asset objects reloaded before import = 0
Number of asset objects unloaded after import = 0
========================================================================
Received Import Request.
  Time of request: 2026-09-01T06:19:52.594587Z
  Time since last request: 0.0002095 seconds.
  importAddress: GUID: 2776efbfa878b354a9919ae9ab903f2f - Path: Packages/com.unity.xr.arfoundation/Tests/Editor/CodeSamples/AssetBundlesSamples.cs - Importer: ScriptedImporter/UnityEditor.QuickSearchModule:UnityEditor.Search:ASIAI0B
Importing 'GUID: 2776efbfa878b354a9919ae9ab903f2f - Path: Packages/com.unity.xr.arfoundation/Tests/Editor/CodeSamples/AssetBundlesSamples.cs - Importer: ScriptedImporter/UnityEditor.QuickSearchModule:UnityEditor.Search:ASIAI0B' with importer (ScriptedImporter : UnityEditor.QuickSearchModule:UnityEditor.Search:ASIAI0B)
Imported 'GUID: 2776efbfa878b354a9919ae9ab903f2f' -> (Import Result ID: 'c68a3a4b68beb48ae17361b9e35dd31f') in 0.001 seconds [static and dynamic dependencies]. Details - ImportResultOutputID=26f8aff62fea47d04506e40c8686c9ca DependenciesID=71284dfc23824826ba6f11b2ccbefca6 StaticDependenciesID=9defc43b0275356a6556237f1d802c56 
Number of updated asset objects reloaded before import = 0
Number of asset objects unloaded after import = 0
========================================================================
Received Import Request.
  Time of request: 2026-09-01T06:19:52.595799Z
  Time since last request: 0.000183875 seconds.
  importAddress: GUID: 95a9031964edc9741bf1db87a3a40010 - Path: Packages/com.unity.xr.arkit/Runtime/HumanBody/ARKitHumanBodySubsystem.cs - Importer: ScriptedImporter/UnityEditor.QuickSearchModule:UnityEditor.Search:ASIAI0B
Importing 'GUID: 95a9031964edc9741bf1db87a3a40010 - Path: Packages/com.unity.xr.arkit/Runtime/HumanBody/ARKitHumanBodySubsystem.cs - Importer: ScriptedImporter/UnityEditor.QuickSearchModule:UnityEditor.Search:ASIAI0B' with importer (ScriptedImporter : UnityEditor.QuickSearchModule:UnityEditor.Search:ASIAI0B)
Imported 'GUID: 95a9031964edc9741bf1db87a3a40010' -> (Import Result ID: 'f5ddd339ba5722821c5409ec83b1d349') in 0.001 seconds [static and dynamic dependencies]. Details - ImportResultOutputID=677ac6a8e06df6d41dad3efa6d39d995 DependenciesID=7556143c4fd1f7ed24737a6941e7d3bb StaticDependenciesID=39680a4e49a77ffbee65e4b9c68891fd 
Number of updated asset objects reloaded before import = 0
Number of asset objects unloaded after import = 0
========================================================================
Received Import Request.
  Time of request: 2026-09-01T06:19:52.597296Z
  Time since last request: 0.000400291 seconds.
  importAddress: GUID: d5422c7b3cb2f498bb817cd1c8ed8cc8 - Path: Packages/com.unity.xr.arfoundation/Runtime/ARFoundation/Meshing/ARMeshesChangedEventArgs.cs - Importer: ScriptedImporter/UnityEditor.QuickSearchModule:UnityEditor.Search:ASIAI0B
Importing 'GUID: d5422c7b3cb2f498bb817cd1c8ed8cc8 - Path: Packages/com.unity.xr.arfoundation/Runtime/ARFoundation/Meshing/ARMeshesChangedEventArgs.cs - Importer: ScriptedImporter/UnityEditor.QuickSearchModule:UnityEditor.Search:ASIAI0B' with importer (ScriptedImporter : UnityEditor.QuickSearchModule:UnityEditor.Search:ASIAI0B)
Imported 'GUID: d5422c7b3cb2f498bb817cd1c8ed8cc8' -> (Import Result ID: 'a53e58211f2a1277404a2b33d2d06ea7') in 0.001 seconds [static and dynamic dependencies]. Details - ImportResultOutputID=17eb1e8a25b34b868805124509ff7709 DependenciesID=8fd1fcf6a59044cd13c2825f82ae9a3a StaticDependenciesID=ed875ba69188b8f951a2a5542d55da7b 
Number of updated asset objects reloaded before import = 0
Number of asset objects unloaded after import = 1
========================================================================
Received Import Request.
  Time of request: 2026-09-01T06:19:52.599029Z
  Time since last request: 0.0002265 seconds.
  importAddress: GUID: c5031024cffa45eebfb5a53e08909ca8 - Path: Packages/com.unity.xr.arfoundation/Runtime/Simulation/SimulationXRayManager.cs - Importer: ScriptedImporter/UnityEditor.QuickSearchModule:UnityEditor.Search:ASIAI0B
Importing 'GUID: c5031024cffa45eebfb5a53e08909ca8 - Path: Packages/com.unity.xr.arfoundation/Runtime/Simulation/SimulationXRayManager.cs - Importer: ScriptedImporter/UnityEditor.QuickSearchModule:UnityEditor.Search:ASIAI0B' with importer (ScriptedImporter : UnityEditor.QuickSearchModule:UnityEditor.Search:ASIAI0B)
Imported 'GUID: c5031024cffa45eebfb5a53e08909ca8' -> (Import Result ID: '26cc850c8f2f9e197275d9eca9b18607') in 0.001 seconds [static and dynamic dependencies]. Details - ImportResultOutputID=1b612762604b55a0dfb319d0ee19120b DependenciesID=dc4e1ed758e108e790c1a7a2ce35d8bf StaticDependenciesID=9563e07c28854be695dcf77159e590c9 
Number of updated asset objects reloaded before import = 0
Number of asset objects unloaded after import = 0
========================================================================
Received Import Request.
  Time of request: 2026-09-01T06:19:52.600314Z
  Time since last request: 0.00019375 seconds.
  importAddress: GUID: d9208135155494374afd1ffaf1f05088 - Path: Packages/com.unity.xr.arfoundation/Runtime/Simulation/Subsystems/Plane/Visualizers - Importer: ScriptedImporter/UnityEditor.QuickSearchModule:UnityEditor.Search:ASIAI0B
Importing 'GUID: d9208135155494374afd1ffaf1f05088 - Path: Packages/com.unity.xr.arfoundation/Runtime/Simulation/Subsystems/Plane/Visualizers - Importer: ScriptedImporter/UnityEditor.QuickSearchModule:UnityEditor.Search:ASIAI0B' with importer (ScriptedImporter : UnityEditor.QuickSearchModule:UnityEditor.Search:ASIAI0B)
Imported 'GUID: d9208135155494374afd1ffaf1f05088' -> (Import Result ID: 'd05481d58d3acecd5d023663b6dbd65c') in 0.001 seconds [static and dynamic dependencies]. Details - ImportResultOutputID=b3301ffc5e52aa267e6ba0b388008236 DependenciesID=699e21c641330f0bfe94e38845dc60e0 StaticDependenciesID=838f54d32bb5b9ed8b73524d17c0b09a 
Number of updated asset objects reloaded before import = 0
Number of asset objects unloaded after import = 1
========================================================================
Received Import Request.
  Time of request: 2026-09-01T06:19:52.601647Z
  Time since last request: 0.000218292 seconds.
  importAddress: GUID: 7da724a52c56c4dada722295a124eaaf - Path: Packages/com.unity.xr.arfoundation/Runtime/InternalUtils/UnitConversionUtility.cs - Importer: ScriptedImporter/UnityEditor.QuickSearchModule:UnityEditor.Search:ASIAI0B
Importing 'GUID: 7da724a52c56c4dada722295a124eaaf - Path: Packages/com.unity.xr.arfoundation/Runtime/InternalUtils/UnitConversionUtility.cs - Importer: ScriptedImporter/UnityEditor.QuickSearchModule:UnityEditor.Search:ASIAI0B' with importer (ScriptedImporter : UnityEditor.QuickSearchModule:UnityEditor.Search:ASIAI0B)
Imported 'GUID: 7da724a52c56c4dada722295a124eaaf' -> (Import Result ID: '0f341a046f53fa8c5f2c6f712e6ee5a5') in 0.001 seconds [static and dynamic dependencies]. Details - ImportResultOutputID=89a52661fcb6f3b8f296503aa0b7dbbf DependenciesID=5003bd3227c914dd3a77a3013135b904 StaticDependenciesID=dd4a22ec64e788ca146a4e56995fd474 
Number of updated asset objects reloaded before import = 0
Number of asset objects unloaded after import = 0
========================================================================
Received Import Request.
  Time of request: 2026-09-01T06:19:52.603122Z
  Time since last request: 0.000216333 seconds.
  importAddress: GUID: 488f52d8d4fcf4d2da77977b736137a5 - Path: Packages/com.unity.xr.arfoundation/Runtime/ARSubsystems/Camera/XRCameraIntrinsics.cs - Importer: ScriptedImporter/UnityEditor.QuickSearchModule:UnityEditor.Search:ASIAI0B
Importing 'GUID: 488f52d8d4fcf4d2da77977b736137a5 - Path: Packages/com.unity.xr.arfoundation/Runtime/ARSubsystems/Camera/XRCameraIntrinsics.cs - Importer: ScriptedImporter/UnityEditor.QuickSearchModule:UnityEditor.Search:ASIAI0B' with importer (ScriptedImporter : UnityEditor.QuickSearchModule:UnityEditor.Search:ASIAI0B)
Imported 'GUID: 488f52d8d4fcf4d2da77977b736137a5' -> (Import Result ID: '74ecdcdd352d7b8952c1ac75e4ee91b8') in 0.001 seconds [static and dynamic dependencies]. Details - ImportResultOutputID=ee34230fcaf93f2da9a2d6432baedce1 DependenciesID=29a0b0260810d148a57296a21bfb15ca StaticDependenciesID=64de65f803c70c89f1258ff71fcc7c03 
Number of updated asset objects reloaded before import = 0
Number of asset objects unloaded after import = 0
========================================================================
Received Import Request.
  Time of request: 2026-09-01T06:19:52.604514Z
  Time since last request: 0.000207958 seconds.
  importAddress: GUID: eface15f8e40e4196803f07907ddf8ad - Path: Packages/com.unity.xr.arfoundation/Editor/ARFoundation/Analytics/AREditorAnalytics.cs - Importer: ScriptedImporter/UnityEditor.QuickSearchModule:UnityEditor.Search:ASIAI0B
Importing 'GUID: eface15f8e40e4196803f07907ddf8ad - Path: Packages/com.unity.xr.arfoundation/Editor/ARFoundation/Analytics/AREditorAnalytics.cs - Importer: ScriptedImporter/UnityEditor.QuickSearchModule:UnityEditor.Search:ASIAI0B' with importer (ScriptedImporter : UnityEditor.QuickSearchModule:UnityEditor.Search:ASIAI0B)
Imported 'GUID: eface15f8e40e4196803f07907ddf8ad' -> (Import Result ID: 'af65878c8c7f15b9a6a687aa3b9600fc') in 0.001 seconds [static and dynamic dependencies]. Details - ImportResultOutputID=d117cb70894613bd7f1bc5af39525929 DependenciesID=130ae7401888364d1afa2ba84f6c4bd0 StaticDependenciesID=ee17379a64c9a5229bfb586ad5e471d4 
Number of updated asset objects reloaded before import = 0
Number of asset objects unloaded after import = 0
========================================================================
Received Import Request.
  Time of request: 2026-09-01T06:19:52.605825Z
  Time since last request: 0.000192042 seconds.
  importAddress: GUID: a1022967a90aad746b907ae522194966 - Path: Packages/com.unity.xr.arfoundation/Runtime/Simulation/Plugins/windows-x64/XRSimulationSubsystem.pdb - Importer: ScriptedImporter/UnityEditor.QuickSearchModule:UnityEditor.Search:ASIAI0B
Importing 'GUID: a1022967a90aad746b907ae522194966 - Path: Packages/com.unity.xr.arfoundation/Runtime/Simulation/Plugins/windows-x64/XRSimulationSubsystem.pdb - Importer: ScriptedImporter/UnityEditor.QuickSearchModule:UnityEditor.Search:ASIAI0B' with importer (ScriptedImporter : UnityEditor.QuickSearchModule:UnityEditor.Search:ASIAI0B)
Imported 'GUID: a1022967a90aad746b907ae522194966' -> (Import Result ID: '0a0f0a99755fad48dcb38679d7c23500') in 0.001 seconds [static and dynamic dependencies]. Details - ImportResultOutputID=468f6bc518eb7d258b3637d3aa252421 DependenciesID=496286e7da2f91ef12df9a9f0f963f11 StaticDependenciesID=535a34ab901e759eeb09789d5feac197 
Number of updated asset objects reloaded before import = 0
Number of asset objects unloaded after import = 1
========================================================================
Received Import Request.
  Time of request: 2026-09-01T06:19:52.607333Z
  Time since last request: 0.000210333 seconds.
  importAddress: GUID: cb6ca502118ba4fdd84c117bdb8447ad - Path: Packages/com.unity.xr.arfoundation/Assets/Textures - Importer: ScriptedImporter/UnityEditor.QuickSearchModule:UnityEditor.Search:ASIAI0B
Importing 'GUID: cb6ca502118ba4fdd84c117bdb8447ad - Path: Packages/com.unity.xr.arfoundation/Assets/Textures - Importer: ScriptedImporter/UnityEditor.QuickSearchModule:UnityEditor.Search:ASIAI0B' with importer (ScriptedImporter : UnityEditor.QuickSearchModule:UnityEditor.Search:ASIAI0B)
Imported 'GUID: cb6ca502118ba4fdd84c117bdb8447ad' -> (Import Result ID: 'b6fdcf6b3b36b0125bc0735239c748e1') in 0.001 seconds [static and dynamic dependencies]. Details - ImportResultOutputID=f15fd2ab21e952ec5dd91d17b893e0e7 DependenciesID=795fbe28a45f25d52e8db76c8fb51d70 StaticDependenciesID=ae69d0528d6107129771d826ffbcec25 
Number of updated asset objects reloaded before import = 0
Number of asset objects unloaded after import = 1
========================================================================
Received Import Request.
  Time of request: 2026-09-01T06:19:52.60852Z
  Time since last request: 0.000188791 seconds.
  importAddress: GUID: b63c0b4a659964498a90211ad50a9b1c - Path: Packages/com.unity.xr.arkit/Runtime/Frameworks/ARKit - Importer: ScriptedImporter/UnityEditor.QuickSearchModule:UnityEditor.Search:ASIAI0B
Importing 'GUID: b63c0b4a659964498a90211ad50a9b1c - Path: Packages/com.unity.xr.arkit/Runtime/Frameworks/ARKit - Importer: ScriptedImporter/UnityEditor.QuickSearchModule:UnityEditor.Search:ASIAI0B' with importer (ScriptedImporter : UnityEditor.QuickSearchModule:UnityEditor.Search:ASIAI0B)
Imported 'GUID: b63c0b4a659964498a90211ad50a9b1c' -> (Import Result ID: '2ee0393b7bd927fc65adbb9b44d19a72') in 0.001 seconds [static and dynamic dependencies]. Details - ImportResultOutputID=e3bfdc3f73a47d7957fe919502c52762 DependenciesID=6b84dcb2e48cf013bdb7f43281a1537c StaticDependenciesID=e6e9f2ed5df1b97ed44f8521541647f4 
Number of updated asset objects reloaded before import = 0
Number of asset objects unloaded after import = 1
========================================================================
Received Import Request.
  Time of request: 2026-09-01T06:19:52.609685Z
  Time since last request: 0.000189083 seconds.
  importAddress: GUID: bb30f7bb31484b6f9c6b764115ff99f1 - Path: Packages/com.unity.xr.arfoundation/Runtime/ARSubsystems/PointClouds/XRPointCloud.cs - Importer: ScriptedImporter/UnityEditor.QuickSearchModule:UnityEditor.Search:ASIAI0B
Importing 'GUID: bb30f7bb31484b6f9c6b764115ff99f1 - Path: Packages/com.unity.xr.arfoundation/Runtime/ARSubsystems/PointClouds/XRPointCloud.cs - Importer: ScriptedImporter/UnityEditor.QuickSearchModule:UnityEditor.Search:ASIAI0B' with importer (ScriptedImporter : UnityEditor.QuickSearchModule:UnityEditor.Search:ASIAI0B)
Imported 'GUID: bb30f7bb31484b6f9c6b764115ff99f1' -> (Import Result ID: '069d4b500b8164328aef1a1c2b87305e') in 0.001 seconds [static and dynamic dependencies]. Details - ImportResultOutputID=4b59ee9f8d95d966eac309d317fcd26f DependenciesID=2f59ed2fcdeaafee04b5261afb64b100 StaticDependenciesID=985c07d9f92d10a5d8fb5d30da305c33 
Number of updated asset objects reloaded before import = 0
Number of asset objects unloaded after import = 0
========================================================================
Received Import Request.
  Time of request: 2026-09-01T06:19:52.611042Z
  Time since last request: 0.000197417 seconds.
  importAddress: GUID: fd813863328c94b8695d948f3e23ea0b - Path: Packages/com.unity.xr.arfoundation/Runtime/VisualScripting/AssemblyInfo.cs - Importer: ScriptedImporter/UnityEditor.QuickSearchModule:UnityEditor.Search:ASIAI0B
Importing 'GUID: fd813863328c94b8695d948f3e23ea0b - Path: Packages/com.unity.xr.arfoundation/Runtime/VisualScripting/AssemblyInfo.cs - Importer: ScriptedImporter/UnityEditor.QuickSearchModule:UnityEditor.Search:ASIAI0B' with importer (ScriptedImporter : UnityEditor.QuickSearchModule:UnityEditor.Search:ASIAI0B)
Imported 'GUID: fd813863328c94b8695d948f3e23ea0b' -> (Import Result ID: 'e8a146c8ecb47f1aec3d7c59674f49d4') in 0.001 seconds [static and dynamic dependencies]. Details - ImportResultOutputID=d5144d9fc41df8b75b3ed29c9322ec7c DependenciesID=4c7e24da98b49fc14d8e3fa88bc3fc69 StaticDependenciesID=432a44c463c40747d50ab18915be5162 
Number of updated asset objects reloaded before import = 0
Number of asset objects unloaded after import = 0
========================================================================
Received Import Request.
  Time of request: 2026-09-01T06:19:52.612346Z
  Time since last request: 0.000363083 seconds.
  importAddress: GUID: 345594c4a0d947a6b948363e90a164bd - Path: Packages/com.unity.xr.arfoundation/Runtime/Simulation/Subsystems/Anchors/SimulationAnchorParams.cs - Importer: ScriptedImporter/UnityEditor.QuickSearchModule:UnityEditor.Search:ASIAI0B
Importing 'GUID: 345594c4a0d947a6b948363e90a164bd - Path: Packages/com.unity.xr.arfoundation/Runtime/Simulation/Subsystems/Anchors/SimulationAnchorParams.cs - Importer: ScriptedImporter/UnityEditor.QuickSearchModule:UnityEditor.Search:ASIAI0B' with importer (ScriptedImporter : UnityEditor.QuickSearchModule:UnityEditor.Search:ASIAI0B)
Imported 'GUID: 345594c4a0d947a6b948363e90a164bd' -> (Import Result ID: 'a479f9245d23b3f194551bde8d4f3ab2') in 0.001 seconds [static and dynamic dependencies]. Details - ImportResultOutputID=18a98d5ef55a68b30e0cfbfb219bbb62 DependenciesID=f60e01501fab1352078d92db63054396 StaticDependenciesID=c8eb5daea22c86e589288eadd8fe9a89 
Number of updated asset objects reloaded before import = 0
Number of asset objects unloaded after import = 0
========================================================================
Received Import Request.
  Time of request: 2026-09-01T06:19:52.613748Z
  Time since last request: 0.000178125 seconds.
  importAddress: GUID: a2b144111d0b24608bf1bf24129f0570 - Path: Packages/com.unity.xr.arfoundation/Runtime/ARSubsystems/Images/IReferenceImageLibrary.cs - Importer: ScriptedImporter/UnityEditor.QuickSearchModule:UnityEditor.Search:ASIAI0B
Importing 'GUID: a2b144111d0b24608bf1bf24129f0570 - Path: Packages/com.unity.xr.arfoundation/Runtime/ARSubsystems/Images/IReferenceImageLibrary.cs - Importer: ScriptedImporter/UnityEditor.QuickSearchModule:UnityEditor.Search:ASIAI0B' with importer (ScriptedImporter : UnityEditor.QuickSearchModule:UnityEditor.Search:ASIAI0B)
Imported 'GUID: a2b144111d0b24608bf1bf24129f0570' -> (Import Result ID: '60ee2bc6d9e2c1b38a20b64f039d7e57') in 0.001 seconds [static and dynamic dependencies]. Details - ImportResultOutputID=39c8a43e87bcb9ffdc20e389ca6b7be5 DependenciesID=b4757720ca40219ce4276372a0af5533 StaticDependenciesID=b61fb58266d3d6dcf2b8229f1a1ec8f0 
Number of updated asset objects reloaded before import = 0
Number of asset objects unloaded after import = 0
========================================================================
Received Import Request.
  Time of request: 2026-09-01T06:19:52.614918Z
  Time since last request: 0.000181792 seconds.
  importAddress: GUID: 07774d0433ccf5544ba52ac5468d1cdc - Path: Packages/com.unity.xr.arfoundation/README.md - Importer: ScriptedImporter/UnityEditor.QuickSearchModule:UnityEditor.Search:ASIAI0B
Importing 'GUID: 07774d0433ccf5544ba52ac5468d1cdc - Path: Packages/com.unity.xr.arfoundation/README.md - Importer: ScriptedImporter/UnityEditor.QuickSearchModule:UnityEditor.Search:ASIAI0B' with importer (ScriptedImporter : UnityEditor.QuickSearchModule:UnityEditor.Search:ASIAI0B)
Imported 'GUID: 07774d0433ccf5544ba52ac5468d1cdc' -> (Import Result ID: '9111d609469689002c7d232624bd0d4b') in 0.001 seconds [static and dynamic dependencies]. Details - ImportResultOutputID=77b997ba5ef1e742483cee7af8f52861 DependenciesID=94b7ff9bd6a0b3a22b820a9e01a4aa6d StaticDependenciesID=ca4fc6d611d3e0453496332da732fb9c 
Number of updated asset objects reloaded before import = 0
Number of asset objects unloaded after import = 1
========================================================================
Received Import Request.
  Time of request: 2026-09-01T06:19:52.616278Z
  Time since last request: 0.000171875 seconds.
  importAddress: GUID: 6a539ac6c932246bd946aa409b684bb2 - Path: Packages/com.unity.xr.arkit/Runtime/FaceTracking/Unity.XR.ARKit.FaceTracking.asmdef - Importer: ScriptedImporter/UnityEditor.QuickSearchModule:UnityEditor.Search:ASIAI0B
Importing 'GUID: 6a539ac6c932246bd946aa409b684bb2 - Path: Packages/com.unity.xr.arkit/Runtime/FaceTracking/Unity.XR.ARKit.FaceTracking.asmdef - Importer: ScriptedImporter/UnityEditor.QuickSearchModule:UnityEditor.Search:ASIAI0B' with importer (ScriptedImporter : UnityEditor.QuickSearchModule:UnityEditor.Search:ASIAI0B)
Imported 'GUID: 6a539ac6c932246bd946aa409b684bb2' -> (Import Result ID: '2a97d7f394d6c0df8b15b3f22da78b1a') in 0.001 seconds [static and dynamic dependencies]. Details - ImportResultOutputID=70a2178504fd8d3baa67bf0f029c26d0 DependenciesID=829392c3af7f22e48d6f6bbd3432493f StaticDependenciesID=288b51d5e59af9207d48c7af0d93c43c 
Number of updated asset objects reloaded before import = 0
Number of asset objects unloaded after import = 1
========================================================================
Received Import Request.
  Time of request: 2026-09-01T06:19:52.617734Z
  Time since last request: 0.000189708 seconds.
  importAddress: GUID: cdaaa4a809b964edaa0b92ca20e8fe6c - Path: Packages/com.unity.xr.arkit/Runtime/ImageTracking - Importer: ScriptedImporter/UnityEditor.QuickSearchModule:UnityEditor.Search:ASIAI0B
Importing 'GUID: cdaaa4a809b964edaa0b92ca20e8fe6c - Path: Packages/com.unity.xr.arkit/Runtime/ImageTracking - Importer: ScriptedImporter/UnityEditor.QuickSearchModule:UnityEditor.Search:ASIAI0B' with importer (ScriptedImporter : UnityEditor.QuickSearchModule:UnityEditor.Search:ASIAI0B)
Imported 'GUID: cdaaa4a809b964edaa0b92ca20e8fe6c' -> (Import Result ID: '3b30a28fe42e588feb500c9eb5916640') in 0.001 seconds [static and dynamic dependencies]. Details - ImportResultOutputID=28f91a76b3096391d325fa39e2569e4e DependenciesID=507ce9ca9df60d558ebc7185715cdb38 StaticDependenciesID=0529d01bb88cc1ea84332afadc75242d 
Number of updated asset objects reloaded before import = 0
Number of asset objects unloaded after import = 1
========================================================================
Received Import Request.
  Time of request: 2026-09-01T06:19:52.618886Z
  Time since last request: 0.000215875 seconds.
  importAddress: GUID: f25456d40fe594d4f86af0bd878fcd68 - Path: Packages/com.unity.xr.arfoundation/Runtime/ARFoundation/HumanBodies - Importer: ScriptedImporter/UnityEditor.QuickSearchModule:UnityEditor.Search:ASIAI0B
Importing 'GUID: f25456d40fe594d4f86af0bd878fcd68 - Path: Packages/com.unity.xr.arfoundation/Runtime/ARFoundation/HumanBodies - Importer: ScriptedImporter/UnityEditor.QuickSearchModule:UnityEditor.Search:ASIAI0B' with importer (ScriptedImporter : UnityEditor.QuickSearchModule:UnityEditor.Search:ASIAI0B)
Imported 'GUID: f25456d40fe594d4f86af0bd878fcd68' -> (Import Result ID: 'f503733f6198df858629a8c6fc8d3a30') in 0.001 seconds [static and dynamic dependencies]. Details - ImportResultOutputID=a380fd8f4cb441a676005a323fdd8a54 DependenciesID=39678f4a5ddacd9f4dfd1b1ea6c2300d StaticDependenciesID=616ec94efa869ed4b2ff36fc217d3d5e 
Number of updated asset objects reloaded before import = 0
Number of asset objects unloaded after import = 1
========================================================================
Received Import Request.
  Time of request: 2026-09-01T06:19:52.620289Z
  Time since last request: 0.000207917 seconds.
  importAddress: GUID: 5c402c070bc63421db0aba1101abdb64 - Path: Packages/com.unity.xr.arfoundation/Tests/Runtime/ARFoundation/RaycastSubsystem/XRRaycastSubsystemTests.cs - Importer: ScriptedImporter/UnityEditor.QuickSearchModule:UnityEditor.Search:ASIAI0B
Importing 'GUID: 5c402c070bc63421db0aba1101abdb64 - Path: Packages/com.unity.xr.arfoundation/Tests/Runtime/ARFoundation/RaycastSubsystem/XRRaycastSubsystemTests.cs - Importer: ScriptedImporter/UnityEditor.QuickSearchModule:UnityEditor.Search:ASIAI0B' with importer (ScriptedImporter : UnityEditor.QuickSearchModule:UnityEditor.Search:ASIAI0B)
Imported 'GUID: 5c402c070bc63421db0aba1101abdb64' -> (Import Result ID: '9ee1a589d2d906ddc62c6724f66e80b5') in 0.001 seconds [static and dynamic dependencies]. Details - ImportResultOutputID=3af2e03ee50239bc8e686a4821f87d85 DependenciesID=d699983e6974dae1f1ca6b5f078aaf06 StaticDependenciesID=8af754a967fe71dc25565b5ef3a1f2aa 
Number of updated asset objects reloaded before import = 0
Number of asset objects unloaded after import = 0
========================================================================
Received Import Request.
  Time of request: 2026-09-01T06:19:52.621616Z
  Time since last request: 0.000205166 seconds.
  importAddress: GUID: e567d2ac33fb7414b9278f693de20b77 - Path: Packages/com.unity.xr.arfoundation/Runtime/ARFoundation/Planes - Importer: ScriptedImporter/UnityEditor.QuickSearchModule:UnityEditor.Search:ASIAI0B
Importing 'GUID: e567d2ac33fb7414b9278f693de20b77 - Path: Packages/com.unity.xr.arfoundation/Runtime/ARFoundation/Planes - Importer: ScriptedImporter/UnityEditor.QuickSearchModule:UnityEditor.Search:ASIAI0B' with importer (ScriptedImporter : UnityEditor.QuickSearchModule:UnityEditor.Search:ASIAI0B)
Imported 'GUID: e567d2ac33fb7414b9278f693de20b77' -> (Import Result ID: 'c5fb19e58881879a5535ca30cf139fd8') in 0.001 seconds [static and dynamic dependencies]. Details - ImportResultOutputID=81492a9ac2a33897b1eb75cd8e2edac7 DependenciesID=9fdf8bedcc5e791fa4ce75bf74ece626 StaticDependenciesID=6513f003934aede1eb163ef5f1e3008f 
Number of updated asset objects reloaded before import = 0
Number of asset objects unloaded after import = 1
========================================================================
Received Import Request.
  Time of request: 2026-09-01T06:19:52.622854Z
  Time since last request: 0.000211375 seconds.
  importAddress: GUID: 482cbc91dc0a64732a51971fec311d03 - Path: Packages/com.unity.xr.arfoundation/Runtime/ARSubsystems/Common/Supported.cs - Importer: ScriptedImporter/UnityEditor.QuickSearchModule:UnityEditor.Search:ASIAI0B
Importing 'GUID: 482cbc91dc0a64732a51971fec311d03 - Path: Packages/com.unity.xr.arfoundation/Runtime/ARSubsystems/Common/Supported.cs - Importer: ScriptedImporter/UnityEditor.QuickSearchModule:UnityEditor.Search:ASIAI0B' with importer (ScriptedImporter : UnityEditor.QuickSearchModule:UnityEditor.Search:ASIAI0B)
Imported 'GUID: 482cbc91dc0a64732a51971fec311d03' -> (Import Result ID: '7923bc279ab13bd5edc863185c617d13') in 0.001 seconds [static and dynamic dependencies]. Details - ImportResultOutputID=252bb31a8ea89dbda5853eaa00f9d542 DependenciesID=e37b6ea2b0cb3aecbc3be092acfeb55c StaticDependenciesID=7c29b78eb88da12e8bda662ea6268842 
Number of updated asset objects reloaded before import = 0
Number of asset objects unloaded after import = 0
========================================================================
Received Import Request.
  Time of request: 2026-09-01T06:19:52.624101Z
  Time since last request: 0.00018875 seconds.
  importAddress: GUID: 4c7a07faaf34140708cb288739abd8df - Path: Packages/com.unity.xr.arfoundation/Runtime/InternalUtils/AssemblyInfo.cs - Importer: ScriptedImporter/UnityEditor.QuickSearchModule:UnityEditor.Search:ASIAI0B
Importing 'GUID: 4c7a07faaf34140708cb288739abd8df - Path: Packages/com.unity.xr.arfoundation/Runtime/InternalUtils/AssemblyInfo.cs - Importer: ScriptedImporter/UnityEditor.QuickSearchModule:UnityEditor.Search:ASIAI0B' with importer (ScriptedImporter : UnityEditor.QuickSearchModule:UnityEditor.Search:ASIAI0B)
Imported 'GUID: 4c7a07faaf34140708cb288739abd8df' -> (Import Result ID: '0ed31c43ff42eb7746e77495c7062eb7') in 0.002 seconds [static and dynamic dependencies]. Details - ImportResultOutputID=3546cbbf0eff8dfd102e9eea945b5ce3 DependenciesID=2b9f3ce84cd84caaa98d2fa4c51e3453 StaticDependenciesID=9b35946e8f6efc106970287c6a2151f5 
Number of updated asset objects reloaded before import = 0
Number of asset objects unloaded after import = 0
========================================================================
Received Import Request.
  Time of request: 2026-09-01T06:19:52.626441Z
  Time since last request: 0.000181542 seconds.
  importAddress: GUID: cfb2d2940cd94f0197e34d7e20c58215 - Path: Packages/com.unity.xr.arfoundation/Runtime/ARFoundation/Occlusion/AROcclusionShaderMode.cs - Importer: ScriptedImporter/UnityEditor.QuickSearchModule:UnityEditor.Search:ASIAI0B
Importing 'GUID: cfb2d2940cd94f0197e34d7e20c58215 - Path: Packages/com.unity.xr.arfoundation/Runtime/ARFoundation/Occlusion/AROcclusionShaderMode.cs - Importer: ScriptedImporter/UnityEditor.QuickSearchModule:UnityEditor.Search:ASIAI0B' with importer (ScriptedImporter : UnityEditor.QuickSearchModule:UnityEditor.Search:ASIAI0B)
Imported 'GUID: cfb2d2940cd94f0197e34d7e20c58215' -> (Import Result ID: 'be5d6c4586e846605f81e5cd8458c2ed') in 0.001 seconds [static and dynamic dependencies]. Details - ImportResultOutputID=fa98784c4404e65686c2b01ed0681f8b DependenciesID=030b5aac82e42a7429974bcc8ed48f0d StaticDependenciesID=88063809e969194a1fd4b9a08aee2834 
Number of updated asset objects reloaded before import = 0
Number of asset objects unloaded after import = 0
========================================================================
Received Import Request.
  Time of request: 2026-09-01T06:19:52.627834Z
  Time since last request: 0.000196042 seconds.
  importAddress: GUID: 93d70cfaa3270d94cadadc3e54ee7f1f - Path: Packages/com.unity.xr.arfoundation/Runtime/ARSubsystems/Planes - Importer: ScriptedImporter/UnityEditor.QuickSearchModule:UnityEditor.Search:ASIAI0B
Importing 'GUID: 93d70cfaa3270d94cadadc3e54ee7f1f - Path: Packages/com.unity.xr.arfoundation/Runtime/ARSubsystems/Planes - Importer: ScriptedImporter/UnityEditor.QuickSearchModule:UnityEditor.Search:ASIAI0B' with importer (ScriptedImporter : UnityEditor.QuickSearchModule:UnityEditor.Search:ASIAI0B)
Imported 'GUID: 93d70cfaa3270d94cadadc3e54ee7f1f' -> (Import Result ID: 'c4fb4844aec5dfdf32924d339fdace5e') in 0.001 seconds [static and dynamic dependencies]. Details - ImportResultOutputID=ce399d5d7065ad4e3838cce78749da0a DependenciesID=51a7055e79ca026748c05bf152906365 StaticDependenciesID=4e63a7e1be4e7b808961c536d33427c5 
Number of updated asset objects reloaded before import = 0
Number of asset objects unloaded after import = 1
========================================================================
Received Import Request.
  Time of request: 2026-09-01T06:19:52.628993Z
  Time since last request: 0.000155542 seconds.
  importAddress: GUID: 6c8ef91e0e634cea83ed2edd138ef922 - Path: Packages/com.unity.xr.arfoundation/Runtime/VisualScripting/Units/Events/EventUnits/ARPlanesChangedEventUnit.cs - Importer: ScriptedImporter/UnityEditor.QuickSearchModule:UnityEditor.Search:ASIAI0B
Importing 'GUID: 6c8ef91e0e634cea83ed2edd138ef922 - Path: Packages/com.unity.xr.arfoundation/Runtime/VisualScripting/Units/Events/EventUnits/ARPlanesChangedEventUnit.cs - Importer: ScriptedImporter/UnityEditor.QuickSearchModule:UnityEditor.Search:ASIAI0B' with importer (ScriptedImporter : UnityEditor.QuickSearchModule:UnityEditor.Search:ASIAI0B)
Imported 'GUID: 6c8ef91e0e634cea83ed2edd138ef922' -> (Import Result ID: '081ae965306cfa0c38b0cfef4a3d8f4b') in 0.001 seconds [static and dynamic dependencies]. Details - ImportResultOutputID=31c7bf6376fb7f09578bde54d594adb8 DependenciesID=859f5c1638d1f8fe77f93f44f6b496ea StaticDependenciesID=baf38d94ae216fc936eb69570cb3263b 
Number of updated asset objects reloaded before import = 0
Number of asset objects unloaded after import = 0
========================================================================
Received Import Request.
  Time of request: 2026-09-01T06:19:52.630188Z
  Time since last request: 0.000182458 seconds.
  importAddress: GUID: f3f648ab7bfdc5b4b85349b78470080b - Path: Packages/com.unity.xr.arfoundation/Runtime/Simulation/Environment/SimulatedBoundingBox.cs - Importer: ScriptedImporter/UnityEditor.QuickSearchModule:UnityEditor.Search:ASIAI0B
Importing 'GUID: f3f648ab7bfdc5b4b85349b78470080b - Path: Packages/com.unity.xr.arfoundation/Runtime/Simulation/Environment/SimulatedBoundingBox.cs - Importer: ScriptedImporter/UnityEditor.QuickSearchModule:UnityEditor.Search:ASIAI0B' with importer (ScriptedImporter : UnityEditor.QuickSearchModule:UnityEditor.Search:ASIAI0B)
Imported 'GUID: f3f648ab7bfdc5b4b85349b78470080b' -> (Import Result ID: 'a892870642b0d4972a5ce51d2daa24ec') in 0.001 seconds [static and dynamic dependencies]. Details - ImportResultOutputID=552cd85f884e7f22662bf6b008d1c02f DependenciesID=d2edc70a22e78a5f7753d672facd0d2d StaticDependenciesID=bdad51f2f65143f8b8005b78bed02fc2 
Number of updated asset objects reloaded before import = 0
Number of asset objects unloaded after import = 0
========================================================================
Received Import Request.
  Time of request: 2026-09-01T06:19:52.631593Z
  Time since last request: 0.000327041 seconds.
  importAddress: GUID: 1c82b835d2bd74c728d18b3b6269931a - Path: Packages/com.unity.xr.arkit/Runtime/ImageTracking/ARKitImageDatabase.cs - Importer: ScriptedImporter/UnityEditor.QuickSearchModule:UnityEditor.Search:ASIAI0B
Importing 'GUID: 1c82b835d2bd74c728d18b3b6269931a - Path: Packages/com.unity.xr.arkit/Runtime/ImageTracking/ARKitImageDatabase.cs - Importer: ScriptedImporter/UnityEditor.QuickSearchModule:UnityEditor.Search:ASIAI0B' with importer (ScriptedImporter : UnityEditor.QuickSearchModule:UnityEditor.Search:ASIAI0B)
Imported 'GUID: 1c82b835d2bd74c728d18b3b6269931a' -> (Import Result ID: '56418448b1ab3774b151327e0da6b4f9') in 0.001 seconds [static and dynamic dependencies]. Details - ImportResultOutputID=8fa056d6e36da5300a4fbe8e52933e33 DependenciesID=2c6124c6f02e31178297946e38499173 StaticDependenciesID=cc5a2107ab05697908f1bdbf94da75fa 
Number of updated asset objects reloaded before import = 0
Number of asset objects unloaded after import = 0
========================================================================
Received Import Request.
  Time of request: 2026-09-01T06:19:52.632948Z
  Time since last request: 0.000170375 seconds.
  importAddress: GUID: 1aa5d403eadbb4c6189869d1065dc401 - Path: Packages/com.unity.xr.arfoundation/Tests/Runtime/ARFoundation/SessionSubsystem - Importer: ScriptedImporter/UnityEditor.QuickSearchModule:UnityEditor.Search:ASIAI0B
Importing 'GUID: 1aa5d403eadbb4c6189869d1065dc401 - Path: Packages/com.unity.xr.arfoundation/Tests/Runtime/ARFoundation/SessionSubsystem - Importer: ScriptedImporter/UnityEditor.QuickSearchModule:UnityEditor.Search:ASIAI0B' with importer (ScriptedImporter : UnityEditor.QuickSearchModule:UnityEditor.Search:ASIAI0B)
Imported 'GUID: 1aa5d403eadbb4c6189869d1065dc401' -> (Import Result ID: 'df0e1a5f06b30344671bf6c0eea12000') in 0.001 seconds [static and dynamic dependencies]. Details - ImportResultOutputID=e87b9ace3b1205e47d4b67e50c1c586a DependenciesID=31771edb57694754df86635c80d15a7e StaticDependenciesID=11f7dc6d985dd6a4fea8e17ff68a78d9 
Number of updated asset objects reloaded before import = 0
Number of asset objects unloaded after import = 1
========================================================================
Received Import Request.
  Time of request: 2026-09-01T06:19:52.634309Z
  Time since last request: 0.000352916 seconds.
  importAddress: GUID: ff166fdc2e0be4d3aaf8dd13236d19ac - Path: Packages/com.unity.xr.arfoundation/Tests/Runtime/CodeSamples/ARSessionSamples.cs - Importer: ScriptedImporter/UnityEditor.QuickSearchModule:UnityEditor.Search:ASIAI0B
Importing 'GUID: ff166fdc2e0be4d3aaf8dd13236d19ac - Path: Packages/com.unity.xr.arfoundation/Tests/Runtime/CodeSamples/ARSessionSamples.cs - Importer: ScriptedImporter/UnityEditor.QuickSearchModule:UnityEditor.Search:ASIAI0B' with importer (ScriptedImporter : UnityEditor.QuickSearchModule:UnityEditor.Search:ASIAI0B)
Imported 'GUID: ff166fdc2e0be4d3aaf8dd13236d19ac' -> (Import Result ID: '80a7067c3542efdbb6027e4d9bbbee17') in 0.001 seconds [static and dynamic dependencies]. Details - ImportResultOutputID=8016e9b71f9d5ee9bbcb914d6f9a65ef DependenciesID=b97ca59b267e489b3e3cd75eec2cf710 StaticDependenciesID=4af06ddbcc6a912fa52d00990080b2fb 
Number of updated asset objects reloaded before import = 0
Number of asset objects unloaded after import = 0
========================================================================
Received Import Request.
  Time of request: 2026-09-01T06:19:52.641093Z
  Time since last request: 0.005762542 seconds.
  importAddress: GUID: 77f3de98bb2d643e993890cccb91b92e - Path: Packages/com.unity.xr.arfoundation/Runtime/ARFoundation/EnvironmentProbes - Importer: ScriptedImporter/UnityEditor.QuickSearchModule:UnityEditor.Search:ASIAI0B
Importing 'GUID: 77f3de98bb2d643e993890cccb91b92e - Path: Packages/com.unity.xr.arfoundation/Runtime/ARFoundation/EnvironmentProbes - Importer: ScriptedImporter/UnityEditor.QuickSearchModule:UnityEditor.Search:ASIAI0B' with importer (ScriptedImporter : UnityEditor.QuickSearchModule:UnityEditor.Search:ASIAI0B)
Imported 'GUID: 77f3de98bb2d643e993890cccb91b92e' -> (Import Result ID: '081eedc7d2834679cfc3261b848db0c5') in 0.001 seconds [static and dynamic dependencies]. Details - ImportResultOutputID=ccb605ff9e9bc213ac18e098b123922e DependenciesID=44496f2a997433aa16c7b50e5d056b1e StaticDependenciesID=c7ac27e5e84e5bef36d613383c715dd7 
Number of updated asset objects reloaded before import = 0
Number of asset objects unloaded after import = 1
========================================================================
Received Import Request.
  Time of request: 2026-09-01T06:19:52.643024Z
  Time since last request: 0.000308666 seconds.
  importAddress: GUID: 1d1fab4015cac46c08cbc1fe0a1eb0c2 - Path: Packages/com.unity.xr.arfoundation/Assets/Materials/UnlitBlack.mat - Importer: ScriptedImporter/UnityEditor.QuickSearchModule:UnityEditor.Search:ASIAI0B
Importing 'GUID: 1d1fab4015cac46c08cbc1fe0a1eb0c2 - Path: Packages/com.unity.xr.arfoundation/Assets/Materials/UnlitBlack.mat - Importer: ScriptedImporter/UnityEditor.QuickSearchModule:UnityEditor.Search:ASIAI0B' with importer (ScriptedImporter : UnityEditor.QuickSearchModule:UnityEditor.Search:ASIAI0B)
Imported 'GUID: 1d1fab4015cac46c08cbc1fe0a1eb0c2' -> (Import Result ID: '000936f3e9539bb2edd7b2501008d857') in 0.002 seconds [static and dynamic dependencies]. Details - ImportResultOutputID=c5cfefd55f1ba0a7bbbd4cb8edb285c2 DependenciesID=3409c20fc74183274a97cd2a44b1f2b5 StaticDependenciesID=3c9ba4af85581119ff3b69a620b44112 
Number of updated asset objects reloaded before import = 0
Number of asset objects unloaded after import = 1
========================================================================
Received Import Request.
  Time of request: 2026-09-01T06:19:52.645672Z
  Time since last request: 0.000168875 seconds.
  importAddress: GUID: 8385b3fd6fb9464d87c8eda08759a054 - Path: Packages/com.unity.xr.arfoundation/Runtime/Simulation/Subsystems/CpuImage/SimulationImageInfo.cs - Importer: ScriptedImporter/UnityEditor.QuickSearchModule:UnityEditor.Search:ASIAI0B
Importing 'GUID: 8385b3fd6fb9464d87c8eda08759a054 - Path: Packages/com.unity.xr.arfoundation/Runtime/Simulation/Subsystems/CpuImage/SimulationImageInfo.cs - Importer: ScriptedImporter/UnityEditor.QuickSearchModule:UnityEditor.Search:ASIAI0B' with importer (ScriptedImporter : UnityEditor.QuickSearchModule:UnityEditor.Search:ASIAI0B)
Imported 'GUID: 8385b3fd6fb9464d87c8eda08759a054' -> (Import Result ID: 'cff1b93f9207882a5608569318b69d99') in 0.001 seconds [static and dynamic dependencies]. Details - ImportResultOutputID=e4619b1bd79d6a6288cb4febc4c53d43 DependenciesID=ff7c9c14f8f816adf8624463be3ec6be StaticDependenciesID=9e4cc72962e93a20cc16a3564933d640 
Number of updated asset objects reloaded before import = 0
Number of asset objects unloaded after import = 0
========================================================================
Received Import Request.
  Time of request: 2026-09-01T06:19:52.647304Z
  Time since last request: 0.000247375 seconds.
  importAddress: GUID: c6040b2ef0eea3e4690c8f396327a605 - Path: Packages/com.unity.xr.arfoundation/Runtime/ARSubsystems/Camera/XRCameraTorchMode.cs - Importer: ScriptedImporter/UnityEditor.QuickSearchModule:UnityEditor.Search:ASIAI0B
Importing 'GUID: c6040b2ef0eea3e4690c8f396327a605 - Path: Packages/com.unity.xr.arfoundation/Runtime/ARSubsystems/Camera/XRCameraTorchMode.cs - Importer: ScriptedImporter/UnityEditor.QuickSearchModule:UnityEditor.Search:ASIAI0B' with importer (ScriptedImporter : UnityEditor.QuickSearchModule:UnityEditor.Search:ASIAI0B)
Imported 'GUID: c6040b2ef0eea3e4690c8f396327a605' -> (Import Result ID: '4817bffcc26be3f304df17f79f5f0464') in 0.001 seconds [static and dynamic dependencies]. Details - ImportResultOutputID=95f408bb589a2737ecd7c78ed820ef20 DependenciesID=0eb94e1c2eb25b5e5ebd917434968e3f StaticDependenciesID=0d70f17a3dddd0ed8d427cb5cf09a813 
Number of updated asset objects reloaded before import = 0
Number of asset objects unloaded after import = 0
========================================================================
Received Import Request.
  Time of request: 2026-09-01T06:19:52.648781Z
  Time since last request: 0.000206917 seconds.
  importAddress: GUID: bf3bd492997dd7d4c98efa9c5727705d - Path: Packages/com.unity.xr.arfoundation/Editor/ARFoundation/PlaneDetectionModeAttributeDrawer.cs - Importer: ScriptedImporter/UnityEditor.QuickSearchModule:UnityEditor.Search:ASIAI0B
Importing 'GUID: bf3bd492997dd7d4c98efa9c5727705d - Path: Packages/com.unity.xr.arfoundation/Editor/ARFoundation/PlaneDetectionModeAttributeDrawer.cs - Importer: ScriptedImporter/UnityEditor.QuickSearchModule:UnityEditor.Search:ASIAI0B' with importer (ScriptedImporter : UnityEditor.QuickSearchModule:UnityEditor.Search:ASIAI0B)
Imported 'GUID: bf3bd492997dd7d4c98efa9c5727705d' -> (Import Result ID: 'b854ada1371fb1869d41d8f226c3c518') in 0.001 seconds [static and dynamic dependencies]. Details - ImportResultOutputID=5ba97047fe8306f5600b9a90e6cf884f DependenciesID=669d42da7d8cbd5cf8d8e0ca986980fb StaticDependenciesID=56342144039c95ca11d195d5d605653f 
Number of updated asset objects reloaded before import = 0
Number of asset objects unloaded after import = 0
========================================================================
Received Import Request.
  Time of request: 2026-09-01T06:19:52.650257Z
  Time since last request: 0.000171417 seconds.
  importAddress: GUID: dd9661578791045f4b67a179382f893d - Path: Packages/com.unity.xr.arfoundation/Runtime/ARSubsystems/Common/Textures/XRCpuImage/AsyncConversion.cs - Importer: ScriptedImporter/UnityEditor.QuickSearchModule:UnityEditor.Search:ASIAI0B
Importing 'GUID: dd9661578791045f4b67a179382f893d - Path: Packages/com.unity.xr.arfoundation/Runtime/ARSubsystems/Common/Textures/XRCpuImage/AsyncConversion.cs - Importer: ScriptedImporter/UnityEditor.QuickSearchModule:UnityEditor.Search:ASIAI0B' with importer (ScriptedImporter : UnityEditor.QuickSearchModule:UnityEditor.Search:ASIAI0B)
Imported 'GUID: dd9661578791045f4b67a179382f893d' -> (Import Result ID: '76bd204fddb585955c132e2fc1c54f08') in 0.001 seconds [static and dynamic dependencies]. Details - ImportResultOutputID=cb674f9d1945689f58e0d3ed4b30746a DependenciesID=20fbbb4ca9372058afcdcf4e706a3449 StaticDependenciesID=efaa94a6ad0a9468ab37c41898e7ba70 
Number of updated asset objects reloaded before import = 0
Number of asset objects unloaded after import = 0
========================================================================
Received Import Request.
  Time of request: 2026-09-01T06:19:52.651647Z
  Time since last request: 0.000200125 seconds.
  importAddress: GUID: b5c2bae8918810248a6f4832c52cc7cd - Path: Packages/com.unity.xr.arfoundation/CHANGELOG.md - Importer: ScriptedImporter/UnityEditor.QuickSearchModule:UnityEditor.Search:ASIAI0B
Importing 'GUID: b5c2bae8918810248a6f4832c52cc7cd - Path: Packages/com.unity.xr.arfoundation/CHANGELOG.md - Importer: ScriptedImporter/UnityEditor.QuickSearchModule:UnityEditor.Search:ASIAI0B' with importer (ScriptedImporter : UnityEditor.QuickSearchModule:UnityEditor.Search:ASIAI0B)
Imported 'GUID: b5c2bae8918810248a6f4832c52cc7cd' -> (Import Result ID: '80c9cdaf97f4cf20636d9b877d28e66e') in 0.001 seconds [static and dynamic dependencies]. Details - ImportResultOutputID=f2b48449063e951e2f3df5d245d3fa21 DependenciesID=185303a87cb6992855aecc34f78723e2 StaticDependenciesID=cda3861e7eec6756ddb8609ad29380dd 
Number of updated asset objects reloaded before import = 0
Number of asset objects unloaded after import = 1
========================================================================
Received Import Request.
  Time of request: 2026-09-01T06:19:52.653339Z
  Time since last request: 0.000178334 seconds.
  importAddress: GUID: 9e46552017bcb4589bcb9664adc3eaf1 - Path: Packages/com.unity.xr.arfoundation/Runtime/InternalUtils/Unity.XR.ARFoundation.InternalUtils.asmdef - Importer: ScriptedImporter/UnityEditor.QuickSearchModule:UnityEditor.Search:ASIAI0B
Importing 'GUID: 9e46552017bcb4589bcb9664adc3eaf1 - Path: Packages/com.unity.xr.arfoundation/Runtime/InternalUtils/Unity.XR.ARFoundation.InternalUtils.asmdef - Importer: ScriptedImporter/UnityEditor.QuickSearchModule:UnityEditor.Search:ASIAI0B' with importer (ScriptedImporter : UnityEditor.QuickSearchModule:UnityEditor.Search:ASIAI0B)
Imported 'GUID: 9e46552017bcb4589bcb9664adc3eaf1' -> (Import Result ID: '61bc839abfd9a1348495822f16670523') in 0.001 seconds [static and dynamic dependencies]. Details - ImportResultOutputID=b2c1832fecdff5a1cabb022b13c2d5df DependenciesID=84f2e726119671364686a8c72ebb12a7 StaticDependenciesID=34fd7697f7c801b90e902d314dc3bdd8 
Number of updated asset objects reloaded before import = 0
Number of asset objects unloaded after import = 1
========================================================================
Received Import Request.
  Time of request: 2026-09-01T06:19:52.654751Z
  Time since last request: 0.000222583 seconds.
  importAddress: GUID: f50a736f6d33a44cb9d793c29c225733 - Path: Packages/com.unity.xr.arfoundation/Tests/Editor/XRSimulation/Unity.XR.Simulation.Editor.Tests.asmdef - Importer: ScriptedImporter/UnityEditor.QuickSearchModule:UnityEditor.Search:ASIAI0B
Importing 'GUID: f50a736f6d33a44cb9d793c29c225733 - Path: Packages/com.unity.xr.arfoundation/Tests/Editor/XRSimulation/Unity.XR.Simulation.Editor.Tests.asmdef - Importer: ScriptedImporter/UnityEditor.QuickSearchModule:UnityEditor.Search:ASIAI0B' with importer (ScriptedImporter : UnityEditor.QuickSearchModule:UnityEditor.Search:ASIAI0B)
Imported 'GUID: f50a736f6d33a44cb9d793c29c225733' -> (Import Result ID: 'ecfaed8319984012636801e27114e2e8') in 0.001 seconds [static and dynamic dependencies]. Details - ImportResultOutputID=badb569228dfbfa17408e9827393aed8 DependenciesID=342a6f7094ed4c3c183c994a6e16a7b5 StaticDependenciesID=3d2b25db4aec944d68cff7a55f68c0fc 
Number of updated asset objects reloaded before import = 0
Number of asset objects unloaded after import = 1
========================================================================
Received Import Request.
  Time of request: 2026-09-01T06:19:52.656241Z
  Time since last request: 0.000316833 seconds.
  importAddress: GUID: 5e3f5e0525cf647ac8eeff14005f7194 - Path: Packages/com.unity.xr.arfoundation/Runtime/ARFoundation/Common/HelpUrlAttribute.cs - Importer: ScriptedImporter/UnityEditor.QuickSearchModule:UnityEditor.Search:ASIAI0B
Importing 'GUID: 5e3f5e0525cf647ac8eeff14005f7194 - Path: Packages/com.unity.xr.arfoundation/Runtime/ARFoundation/Common/HelpUrlAttribute.cs - Importer: ScriptedImporter/UnityEditor.QuickSearchModule:UnityEditor.Search:ASIAI0B' with importer (ScriptedImporter : UnityEditor.QuickSearchModule:UnityEditor.Search:ASIAI0B)
Imported 'GUID: 5e3f5e0525cf647ac8eeff14005f7194' -> (Import Result ID: '477df280254daa37815e548911825c37') in 0.001 seconds [static and dynamic dependencies]. Details - ImportResultOutputID=4179f5c1e69a98b25dda051a8a955342 DependenciesID=18e81be5c4527ad70f8929479ffb320d StaticDependenciesID=37661260f47c31eb8696eb37940a3f89 
Number of updated asset objects reloaded before import = 0
Number of asset objects unloaded after import = 0
========================================================================
Received Import Request.
  Time of request: 2026-09-01T06:19:52.657595Z
  Time since last request: 0.000184125 seconds.
  importAddress: GUID: 5247b711856f6410ab25a02761cfb254 - Path: Packages/com.unity.xr.arfoundation/Editor/ARFoundation/Analytics - Importer: ScriptedImporter/UnityEditor.QuickSearchModule:UnityEditor.Search:ASIAI0B
Importing 'GUID: 5247b711856f6410ab25a02761cfb254 - Path: Packages/com.unity.xr.arfoundation/Editor/ARFoundation/Analytics - Importer: ScriptedImporter/UnityEditor.QuickSearchModule:UnityEditor.Search:ASIAI0B' with importer (ScriptedImporter : UnityEditor.QuickSearchModule:UnityEditor.Search:ASIAI0B)
Imported 'GUID: 5247b711856f6410ab25a02761cfb254' -> (Import Result ID: '95a028ead19d81b3960487ed754f165d') in 0.001 seconds [static and dynamic dependencies]. Details - ImportResultOutputID=5c3815dd41b269e4cd4c6390d8130c4a DependenciesID=0eb732aa49c93fb72c56bd9ab8ab3bec StaticDependenciesID=3585e258b20d63ae997f76b20eafc3e3 
Number of updated asset objects reloaded before import = 0
Number of asset objects unloaded after import = 1
========================================================================
Received Import Request.
  Time of request: 2026-09-01T06:19:52.65873Z
  Time since last request: 0.000184375 seconds.
  importAddress: GUID: d0d2d5c8fb8fa47d6a23ffb79dbafbd7 - Path: Packages/com.unity.xr.arfoundation/Runtime/ARSubsystems/Planes/PlaneClassification.deprecated.cs - Importer: ScriptedImporter/UnityEditor.QuickSearchModule:UnityEditor.Search:ASIAI0B
Importing 'GUID: d0d2d5c8fb8fa47d6a23ffb79dbafbd7 - Path: Packages/com.unity.xr.arfoundation/Runtime/ARSubsystems/Planes/PlaneClassification.deprecated.cs - Importer: ScriptedImporter/UnityEditor.QuickSearchModule:UnityEditor.Search:ASIAI0B' with importer (ScriptedImporter : UnityEditor.QuickSearchModule:UnityEditor.Search:ASIAI0B)
Imported 'GUID: d0d2d5c8fb8fa47d6a23ffb79dbafbd7' -> (Import Result ID: '34f0100d498a57a7954b87f2bafb9e35') in 0.001 seconds [static and dynamic dependencies]. Details - ImportResultOutputID=4afde65140e36d38e2e4c29084ebca53 DependenciesID=9b74175760ca705a21247ba3061ed453 StaticDependenciesID=70768e15f8ff01cce6e94a2a1bde6b79 
Number of updated asset objects reloaded before import = 0
Number of asset objects unloaded after import = 0
========================================================================
Received Import Request.
  Time of request: 2026-09-01T06:19:52.65996Z
  Time since last request: 0.000243292 seconds.
  importAddress: GUID: f341c03eb57147faaf8c02fb6ed03081 - Path: Packages/com.unity.xr.arfoundation/Tests/Runtime/XRSimulation/SimulationEnvironmentTests.cs - Importer: ScriptedImporter/UnityEditor.QuickSearchModule:UnityEditor.Search:ASIAI0B
Importing 'GUID: f341c03eb57147faaf8c02fb6ed03081 - Path: Packages/com.unity.xr.arfoundation/Tests/Runtime/XRSimulation/SimulationEnvironmentTests.cs - Importer: ScriptedImporter/UnityEditor.QuickSearchModule:UnityEditor.Search:ASIAI0B' with importer (ScriptedImporter : UnityEditor.QuickSearchModule:UnityEditor.Search:ASIAI0B)
Imported 'GUID: f341c03eb57147faaf8c02fb6ed03081' -> (Import Result ID: '05c40e7ef41f0d95390389e0006d6d2b') in 0.001 seconds [static and dynamic dependencies]. Details - ImportResultOutputID=f3d8b4eab93ed4798f045da4eb056eec DependenciesID=8af5c7d6b493599aa441fa4ad23f01fe StaticDependenciesID=2bb49980c0df41d4d1b02612ad8501ed 
Number of updated asset objects reloaded before import = 0
Number of asset objects unloaded after import = 0
========================================================================
Received Import Request.
  Time of request: 2026-09-01T06:19:52.661251Z
  Time since last request: 0.000197375 seconds.
  importAddress: GUID: 3e045cf8959f643558adb056d03907b8 - Path: Packages/com.unity.xr.arfoundation/Runtime/Simulation/Plugins - Importer: ScriptedImporter/UnityEditor.QuickSearchModule:UnityEditor.Search:ASIAI0B
Importing 'GUID: 3e045cf8959f643558adb056d03907b8 - Path: Packages/com.unity.xr.arfoundation/Runtime/Simulation/Plugins - Importer: ScriptedImporter/UnityEditor.QuickSearchModule:UnityEditor.Search:ASIAI0B' with importer (ScriptedImporter : UnityEditor.QuickSearchModule:UnityEditor.Search:ASIAI0B)
Imported 'GUID: 3e045cf8959f643558adb056d03907b8' -> (Import Result ID: '977bc8c1d05ddf568d42e7547eaa9d79') in 0.001 seconds [static and dynamic dependencies]. Details - ImportResultOutputID=a43aac7553a5e7cbfe37ea6628560037 DependenciesID=8ffe49e3e43f0d5b4f5b7ad1b1c95d77 StaticDependenciesID=6b3d1124c3d19c4b0097d536eeae57a3 
Number of updated asset objects reloaded before import = 0
Number of asset objects unloaded after import = 1
========================================================================
Received Import Request.
  Time of request: 2026-09-01T06:19:52.662457Z
  Time since last request: 0.000174417 seconds.
  importAddress: GUID: f1d1858039fac4b6294ee85881997ed1 - Path: Packages/com.unity.xr.arfoundation/Runtime/Simulation/Plugins/linux/XRSimulationSubsystem.so - Importer: ScriptedImporter/UnityEditor.QuickSearchModule:UnityEditor.Search:ASIAI0B
Importing 'GUID: f1d1858039fac4b6294ee85881997ed1 - Path: Packages/com.unity.xr.arfoundation/Runtime/Simulation/Plugins/linux/XRSimulationSubsystem.so - Importer: ScriptedImporter/UnityEditor.QuickSearchModule:UnityEditor.Search:ASIAI0B' with importer (ScriptedImporter : UnityEditor.QuickSearchModule:UnityEditor.Search:ASIAI0B)
Imported 'GUID: f1d1858039fac4b6294ee85881997ed1' -> (Import Result ID: 'f2d2e6452183f1c52a1506ec2fd4a9c2') in 0.001 seconds [static and dynamic dependencies]. Details - ImportResultOutputID=86c96fc8939b40de5a2d230076c8ca64 DependenciesID=ae85b6a921afad949aa81cecb72313ac StaticDependenciesID=748dc10eb25cdae9b4c475cfb2d7cea6 
Number of updated asset objects reloaded before import = 0
Number of asset objects unloaded after import = 0
========================================================================
Received Import Request.
  Time of request: 2026-09-01T06:19:52.664181Z
  Time since last request: 0.000267667 seconds.
  importAddress: GUID: 908d8aeb189642008cd17888d4339a0b - Path: Packages/com.unity.xr.arfoundation/Runtime/ARSubsystems/BoundingBoxes/XRBoundingBoxSubsystem.cs - Importer: ScriptedImporter/UnityEditor.QuickSearchModule:UnityEditor.Search:ASIAI0B
Importing 'GUID: 908d8aeb189642008cd17888d4339a0b - Path: Packages/com.unity.xr.arfoundation/Runtime/ARSubsystems/BoundingBoxes/XRBoundingBoxSubsystem.cs - Importer: ScriptedImporter/UnityEditor.QuickSearchModule:UnityEditor.Search:ASIAI0B' with importer (ScriptedImporter : UnityEditor.QuickSearchModule:UnityEditor.Search:ASIAI0B)
Imported 'GUID: 908d8aeb189642008cd17888d4339a0b' -> (Import Result ID: '0c9f527485a789f6cf51529ece7d08b6') in 0.001 seconds [static and dynamic dependencies]. Details - ImportResultOutputID=20868c01ee4b28629a266455405cadde DependenciesID=a46fcadf4840201acc20e1824d008c53 StaticDependenciesID=fdd1a87685f7917522333424169f6f64 
Number of updated asset objects reloaded before import = 0
Number of asset objects unloaded after import = 0
========================================================================
Received Import Request.
  Time of request: 2026-09-01T06:19:52.665519Z
  Time since last request: 0.000189416 seconds.
  importAddress: GUID: f020388ffd8bf4d248011c2eee833b55 - Path: Packages/com.unity.xr.arfoundation/Runtime/ARFoundation/Anchors - Importer: ScriptedImporter/UnityEditor.QuickSearchModule:UnityEditor.Search:ASIAI0B
Importing 'GUID: f020388ffd8bf4d248011c2eee833b55 - Path: Packages/com.unity.xr.arfoundation/Runtime/ARFoundation/Anchors - Importer: ScriptedImporter/UnityEditor.QuickSearchModule:UnityEditor.Search:ASIAI0B' with importer (ScriptedImporter : UnityEditor.QuickSearchModule:UnityEditor.Search:ASIAI0B)
Imported 'GUID: f020388ffd8bf4d248011c2eee833b55' -> (Import Result ID: '2032ab8e09e5ab63e3ec8d6cbf80f21c') in 0.001 seconds [static and dynamic dependencies]. Details - ImportResultOutputID=bd315a12e4267242d16a1153cfe65d33 DependenciesID=d39e043cfb1a9c4c35f0feb44268faed StaticDependenciesID=2b0965490f779e44aee92e64d8a6b433 
Number of updated asset objects reloaded before import = 0
Number of asset objects unloaded after import = 1
========================================================================
Received Import Request.
  Time of request: 2026-09-01T06:19:52.666806Z
  Time since last request: 0.000308875 seconds.
  importAddress: GUID: 03a26706765da43c5bdbca1f4258f041 - Path: Packages/com.unity.xr.arkit/Editor/ProjectValidation/ARKitProjectValidationRules.cs - Importer: ScriptedImporter/UnityEditor.QuickSearchModule:UnityEditor.Search:ASIAI0B
Importing 'GUID: 03a26706765da43c5bdbca1f4258f041 - Path: Packages/com.unity.xr.arkit/Editor/ProjectValidation/ARKitProjectValidationRules.cs - Importer: ScriptedImporter/UnityEditor.QuickSearchModule:UnityEditor.Search:ASIAI0B' with importer (ScriptedImporter : UnityEditor.QuickSearchModule:UnityEditor.Search:ASIAI0B)
Imported 'GUID: 03a26706765da43c5bdbca1f4258f041' -> (Import Result ID: '63a62def55e19b8d377b92353ef1e2b0') in 0.001 seconds [static and dynamic dependencies]. Details - ImportResultOutputID=62f83a87daae7093e75cf9963587fb16 DependenciesID=b2f6097221692f5ce5c0e0ec6f07b731 StaticDependenciesID=f17c3969c4b85ce46673146e80bbdab3 
Number of updated asset objects reloaded before import = 0
Number of asset objects unloaded after import = 0
========================================================================
Received Import Request.
  Time of request: 2026-09-01T06:19:52.668102Z
  Time since last request: 0.000197209 seconds.
  importAddress: GUID: 50df7590cd5b34120b7440cf1534a235 - Path: Packages/com.unity.xr.arkit/Editor/Cli.cs - Importer: ScriptedImporter/UnityEditor.QuickSearchModule:UnityEditor.Search:ASIAI0B
Importing 'GUID: 50df7590cd5b34120b7440cf1534a235 - Path: Packages/com.unity.xr.arkit/Editor/Cli.cs - Importer: ScriptedImporter/UnityEditor.QuickSearchModule:UnityEditor.Search:ASIAI0B' with importer (ScriptedImporter : UnityEditor.QuickSearchModule:UnityEditor.Search:ASIAI0B)
Imported 'GUID: 50df7590cd5b34120b7440cf1534a235' -> (Import Result ID: '52b53c3dd974cda185330faffaaef871') in 0.001 seconds [static and dynamic dependencies]. Details - ImportResultOutputID=b9ef2cd6c7486061dbcc57cef50f001c DependenciesID=624ec23b1c6165665e82c740043c0998 StaticDependenciesID=da504fa97f0100c3fecdf06ab2ef6428 
Number of updated asset objects reloaded before import = 0
Number of asset objects unloaded after import = 0
========================================================================
Received Import Request.
  Time of request: 2026-09-01T06:19:52.669424Z
  Time since last request: 0.000254834 seconds.
  importAddress: GUID: 4ee91bce8ad984bd1b0e8f817dd7ab84 - Path: Packages/com.unity.xr.arfoundation/Editor/Simulation/Analytics - Importer: ScriptedImporter/UnityEditor.QuickSearchModule:UnityEditor.Search:ASIAI0B
Importing 'GUID: 4ee91bce8ad984bd1b0e8f817dd7ab84 - Path: Packages/com.unity.xr.arfoundation/Editor/Simulation/Analytics - Importer: ScriptedImporter/UnityEditor.QuickSearchModule:UnityEditor.Search:ASIAI0B' with importer (ScriptedImporter : UnityEditor.QuickSearchModule:UnityEditor.Search:ASIAI0B)
Imported 'GUID: 4ee91bce8ad984bd1b0e8f817dd7ab84' -> (Import Result ID: 'b990e47a57e56979560d5042e30db771') in 0.001 seconds [static and dynamic dependencies]. Details - ImportResultOutputID=0605f28c40db12a7ccc20ef56fab2c6b DependenciesID=e46d356dc096e25bb440a7be9b779faf StaticDependenciesID=7aae0df3addc4cb438cbd7fbebd31773 
Number of updated asset objects reloaded before import = 0
Number of asset objects unloaded after import = 1
========================================================================
Received Import Request.
  Time of request: 2026-09-01T06:19:52.670608Z
  Time since last request: 0.00016975 seconds.
  importAddress: GUID: d539d9478961f3a438ce3f7c3301d2d9 - Path: Packages/com.unity.xr.arkit/Runtime/ARWorldMapRequest.cs - Importer: ScriptedImporter/UnityEditor.QuickSearchModule:UnityEditor.Search:ASIAI0B
Importing 'GUID: d539d9478961f3a438ce3f7c3301d2d9 - Path: Packages/com.unity.xr.arkit/Runtime/ARWorldMapRequest.cs - Importer: ScriptedImporter/UnityEditor.QuickSearchModule:UnityEditor.Search:ASIAI0B' with importer (ScriptedImporter : UnityEditor.QuickSearchModule:UnityEditor.Search:ASIAI0B)
Imported 'GUID: d539d9478961f3a438ce3f7c3301d2d9' -> (Import Result ID: '4f9e630a2045634a0c7b10348a77ced4') in 0.001 seconds [static and dynamic dependencies]. Details - ImportResultOutputID=a21e80e7fdf7df306057d78731156c00 DependenciesID=f8be371bcc8e5cdf81ca7fc069287d25 StaticDependenciesID=57dbfef3d7bfef129d461c933ab09de2 
Number of updated asset objects reloaded before import = 0
Number of asset objects unloaded after import = 1
========================================================================
Received Import Request.
  Time of request: 2026-09-01T06:19:52.672167Z
  Time since last request: 0.000164333 seconds.
  importAddress: GUID: c5e76041ab3100f488b9e8122b0d7bff - Path: Packages/com.unity.xr.arfoundation/Editor/Icons/d_ViewEnvironment@2x.png - Importer: ScriptedImporter/UnityEditor.QuickSearchModule:UnityEditor.Search:ASIAI0B
Importing 'GUID: c5e76041ab3100f488b9e8122b0d7bff - Path: Packages/com.unity.xr.arfoundation/Editor/Icons/d_ViewEnvironment@2x.png - Importer: ScriptedImporter/UnityEditor.QuickSearchModule:UnityEditor.Search:ASIAI0B' with importer (ScriptedImporter : UnityEditor.QuickSearchModule:UnityEditor.Search:ASIAI0B)
Imported 'GUID: c5e76041ab3100f488b9e8122b0d7bff' -> (Import Result ID: '2ddc466b983e90360ff650a4a0413a16') in 0.003 seconds [static and dynamic dependencies]. Details - ImportResultOutputID=8e58b12bc0dc25babac62cd6bd9a0683 DependenciesID=859112b410cb03ba4fc3823287e6bad6 StaticDependenciesID=581f4f030796c0368dd474aace0ebdf3 
Number of updated asset objects reloaded before import = 0
Number of asset objects unloaded after import = 1
========================================================================
Received Import Request.
  Time of request: 2026-09-01T06:19:52.675206Z
  Time since last request: 0.000185459 seconds.
  importAddress: GUID: e36b1a9f22adf014b86cc28756509ecb - Path: Packages/com.unity.xr.arfoundation/Editor/Icons/ViewEnvironment@2x.png - Importer: ScriptedImporter/UnityEditor.QuickSearchModule:UnityEditor.Search:ASIAI0B
Importing 'GUID: e36b1a9f22adf014b86cc28756509ecb - Path: Packages/com.unity.xr.arfoundation/Editor/Icons/ViewEnvironment@2x.png - Importer: ScriptedImporter/UnityEditor.QuickSearchModule:UnityEditor.Search:ASIAI0B' with importer (ScriptedImporter : UnityEditor.QuickSearchModule:UnityEditor.Search:ASIAI0B)
Imported 'GUID: e36b1a9f22adf014b86cc28756509ecb' -> (Import Result ID: '0abd758b086865a1f003fb121aba73bf') in 0.004 seconds [static and dynamic dependencies]. Details - ImportResultOutputID=32c402ed20bb051ea9b873e4c98671df DependenciesID=2e70fab4e2a0684b6f5d538b25e4c3be StaticDependenciesID=84d11aec4948a79529b16efb1049a66c 
Number of updated asset objects reloaded before import = 0
Number of asset objects unloaded after import = 1
========================================================================
Received Import Request.
  Time of request: 2026-09-01T06:19:52.679512Z
  Time since last request: 0.000206875 seconds.
  importAddress: GUID: f5697fc12f967458b8d109ab45092f17 - Path: Packages/com.unity.xr.arkit/Runtime/Frameworks/ARKit/ARReferenceImage.cs - Importer: ScriptedImporter/UnityEditor.QuickSearchModule:UnityEditor.Search:ASIAI0B
Importing 'GUID: f5697fc12f967458b8d109ab45092f17 - Path: Packages/com.unity.xr.arkit/Runtime/Frameworks/ARKit/ARReferenceImage.cs - Importer: ScriptedImporter/UnityEditor.QuickSearchModule:UnityEditor.Search:ASIAI0B' with importer (ScriptedImporter : UnityEditor.QuickSearchModule:UnityEditor.Search:ASIAI0B)
Imported 'GUID: f5697fc12f967458b8d109ab45092f17' -> (Import Result ID: 'ab29eca32ae9982cf03d5b2054adcf2e') in 0.001 seconds [static and dynamic dependencies]. Details - ImportResultOutputID=2dad908b2257e59210ad04002e7e338f DependenciesID=585ba29c10aeecb3652dd7b7d91ea656 StaticDependenciesID=819ee4928f67e08b097177e53fd63983 
Number of updated asset objects reloaded before import = 0
Number of asset objects unloaded after import = 0
========================================================================
Received Import Request.
  Time of request: 2026-09-01T06:19:52.681113Z
  Time since last request: 0.000272583 seconds.
  importAddress: GUID: 07bd3bfbff6174f42ad12e4d6e4a48b8 - Path: Packages/com.unity.xr.arfoundation/Runtime/ARFoundation/Occlusion/AROcclusionFrameEventArgs.cs - Importer: ScriptedImporter/UnityEditor.QuickSearchModule:UnityEditor.Search:ASIAI0B
Importing 'GUID: 07bd3bfbff6174f42ad12e4d6e4a48b8 - Path: Packages/com.unity.xr.arfoundation/Runtime/ARFoundation/Occlusion/AROcclusionFrameEventArgs.cs - Importer: ScriptedImporter/UnityEditor.QuickSearchModule:UnityEditor.Search:ASIAI0B' with importer (ScriptedImporter : UnityEditor.QuickSearchModule:UnityEditor.Search:ASIAI0B)
Imported 'GUID: 07bd3bfbff6174f42ad12e4d6e4a48b8' -> (Import Result ID: 'ce1a0ffcdeabf6ae2905e34cd261814b') in 0.001 seconds [static and dynamic dependencies]. Details - ImportResultOutputID=f4ab1fa371493a677715dc53ed2c2662 DependenciesID=040fcdb76b613722e5f6fd4c8df4bf13 StaticDependenciesID=4a118dde524b62dcb5efd11c07c7365f 
Number of updated asset objects reloaded before import = 0
Number of asset objects unloaded after import = 0
========================================================================
Received Import Request.
  Time of request: 2026-09-01T06:19:52.682542Z
  Time since last request: 0.000231792 seconds.
  importAddress: GUID: 1ade60ed33a0d4c309ca0793b9deb5a9 - Path: Packages/com.unity.xr.arfoundation/Tests/Runtime/ARFoundation/PlaneSubsystem - Importer: ScriptedImporter/UnityEditor.QuickSearchModule:UnityEditor.Search:ASIAI0B
Importing 'GUID: 1ade60ed33a0d4c309ca0793b9deb5a9 - Path: Packages/com.unity.xr.arfoundation/Tests/Runtime/ARFoundation/PlaneSubsystem - Importer: ScriptedImporter/UnityEditor.QuickSearchModule:UnityEditor.Search:ASIAI0B' with importer (ScriptedImporter : UnityEditor.QuickSearchModule:UnityEditor.Search:ASIAI0B)
Imported 'GUID: 1ade60ed33a0d4c309ca0793b9deb5a9' -> (Import Result ID: '014c53352668b40cdfb79e3664ca754f') in 0.001 seconds [static and dynamic dependencies]. Details - ImportResultOutputID=a49ad483e8b073bf3b27e961f495a44d DependenciesID=577d903b37c88946cbb6bfbb43f13e58 StaticDependenciesID=7e377830eef9f709b00f30597360f48a 
Number of updated asset objects reloaded before import = 0
Number of asset objects unloaded after import = 1
========================================================================
Received Import Request.
  Time of request: 2026-09-01T06:19:52.684013Z
  Time since last request: 0.000265375 seconds.
  importAddress: GUID: 1517fc0bc66704765acf4393fdd4aec8 - Path: Packages/com.unity.xr.arfoundation/Tests/Runtime/CodeSamples/AROcclusionManagerSamples.cs - Importer: ScriptedImporter/UnityEditor.QuickSearchModule:UnityEditor.Search:ASIAI0B
Importing 'GUID: 1517fc0bc66704765acf4393fdd4aec8 - Path: Packages/com.unity.xr.arfoundation/Tests/Runtime/CodeSamples/AROcclusionManagerSamples.cs - Importer: ScriptedImporter/UnityEditor.QuickSearchModule:UnityEditor.Search:ASIAI0B' with importer (ScriptedImporter : UnityEditor.QuickSearchModule:UnityEditor.Search:ASIAI0B)
Imported 'GUID: 1517fc0bc66704765acf4393fdd4aec8' -> (Import Result ID: '0ff468b92ac279f28d93f8af59d60e17') in 0.001 seconds [static and dynamic dependencies]. Details - ImportResultOutputID=fd1e478ad6b9e992ecd3f2adac28aacb DependenciesID=1922620744d739d5d033b2ce95ca4d1b StaticDependenciesID=89c94b2ec39e8083d31047080d40ab0a 
Number of updated asset objects reloaded before import = 0
Number of asset objects unloaded after import = 0
========================================================================
Received Import Request.
  Time of request: 2026-09-01T06:19:52.685746Z
  Time since last request: 0.000204667 seconds.
  importAddress: GUID: 54d00147280d84d7dad86ff0af4236a8 - Path: Packages/com.unity.xr.arfoundation/Runtime/ARSubsystems/Camera/XRCameraFrame.cs - Importer: ScriptedImporter/UnityEditor.QuickSearchModule:UnityEditor.Search:ASIAI0B
Importing 'GUID: 54d00147280d84d7dad86ff0af4236a8 - Path: Packages/com.unity.xr.arfoundation/Runtime/ARSubsystems/Camera/XRCameraFrame.cs - Importer: ScriptedImporter/UnityEditor.QuickSearchModule:UnityEditor.Search:ASIAI0B' with importer (ScriptedImporter : UnityEditor.QuickSearchModule:UnityEditor.Search:ASIAI0B)
Imported 'GUID: 54d00147280d84d7dad86ff0af4236a8' -> (Import Result ID: '487dbd2072bea658250b7635ca54c8af') in 0.001 seconds [static and dynamic dependencies]. Details - ImportResultOutputID=3925acdcf7e048c63611e8c358f4ab3b DependenciesID=b912dba9727d890b8aa590248c4ae6b1 StaticDependenciesID=28f1558ef1cb4409354be0fccec51dc4 
Number of updated asset objects reloaded before import = 0
Number of asset objects unloaded after import = 0
========================================================================
Received Import Request.
  Time of request: 2026-09-01T06:19:52.687092Z
  Time since last request: 0.000197958 seconds.
  importAddress: GUID: caa7e0790bdd6084ca87a9b026c71c47 - Path: Packages/com.unity.xr.arfoundation/Runtime/ARSubsystems/Planes/XRPlaneSubsystemDescriptor.cs - Importer: ScriptedImporter/UnityEditor.QuickSearchModule:UnityEditor.Search:ASIAI0B
Importing 'GUID: caa7e0790bdd6084ca87a9b026c71c47 - Path: Packages/com.unity.xr.arfoundation/Runtime/ARSubsystems/Planes/XRPlaneSubsystemDescriptor.cs - Importer: ScriptedImporter/UnityEditor.QuickSearchModule:UnityEditor.Search:ASIAI0B' with importer (ScriptedImporter : UnityEditor.QuickSearchModule:UnityEditor.Search:ASIAI0B)
Imported 'GUID: caa7e0790bdd6084ca87a9b026c71c47' -> (Import Result ID: 'f33fef434515353b03c2b608e6845867') in 0.001 seconds [static and dynamic dependencies]. Details - ImportResultOutputID=a187a1bf34697aeb9d762870663aa4a2 DependenciesID=4e8243fd3de8bc6ca026f25c03621a2e StaticDependenciesID=e8f94b5c06e6c9c57818d706530957d6 
Number of updated asset objects reloaded before import = 0
Number of asset objects unloaded after import = 0
========================================================================
Received Import Request.
  Time of request: 2026-09-01T06:19:52.688659Z
  Time since last request: 0.000428291 seconds.
  importAddress: GUID: 01a82606c13224931b6c58ef95a28562 - Path: Packages/com.unity.xr.arfoundation/Editor/ARAnalytics/AREditorAnalyticsEvent.cs - Importer: ScriptedImporter/UnityEditor.QuickSearchModule:UnityEditor.Search:ASIAI0B
Importing 'GUID: 01a82606c13224931b6c58ef95a28562 - Path: Packages/com.unity.xr.arfoundation/Editor/ARAnalytics/AREditorAnalyticsEvent.cs - Importer: ScriptedImporter/UnityEditor.QuickSearchModule:UnityEditor.Search:ASIAI0B' with importer (ScriptedImporter : UnityEditor.QuickSearchModule:UnityEditor.Search:ASIAI0B)
Imported 'GUID: 01a82606c13224931b6c58ef95a28562' -> (Import Result ID: '14f610208c4a29811fcf8add96e85dd2') in 0.001 seconds [static and dynamic dependencies]. Details - ImportResultOutputID=8300b6c9e0a582d66350e04a17a65c09 DependenciesID=1f127e449308d2413daeb8a88ebd2ba1 StaticDependenciesID=a234b98e1136784a3873578b03aa3192 
Number of updated asset objects reloaded before import = 0
Number of asset objects unloaded after import = 0
========================================================================
Received Import Request.
  Time of request: 2026-09-01T06:19:52.68997Z
  Time since last request: 0.000184791 seconds.
  importAddress: GUID: 5de79c66de6c447f9165213fb88a405a - Path: Packages/com.unity.xr.arfoundation/Tests/Runtime/ARFoundation/NativeCopyUtilityTests.cs - Importer: ScriptedImporter/UnityEditor.QuickSearchModule:UnityEditor.Search:ASIAI0B
Importing 'GUID: 5de79c66de6c447f9165213fb88a405a - Path: Packages/com.unity.xr.arfoundation/Tests/Runtime/ARFoundation/NativeCopyUtilityTests.cs - Importer: ScriptedImporter/UnityEditor.QuickSearchModule:UnityEditor.Search:ASIAI0B' with importer (ScriptedImporter : UnityEditor.QuickSearchModule:UnityEditor.Search:ASIAI0B)
Imported 'GUID: 5de79c66de6c447f9165213fb88a405a' -> (Import Result ID: 'f12c1bb6d6c752723a0e72ea5acdefea') in 0.001 seconds [static and dynamic dependencies]. Details - ImportResultOutputID=d34e990c4d2372836733ec9a75f20414 DependenciesID=9ac2b99ed343763e85eca09d6ec0d58d StaticDependenciesID=f5aaa024456c0c58f015da62ea955e96 
Number of updated asset objects reloaded before import = 0
Number of asset objects unloaded after import = 0
========================================================================
Received Import Request.
  Time of request: 2026-09-01T06:19:52.691198Z
  Time since last request: 0.000201833 seconds.
  importAddress: GUID: 207c3628383b648d4aace75ba7fe1dc1 - Path: Packages/com.unity.xr.arfoundation/Runtime/ARSubsystems/Common/Textures/XRCpuImage/AsyncConversionStatus.cs - Importer: ScriptedImporter/UnityEditor.QuickSearchModule:UnityEditor.Search:ASIAI0B
Importing 'GUID: 207c3628383b648d4aace75ba7fe1dc1 - Path: Packages/com.unity.xr.arfoundation/Runtime/ARSubsystems/Common/Textures/XRCpuImage/AsyncConversionStatus.cs - Importer: ScriptedImporter/UnityEditor.QuickSearchModule:UnityEditor.Search:ASIAI0B' with importer (ScriptedImporter : UnityEditor.QuickSearchModule:UnityEditor.Search:ASIAI0B)
Imported 'GUID: 207c3628383b648d4aace75ba7fe1dc1' -> (Import Result ID: 'fbdbc3ce0d78a4c179b31f48616c28ab') in 0.001 seconds [static and dynamic dependencies]. Details - ImportResultOutputID=5fbdc69b5437e61e99efcb3f0329c9ee DependenciesID=4d0e2421163d4a0f326a5f3feaee3906 StaticDependenciesID=cab9a96b587877e6c6e0ff3b236c0233 
Number of updated asset objects reloaded before import = 0
Number of asset objects unloaded after import = 0
========================================================================
Received Import Request.
  Time of request: 2026-09-01T06:19:52.692433Z
  Time since last request: 0.000210167 seconds.
  importAddress: GUID: 81ad54bf4cf584104b930606cfdcbdd1 - Path: Packages/com.unity.xr.arkit/Runtime/iOS/Xcode2600 - Importer: ScriptedImporter/UnityEditor.QuickSearchModule:UnityEditor.Search:ASIAI0B
Importing 'GUID: 81ad54bf4cf584104b930606cfdcbdd1 - Path: Packages/com.unity.xr.arkit/Runtime/iOS/Xcode2600 - Importer: ScriptedImporter/UnityEditor.QuickSearchModule:UnityEditor.Search:ASIAI0B' with importer (ScriptedImporter : UnityEditor.QuickSearchModule:UnityEditor.Search:ASIAI0B)
Imported 'GUID: 81ad54bf4cf584104b930606cfdcbdd1' -> (Import Result ID: '3c5c6a770df7516200ed61c13d0cb26c') in 0.001 seconds [static and dynamic dependencies]. Details - ImportResultOutputID=a20d08e195f97e30e997d9284bb7212d DependenciesID=b2b3fa6198412bc23e9a78e87b1516f5 StaticDependenciesID=22f83b2a3b49239e468b4ce4f621eb72 
Number of updated asset objects reloaded before import = 0
Number of asset objects unloaded after import = 1
========================================================================
Received Import Request.
  Time of request: 2026-09-01T06:19:52.693833Z
  Time since last request: 0.000213167 seconds.
  importAddress: GUID: 0a1b9ec9a0b4cb347943c69cb2fd49f5 - Path: Packages/com.unity.xr.arfoundation/Runtime/ARSubsystems/Occlusion/XRFov.cs - Importer: ScriptedImporter/UnityEditor.QuickSearchModule:UnityEditor.Search:ASIAI0B
Importing 'GUID: 0a1b9ec9a0b4cb347943c69cb2fd49f5 - Path: Packages/com.unity.xr.arfoundation/Runtime/ARSubsystems/Occlusion/XRFov.cs - Importer: ScriptedImporter/UnityEditor.QuickSearchModule:UnityEditor.Search:ASIAI0B' with importer (ScriptedImporter : UnityEditor.QuickSearchModule:UnityEditor.Search:ASIAI0B)
Imported 'GUID: 0a1b9ec9a0b4cb347943c69cb2fd49f5' -> (Import Result ID: '9ee5017a75362eb1ffc8557065ac7b22') in 0.001 seconds [static and dynamic dependencies]. Details - ImportResultOutputID=bd3c9b6f1ae37500751a48f01c404193 DependenciesID=10255d9542aeaeec155c6b9d1f032dbb StaticDependenciesID=9c4377ac3d62c4064f05c944b81f65e9 
Number of updated asset objects reloaded before import = 0
Number of asset objects unloaded after import = 0
========================================================================
Received Import Request.
  Time of request: 2026-09-01T06:19:52.694996Z
  Time since last request: 0.000183959 seconds.
  importAddress: GUID: 4b31ad17b3fa8415dbbc04ab6a0046af - Path: Packages/com.unity.xr.arfoundation/Runtime/ARFoundation/Camera/LightEstimation.cs - Importer: ScriptedImporter/UnityEditor.QuickSearchModule:UnityEditor.Search:ASIAI0B
Importing 'GUID: 4b31ad17b3fa8415dbbc04ab6a0046af - Path: Packages/com.unity.xr.arfoundation/Runtime/ARFoundation/Camera/LightEstimation.cs - Importer: ScriptedImporter/UnityEditor.QuickSearchModule:UnityEditor.Search:ASIAI0B' with importer (ScriptedImporter : UnityEditor.QuickSearchModule:UnityEditor.Search:ASIAI0B)
Imported 'GUID: 4b31ad17b3fa8415dbbc04ab6a0046af' -> (Import Result ID: 'c44de5925fc70656945b220edb0b0e06') in 0.001 seconds [static and dynamic dependencies]. Details - ImportResultOutputID=b3dd091128728b3a3439833924340d5b DependenciesID=2fb7724ef4bbd78e9222e25b53af5d7b StaticDependenciesID=2087968ad8045e0b6132dd4fb58430ab 
Number of updated asset objects reloaded before import = 0
Number of asset objects unloaded after import = 0
========================================================================
Received Import Request.
  Time of request: 2026-09-01T06:19:52.696148Z
  Time since last request: 0.000180625 seconds.
  importAddress: GUID: 9ac9d7f935b24e779038aef9acf4cbeb - Path: Packages/com.unity.xr.arfoundation/Editor/ARFoundation/Analytics/ARUsageAnalyticsEvent.cs - Importer: ScriptedImporter/UnityEditor.QuickSearchModule:UnityEditor.Search:ASIAI0B
Importing 'GUID: 9ac9d7f935b24e779038aef9acf4cbeb - Path: Packages/com.unity.xr.arfoundation/Editor/ARFoundation/Analytics/ARUsageAnalyticsEvent.cs - Importer: ScriptedImporter/UnityEditor.QuickSearchModule:UnityEditor.Search:ASIAI0B' with importer (ScriptedImporter : UnityEditor.QuickSearchModule:UnityEditor.Search:ASIAI0B)
Imported 'GUID: 9ac9d7f935b24e779038aef9acf4cbeb' -> (Import Result ID: '89324fdeff551806db4c35bb577053e5') in 0.001 seconds [static and dynamic dependencies]. Details - ImportResultOutputID=5513a972254d7bf90250d0ae989d892c DependenciesID=ff9ace050d9401671858538b7ca1e617 StaticDependenciesID=ebfddd9dd777c4f1c524397edfca9e0f 
Number of updated asset objects reloaded before import = 0
Number of asset objects unloaded after import = 0
========================================================================
Received Import Request.
  Time of request: 2026-09-01T06:19:52.697815Z
  Time since last request: 0.000322 seconds.
  importAddress: GUID: 114eb1d7e95a12645b7f732f5ca8598a - Path: Packages/com.unity.xr.arfoundation/Runtime/ARSubsystems/Images/XRImageTrackingSubsystem.cs - Importer: ScriptedImporter/UnityEditor.QuickSearchModule:UnityEditor.Search:ASIAI0B
Importing 'GUID: 114eb1d7e95a12645b7f732f5ca8598a - Path: Packages/com.unity.xr.arfoundation/Runtime/ARSubsystems/Images/XRImageTrackingSubsystem.cs - Importer: ScriptedImporter/UnityEditor.QuickSearchModule:UnityEditor.Search:ASIAI0B' with importer (ScriptedImporter : UnityEditor.QuickSearchModule:UnityEditor.Search:ASIAI0B)
Imported 'GUID: 114eb1d7e95a12645b7f732f5ca8598a' -> (Import Result ID: 'd131006e440d3512d3c14691ccbb533d') in 0.001 seconds [static and dynamic dependencies]. Details - ImportResultOutputID=e0c944c5cc4bfa3b166fa1eebd432cd8 DependenciesID=480f7167685ebfa6c09391f2f742e882 StaticDependenciesID=6f078f9a46b9c138265019e274fe9900 
Number of updated asset objects reloaded before import = 0
Number of asset objects unloaded after import = 0
========================================================================
Received Import Request.
  Time of request: 2026-09-01T06:19:52.699232Z
  Time since last request: 0.000178666 seconds.
  importAddress: GUID: 4f9a3aee4b54046b3ba84f2dc601f638 - Path: Packages/com.unity.xr.arfoundation/Runtime/Simulation/Plugins/linux - Importer: ScriptedImporter/UnityEditor.QuickSearchModule:UnityEditor.Search:ASIAI0B
Importing 'GUID: 4f9a3aee4b54046b3ba84f2dc601f638 - Path: Packages/com.unity.xr.arfoundation/Runtime/Simulation/Plugins/linux - Importer: ScriptedImporter/UnityEditor.QuickSearchModule:UnityEditor.Search:ASIAI0B' with importer (ScriptedImporter : UnityEditor.QuickSearchModule:UnityEditor.Search:ASIAI0B)
Imported 'GUID: 4f9a3aee4b54046b3ba84f2dc601f638' -> (Import Result ID: '06bf035e36222e3177ad4d5f67fb848b') in 0.001 seconds [static and dynamic dependencies]. Details - ImportResultOutputID=2b48a9136bf39674db41b64eab6b4c7b DependenciesID=d79d56d54b78e8ec3ca9bd92c9173284 StaticDependenciesID=9c442666c742671cad5d20fdff094b7b 
Number of updated asset objects reloaded before import = 0
Number of asset objects unloaded after import = 1
========================================================================
Received Import Request.
  Time of request: 2026-09-01T06:19:52.700593Z
  Time since last request: 0.000320125 seconds.
  importAddress: GUID: 3f8650939c1c440d587d063639150823 - Path: Packages/com.unity.xr.arkit/Runtime/Participant/ARKitParticipantSubsystem.cs - Importer: ScriptedImporter/UnityEditor.QuickSearchModule:UnityEditor.Search:ASIAI0B
Importing 'GUID: 3f8650939c1c440d587d063639150823 - Path: Packages/com.unity.xr.arkit/Runtime/Participant/ARKitParticipantSubsystem.cs - Importer: ScriptedImporter/UnityEditor.QuickSearchModule:UnityEditor.Search:ASIAI0B' with importer (ScriptedImporter : UnityEditor.QuickSearchModule:UnityEditor.Search:ASIAI0B)
Imported 'GUID: 3f8650939c1c440d587d063639150823' -> (Import Result ID: '927e4a28993f502444ee0c96f4d6bfd9') in 0.001 seconds [static and dynamic dependencies]. Details - ImportResultOutputID=9ef203e5d7d990b4496139ad0dc98896 DependenciesID=111e4bfc90c76dba9872bf22d1bc5af7 StaticDependenciesID=a5bfd48bb7ad4bb9ef5169f72b95432a 
Number of updated asset objects reloaded before import = 0
Number of asset objects unloaded after import = 0
========================================================================
Received Import Request.
  Time of request: 2026-09-01T06:19:52.701946Z
  Time since last request: 0.000261459 seconds.
  importAddress: GUID: 19dd943a6ea934d8a9e61241657b9ebe - Path: Packages/com.unity.xr.arkit/Tests/Editor - Importer: ScriptedImporter/UnityEditor.QuickSearchModule:UnityEditor.Search:ASIAI0B
Importing 'GUID: 19dd943a6ea934d8a9e61241657b9ebe - Path: Packages/com.unity.xr.arkit/Tests/Editor - Importer: ScriptedImporter/UnityEditor.QuickSearchModule:UnityEditor.Search:ASIAI0B' with importer (ScriptedImporter : UnityEditor.QuickSearchModule:UnityEditor.Search:ASIAI0B)
Imported 'GUID: 19dd943a6ea934d8a9e61241657b9ebe' -> (Import Result ID: '3798ec4001161efc59ce09241520735e') in 0.001 seconds [static and dynamic dependencies]. Details - ImportResultOutputID=049e0222f6682d305e0178c9130b6763 DependenciesID=e8034d4f8b8d02dae9c313c268df1330 StaticDependenciesID=ba06cadd329b922cfa257296e611c60e 
Number of updated asset objects reloaded before import = 0
Number of asset objects unloaded after import = 1
========================================================================
Received Import Request.
  Time of request: 2026-09-01T06:19:52.703405Z
  Time since last request: 0.000399958 seconds.
  importAddress: GUID: 75d847fbdbc3c4c8fb8960ccebf2d2f6 - Path: Packages/com.unity.xr.arfoundation/Runtime/ARSubsystems/Utils/SharedStringBuilder.cs - Importer: ScriptedImporter/UnityEditor.QuickSearchModule:UnityEditor.Search:ASIAI0B
Importing 'GUID: 75d847fbdbc3c4c8fb8960ccebf2d2f6 - Path: Packages/com.unity.xr.arfoundation/Runtime/ARSubsystems/Utils/SharedStringBuilder.cs - Importer: ScriptedImporter/UnityEditor.QuickSearchModule:UnityEditor.Search:ASIAI0B' with importer (ScriptedImporter : UnityEditor.QuickSearchModule:UnityEditor.Search:ASIAI0B)
Imported 'GUID: 75d847fbdbc3c4c8fb8960ccebf2d2f6' -> (Import Result ID: 'c628e98344b5b80e6c00518d2923df77') in 0.001 seconds [static and dynamic dependencies]. Details - ImportResultOutputID=b9a8e7730ed76fcfec760dda84132ec5 DependenciesID=e93e7289ef578f2bc7921f4bbfc79ba4 StaticDependenciesID=f40efeb4d006b7ac86d4d43c99b2a0da 
Number of updated asset objects reloaded before import = 0
Number of asset objects unloaded after import = 0
========================================================================
Received Import Request.
  Time of request: 2026-09-01T06:19:52.704755Z
  Time since last request: 0.000236333 seconds.
  importAddress: GUID: ff97e31c61928db42a4a403b8d642fe9 - Path: Packages/com.unity.xr.arfoundation/Assets/Materials/SimulationSuitMaterial.mat - Importer: ScriptedImporter/UnityEditor.QuickSearchModule:UnityEditor.Search:ASIAI0B
Importing 'GUID: ff97e31c61928db42a4a403b8d642fe9 - Path: Packages/com.unity.xr.arfoundation/Assets/Materials/SimulationSuitMaterial.mat - Importer: ScriptedImporter/UnityEditor.QuickSearchModule:UnityEditor.Search:ASIAI0B' with importer (ScriptedImporter : UnityEditor.QuickSearchModule:UnityEditor.Search:ASIAI0B)
Imported 'GUID: ff97e31c61928db42a4a403b8d642fe9' -> (Import Result ID: '25aea1078c30dab4c23ce72fd12f4cc6') in 0.026 seconds [static and dynamic dependencies]. Details - ImportResultOutputID=5e121d4ed903ebe3218c2e8b0ca98c38 DependenciesID=ad2ba53327cee47a0d0a3433fcd867de StaticDependenciesID=6db97f23ee7e3cf46c7f03f997013b0b 
Number of updated asset objects reloaded before import = 0
Number of asset objects unloaded after import = 2
========================================================================
Received Import Request.
  Time of request: 2026-09-01T06:19:52.731508Z
  Time since last request: 0.000372208 seconds.
  importAddress: GUID: a4487a0c19d31684c91760d7b608f795 - Path: Packages/com.unity.xr.arfoundation/Assets/Materials/SimulationBodyMaterial.mat - Importer: ScriptedImporter/UnityEditor.QuickSearchModule:UnityEditor.Search:ASIAI0B
Importing 'GUID: a4487a0c19d31684c91760d7b608f795 - Path: Packages/com.unity.xr.arfoundation/Assets/Materials/SimulationBodyMaterial.mat - Importer: ScriptedImporter/UnityEditor.QuickSearchModule:UnityEditor.Search:ASIAI0B' with importer (ScriptedImporter : UnityEditor.QuickSearchModule:UnityEditor.Search:ASIAI0B)
Imported 'GUID: a4487a0c19d31684c91760d7b608f795' -> (Import Result ID: '2dd36e71815bf7738c2baeef6a0906eb') in 0.003 seconds [static and dynamic dependencies]. Details - ImportResultOutputID=f593bb18af919af508f83698583771b6 DependenciesID=c8bdf1e9bf6c0a0d7f9bbab0c80fe980 StaticDependenciesID=79cc1a4a75d7600ddafb7e9d0ec78680 
Number of updated asset objects reloaded before import = 0
Number of asset objects unloaded after import = 2
========================================================================
Received Import Request.
  Time of request: 2026-09-01T06:19:52.735065Z
  Time since last request: 0.000121583 seconds.
  importAddress: GUID: 75b9a0299a7028d41ad08dbddce7b1b3 - Path: Packages/com.unity.xr.arfoundation/Runtime/ARSubsystems/PointClouds/XRPointCloudData.cs - Importer: ScriptedImporter/UnityEditor.QuickSearchModule:UnityEditor.Search:ASIAI0B
Importing 'GUID: 75b9a0299a7028d41ad08dbddce7b1b3 - Path: Packages/com.unity.xr.arfoundation/Runtime/ARSubsystems/PointClouds/XRPointCloudData.cs - Importer: ScriptedImporter/UnityEditor.QuickSearchModule:UnityEditor.Search:ASIAI0B' with importer (ScriptedImporter : UnityEditor.QuickSearchModule:UnityEditor.Search:ASIAI0B)
Imported 'GUID: 75b9a0299a7028d41ad08dbddce7b1b3' -> (Import Result ID: 'c87112f59d8ff9c56c81cb7bac63ca7b') in 0.001 seconds [static and dynamic dependencies]. Details - ImportResultOutputID=a320bd76a76d6e67a5acd22ecb08bff5 DependenciesID=7db323435cc615c27d9b59aed3e12ae9 StaticDependenciesID=cf0d761be72c951078a5b4a882067e2b 
Number of updated asset objects reloaded before import = 0
Number of asset objects unloaded after import = 0
========================================================================
Received Import Request.
  Time of request: 2026-09-01T06:19:52.736697Z
  Time since last request: 0.000210208 seconds.
  importAddress: GUID: a0dd9787a6844b1383baf97422186252 - Path: Packages/com.unity.xr.arfoundation/Editor/VisualScripting/AREnvironmentProbesChangedEventUnitDescriptor.cs - Importer: ScriptedImporter/UnityEditor.QuickSearchModule:UnityEditor.Search:ASIAI0B
Importing 'GUID: a0dd9787a6844b1383baf97422186252 - Path: Packages/com.unity.xr.arfoundation/Editor/VisualScripting/AREnvironmentProbesChangedEventUnitDescriptor.cs - Importer: ScriptedImporter/UnityEditor.QuickSearchModule:UnityEditor.Search:ASIAI0B' with importer (ScriptedImporter : UnityEditor.QuickSearchModule:UnityEditor.Search:ASIAI0B)
Imported 'GUID: a0dd9787a6844b1383baf97422186252' -> (Import Result ID: '809f6bbf695d58f4b26aaf48d6c2fb9a') in 0.001 seconds [static and dynamic dependencies]. Details - ImportResultOutputID=377cf8b1c08347b8ba5bd8cb1f406c16 DependenciesID=84629c1927cd149c0569856d70a07208 StaticDependenciesID=3a9fd7a755608a0b2f42514298512ad7 
Number of updated asset objects reloaded before import = 0
Number of asset objects unloaded after import = 0
========================================================================
Received Import Request.
  Time of request: 2026-09-01T06:19:52.738555Z
  Time since last request: 0.000383791 seconds.
  importAddress: GUID: 356a3e2aa9f64beb97e4d55b4e38c675 - Path: Packages/com.unity.xr.arfoundation/Runtime/ARFoundation/Utils/Assert.cs - Importer: ScriptedImporter/UnityEditor.QuickSearchModule:UnityEditor.Search:ASIAI0B
Importing 'GUID: 356a3e2aa9f64beb97e4d55b4e38c675 - Path: Packages/com.unity.xr.arfoundation/Runtime/ARFoundation/Utils/Assert.cs - Importer: ScriptedImporter/UnityEditor.QuickSearchModule:UnityEditor.Search:ASIAI0B' with importer (ScriptedImporter : UnityEditor.QuickSearchModule:UnityEditor.Search:ASIAI0B)
Imported 'GUID: 356a3e2aa9f64beb97e4d55b4e38c675' -> (Import Result ID: 'd9898f8ae478547dea89dc2238e756be') in 0.001 seconds [static and dynamic dependencies]. Details - ImportResultOutputID=99b209b9ad864228456851d3f0271ff9 DependenciesID=6825b6fb4412918fa65b4c168997ef26 StaticDependenciesID=39864926f1b0d2a847e7790020aa829b 
Number of updated asset objects reloaded before import = 0
Number of asset objects unloaded after import = 0
========================================================================
Received Import Request.
  Time of request: 2026-09-01T06:19:52.740358Z
  Time since last request: 0.000227542 seconds.
  importAddress: GUID: 5cbf6cc83c0e4586aa25665c9aebebce - Path: Packages/com.unity.xr.arfoundation/Tests/Runtime/ARFoundation/ARSessionTestFixture.cs - Importer: ScriptedImporter/UnityEditor.QuickSearchModule:UnityEditor.Search:ASIAI0B
Importing 'GUID: 5cbf6cc83c0e4586aa25665c9aebebce - Path: Packages/com.unity.xr.arfoundation/Tests/Runtime/ARFoundation/ARSessionTestFixture.cs - Importer: ScriptedImporter/UnityEditor.QuickSearchModule:UnityEditor.Search:ASIAI0B' with importer (ScriptedImporter : UnityEditor.QuickSearchModule:UnityEditor.Search:ASIAI0B)
Imported 'GUID: 5cbf6cc83c0e4586aa25665c9aebebce' -> (Import Result ID: 'a970e00f50f04d371b28b00beec70312') in 0.001 seconds [static and dynamic dependencies]. Details - ImportResultOutputID=c2dbff049fa2cae8221ea213cd5077e8 DependenciesID=edeacb27a5384b623a47dc716dd6bf02 StaticDependenciesID=6447770a967c922467cd7c9075a8ed22 
Number of updated asset objects reloaded before import = 0
Number of asset objects unloaded after import = 0
========================================================================
Received Import Request.
  Time of request: 2026-09-01T06:19:52.742042Z
  Time since last request: 0.000197042 seconds.
  importAddress: GUID: 1a24cad234cb485faa05d5c6b1d12fc4 - Path: Packages/com.unity.xr.arfoundation/Runtime/VisualScripting/Units/Events/EventUnits/Deprecated - Importer: ScriptedImporter/UnityEditor.QuickSearchModule:UnityEditor.Search:ASIAI0B
Importing 'GUID: 1a24cad234cb485faa05d5c6b1d12fc4 - Path: Packages/com.unity.xr.arfoundation/Runtime/VisualScripting/Units/Events/EventUnits/Deprecated - Importer: ScriptedImporter/UnityEditor.QuickSearchModule:UnityEditor.Search:ASIAI0B' with importer (ScriptedImporter : UnityEditor.QuickSearchModule:UnityEditor.Search:ASIAI0B)
Imported 'GUID: 1a24cad234cb485faa05d5c6b1d12fc4' -> (Import Result ID: 'b0e6b25ef4e42b4e27ad41bbd6fe7f58') in 0.001 seconds [static and dynamic dependencies]. Details - ImportResultOutputID=71825a4a48959e1c811fb37fd80833c9 DependenciesID=e6576faec05520b5dc8e3e2732f6ab3b StaticDependenciesID=69b4e6288b4fcce6a4bb0e40d2df9cdb 
Number of updated asset objects reloaded before import = 0
Number of asset objects unloaded after import = 1
========================================================================
Received Import Request.
  Time of request: 2026-09-01T06:19:52.743522Z
  Time since last request: 0.000207041 seconds.
  importAddress: GUID: c1454ed4c43364b9f8c20bfc7e148705 - Path: Packages/com.unity.xr.arfoundation/Editor/VisualScripting/SessionStateSwitchUnitDescriptor.cs - Importer: ScriptedImporter/UnityEditor.QuickSearchModule:UnityEditor.Search:ASIAI0B
Importing 'GUID: c1454ed4c43364b9f8c20bfc7e148705 - Path: Packages/com.unity.xr.arfoundation/Editor/VisualScripting/SessionStateSwitchUnitDescriptor.cs - Importer: ScriptedImporter/UnityEditor.QuickSearchModule:UnityEditor.Search:ASIAI0B' with importer (ScriptedImporter : UnityEditor.QuickSearchModule:UnityEditor.Search:ASIAI0B)
Imported 'GUID: c1454ed4c43364b9f8c20bfc7e148705' -> (Import Result ID: '635fcfc556366c4f062785e13dc30ea5') in 0.001 seconds [static and dynamic dependencies]. Details - ImportResultOutputID=55f2d0a6a53ad316d380f30cbbab817b DependenciesID=3faa41aa4e03363f49eaf528d6823053 StaticDependenciesID=f8dbc716a19c4653f76e299e4749f82e 
Number of updated asset objects reloaded before import = 0
Number of asset objects unloaded after import = 0
========================================================================
Received Import Request.
  Time of request: 2026-09-01T06:19:52.744901Z
  Time since last request: 0.0002085 seconds.
  importAddress: GUID: d02b7f864cf2453690cc4db760462934 - Path: Packages/com.unity.xr.arfoundation/Runtime/ARFoundation/Markers/ARMarkerManager.cs - Importer: ScriptedImporter/UnityEditor.QuickSearchModule:UnityEditor.Search:ASIAI0B
Importing 'GUID: d02b7f864cf2453690cc4db760462934 - Path: Packages/com.unity.xr.arfoundation/Runtime/ARFoundation/Markers/ARMarkerManager.cs - Importer: ScriptedImporter/UnityEditor.QuickSearchModule:UnityEditor.Search:ASIAI0B' with importer (ScriptedImporter : UnityEditor.QuickSearchModule:UnityEditor.Search:ASIAI0B)
Imported 'GUID: d02b7f864cf2453690cc4db760462934' -> (Import Result ID: 'e428dd15d454308f849836bbec84a94b') in 0.001 seconds [static and dynamic dependencies]. Details - ImportResultOutputID=d6ce6c3b9a352e9bcd878dc7b6be07b9 DependenciesID=5ae83c4be20f73abd39e12368502c324 StaticDependenciesID=429076e4e19649fef661c9304ab4d57c 
Number of updated asset objects reloaded before import = 0
Number of asset objects unloaded after import = 0
========================================================================
Received Import Request.
  Time of request: 2026-09-01T06:19:52.746845Z
  Time since last request: 0.000219125 seconds.
  importAddress: GUID: 1eb7e268be0364bc39a51d6d43f16230 - Path: Packages/com.unity.xr.arkit/Assets/Shaders - Importer: ScriptedImporter/UnityEditor.QuickSearchModule:UnityEditor.Search:ASIAI0B
Importing 'GUID: 1eb7e268be0364bc39a51d6d43f16230 - Path: Packages/com.unity.xr.arkit/Assets/Shaders - Importer: ScriptedImporter/UnityEditor.QuickSearchModule:UnityEditor.Search:ASIAI0B' with importer (ScriptedImporter : UnityEditor.QuickSearchModule:UnityEditor.Search:ASIAI0B)
Imported 'GUID: 1eb7e268be0364bc39a51d6d43f16230' -> (Import Result ID: 'bcd60a30faf7e196a370befb1877240f') in 0.001 seconds [static and dynamic dependencies]. Details - ImportResultOutputID=caa00e621558b30f5da3a049a1a87918 DependenciesID=34debe7ba8d0e90abfef2ba3a2b16fdc StaticDependenciesID=7629c0b5d83f8715d84fe24cf95c1474 
Number of updated asset objects reloaded before import = 0
Number of asset objects unloaded after import = 1
========================================================================
Received Import Request.
  Time of request: 2026-09-01T06:19:52.748304Z
  Time since last request: 0.000249125 seconds.
  importAddress: GUID: 57d5d2eeabd64c138fdf794f15c87e6f - Path: Packages/com.unity.xr.arfoundation/Runtime/ARFoundation/Occlusion/SoftOcclusionPreprocessor.cs - Importer: ScriptedImporter/UnityEditor.QuickSearchModule:UnityEditor.Search:ASIAI0B
Importing 'GUID: 57d5d2eeabd64c138fdf794f15c87e6f - Path: Packages/com.unity.xr.arfoundation/Runtime/ARFoundation/Occlusion/SoftOcclusionPreprocessor.cs - Importer: ScriptedImporter/UnityEditor.QuickSearchModule:UnityEditor.Search:ASIAI0B' with importer (ScriptedImporter : UnityEditor.QuickSearchModule:UnityEditor.Search:ASIAI0B)
Imported 'GUID: 57d5d2eeabd64c138fdf794f15c87e6f' -> (Import Result ID: '66bbcac53b3b15970ccf7005f24610d6') in 0.001 seconds [static and dynamic dependencies]. Details - ImportResultOutputID=a805319576e0b6725ce40852c5aead54 DependenciesID=65f2d2b2cbbac992addc392fe5e8d31e StaticDependenciesID=fc0e507837c83063a5d20c181c583bc6 
Number of updated asset objects reloaded before import = 0
Number of asset objects unloaded after import = 0
========================================================================
Received Import Request.
  Time of request: 2026-09-01T06:19:52.750038Z
  Time since last request: 0.000620042 seconds.
  importAddress: GUID: 8b0c2853a940d4fd9979bac438eb5bf3 - Path: Packages/com.unity.xr.arfoundation/Editor/ARSubsystems/Unity.XR.ARSubsystems.Editor.asmdef - Importer: ScriptedImporter/UnityEditor.QuickSearchModule:UnityEditor.Search:ASIAI0B
Importing 'GUID: 8b0c2853a940d4fd9979bac438eb5bf3 - Path: Packages/com.unity.xr.arfoundation/Editor/ARSubsystems/Unity.XR.ARSubsystems.Editor.asmdef - Importer: ScriptedImporter/UnityEditor.QuickSearchModule:UnityEditor.Search:ASIAI0B' with importer (ScriptedImporter : UnityEditor.QuickSearchModule:UnityEditor.Search:ASIAI0B)
Imported 'GUID: 8b0c2853a940d4fd9979bac438eb5bf3' -> (Import Result ID: '9da8b5cbf183804b630cce82827cc7e8') in 0.001 seconds [static and dynamic dependencies]. Details - ImportResultOutputID=d89eab3196fdbf41e79d11924e36cb28 DependenciesID=6f9b7edc16293517f94bc93066306561 StaticDependenciesID=9aae38b19f9fae7167c73c2c484fb1dc 
Number of updated asset objects reloaded before import = 0
Number of asset objects unloaded after import = 1
========================================================================
Received Import Request.
  Time of request: 2026-09-01T06:19:52.751554Z
  Time since last request: 0.000192041 seconds.
  importAddress: GUID: 355700176ef794615b33830144be2220 - Path: Packages/com.unity.xr.arfoundation/Tests/Editor/ARFoundation/Scraper.cs - Importer: ScriptedImporter/UnityEditor.QuickSearchModule:UnityEditor.Search:ASIAI0B
Importing 'GUID: 355700176ef794615b33830144be2220 - Path: Packages/com.unity.xr.arfoundation/Tests/Editor/ARFoundation/Scraper.cs - Importer: ScriptedImporter/UnityEditor.QuickSearchModule:UnityEditor.Search:ASIAI0B' with importer (ScriptedImporter : UnityEditor.QuickSearchModule:UnityEditor.Search:ASIAI0B)
Imported 'GUID: 355700176ef794615b33830144be2220' -> (Import Result ID: '324a482c7c9138af47f5dc17049c64b0') in 0.001 seconds [static and dynamic dependencies]. Details - ImportResultOutputID=363c9aa9e6ea6e20e5efa91f0f3e0cfa DependenciesID=816fd09461b630941ddb4125bd7c73e2 StaticDependenciesID=614db363a4a3d59373e1bc92090778a6 
Number of updated asset objects reloaded before import = 0
Number of asset objects unloaded after import = 0
========================================================================
Received Import Request.
  Time of request: 2026-09-01T06:19:52.7527Z
  Time since last request: 0.00017875 seconds.
  importAddress: GUID: 58af17cb9d904b77ad8feaa9094d5313 - Path: Packages/com.unity.xr.arfoundation/Runtime/VisualScripting/Units/Events/EventUnits/AREnvironmentProbesChangedEventUnit.cs - Importer: ScriptedImporter/UnityEditor.QuickSearchModule:UnityEditor.Search:ASIAI0B
Importing 'GUID: 58af17cb9d904b77ad8feaa9094d5313 - Path: Packages/com.unity.xr.arfoundation/Runtime/VisualScripting/Units/Events/EventUnits/AREnvironmentProbesChangedEventUnit.cs - Importer: ScriptedImporter/UnityEditor.QuickSearchModule:UnityEditor.Search:ASIAI0B' with importer (ScriptedImporter : UnityEditor.QuickSearchModule:UnityEditor.Search:ASIAI0B)
Imported 'GUID: 58af17cb9d904b77ad8feaa9094d5313' -> (Import Result ID: 'd32a877303820f1dbf99ae24e0ca69c7') in 0.001 seconds [static and dynamic dependencies]. Details - ImportResultOutputID=5cdf89d15ded370a7523517c0d957963 DependenciesID=7edbd703cf25e3b2b3442cebf7fe0e35 StaticDependenciesID=cf89f2831fdb41d85df504b117322e89 
Number of updated asset objects reloaded before import = 0
Number of asset objects unloaded after import = 0
========================================================================
Received Import Request.
  Time of request: 2026-09-01T06:19:52.75389Z
  Time since last request: 0.000170917 seconds.
  importAddress: GUID: 907ac88a09ba24072899070549de94e7 - Path: Packages/com.unity.xr.arfoundation/Runtime/ARFoundation/Raycasts/ARRaycast.cs - Importer: ScriptedImporter/UnityEditor.QuickSearchModule:UnityEditor.Search:ASIAI0B
Importing 'GUID: 907ac88a09ba24072899070549de94e7 - Path: Packages/com.unity.xr.arfoundation/Runtime/ARFoundation/Raycasts/ARRaycast.cs - Importer: ScriptedImporter/UnityEditor.QuickSearchModule:UnityEditor.Search:ASIAI0B' with importer (ScriptedImporter : UnityEditor.QuickSearchModule:UnityEditor.Search:ASIAI0B)
Imported 'GUID: 907ac88a09ba24072899070549de94e7' -> (Import Result ID: 'c2f258a05de56cd558e4e81fa0c8e322') in 0.001 seconds [static and dynamic dependencies]. Details - ImportResultOutputID=98d409c85b9f7fd70e03227e5a419723 DependenciesID=6e659b9f60cb9900e9113c498c78bc89 StaticDependenciesID=413535c4d26e520e0709f620add66691 
Number of updated asset objects reloaded before import = 0
Number of asset objects unloaded after import = 1
========================================================================
Received Import Request.
  Time of request: 2026-09-01T06:19:52.755537Z
  Time since last request: 0.000233334 seconds.
  importAddress: GUID: d8f4f189fdf1441b8aa958e20dbd951d - Path: Packages/com.unity.xr.arkit/Tests/Editor/PlistTests.cs - Importer: ScriptedImporter/UnityEditor.QuickSearchModule:UnityEditor.Search:ASIAI0B
Importing 'GUID: d8f4f189fdf1441b8aa958e20dbd951d - Path: Packages/com.unity.xr.arkit/Tests/Editor/PlistTests.cs - Importer: ScriptedImporter/UnityEditor.QuickSearchModule:UnityEditor.Search:ASIAI0B' with importer (ScriptedImporter : UnityEditor.QuickSearchModule:UnityEditor.Search:ASIAI0B)
Imported 'GUID: d8f4f189fdf1441b8aa958e20dbd951d' -> (Import Result ID: '9b53e6247db564e3000cd3c1d959da73') in 0.001 seconds [static and dynamic dependencies]. Details - ImportResultOutputID=c48e52f38992bf671f9a21827dc92181 DependenciesID=4bb5387c14f74d9b3e826763a82f196a StaticDependenciesID=7f1dc9f59baef4667bde1b6a3bde2f27 
Number of updated asset objects reloaded before import = 0
Number of asset objects unloaded after import = 0
========================================================================
Received Import Request.
  Time of request: 2026-09-01T06:19:52.756987Z
  Time since last request: 0.000195166 seconds.
  importAddress: GUID: c14d802bbcdde4ceca047895d73a0eca - Path: Packages/com.unity.xr.arfoundation/Runtime/ARFoundation/Deprecated/ARTrackedObjectsChangedEventArgs.deprecated.cs - Importer: ScriptedImporter/UnityEditor.QuickSearchModule:UnityEditor.Search:ASIAI0B
Importing 'GUID: c14d802bbcdde4ceca047895d73a0eca - Path: Packages/com.unity.xr.arfoundation/Runtime/ARFoundation/Deprecated/ARTrackedObjectsChangedEventArgs.deprecated.cs - Importer: ScriptedImporter/UnityEditor.QuickSearchModule:UnityEditor.Search:ASIAI0B' with importer (ScriptedImporter : UnityEditor.QuickSearchModule:UnityEditor.Search:ASIAI0B)
Imported 'GUID: c14d802bbcdde4ceca047895d73a0eca' -> (Import Result ID: 'e870b329196afee16cf683dc35e09ec7') in 0.002 seconds [static and dynamic dependencies]. Details - ImportResultOutputID=545be9854f330c843e81a29d6ee4f94d DependenciesID=adf2645a66d20e1e2995f124d82b261d StaticDependenciesID=79f85f1c05fc21a49e1f827ab02cc807 
Number of updated asset objects reloaded before import = 0
Number of asset objects unloaded after import = 1
========================================================================
Received Import Request.
  Time of request: 2026-09-01T06:19:52.759557Z
  Time since last request: 0.0002355 seconds.
  importAddress: GUID: 348e16257f914d85b659dccae0b0e4c3 - Path: Packages/com.unity.xr.arfoundation/Editor/Simulation/SimulationEditorUtilities.cs - Importer: ScriptedImporter/UnityEditor.QuickSearchModule:UnityEditor.Search:ASIAI0B
Importing 'GUID: 348e16257f914d85b659dccae0b0e4c3 - Path: Packages/com.unity.xr.arfoundation/Editor/Simulation/SimulationEditorUtilities.cs - Importer: ScriptedImporter/UnityEditor.QuickSearchModule:UnityEditor.Search:ASIAI0B' with importer (ScriptedImporter : UnityEditor.QuickSearchModule:UnityEditor.Search:ASIAI0B)
Imported 'GUID: 348e16257f914d85b659dccae0b0e4c3' -> (Import Result ID: 'd33b06d3f467d2be5225a68106ffa7bf') in 0.001 seconds [static and dynamic dependencies]. Details - ImportResultOutputID=2f8cac9b968fefa0dd2e68b84ca15232 DependenciesID=caae48d0bccbf1ec7f5e868b28d1dcde StaticDependenciesID=cbb2d83cf4ce67c81bc62219c0148933 
Number of updated asset objects reloaded before import = 0
Number of asset objects unloaded after import = 0
========================================================================
Received Import Request.
  Time of request: 2026-09-01T06:19:52.760994Z
  Time since last request: 0.00026225 seconds.
  importAddress: GUID: 8a9ac5193beb76f4387c84ecf56edb36 - Path: Packages/com.unity.xr.arfoundation/Runtime/ARFoundation/Raycasts/FallbackRaycastRegistry.cs - Importer: ScriptedImporter/UnityEditor.QuickSearchModule:UnityEditor.Search:ASIAI0B
Importing 'GUID: 8a9ac5193beb76f4387c84ecf56edb36 - Path: Packages/com.unity.xr.arfoundation/Runtime/ARFoundation/Raycasts/FallbackRaycastRegistry.cs - Importer: ScriptedImporter/UnityEditor.QuickSearchModule:UnityEditor.Search:ASIAI0B' with importer (ScriptedImporter : UnityEditor.QuickSearchModule:UnityEditor.Search:ASIAI0B)
Imported 'GUID: 8a9ac5193beb76f4387c84ecf56edb36' -> (Import Result ID: '8778ecc7bd6697aa40b9816cdff68f85') in 0.001 seconds [static and dynamic dependencies]. Details - ImportResultOutputID=4e7afeb868a7442b559fdd3fef9609ac DependenciesID=7406a66de8c2ea0714c0b513e89e9836 StaticDependenciesID=d8baa4cb2b1be68f5771e02240b496db 
Number of updated asset objects reloaded before import = 0
Number of asset objects unloaded after import = 0
========================================================================
Received Import Request.
  Time of request: 2026-09-01T06:19:52.762426Z
  Time since last request: 0.000210791 seconds.
  importAddress: GUID: e690085d3caa344c987b28222e775d19 - Path: Packages/com.unity.xr.arkit/Tests/Editor/Assets/TestReferenceObjectLibrary.asset - Importer: ScriptedImporter/UnityEditor.QuickSearchModule:UnityEditor.Search:ASIAI0B
Importing 'GUID: e690085d3caa344c987b28222e775d19 - Path: Packages/com.unity.xr.arkit/Tests/Editor/Assets/TestReferenceObjectLibrary.asset - Importer: ScriptedImporter/UnityEditor.QuickSearchModule:UnityEditor.Search:ASIAI0B' with importer (ScriptedImporter : UnityEditor.QuickSearchModule:UnityEditor.Search:ASIAI0B)
Imported 'GUID: e690085d3caa344c987b28222e775d19' -> (Import Result ID: 'ff6661b8205834bc7f1eef8d3ba26088') in 0.003 seconds [static and dynamic dependencies]. Details - ImportResultOutputID=00ae3774c03bf328ca69833d4ded9f2a DependenciesID=436162131eb58f0d09c17466360fef2d StaticDependenciesID=22bb300f8a88517775912304949d7669 
Number of updated asset objects reloaded before import = 0
Number of asset objects unloaded after import = 3
========================================================================
Received Import Request.
  Time of request: 2026-09-01T06:19:52.765863Z
  Time since last request: 0.000208667 seconds.
  importAddress: GUID: 19ed1ce14667548c28ea4b3931106126 - Path: Packages/com.unity.xr.arfoundation/Editor/VisualScripting/GetHumanBodiesUnitDescriptor.cs - Importer: ScriptedImporter/UnityEditor.QuickSearchModule:UnityEditor.Search:ASIAI0B
Importing 'GUID: 19ed1ce14667548c28ea4b3931106126 - Path: Packages/com.unity.xr.arfoundation/Editor/VisualScripting/GetHumanBodiesUnitDescriptor.cs - Importer: ScriptedImporter/UnityEditor.QuickSearchModule:UnityEditor.Search:ASIAI0B' with importer (ScriptedImporter : UnityEditor.QuickSearchModule:UnityEditor.Search:ASIAI0B)
Imported 'GUID: 19ed1ce14667548c28ea4b3931106126' -> (Import Result ID: 'c4d366b29588985ff3c2cb559ca8a5f2') in 0.001 seconds [static and dynamic dependencies]. Details - ImportResultOutputID=d5ed78c46ef90e2493891117f90ce163 DependenciesID=6a748c031399a7d198723972debfa5f0 StaticDependenciesID=4a8063276cfe322bd93091f1d2652520 
Number of updated asset objects reloaded before import = 0
Number of asset objects unloaded after import = 0
========================================================================
Received Import Request.
  Time of request: 2026-09-01T06:19:52.767486Z
  Time since last request: 0.000223333 seconds.
  importAddress: GUID: 7704304d80fb19f4b893c6102eebcff0 - Path: Packages/com.unity.xr.arfoundation/Runtime/InternalUtils/ShowInDebugInspectorOnlyAttribute.cs - Importer: ScriptedImporter/UnityEditor.QuickSearchModule:UnityEditor.Search:ASIAI0B
Importing 'GUID: 7704304d80fb19f4b893c6102eebcff0 - Path: Packages/com.unity.xr.arfoundation/Runtime/InternalUtils/ShowInDebugInspectorOnlyAttribute.cs - Importer: ScriptedImporter/UnityEditor.QuickSearchModule:UnityEditor.Search:ASIAI0B' with importer (ScriptedImporter : UnityEditor.QuickSearchModule:UnityEditor.Search:ASIAI0B)
Imported 'GUID: 7704304d80fb19f4b893c6102eebcff0' -> (Import Result ID: '2bc807b30e3e1d60a7ed9b3c94a6dcb9') in 0.001 seconds [static and dynamic dependencies]. Details - ImportResultOutputID=8b6ee60c5c1f31f1f5671845dda6bb2c DependenciesID=228f0c2dc9c9cbbd94e269c9279fb232 StaticDependenciesID=637419e15272b666736bbf44e4e10bcd 
Number of updated asset objects reloaded before import = 0
Number of asset objects unloaded after import = 0
========================================================================
Received Import Request.
  Time of request: 2026-09-01T06:19:52.768929Z
  Time since last request: 0.000189542 seconds.
  importAddress: GUID: c346a9aeaadfe41789d71f647f243b9f - Path: Packages/com.unity.xr.arkit/Runtime/Frameworks/Foundation/NSUUID.cs - Importer: ScriptedImporter/UnityEditor.QuickSearchModule:UnityEditor.Search:ASIAI0B
Importing 'GUID: c346a9aeaadfe41789d71f647f243b9f - Path: Packages/com.unity.xr.arkit/Runtime/Frameworks/Foundation/NSUUID.cs - Importer: ScriptedImporter/UnityEditor.QuickSearchModule:UnityEditor.Search:ASIAI0B' with importer (ScriptedImporter : UnityEditor.QuickSearchModule:UnityEditor.Search:ASIAI0B)
Imported 'GUID: c346a9aeaadfe41789d71f647f243b9f' -> (Import Result ID: 'ce30619d1fde520a7a21c48545f77249') in 0.001 seconds [static and dynamic dependencies]. Details - ImportResultOutputID=837a9f36642aca2a8eecbeb7b33ffdcd DependenciesID=092bd19db976d43536f1b2abf452abf1 StaticDependenciesID=015f0b364d132bd64d05c341cd97b628 
Number of updated asset objects reloaded before import = 0
Number of asset objects unloaded after import = 0
========================================================================
Received Import Request.
  Time of request: 2026-09-01T06:19:52.776382Z
  Time since last request: 0.006251708 seconds.
  importAddress: GUID: 92703082f92b41ba80f0d6912de66115 - Path: Packages/com.unity.xr.arfoundation/Runtime/ARSubsystems/Unity.XR.ARSubsystems.asmdef - Importer: ScriptedImporter/UnityEditor.QuickSearchModule:UnityEditor.Search:ASIAI0B
Importing 'GUID: 92703082f92b41ba80f0d6912de66115 - Path: Packages/com.unity.xr.arfoundation/Runtime/ARSubsystems/Unity.XR.ARSubsystems.asmdef - Importer: ScriptedImporter/UnityEditor.QuickSearchModule:UnityEditor.Search:ASIAI0B' with importer (ScriptedImporter : UnityEditor.QuickSearchModule:UnityEditor.Search:ASIAI0B)
Imported 'GUID: 92703082f92b41ba80f0d6912de66115' -> (Import Result ID: 'f7917cf1070c383dad7b2da4f90939f0') in 0.001 seconds [static and dynamic dependencies]. Details - ImportResultOutputID=2a40dc3bcc2d5ea91c02115e576bdb53 DependenciesID=09d7655831fd495ffd1c8ee004be2213 StaticDependenciesID=2d33a00e3bea9e3a84c1074eebec95c0 
Number of updated asset objects reloaded before import = 0
Number of asset objects unloaded after import = 1
========================================================================
Received Import Request.
  Time of request: 2026-09-01T06:19:52.778416Z
  Time since last request: 0.000442958 seconds.
  importAddress: GUID: 300c4804f47d540fc9efec07999accf7 - Path: Packages/com.unity.xr.arfoundation/Editor/ARSubsystems - Importer: ScriptedImporter/UnityEditor.QuickSearchModule:UnityEditor.Search:ASIAI0B
Importing 'GUID: 300c4804f47d540fc9efec07999accf7 - Path: Packages/com.unity.xr.arfoundation/Editor/ARSubsystems - Importer: ScriptedImporter/UnityEditor.QuickSearchModule:UnityEditor.Search:ASIAI0B' with importer (ScriptedImporter : UnityEditor.QuickSearchModule:UnityEditor.Search:ASIAI0B)
Imported 'GUID: 300c4804f47d540fc9efec07999accf7' -> (Import Result ID: '3ca34cfaeb928b75b50094fd168c56af') in 0.001 seconds [static and dynamic dependencies]. Details - ImportResultOutputID=c6bb19dacf6aa4b86da82ab60913e229 DependenciesID=1b19afd0190efc5abe72a6e82cc83b07 StaticDependenciesID=1d084d56bbb4468c84814522bd8c0355 
Number of updated asset objects reloaded before import = 0
Number of asset objects unloaded after import = 1
========================================================================
Received Import Request.
  Time of request: 2026-09-01T06:19:52.779791Z
  Time since last request: 0.000203042 seconds.
  importAddress: GUID: aff1c77f64aea4b7cbdbef34941e3c9a - Path: Packages/com.unity.xr.arfoundation/Runtime/ARFoundation/Faces/ARFaceUpdatedEventArgs.cs - Importer: ScriptedImporter/UnityEditor.QuickSearchModule:UnityEditor.Search:ASIAI0B
Importing 'GUID: aff1c77f64aea4b7cbdbef34941e3c9a - Path: Packages/com.unity.xr.arfoundation/Runtime/ARFoundation/Faces/ARFaceUpdatedEventArgs.cs - Importer: ScriptedImporter/UnityEditor.QuickSearchModule:UnityEditor.Search:ASIAI0B' with importer (ScriptedImporter : UnityEditor.QuickSearchModule:UnityEditor.Search:ASIAI0B)
Imported 'GUID: aff1c77f64aea4b7cbdbef34941e3c9a' -> (Import Result ID: '3963a97e2a6e296070268c9deeb8997c') in 0.001 seconds [static and dynamic dependencies]. Details - ImportResultOutputID=1f06f5144fd21f029c5c7f7ca8aa7c05 DependenciesID=ad94a4f0fdf485c6b8d2f3ad2f365779 StaticDependenciesID=a4bc7dafec7db1e24a9e957d644c8dd0 
Number of updated asset objects reloaded before import = 0
Number of asset objects unloaded after import = 1
========================================================================
Received Import Request.
  Time of request: 2026-09-01T06:19:52.781339Z
  Time since last request: 0.000211541 seconds.
  importAddress: GUID: adcebd2b67c6046778fcf14e5c336b39 - Path: Packages/com.unity.xr.arkit/Runtime/Assembly.cs - Importer: ScriptedImporter/UnityEditor.QuickSearchModule:UnityEditor.Search:ASIAI0B
Importing 'GUID: adcebd2b67c6046778fcf14e5c336b39 - Path: Packages/com.unity.xr.arkit/Runtime/Assembly.cs - Importer: ScriptedImporter/UnityEditor.QuickSearchModule:UnityEditor.Search:ASIAI0B' with importer (ScriptedImporter : UnityEditor.QuickSearchModule:UnityEditor.Search:ASIAI0B)
Imported 'GUID: adcebd2b67c6046778fcf14e5c336b39' -> (Import Result ID: '70e33d9a16f497420be973c43f4be952') in 0.001 seconds [static and dynamic dependencies]. Details - ImportResultOutputID=c97e849166140ca51293434f69ccad98 DependenciesID=59396e177bbc35b029ff834b75310a45 StaticDependenciesID=6a5b282daa3f66910355e7470aef981d 
Number of updated asset objects reloaded before import = 0
Number of asset objects unloaded after import = 0
========================================================================
Received Import Request.
  Time of request: 2026-09-01T06:19:52.782616Z
  Time since last request: 0.000220333 seconds.
  importAddress: GUID: 554908fd6237944259cc7f3868a820ff - Path: Packages/com.unity.xr.arfoundation/Tests/Runtime - Importer: ScriptedImporter/UnityEditor.QuickSearchModule:UnityEditor.Search:ASIAI0B
Importing 'GUID: 554908fd6237944259cc7f3868a820ff - Path: Packages/com.unity.xr.arfoundation/Tests/Runtime - Importer: ScriptedImporter/UnityEditor.QuickSearchModule:UnityEditor.Search:ASIAI0B' with importer (ScriptedImporter : UnityEditor.QuickSearchModule:UnityEditor.Search:ASIAI0B)
Imported 'GUID: 554908fd6237944259cc7f3868a820ff' -> (Import Result ID: '2c6fd708527f875e053e28e8682c07ac') in 0.001 seconds [static and dynamic dependencies]. Details - ImportResultOutputID=95a24e234a91f9dee4d3ac0990f595b0 DependenciesID=65e1c5796bd11d864557abcf82cb497c StaticDependenciesID=826735d77a1b42d6d7554d85ded8185b 
Number of updated asset objects reloaded before import = 0
Number of asset objects unloaded after import = 1
========================================================================
Received Import Request.
  Time of request: 2026-09-01T06:19:52.784Z
  Time since last request: 0.000214083 seconds.
  importAddress: GUID: a447b4cdba4a844c697619c8f40867d1 - Path: Packages/com.unity.xr.arfoundation/Tests/Editor/XRTestTooling/LoaderTestSetup.cs - Importer: ScriptedImporter/UnityEditor.QuickSearchModule:UnityEditor.Search:ASIAI0B
Importing 'GUID: a447b4cdba4a844c697619c8f40867d1 - Path: Packages/com.unity.xr.arfoundation/Tests/Editor/XRTestTooling/LoaderTestSetup.cs - Importer: ScriptedImporter/UnityEditor.QuickSearchModule:UnityEditor.Search:ASIAI0B' with importer (ScriptedImporter : UnityEditor.QuickSearchModule:UnityEditor.Search:ASIAI0B)
Imported 'GUID: a447b4cdba4a844c697619c8f40867d1' -> (Import Result ID: '9f1c2763f33ff1921c34454cc93ee4f1') in 0.001 seconds [static and dynamic dependencies]. Details - ImportResultOutputID=3fcbc7003bc7eeab8615fd32e48b5c80 DependenciesID=6fc436639d4b948c73ea51d61b5f94b1 StaticDependenciesID=74933445695ef628316b9623397ced12 
Number of updated asset objects reloaded before import = 0
Number of asset objects unloaded after import = 0
========================================================================
Received Import Request.
  Time of request: 2026-09-01T06:19:52.785165Z
  Time since last request: 0.000167666 seconds.
  importAddress: GUID: 491654872091a46fbb56670b5c7ca355 - Path: Packages/com.unity.xr.arfoundation/Runtime/Simulation/Subsystems/Plane/PlaneVoxelGrid.cs - Importer: ScriptedImporter/UnityEditor.QuickSearchModule:UnityEditor.Search:ASIAI0B
Importing 'GUID: 491654872091a46fbb56670b5c7ca355 - Path: Packages/com.unity.xr.arfoundation/Runtime/Simulation/Subsystems/Plane/PlaneVoxelGrid.cs - Importer: ScriptedImporter/UnityEditor.QuickSearchModule:UnityEditor.Search:ASIAI0B' with importer (ScriptedImporter : UnityEditor.QuickSearchModule:UnityEditor.Search:ASIAI0B)
Imported 'GUID: 491654872091a46fbb56670b5c7ca355' -> (Import Result ID: '1bdddd410c0eaf913f9d037e55c554ec') in 0.001 seconds [static and dynamic dependencies]. Details - ImportResultOutputID=3706241a7dedc83ff505cb84a8f59758 DependenciesID=1268e007372254ae4962499330763518 StaticDependenciesID=fba2ab90e90d38ba6a5c2c3bfcb5e984 
Number of updated asset objects reloaded before import = 0
Number of asset objects unloaded after import = 0
========================================================================
Received Import Request.
  Time of request: 2026-09-01T06:19:52.786312Z
  Time since last request: 0.000180625 seconds.
  importAddress: GUID: 468ea6c98cd64494abbc2c2f34d6cde2 - Path: Packages/com.unity.xr.arfoundation/Runtime/ARFoundation/PointClouds/ARPointCloudParticleVisualizer.cs - Importer: ScriptedImporter/UnityEditor.QuickSearchModule:UnityEditor.Search:ASIAI0B
Importing 'GUID: 468ea6c98cd64494abbc2c2f34d6cde2 - Path: Packages/com.unity.xr.arfoundation/Runtime/ARFoundation/PointClouds/ARPointCloudParticleVisualizer.cs - Importer: ScriptedImporter/UnityEditor.QuickSearchModule:UnityEditor.Search:ASIAI0B' with importer (ScriptedImporter : UnityEditor.QuickSearchModule:UnityEditor.Search:ASIAI0B)
Imported 'GUID: 468ea6c98cd64494abbc2c2f34d6cde2' -> (Import Result ID: 'ce02347496d83405af5be153081f6d7a') in 0.001 seconds [static and dynamic dependencies]. Details - ImportResultOutputID=f60453b4e5eddf7542091df90e9d3974 DependenciesID=63a78017ae63caeab33084150a42eeb4 StaticDependenciesID=825189175f575c3c86f63f0e82b8c1b0 
Number of updated asset objects reloaded before import = 0
Number of asset objects unloaded after import = 1
========================================================================
Received Import Request.
  Time of request: 2026-09-01T06:19:52.787822Z
  Time since last request: 0.000178416 seconds.
  importAddress: GUID: e3ffb508c3ec146fcb878c899e00e90e - Path: Packages/com.unity.xr.arfoundation/Runtime/ARSubsystems/Images/MutableRuntimeReferenceImageLibrary.cs - Importer: ScriptedImporter/UnityEditor.QuickSearchModule:UnityEditor.Search:ASIAI0B
Importing 'GUID: e3ffb508c3ec146fcb878c899e00e90e - Path: Packages/com.unity.xr.arfoundation/Runtime/ARSubsystems/Images/MutableRuntimeReferenceImageLibrary.cs - Importer: ScriptedImporter/UnityEditor.QuickSearchModule:UnityEditor.Search:ASIAI0B' with importer (ScriptedImporter : UnityEditor.QuickSearchModule:UnityEditor.Search:ASIAI0B)
Imported 'GUID: e3ffb508c3ec146fcb878c899e00e90e' -> (Import Result ID: 'dacd18c4705c96980724dd32fdaba02d') in 0.001 seconds [static and dynamic dependencies]. Details - ImportResultOutputID=8bcc93a1136d780c5601e61b77b2f0bd DependenciesID=ee83441dbedd5add82869c4272d15795 StaticDependenciesID=15585b2e4b5e8aa0c49b973fbfe5e114 
Number of updated asset objects reloaded before import = 0
Number of asset objects unloaded after import = 0
========================================================================
Received Import Request.
  Time of request: 2026-09-01T06:19:52.789013Z
  Time since last request: 0.000222167 seconds.
  importAddress: GUID: 04270704ae4dc994cb99e586b2ddf5e0 - Path: Packages/com.unity.mathematics/Unity.Mathematics - Importer: ScriptedImporter/UnityEditor.QuickSearchModule:UnityEditor.Search:ASIAI0B
Importing 'GUID: 04270704ae4dc994cb99e586b2ddf5e0 - Path: Packages/com.unity.mathematics/Unity.Mathematics - Importer: ScriptedImporter/UnityEditor.QuickSearchModule:UnityEditor.Search:ASIAI0B' with importer (ScriptedImporter : UnityEditor.QuickSearchModule:UnityEditor.Search:ASIAI0B)
Imported 'GUID: 04270704ae4dc994cb99e586b2ddf5e0' -> (Import Result ID: '13ed39ce1588f0203cb164193d713842') in 0.001 seconds [static and dynamic dependencies]. Details - ImportResultOutputID=de39a3e0e6cbbec93e9a6a63cf704716 DependenciesID=d371d35846442c4046b9222af1d4d706 StaticDependenciesID=e411923c0e0d6514c698b91593c0e38f 
Number of updated asset objects reloaded before import = 0
Number of asset objects unloaded after import = 1
========================================================================
Received Import Request.
  Time of request: 2026-09-01T06:19:52.790269Z
  Time since last request: 0.000253209 seconds.
  importAddress: GUID: 33ea0ae1d2167534db4af9bd108acbb3 - Path: Packages/com.unity.xr.arfoundation/Editor/ARSubsystems/XRReferenceImageLibraryExtensions.cs - Importer: ScriptedImporter/UnityEditor.QuickSearchModule:UnityEditor.Search:ASIAI0B
Importing 'GUID: 33ea0ae1d2167534db4af9bd108acbb3 - Path: Packages/com.unity.xr.arfoundation/Editor/ARSubsystems/XRReferenceImageLibraryExtensions.cs - Importer: ScriptedImporter/UnityEditor.QuickSearchModule:UnityEditor.Search:ASIAI0B' with importer (ScriptedImporter : UnityEditor.QuickSearchModule:UnityEditor.Search:ASIAI0B)
Imported 'GUID: 33ea0ae1d2167534db4af9bd108acbb3' -> (Import Result ID: 'e9a9bc3c758ae287c645fb36bea3ec0b') in 0.001 seconds [static and dynamic dependencies]. Details - ImportResultOutputID=cf99577d49da5403c5beed980996568d DependenciesID=edc1bc6072e82425a8ff18f90120faa8 StaticDependenciesID=fdd9cab8eb34e718d95374f554d07656 
Number of updated asset objects reloaded before import = 0
Number of asset objects unloaded after import = 0
========================================================================
Received Import Request.
  Time of request: 2026-09-01T06:19:52.791655Z
  Time since last request: 0.0001955 seconds.
  importAddress: GUID: 4966719baa26e4b0e8231a24d9bd491a - Path: Packages/com.unity.xr.arfoundation/Runtime/ARFoundation/Camera/ARCameraManager.cs - Importer: ScriptedImporter/UnityEditor.QuickSearchModule:UnityEditor.Search:ASIAI0B
Importing 'GUID: 4966719baa26e4b0e8231a24d9bd491a - Path: Packages/com.unity.xr.arfoundation/Runtime/ARFoundation/Camera/ARCameraManager.cs - Importer: ScriptedImporter/UnityEditor.QuickSearchModule:UnityEditor.Search:ASIAI0B' with importer (ScriptedImporter : UnityEditor.QuickSearchModule:UnityEditor.Search:ASIAI0B)
Imported 'GUID: 4966719baa26e4b0e8231a24d9bd491a' -> (Import Result ID: 'be9127334c6534210434b0cc3cccd7ed') in 0.001 seconds [static and dynamic dependencies]. Details - ImportResultOutputID=e6f54524d89d4494d09cb19597a18f52 DependenciesID=6fb7ae94323abbc50fef84ea5d14644b StaticDependenciesID=005cbaa6519ddc31c0f76778ae282aa9 
Number of updated asset objects reloaded before import = 0
Number of asset objects unloaded after import = 1
========================================================================
Received Import Request.
  Time of request: 2026-09-01T06:19:52.792983Z
  Time since last request: 0.000167042 seconds.
  importAddress: GUID: ee9af0c78ce605749ba0185801851bb3 - Path: Packages/com.unity.xr.arfoundation/Editor/ARFoundation/ARCameraBackgroundEditor.cs - Importer: ScriptedImporter/UnityEditor.QuickSearchModule:UnityEditor.Search:ASIAI0B
Importing 'GUID: ee9af0c78ce605749ba0185801851bb3 - Path: Packages/com.unity.xr.arfoundation/Editor/ARFoundation/ARCameraBackgroundEditor.cs - Importer: ScriptedImporter/UnityEditor.QuickSearchModule:UnityEditor.Search:ASIAI0B' with importer (ScriptedImporter : UnityEditor.QuickSearchModule:UnityEditor.Search:ASIAI0B)
Imported 'GUID: ee9af0c78ce605749ba0185801851bb3' -> (Import Result ID: '0939c2ce282bdc052750f2ac24d431a1') in 0.001 seconds [static and dynamic dependencies]. Details - ImportResultOutputID=99f1697098f9cb0f20be8f3262a4b14b DependenciesID=9c7630b97d60f34f61d446185303f352 StaticDependenciesID=485cabd63930553bf463dfa3ec0bed5d 
Number of updated asset objects reloaded before import = 0
Number of asset objects unloaded after import = 0
========================================================================
Received Import Request.
  Time of request: 2026-09-01T06:19:52.794191Z
  Time since last request: 0.000185375 seconds.
  importAddress: GUID: e9084ac900ac140359edfd560f097dc9 - Path: Packages/com.unity.xr.arfoundation/Runtime/ARFoundation/HumanBodies/ARHumanBody.cs - Importer: ScriptedImporter/UnityEditor.QuickSearchModule:UnityEditor.Search:ASIAI0B
Importing 'GUID: e9084ac900ac140359edfd560f097dc9 - Path: Packages/com.unity.xr.arfoundation/Runtime/ARFoundation/HumanBodies/ARHumanBody.cs - Importer: ScriptedImporter/UnityEditor.QuickSearchModule:UnityEditor.Search:ASIAI0B' with importer (ScriptedImporter : UnityEditor.QuickSearchModule:UnityEditor.Search:ASIAI0B)
Imported 'GUID: e9084ac900ac140359edfd560f097dc9' -> (Import Result ID: '3abe2436d1306815af53d72d625177a8') in 0.001 seconds [static and dynamic dependencies]. Details - ImportResultOutputID=c63f582d538ddd60f3d2d73e567571b9 DependenciesID=54b07067fc5d6c2e243cdf9b82c463cf StaticDependenciesID=a26d4dfb0471d861a81e0654bbf1cacb 
Number of updated asset objects reloaded before import = 0
Number of asset objects unloaded after import = 1
========================================================================
Received Import Request.
  Time of request: 2026-09-01T06:19:52.795909Z
  Time since last request: 0.00049025 seconds.
  importAddress: GUID: bd505806bf428084ebf2c1bceb0af59b - Path: Packages/com.unity.xr.arfoundation/Runtime/ARFoundation/Common/Textures/UpdatableRenderTextureRef.cs - Importer: ScriptedImporter/UnityEditor.QuickSearchModule:UnityEditor.Search:ASIAI0B
Importing 'GUID: bd505806bf428084ebf2c1bceb0af59b - Path: Packages/com.unity.xr.arfoundation/Runtime/ARFoundation/Common/Textures/UpdatableRenderTextureRef.cs - Importer: ScriptedImporter/UnityEditor.QuickSearchModule:UnityEditor.Search:ASIAI0B' with importer (ScriptedImporter : UnityEditor.QuickSearchModule:UnityEditor.Search:ASIAI0B)
Imported 'GUID: bd505806bf428084ebf2c1bceb0af59b' -> (Import Result ID: 'bbc4450dabfbec76e78fb87cc20b2f68') in 0.001 seconds [static and dynamic dependencies]. Details - ImportResultOutputID=7aca2f3ee0bab64811dce20f843aa351 DependenciesID=7407ff929ae895444a3c3eacd4e80d2c StaticDependenciesID=b6101def933a9d4df2c0bc50f268d76e 
Number of updated asset objects reloaded before import = 0
Number of asset objects unloaded after import = 0
========================================================================
Received Import Request.
  Time of request: 2026-09-01T06:19:52.797241Z
  Time since last request: 0.0002215 seconds.
  importAddress: GUID: b8c7f92827c94a5e9b64c988b07eb4a1 - Path: Packages/com.unity.xr.arfoundation/Runtime/ARFoundation/Deprecated - Importer: ScriptedImporter/UnityEditor.QuickSearchModule:UnityEditor.Search:ASIAI0B
Importing 'GUID: b8c7f92827c94a5e9b64c988b07eb4a1 - Path: Packages/com.unity.xr.arfoundation/Runtime/ARFoundation/Deprecated - Importer: ScriptedImporter/UnityEditor.QuickSearchModule:UnityEditor.Search:ASIAI0B' with importer (ScriptedImporter : UnityEditor.QuickSearchModule:UnityEditor.Search:ASIAI0B)
Imported 'GUID: b8c7f92827c94a5e9b64c988b07eb4a1' -> (Import Result ID: '2a0c37288735a29da572343349004e76') in 0.001 seconds [static and dynamic dependencies]. Details - ImportResultOutputID=10726e9a5cc84372cbfaad0e99ed613c DependenciesID=0f8f4975b110227d881cbbb4740b00a2 StaticDependenciesID=5ead21c1ff824ce57a5ebb2ceeee307f 
Number of updated asset objects reloaded before import = 0
Number of asset objects unloaded after import = 1
========================================================================
Received Import Request.
  Time of request: 2026-09-01T06:19:52.798485Z
  Time since last request: 0.00020625 seconds.
  importAddress: GUID: 14c22b7deb7f469daf43f52bfe98f468 - Path: Packages/com.unity.xr.arfoundation/Runtime/VisualScripting/Units/Events/EventUnits/ARFacesChangedEventUnit.cs - Importer: ScriptedImporter/UnityEditor.QuickSearchModule:UnityEditor.Search:ASIAI0B
Importing 'GUID: 14c22b7deb7f469daf43f52bfe98f468 - Path: Packages/com.unity.xr.arfoundation/Runtime/VisualScripting/Units/Events/EventUnits/ARFacesChangedEventUnit.cs - Importer: ScriptedImporter/UnityEditor.QuickSearchModule:UnityEditor.Search:ASIAI0B' with importer (ScriptedImporter : UnityEditor.QuickSearchModule:UnityEditor.Search:ASIAI0B)
Imported 'GUID: 14c22b7deb7f469daf43f52bfe98f468' -> (Import Result ID: 'd8689ffed332c3f9dfd1180ea3c623e2') in 0.001 seconds [static and dynamic dependencies]. Details - ImportResultOutputID=429149d5e66251640eb328f39aee33fe DependenciesID=ef2d39e287ffdca7bb03480d1ded57d5 StaticDependenciesID=b03e7c30cb931113bf2463ee063d5671 
Number of updated asset objects reloaded before import = 0
Number of asset objects unloaded after import = 0
========================================================================
Received Import Request.
  Time of request: 2026-09-01T06:19:52.799786Z
  Time since last request: 0.000208208 seconds.
  importAddress: GUID: a4937dc50330b794bb431b897d742681 - Path: Packages/com.unity.xr.arfoundation/Runtime/ARFoundation/Deprecated/ARAnchorsChangedEventArgs.deprecated.cs - Importer: ScriptedImporter/UnityEditor.QuickSearchModule:UnityEditor.Search:ASIAI0B
Importing 'GUID: a4937dc50330b794bb431b897d742681 - Path: Packages/com.unity.xr.arfoundation/Runtime/ARFoundation/Deprecated/ARAnchorsChangedEventArgs.deprecated.cs - Importer: ScriptedImporter/UnityEditor.QuickSearchModule:UnityEditor.Search:ASIAI0B' with importer (ScriptedImporter : UnityEditor.QuickSearchModule:UnityEditor.Search:ASIAI0B)
Imported 'GUID: a4937dc50330b794bb431b897d742681' -> (Import Result ID: '53b02c607e343300084800582adadec6') in 0.001 seconds [static and dynamic dependencies]. Details - ImportResultOutputID=07758b995f9b89c0b0e905eec815fcc7 DependenciesID=a435824719bc13c94c1e95c0000dd37a StaticDependenciesID=ef92e8adb36a97d711496af4ff745d06 
Number of updated asset objects reloaded before import = 0
Number of asset objects unloaded after import = 1
========================================================================
Received Import Request.
  Time of request: 2026-09-01T06:19:52.801391Z
  Time since last request: 0.000273375 seconds.
  importAddress: GUID: b59deec458d4f4120ab29fa90e4a9f4d - Path: Packages/com.unity.xr.arfoundation/Runtime/ARSubsystems/Occlusion - Importer: ScriptedImporter/UnityEditor.QuickSearchModule:UnityEditor.Search:ASIAI0B
Importing 'GUID: b59deec458d4f4120ab29fa90e4a9f4d - Path: Packages/com.unity.xr.arfoundation/Runtime/ARSubsystems/Occlusion - Importer: ScriptedImporter/UnityEditor.QuickSearchModule:UnityEditor.Search:ASIAI0B' with importer (ScriptedImporter : UnityEditor.QuickSearchModule:UnityEditor.Search:ASIAI0B)
Imported 'GUID: b59deec458d4f4120ab29fa90e4a9f4d' -> (Import Result ID: '525573521d60e5bb39aa9b4eac598072') in 0.001 seconds [static and dynamic dependencies]. Details - ImportResultOutputID=260e9594d616eee86e645ea180eb9439 DependenciesID=6e5b0b98b27c6416d4415bbd8dff040d StaticDependenciesID=49a02eb549bdc10006460b1eb450e1ef 
Number of updated asset objects reloaded before import = 0
Number of asset objects unloaded after import = 1
========================================================================
Received Import Request.
  Time of request: 2026-09-01T06:19:52.802596Z
  Time since last request: 0.000169417 seconds.
  importAddress: GUID: 7f759c464cb5ea8448d441f13b57aec0 - Path: Packages/com.unity.xr.arfoundation/Editor/ARFoundation/Unity.XR.ARFoundation.Editor.asmdef - Importer: ScriptedImporter/UnityEditor.QuickSearchModule:UnityEditor.Search:ASIAI0B
Importing 'GUID: 7f759c464cb5ea8448d441f13b57aec0 - Path: Packages/com.unity.xr.arfoundation/Editor/ARFoundation/Unity.XR.ARFoundation.Editor.asmdef - Importer: ScriptedImporter/UnityEditor.QuickSearchModule:UnityEditor.Search:ASIAI0B' with importer (ScriptedImporter : UnityEditor.QuickSearchModule:UnityEditor.Search:ASIAI0B)
Imported 'GUID: 7f759c464cb5ea8448d441f13b57aec0' -> (Import Result ID: '72b493883f8faff0c306b81b7258221f') in 0.001 seconds [static and dynamic dependencies]. Details - ImportResultOutputID=0d267eea29f5e07a2cf305f45c0425d4 DependenciesID=56fdaef7c941b77077fa1307682d81e7 StaticDependenciesID=df559335261b5ada6d6d51984602621b 
Number of updated asset objects reloaded before import = 0
Number of asset objects unloaded after import = 1
========================================================================
Received Import Request.
  Time of request: 2026-09-01T06:19:52.804095Z
  Time since last request: 0.00023275 seconds.
  importAddress: GUID: d8b63aba1907145bea998dd612889d6b - Path: Packages/com.unity.mathematics/Unity.Mathematics/Unity.Mathematics.asmdef - Importer: ScriptedImporter/UnityEditor.QuickSearchModule:UnityEditor.Search:ASIAI0B
Importing 'GUID: d8b63aba1907145bea998dd612889d6b - Path: Packages/com.unity.mathematics/Unity.Mathematics/Unity.Mathematics.asmdef - Importer: ScriptedImporter/UnityEditor.QuickSearchModule:UnityEditor.Search:ASIAI0B' with importer (ScriptedImporter : UnityEditor.QuickSearchModule:UnityEditor.Search:ASIAI0B)
Imported 'GUID: d8b63aba1907145bea998dd612889d6b' -> (Import Result ID: '67b10637e762a3d6882ef7b10576b198') in 0.001 seconds [static and dynamic dependencies]. Details - ImportResultOutputID=ef6550d1000503b5cf801f36f57d946d DependenciesID=ff0ee8e6dc1a955c4f5db7965ad428a6 StaticDependenciesID=bc7b1c24b7d3451c2d9f9daf0290161b 
Number of updated asset objects reloaded before import = 0
Number of asset objects unloaded after import = 1
========================================================================
Received Import Request.
  Time of request: 2026-09-01T06:19:52.805552Z
  Time since last request: 0.00017925 seconds.
  importAddress: GUID: 817681f8a61cf447d894071ccb8a1d93 - Path: Packages/com.unity.xr.arfoundation/Runtime/ARSubsystems/Common/XRResultStatus.cs - Importer: ScriptedImporter/UnityEditor.QuickSearchModule:UnityEditor.Search:ASIAI0B
Importing 'GUID: 817681f8a61cf447d894071ccb8a1d93 - Path: Packages/com.unity.xr.arfoundation/Runtime/ARSubsystems/Common/XRResultStatus.cs - Importer: ScriptedImporter/UnityEditor.QuickSearchModule:UnityEditor.Search:ASIAI0B' with importer (ScriptedImporter : UnityEditor.QuickSearchModule:UnityEditor.Search:ASIAI0B)
Imported 'GUID: 817681f8a61cf447d894071ccb8a1d93' -> (Import Result ID: '4ffbfe40d2d8c286f6eada1700b5c517') in 0.001 seconds [static and dynamic dependencies]. Details - ImportResultOutputID=73a9d19cccf8a8d7fafd7d5077a05b9f DependenciesID=28b149959e26f612a18ef8d258ad4585 StaticDependenciesID=75713734994baa140821e6a81580a9e8 
Number of updated asset objects reloaded before import = 0
Number of asset objects unloaded after import = 0
========================================================================
Received Import Request.
  Time of request: 2026-09-01T06:19:52.806765Z
  Time since last request: 0.000204583 seconds.
  importAddress: GUID: eb436045ef2164933aea0fc9698d0252 - Path: Packages/com.unity.xr.arkit/Runtime/FaceTracking/Assembly.cs - Importer: ScriptedImporter/UnityEditor.QuickSearchModule:UnityEditor.Search:ASIAI0B
Importing 'GUID: eb436045ef2164933aea0fc9698d0252 - Path: Packages/com.unity.xr.arkit/Runtime/FaceTracking/Assembly.cs - Importer: ScriptedImporter/UnityEditor.QuickSearchModule:UnityEditor.Search:ASIAI0B' with importer (ScriptedImporter : UnityEditor.QuickSearchModule:UnityEditor.Search:ASIAI0B)
Imported 'GUID: eb436045ef2164933aea0fc9698d0252' -> (Import Result ID: 'd9158449976cc4ee4cb7747d598fd139') in 0.001 seconds [static and dynamic dependencies]. Details - ImportResultOutputID=73d8b45c9099898e915cff82c8309d7e DependenciesID=f7e724f1ecb286a47ed8802335a23c7d StaticDependenciesID=ed0f3575e60cfc56d8b70d99fdce9479 
Number of updated asset objects reloaded before import = 0
Number of asset objects unloaded after import = 0
========================================================================
Received Import Request.
  Time of request: 2026-09-01T06:19:52.808058Z
  Time since last request: 0.000194209 seconds.
  importAddress: GUID: 9164ac3ee786423caa21a7030678b4ce - Path: Packages/com.unity.xr.arfoundation/Runtime/ARSubsystems/Occlusion/XRNearFarPlanes.cs - Importer: ScriptedImporter/UnityEditor.QuickSearchModule:UnityEditor.Search:ASIAI0B
Importing 'GUID: 9164ac3ee786423caa21a7030678b4ce - Path: Packages/com.unity.xr.arfoundation/Runtime/ARSubsystems/Occlusion/XRNearFarPlanes.cs - Importer: ScriptedImporter/UnityEditor.QuickSearchModule:UnityEditor.Search:ASIAI0B' with importer (ScriptedImporter : UnityEditor.QuickSearchModule:UnityEditor.Search:ASIAI0B)
Imported 'GUID: 9164ac3ee786423caa21a7030678b4ce' -> (Import Result ID: '0a19467b12b160c47253801d18663969') in 0.001 seconds [static and dynamic dependencies]. Details - ImportResultOutputID=d3acef50e851bdcedf3a3b37b4505e93 DependenciesID=34f49ecc399d557c065bec0a0855f3f1 StaticDependenciesID=e62be621f95a0b81e308b30450c24989 
Number of updated asset objects reloaded before import = 0
Number of asset objects unloaded after import = 0
========================================================================
Received Import Request.
  Time of request: 2026-09-01T06:19:52.809266Z
  Time since last request: 0.000199042 seconds.
  importAddress: GUID: 9a9ae58e9f12be0409d3c55c0815e5c8 - Path: Packages/com.unity.xr.arfoundation/Assets/Shaders/SimulationBackgroundSimple.shader - Importer: ScriptedImporter/UnityEditor.QuickSearchModule:UnityEditor.Search:ASIAI0B
Importing 'GUID: 9a9ae58e9f12be0409d3c55c0815e5c8 - Path: Packages/com.unity.xr.arfoundation/Assets/Shaders/SimulationBackgroundSimple.shader - Importer: ScriptedImporter/UnityEditor.QuickSearchModule:UnityEditor.Search:ASIAI0B' with importer (ScriptedImporter : UnityEditor.QuickSearchModule:UnityEditor.Search:ASIAI0B)
Imported 'GUID: 9a9ae58e9f12be0409d3c55c0815e5c8' -> (Import Result ID: 'd320f18588009e2c19581349bcc732e8') in 0.001 seconds [static and dynamic dependencies]. Details - ImportResultOutputID=bd7815394d990b9527b8ab8f25061769 DependenciesID=7e7927ca97a4869d3e2a556072b544f4 StaticDependenciesID=b691f9af7c94956b3b39249a63d0a4c7 
Number of updated asset objects reloaded before import = 0
Number of asset objects unloaded after import = 1
========================================================================
Received Import Request.
  Time of request: 2026-09-01T06:19:52.810696Z
  Time since last request: 0.000183375 seconds.
  importAddress: GUID: ebde855a851c64c61b7fde816d240abf - Path: Packages/com.unity.xr.arkit/Tests/Editor/Assets/TestCube.arobject - Importer: ScriptedImporter/UnityEditor.QuickSearchModule:UnityEditor.Search:ASIAI0B
Importing 'GUID: ebde855a851c64c61b7fde816d240abf - Path: Packages/com.unity.xr.arkit/Tests/Editor/Assets/TestCube.arobject - Importer: ScriptedImporter/UnityEditor.QuickSearchModule:UnityEditor.Search:ASIAI0B' with importer (ScriptedImporter : UnityEditor.QuickSearchModule:UnityEditor.Search:ASIAI0B)
Imported 'GUID: ebde855a851c64c61b7fde816d240abf' -> (Import Result ID: 'b0992e2feddde4b37e8729e1e7388519') in 0.002 seconds [static and dynamic dependencies]. Details - ImportResultOutputID=b9a4e98eac90ddc296a6ec171fcba6f0 DependenciesID=b42301e12abf50cc95988ca96b42e942 StaticDependenciesID=d09b8a5028f8300aae9962cd3c89dbb8 
Number of updated asset objects reloaded before import = 0
Number of asset objects unloaded after import = 1
========================================================================
Received Import Request.
  Time of request: 2026-09-01T06:19:52.813345Z
  Time since last request: 0.000305875 seconds.
  importAddress: GUID: d88c5222e051f4ab4b13c96d31367fbd - Path: Packages/com.unity.xr.arfoundation/Runtime/ARFoundation/Faces - Importer: ScriptedImporter/UnityEditor.QuickSearchModule:UnityEditor.Search:ASIAI0B
Importing 'GUID: d88c5222e051f4ab4b13c96d31367fbd - Path: Packages/com.unity.xr.arfoundation/Runtime/ARFoundation/Faces - Importer: ScriptedImporter/UnityEditor.QuickSearchModule:UnityEditor.Search:ASIAI0B' with importer (ScriptedImporter : UnityEditor.QuickSearchModule:UnityEditor.Search:ASIAI0B)
Imported 'GUID: d88c5222e051f4ab4b13c96d31367fbd' -> (Import Result ID: '3ca83d3be0e9ff37a39b026aebe706d5') in 0.001 seconds [static and dynamic dependencies]. Details - ImportResultOutputID=418d7e27f92ad29ea465bec5863fef74 DependenciesID=beb5cf92debab4353a3cad7f18230643 StaticDependenciesID=d3ffee9d313f47f5c14acdb69537c1ee 
Number of updated asset objects reloaded before import = 0
Number of asset objects unloaded after import = 1
========================================================================
Received Import Request.
  Time of request: 2026-09-01T06:19:52.814572Z
  Time since last request: 0.000190291 seconds.
  importAddress: GUID: e4bee56e065474a3495bef08621c27dd - Path: Packages/com.unity.xr.arfoundation/Runtime/ARSubsystems/Camera/XRCameraFrameExifData.cs - Importer: ScriptedImporter/UnityEditor.QuickSearchModule:UnityEditor.Search:ASIAI0B
Importing 'GUID: e4bee56e065474a3495bef08621c27dd - Path: Packages/com.unity.xr.arfoundation/Runtime/ARSubsystems/Camera/XRCameraFrameExifData.cs - Importer: ScriptedImporter/UnityEditor.QuickSearchModule:UnityEditor.Search:ASIAI0B' with importer (ScriptedImporter : UnityEditor.QuickSearchModule:UnityEditor.Search:ASIAI0B)
Imported 'GUID: e4bee56e065474a3495bef08621c27dd' -> (Import Result ID: '3667d516a4ee187f50db1d457a6d6097') in 0.001 seconds [static and dynamic dependencies]. Details - ImportResultOutputID=172014a8f6f6460b6718ec3d42978c6d DependenciesID=6b2fee0d51d6999dd7e0cffe95ca98ca StaticDependenciesID=dc6d0d6103862010244cd6702a31c897 
Number of updated asset objects reloaded before import = 0
Number of asset objects unloaded after import = 0
========================================================================
Received Import Request.
  Time of request: 2026-09-01T06:19:52.815845Z
  Time since last request: 0.000292334 seconds.
  importAddress: GUID: 5d87bd45cfc214ce48ce8b882225dd11 - Path: Packages/com.unity.xr.arfoundation/Runtime/ARFoundation/Faces/ARFace.cs - Importer: ScriptedImporter/UnityEditor.QuickSearchModule:UnityEditor.Search:ASIAI0B
Importing 'GUID: 5d87bd45cfc214ce48ce8b882225dd11 - Path: Packages/com.unity.xr.arfoundation/Runtime/ARFoundation/Faces/ARFace.cs - Importer: ScriptedImporter/UnityEditor.QuickSearchModule:UnityEditor.Search:ASIAI0B' with importer (ScriptedImporter : UnityEditor.QuickSearchModule:UnityEditor.Search:ASIAI0B)
Imported 'GUID: 5d87bd45cfc214ce48ce8b882225dd11' -> (Import Result ID: 'a2e963bd3d4d0238fefb1c7b444400c0') in 0.001 seconds [static and dynamic dependencies]. Details - ImportResultOutputID=c03b01703fe5a1170e30d014fa8928c2 DependenciesID=48e2efb99256feb1b500d5164f4f9e4f StaticDependenciesID=0b6d6fb045945b4a8a1de23b94cf61b4 
Number of updated asset objects reloaded before import = 0
Number of asset objects unloaded after import = 1
========================================================================
Received Import Request.
  Time of request: 2026-09-01T06:19:52.817189Z
  Time since last request: 0.000192625 seconds.
  importAddress: GUID: b3598eef3d493e548906fbbf2b730240 - Path: Packages/com.unity.xr.arfoundation/Runtime/Simulation/SimulationSceneManager.cs - Importer: ScriptedImporter/UnityEditor.QuickSearchModule:UnityEditor.Search:ASIAI0B
Importing 'GUID: b3598eef3d493e548906fbbf2b730240 - Path: Packages/com.unity.xr.arfoundation/Runtime/Simulation/SimulationSceneManager.cs - Importer: ScriptedImporter/UnityEditor.QuickSearchModule:UnityEditor.Search:ASIAI0B' with importer (ScriptedImporter : UnityEditor.QuickSearchModule:UnityEditor.Search:ASIAI0B)
Imported 'GUID: b3598eef3d493e548906fbbf2b730240' -> (Import Result ID: '1565c840e03923a2d94aa5e56ea86a10') in 0.001 seconds [static and dynamic dependencies]. Details - ImportResultOutputID=268fe4ff661629cc2e3558aa9969aac5 DependenciesID=958e25c192db6fbbcfc765713667a3fe StaticDependenciesID=46731d1223d3c270cc4f43790e122924 
Number of updated asset objects reloaded before import = 0
Number of asset objects unloaded after import = 0
========================================================================
Received Import Request.
  Time of request: 2026-09-01T06:19:52.818776Z
  Time since last request: 0.000208708 seconds.
  importAddress: GUID: 4cd5acc673e49471fb9599f8a76b32b7 - Path: Packages/com.unity.xr.arfoundation/Runtime/ARSubsystems/Utils/GuidUtil.cs - Importer: ScriptedImporter/UnityEditor.QuickSearchModule:UnityEditor.Search:ASIAI0B
Importing 'GUID: 4cd5acc673e49471fb9599f8a76b32b7 - Path: Packages/com.unity.xr.arfoundation/Runtime/ARSubsystems/Utils/GuidUtil.cs - Importer: ScriptedImporter/UnityEditor.QuickSearchModule:UnityEditor.Search:ASIAI0B' with importer (ScriptedImporter : UnityEditor.QuickSearchModule:UnityEditor.Search:ASIAI0B)
Imported 'GUID: 4cd5acc673e49471fb9599f8a76b32b7' -> (Import Result ID: '567e1c97a6d55328d6be1d1760eedd6e') in 0.001 seconds [static and dynamic dependencies]. Details - ImportResultOutputID=23843121cf77e8f81b6997cd3dd5b400 DependenciesID=f0b11084c14c5a792e42b1139b09e925 StaticDependenciesID=df65116331788eab37581da88a2ef856 
Number of updated asset objects reloaded before import = 0
Number of asset objects unloaded after import = 0
========================================================================
Received Import Request.
  Time of request: 2026-09-01T06:19:52.820023Z
  Time since last request: 0.000205292 seconds.
  importAddress: GUID: 6306bf85198c3468ca204dfd344ed6bd - Path: Packages/com.unity.xr.arfoundation/Runtime/Simulation/Subsystems/ImageTracking/TrackedImageDiscoveryParams.cs - Importer: ScriptedImporter/UnityEditor.QuickSearchModule:UnityEditor.Search:ASIAI0B
Importing 'GUID: 6306bf85198c3468ca204dfd344ed6bd - Path: Packages/com.unity.xr.arfoundation/Runtime/Simulation/Subsystems/ImageTracking/TrackedImageDiscoveryParams.cs - Importer: ScriptedImporter/UnityEditor.QuickSearchModule:UnityEditor.Search:ASIAI0B' with importer (ScriptedImporter : UnityEditor.QuickSearchModule:UnityEditor.Search:ASIAI0B)
Imported 'GUID: 6306bf85198c3468ca204dfd344ed6bd' -> (Import Result ID: '127e147bbbfd68284ecde9059c580150') in 0.001 seconds [static and dynamic dependencies]. Details - ImportResultOutputID=cce30164160756fdf735f8e583d97091 DependenciesID=221289f33d7d772c4877d5cc117385a0 StaticDependenciesID=6f4ffb6804e4a2a06015d12f1666880a 
Number of updated asset objects reloaded before import = 0
Number of asset objects unloaded after import = 0
========================================================================
Received Import Request.
  Time of request: 2026-09-01T06:19:52.821508Z
  Time since last request: 0.0002015 seconds.
  importAddress: GUID: e1a240c3068014fed926c0e72b78f1bd - Path: Packages/com.unity.xr.arfoundation/Runtime/Simulation/Subsystems/ImageTracking/TrackedImageDiscoveryStrategy.cs - Importer: ScriptedImporter/UnityEditor.QuickSearchModule:UnityEditor.Search:ASIAI0B
Importing 'GUID: e1a240c3068014fed926c0e72b78f1bd - Path: Packages/com.unity.xr.arfoundation/Runtime/Simulation/Subsystems/ImageTracking/TrackedImageDiscoveryStrategy.cs - Importer: ScriptedImporter/UnityEditor.QuickSearchModule:UnityEditor.Search:ASIAI0B' with importer (ScriptedImporter : UnityEditor.QuickSearchModule:UnityEditor.Search:ASIAI0B)
Imported 'GUID: e1a240c3068014fed926c0e72b78f1bd' -> (Import Result ID: '4a6b5dc6f25cfc5788b2a4f21953cda6') in 0.002 seconds [static and dynamic dependencies]. Details - ImportResultOutputID=a7b42f2153594bd9ee539fe4bd107fb4 DependenciesID=6929383b4d791567796f72234500f661 StaticDependenciesID=288dc58bf30dae13f688acbd6fe0ad4f 
Number of updated asset objects reloaded before import = 0
Number of asset objects unloaded after import = 0
========================================================================
Received Import Request.
  Time of request: 2026-09-01T06:19:52.823924Z
  Time since last request: 0.000251667 seconds.
  importAddress: GUID: cef289a9c30e479e9c9d275e48d75bb7 - Path: Packages/com.unity.xr.arfoundation/Runtime/ARSubsystems/BoundingBoxes/XRBoundingBoxSubsystemDescriptor.cs - Importer: ScriptedImporter/UnityEditor.QuickSearchModule:UnityEditor.Search:ASIAI0B
Importing 'GUID: cef289a9c30e479e9c9d275e48d75bb7 - Path: Packages/com.unity.xr.arfoundation/Runtime/ARSubsystems/BoundingBoxes/XRBoundingBoxSubsystemDescriptor.cs - Importer: ScriptedImporter/UnityEditor.QuickSearchModule:UnityEditor.Search:ASIAI0B' with importer (ScriptedImporter : UnityEditor.QuickSearchModule:UnityEditor.Search:ASIAI0B)
Imported 'GUID: cef289a9c30e479e9c9d275e48d75bb7' -> (Import Result ID: 'da58f84a89e011cb2f7a81c3c98ed2c2') in 0.001 seconds [static and dynamic dependencies]. Details - ImportResultOutputID=ab0d3109e3d4ade13b48e6cb21f4790a DependenciesID=708b0aeff78c7aa990a0a17402b878d2 StaticDependenciesID=4784d4f5a93c8744a969161d748e9411 
Number of updated asset objects reloaded before import = 0
Number of asset objects unloaded after import = 0
========================================================================
Received Import Request.
  Time of request: 2026-09-01T06:19:52.825639Z
  Time since last request: 0.000409041 seconds.
  importAddress: GUID: fbf259960733c4c50b18aec355736f9f - Path: Packages/com.unity.xr.arfoundation/Runtime/ARFoundation/Camera/CameraFacingDirection.cs - Importer: ScriptedImporter/UnityEditor.QuickSearchModule:UnityEditor.Search:ASIAI0B
Importing 'GUID: fbf259960733c4c50b18aec355736f9f - Path: Packages/com.unity.xr.arfoundation/Runtime/ARFoundation/Camera/CameraFacingDirection.cs - Importer: ScriptedImporter/UnityEditor.QuickSearchModule:UnityEditor.Search:ASIAI0B' with importer (ScriptedImporter : UnityEditor.QuickSearchModule:UnityEditor.Search:ASIAI0B)
Imported 'GUID: fbf259960733c4c50b18aec355736f9f' -> (Import Result ID: '354c31cc025f23fec6015e17dee1f090') in 0.001 seconds [static and dynamic dependencies]. Details - ImportResultOutputID=70d1f98bdf6b48eeacfe9121ffe77779 DependenciesID=417c77ecde35ffd9727ef6e4b5fbd4fc StaticDependenciesID=deb4461a3ad5d058db9d7bd4076c5626 
Number of updated asset objects reloaded before import = 0
Number of asset objects unloaded after import = 0
========================================================================
Received Import Request.
  Time of request: 2026-09-01T06:19:52.827469Z
  Time since last request: 0.000607459 seconds.
  importAddress: GUID: aed488b8737f941daab6d8b230ce7229 - Path: Packages/com.unity.xr.arfoundation/Runtime/ARFoundation/Markers - Importer: ScriptedImporter/UnityEditor.QuickSearchModule:UnityEditor.Search:ASIAI0B
Importing 'GUID: aed488b8737f941daab6d8b230ce7229 - Path: Packages/com.unity.xr.arfoundation/Runtime/ARFoundation/Markers - Importer: ScriptedImporter/UnityEditor.QuickSearchModule:UnityEditor.Search:ASIAI0B' with importer (ScriptedImporter : UnityEditor.QuickSearchModule:UnityEditor.Search:ASIAI0B)
Imported 'GUID: aed488b8737f941daab6d8b230ce7229' -> (Import Result ID: 'dd24b145c20defcc7bba5b4723111efd') in 0.001 seconds [static and dynamic dependencies]. Details - ImportResultOutputID=5e717bca306eb4ef3a3a95a0ad010ca5 DependenciesID=1e5369a44859f02a8a47dc34208d0c8a StaticDependenciesID=4b846a6cae2597dc0176d4e2b09753de 
Number of updated asset objects reloaded before import = 0
Number of asset objects unloaded after import = 1
========================================================================
Received Import Request.
  Time of request: 2026-09-01T06:19:52.829835Z
  Time since last request: 0.000689333 seconds.
  importAddress: GUID: 9d86c03f6bb5241ecbc89455b2e81059 - Path: Packages/com.unity.xr.arkit/Tests/Runtime/CodeSamples/Unity.XR.ARKit.CodeSamples.Tests.asmdef - Importer: ScriptedImporter/UnityEditor.QuickSearchModule:UnityEditor.Search:ASIAI0B
Importing 'GUID: 9d86c03f6bb5241ecbc89455b2e81059 - Path: Packages/com.unity.xr.arkit/Tests/Runtime/CodeSamples/Unity.XR.ARKit.CodeSamples.Tests.asmdef - Importer: ScriptedImporter/UnityEditor.QuickSearchModule:UnityEditor.Search:ASIAI0B' with importer (ScriptedImporter : UnityEditor.QuickSearchModule:UnityEditor.Search:ASIAI0B)
Imported 'GUID: 9d86c03f6bb5241ecbc89455b2e81059' -> (Import Result ID: '4f6a07b95505737efebdb1b83fe0bb4d') in 0.001 seconds [static and dynamic dependencies]. Details - ImportResultOutputID=239578d69c8f34ed0e8f7c74b405b443 DependenciesID=fb383916323cad639ecdffc0f221faab StaticDependenciesID=a5022fdb1322e6550dd769f1cd093845 
Number of updated asset objects reloaded before import = 0
Number of asset objects unloaded after import = 1
========================================================================
Received Import Request.
  Time of request: 2026-09-01T06:19:52.832358Z
  Time since last request: 0.000864417 seconds.
  importAddress: GUID: 837129fe064064a0ea8a498d72e05698 - Path: Packages/com.unity.xr.arfoundation/Assets/Textures/Info@2x.png - Importer: ScriptedImporter/UnityEditor.QuickSearchModule:UnityEditor.Search:ASIAI0B
Importing 'GUID: 837129fe064064a0ea8a498d72e05698 - Path: Packages/com.unity.xr.arfoundation/Assets/Textures/Info@2x.png - Importer: ScriptedImporter/UnityEditor.QuickSearchModule:UnityEditor.Search:ASIAI0B' with importer (ScriptedImporter : UnityEditor.QuickSearchModule:UnityEditor.Search:ASIAI0B)
Imported 'GUID: 837129fe064064a0ea8a498d72e05698' -> (Import Result ID: 'd30258c889eb2190cf85321dc574b04d') in 0.003 seconds [static and dynamic dependencies]. Details - ImportResultOutputID=e12097b358256a06701a5ef18d412edc DependenciesID=37cd612d3708109ca049c89644640d60 StaticDependenciesID=d20a0044d503f3dea8765b26847aa207 
Number of updated asset objects reloaded before import = 0
Number of asset objects unloaded after import = 3
========================================================================
Received Import Request.
  Time of request: 2026-09-01T06:19:52.836104Z
  Time since last request: 0.000203959 seconds.
  importAddress: GUID: 291d5692a28466445807479fa1f24451 - Path: Packages/com.unity.xr.arkit/Runtime/PointCloud - Importer: ScriptedImporter/UnityEditor.QuickSearchModule:UnityEditor.Search:ASIAI0B
Importing 'GUID: 291d5692a28466445807479fa1f24451 - Path: Packages/com.unity.xr.arkit/Runtime/PointCloud - Importer: ScriptedImporter/UnityEditor.QuickSearchModule:UnityEditor.Search:ASIAI0B' with importer (ScriptedImporter : UnityEditor.QuickSearchModule:UnityEditor.Search:ASIAI0B)
Imported 'GUID: 291d5692a28466445807479fa1f24451' -> (Import Result ID: '374b936c7f9a7467c757d063d4c5a29b') in 0.001 seconds [static and dynamic dependencies]. Details - ImportResultOutputID=0bdca1912455ea4a4e1fcd90dc649574 DependenciesID=db3bf391e159d0dd612a41aac6e7265d StaticDependenciesID=9454482bf624901196fdb5227af79bd0 
Number of updated asset objects reloaded before import = 0
Number of asset objects unloaded after import = 1
========================================================================
Received Import Request.
  Time of request: 2026-09-01T06:19:52.837474Z
  Time since last request: 0.000216667 seconds.
  importAddress: GUID: 29070bec5a5705045bb69c987b6d303b - Path: Packages/com.unity.xr.arfoundation/Editor/Icons/AddEdit.png - Importer: ScriptedImporter/UnityEditor.QuickSearchModule:UnityEditor.Search:ASIAI0B
Importing 'GUID: 29070bec5a5705045bb69c987b6d303b - Path: Packages/com.unity.xr.arfoundation/Editor/Icons/AddEdit.png - Importer: ScriptedImporter/UnityEditor.QuickSearchModule:UnityEditor.Search:ASIAI0B' with importer (ScriptedImporter : UnityEditor.QuickSearchModule:UnityEditor.Search:ASIAI0B)
Imported 'GUID: 29070bec5a5705045bb69c987b6d303b' -> (Import Result ID: 'aa5e789bf2d479fdb29de2de9a94fcff') in 0.003 seconds [static and dynamic dependencies]. Details - ImportResultOutputID=b944ea9e26681ab6ff487a8316611c27 DependenciesID=9528d29264b96bd457a872036ddd9634 StaticDependenciesID=f40ffdf87576bc8edf5e98f64373b88f 
Number of updated asset objects reloaded before import = 0
Number of asset objects unloaded after import = 1
========================================================================
Received Import Request.
  Time of request: 2026-09-01T06:19:52.84094Z
  Time since last request: 0.000353667 seconds.
  importAddress: GUID: 6fc1096104b6434cab4c31fb68cc76ca - Path: Packages/com.unity.xr.arfoundation/Runtime/ARSubsystems/Markers/XRMarkerSubsystem.cs - Importer: ScriptedImporter/UnityEditor.QuickSearchModule:UnityEditor.Search:ASIAI0B
Importing 'GUID: 6fc1096104b6434cab4c31fb68cc76ca - Path: Packages/com.unity.xr.arfoundation/Runtime/ARSubsystems/Markers/XRMarkerSubsystem.cs - Importer: ScriptedImporter/UnityEditor.QuickSearchModule:UnityEditor.Search:ASIAI0B' with importer (ScriptedImporter : UnityEditor.QuickSearchModule:UnityEditor.Search:ASIAI0B)
Imported 'GUID: 6fc1096104b6434cab4c31fb68cc76ca' -> (Import Result ID: 'd4852dd6114a5309c16d2f2b015d7ab0') in 0.001 seconds [static and dynamic dependencies]. Details - ImportResultOutputID=faee095e066cc4f65b2c35760e219616 DependenciesID=3bd38746bac7781668a759944c106b93 StaticDependenciesID=2512c3d0b200114517266f42406ccbf9 
Number of updated asset objects reloaded before import = 0
Number of asset objects unloaded after import = 0
========================================================================
Received Import Request.
  Time of request: 2026-09-01T06:19:52.842355Z
  Time since last request: 0.000188833 seconds.
  importAddress: GUID: e30a7951dff1c3a48a7c9a8666a0be16 - Path: Packages/com.unity.xr.arfoundation/Runtime/Simulation/Subsystems/Anchors - Importer: ScriptedImporter/UnityEditor.QuickSearchModule:UnityEditor.Search:ASIAI0B
Importing 'GUID: e30a7951dff1c3a48a7c9a8666a0be16 - Path: Packages/com.unity.xr.arfoundation/Runtime/Simulation/Subsystems/Anchors - Importer: ScriptedImporter/UnityEditor.QuickSearchModule:UnityEditor.Search:ASIAI0B' with importer (ScriptedImporter : UnityEditor.QuickSearchModule:UnityEditor.Search:ASIAI0B)
Imported 'GUID: e30a7951dff1c3a48a7c9a8666a0be16' -> (Import Result ID: 'd074cc2c27c545d899f68d67ca7dbdc7') in 0.001 seconds [static and dynamic dependencies]. Details - ImportResultOutputID=96ac9ee2ed7a6c7fbfcb5b55039aadb3 DependenciesID=64d33e2702faecc321ffd42a79e25819 StaticDependenciesID=00d6a40a996437d037095daf8bddb2b7 
Number of updated asset objects reloaded before import = 0
Number of asset objects unloaded after import = 1
========================================================================
Received Import Request.
  Time of request: 2026-09-01T06:19:52.843524Z
  Time since last request: 0.000183625 seconds.
  importAddress: GUID: 315fb930799e4ac6854d786d96269819 - Path: Packages/com.unity.xr.arfoundation/Runtime/ARSubsystems/Markers/XRMarkerBuilder.cs - Importer: ScriptedImporter/UnityEditor.QuickSearchModule:UnityEditor.Search:ASIAI0B
Importing 'GUID: 315fb930799e4ac6854d786d96269819 - Path: Packages/com.unity.xr.arfoundation/Runtime/ARSubsystems/Markers/XRMarkerBuilder.cs - Importer: ScriptedImporter/UnityEditor.QuickSearchModule:UnityEditor.Search:ASIAI0B' with importer (ScriptedImporter : UnityEditor.QuickSearchModule:UnityEditor.Search:ASIAI0B)
Imported 'GUID: 315fb930799e4ac6854d786d96269819' -> (Import Result ID: 'afb7721f6afa77f4e4b71137328b8c09') in 0.001 seconds [static and dynamic dependencies]. Details - ImportResultOutputID=cc5820145d6bccb467dc0f6cafa3ce8a DependenciesID=226a2b177a9c81b759619486a707c2d2 StaticDependenciesID=d909b93be2e56cdbd0a3d5404f7763cb 
Number of updated asset objects reloaded before import = 0
Number of asset objects unloaded after import = 0
========================================================================
Received Import Request.
  Time of request: 2026-09-01T06:19:52.844731Z
  Time since last request: 0.000192083 seconds.
  importAddress: GUID: 3aa2acd3a32764bcf8530aed547fc2ef - Path: Packages/com.unity.xr.arfoundation/Runtime/Simulation/Subsystems/Plane/Visualizers/SimulationVoxelVisualizer.cs - Importer: ScriptedImporter/UnityEditor.QuickSearchModule:UnityEditor.Search:ASIAI0B
Importing 'GUID: 3aa2acd3a32764bcf8530aed547fc2ef - Path: Packages/com.unity.xr.arfoundation/Runtime/Simulation/Subsystems/Plane/Visualizers/SimulationVoxelVisualizer.cs - Importer: ScriptedImporter/UnityEditor.QuickSearchModule:UnityEditor.Search:ASIAI0B' with importer (ScriptedImporter : UnityEditor.QuickSearchModule:UnityEditor.Search:ASIAI0B)
Imported 'GUID: 3aa2acd3a32764bcf8530aed547fc2ef' -> (Import Result ID: 'c3f85f1e7960ef56aec9346ad8b41567') in 0.001 seconds [static and dynamic dependencies]. Details - ImportResultOutputID=4576b0a11bbc6e2e941935957e1fabac DependenciesID=b547866bfa9c0d24fc22ad1913fdc5ed StaticDependenciesID=219467441c6ea4a60a50a583c991a7eb 
Number of updated asset objects reloaded before import = 0
Number of asset objects unloaded after import = 0
========================================================================
Received Import Request.
  Time of request: 2026-09-01T06:19:52.846105Z
  Time since last request: 0.000185209 seconds.
  importAddress: GUID: e24554baf4f324249a7dcfdd0933a391 - Path: Packages/com.unity.xr.arfoundation/Runtime/Simulation/Environment/XRayRuntimeUtils.cs - Importer: ScriptedImporter/UnityEditor.QuickSearchModule:UnityEditor.Search:ASIAI0B
Importing 'GUID: e24554baf4f324249a7dcfdd0933a391 - Path: Packages/com.unity.xr.arfoundation/Runtime/Simulation/Environment/XRayRuntimeUtils.cs - Importer: ScriptedImporter/UnityEditor.QuickSearchModule:UnityEditor.Search:ASIAI0B' with importer (ScriptedImporter : UnityEditor.QuickSearchModule:UnityEditor.Search:ASIAI0B)
Imported 'GUID: e24554baf4f324249a7dcfdd0933a391' -> (Import Result ID: 'eb00fc15a1d3c4412bd0181e2c78643b') in 0.001 seconds [static and dynamic dependencies]. Details - ImportResultOutputID=a12c67295c29ca803a13fc12baf5b9fb DependenciesID=0e9a23e42d69325abc92b7a8c85dd2cb StaticDependenciesID=ff99392f0c907052c3294f8cca99ebb6 
Number of updated asset objects reloaded before import = 0
Number of asset objects unloaded after import = 0
========================================================================
Received Import Request.
  Time of request: 2026-09-01T06:19:52.847259Z
  Time since last request: 0.000195417 seconds.
  importAddress: GUID: 5dbdb665e280941f0ab05053498d9f37 - Path: Packages/com.unity.xr.arfoundation/Editor/ARFoundation/AssemblyInfo.cs - Importer: ScriptedImporter/UnityEditor.QuickSearchModule:UnityEditor.Search:ASIAI0B
Importing 'GUID: 5dbdb665e280941f0ab05053498d9f37 - Path: Packages/com.unity.xr.arfoundation/Editor/ARFoundation/AssemblyInfo.cs - Importer: ScriptedImporter/UnityEditor.QuickSearchModule:UnityEditor.Search:ASIAI0B' with importer (ScriptedImporter : UnityEditor.QuickSearchModule:UnityEditor.Search:ASIAI0B)
Imported 'GUID: 5dbdb665e280941f0ab05053498d9f37' -> (Import Result ID: 'b80a799699019ea5536682b051f20602') in 0.001 seconds [static and dynamic dependencies]. Details - ImportResultOutputID=c2244588a9bb6a469a2773b5015b3d9b DependenciesID=6112eb14241ebeb8ea708d17d3ac1c21 StaticDependenciesID=07fd1a5fc8bff0bf21e23a9bdaa4946e 
Number of updated asset objects reloaded before import = 0
Number of asset objects unloaded after import = 0
========================================================================
Received Import Request.
  Time of request: 2026-09-01T06:19:52.848368Z
  Time since last request: 0.000179625 seconds.
  importAddress: GUID: fec55a7be186b482daceb491bb387988 - Path: Packages/com.unity.xr.arkit/Runtime/Frameworks/Foundation/NSSet.cs - Importer: ScriptedImporter/UnityEditor.QuickSearchModule:UnityEditor.Search:ASIAI0B
Importing 'GUID: fec55a7be186b482daceb491bb387988 - Path: Packages/com.unity.xr.arkit/Runtime/Frameworks/Foundation/NSSet.cs - Importer: ScriptedImporter/UnityEditor.QuickSearchModule:UnityEditor.Search:ASIAI0B' with importer (ScriptedImporter : UnityEditor.QuickSearchModule:UnityEditor.Search:ASIAI0B)
Imported 'GUID: fec55a7be186b482daceb491bb387988' -> (Import Result ID: '672db3b4621a7893c84e45d50c3b9549') in 0.001 seconds [static and dynamic dependencies]. Details - ImportResultOutputID=2991856b7029c6046c2ff47f6bf9f93f DependenciesID=3537113b10f2bee80549ce8774c398aa StaticDependenciesID=e721f723705f80995c9e77d204352e48 
Number of updated asset objects reloaded before import = 0
Number of asset objects unloaded after import = 0
========================================================================
Received Import Request.
  Time of request: 2026-09-01T06:19:52.849503Z
  Time since last request: 0.00017325 seconds.
  importAddress: GUID: 3ef30fb3fb03d460f93653814785447d - Path: Packages/com.unity.xr.arfoundation/Runtime/ARSubsystems/Participants/XRParticipantSubsystem.cs - Importer: ScriptedImporter/UnityEditor.QuickSearchModule:UnityEditor.Search:ASIAI0B
Importing 'GUID: 3ef30fb3fb03d460f93653814785447d - Path: Packages/com.unity.xr.arfoundation/Runtime/ARSubsystems/Participants/XRParticipantSubsystem.cs - Importer: ScriptedImporter/UnityEditor.QuickSearchModule:UnityEditor.Search:ASIAI0B' with importer (ScriptedImporter : UnityEditor.QuickSearchModule:UnityEditor.Search:ASIAI0B)
Imported 'GUID: 3ef30fb3fb03d460f93653814785447d' -> (Import Result ID: '590a354bd476e55323f9b0aa0b44d7ae') in 0.001 seconds [static and dynamic dependencies]. Details - ImportResultOutputID=557fd97f84f97c567173695fd84cfeec DependenciesID=adabcdb5cdd0860b144ceb2ffe4638a1 StaticDependenciesID=ee5a9c3d94b5a0921c7d92c1bf54758e 
Number of updated asset objects reloaded before import = 0
Number of asset objects unloaded after import = 0
========================================================================
Received Import Request.
  Time of request: 2026-09-01T06:19:52.850713Z
  Time since last request: 0.000176666 seconds.
  importAddress: GUID: 29c056801fce044ecba3874102e05b83 - Path: Packages/com.unity.xr.arfoundation/Runtime/ARFoundation/Deprecated/ARFacesChangedEventArgs.deprecated.cs - Importer: ScriptedImporter/UnityEditor.QuickSearchModule:UnityEditor.Search:ASIAI0B
Importing 'GUID: 29c056801fce044ecba3874102e05b83 - Path: Packages/com.unity.xr.arfoundation/Runtime/ARFoundation/Deprecated/ARFacesChangedEventArgs.deprecated.cs - Importer: ScriptedImporter/UnityEditor.QuickSearchModule:UnityEditor.Search:ASIAI0B' with importer (ScriptedImporter : UnityEditor.QuickSearchModule:UnityEditor.Search:ASIAI0B)
Imported 'GUID: 29c056801fce044ecba3874102e05b83' -> (Import Result ID: '89ba925428c35196c3f16b9c53e41249') in 0.001 seconds [static and dynamic dependencies]. Details - ImportResultOutputID=19b1ca1703fc0ed980acfe43dd3c06f8 DependenciesID=8ce2b1bf430b3aa4d07722e73d564fbc StaticDependenciesID=e36f01f38e70c4abd192ee03bbedb736 
Number of updated asset objects reloaded before import = 0
Number of asset objects unloaded after import = 1
========================================================================
Received Import Request.
  Time of request: 2026-09-01T06:19:52.852124Z
  Time since last request: 0.000176833 seconds.
  importAddress: GUID: c65f22c214e3b9c44af106cbf91e5afd - Path: Packages/com.unity.xr.arfoundation/Assets/Shaders/SimulationLegacyRoomXRay.shader - Importer: ScriptedImporter/UnityEditor.QuickSearchModule:UnityEditor.Search:ASIAI0B
Importing 'GUID: c65f22c214e3b9c44af106cbf91e5afd - Path: Packages/com.unity.xr.arfoundation/Assets/Shaders/SimulationLegacyRoomXRay.shader - Importer: ScriptedImporter/UnityEditor.QuickSearchModule:UnityEditor.Search:ASIAI0B' with importer (ScriptedImporter : UnityEditor.QuickSearchModule:UnityEditor.Search:ASIAI0B)
Imported 'GUID: c65f22c214e3b9c44af106cbf91e5afd' -> (Import Result ID: 'b1068cba08485e04c2257738d13a09c4') in 0.001 seconds [static and dynamic dependencies]. Details - ImportResultOutputID=93171ed04b0bf79fa0a1c36b9c2e568d DependenciesID=cb9838518d064192b5d7d56c5ee3b8c6 StaticDependenciesID=ad359c926ff082fdc525b70c0a87d21c 
Number of updated asset objects reloaded before import = 0
Number of asset objects unloaded after import = 1
========================================================================
Received Import Request.
  Time of request: 2026-09-01T06:19:52.854123Z
  Time since last request: 0.000223667 seconds.
  importAddress: GUID: 25d665c02d6684dd79234b29436c4022 - Path: Packages/com.unity.xr.arfoundation/Runtime/ARSubsystems/EnvironmentProbes/XREnvironmentProbe.cs - Importer: ScriptedImporter/UnityEditor.QuickSearchModule:UnityEditor.Search:ASIAI0B
Importing 'GUID: 25d665c02d6684dd79234b29436c4022 - Path: Packages/com.unity.xr.arfoundation/Runtime/ARSubsystems/EnvironmentProbes/XREnvironmentProbe.cs - Importer: ScriptedImporter/UnityEditor.QuickSearchModule:UnityEditor.Search:ASIAI0B' with importer (ScriptedImporter : UnityEditor.QuickSearchModule:UnityEditor.Search:ASIAI0B)
Imported 'GUID: 25d665c02d6684dd79234b29436c4022' -> (Import Result ID: '50a24cf9548c97a958b70948ed085e50') in 0.001 seconds [static and dynamic dependencies]. Details - ImportResultOutputID=7c79fcdb00e6cde1f2ae9cda09381cc8 DependenciesID=54edfa4eeb00e9965fd3777b78faf4df StaticDependenciesID=c90e4e3a390bd5799001d20e7ca26597 
Number of updated asset objects reloaded before import = 0
Number of asset objects unloaded after import = 0
========================================================================
Received Import Request.
  Time of request: 2026-09-01T06:19:52.855581Z
  Time since last request: 0.000198916 seconds.
  importAddress: GUID: 830ed5ee51c759243b8f790df0d5012b - Path: Packages/com.unity.xr.arfoundation/Runtime/Simulation/Subsystems/Anchors/SimulationAnchorSubsystem.cs - Importer: ScriptedImporter/UnityEditor.QuickSearchModule:UnityEditor.Search:ASIAI0B
Importing 'GUID: 830ed5ee51c759243b8f790df0d5012b - Path: Packages/com.unity.xr.arfoundation/Runtime/Simulation/Subsystems/Anchors/SimulationAnchorSubsystem.cs - Importer: ScriptedImporter/UnityEditor.QuickSearchModule:UnityEditor.Search:ASIAI0B' with importer (ScriptedImporter : UnityEditor.QuickSearchModule:UnityEditor.Search:ASIAI0B)
Imported 'GUID: 830ed5ee51c759243b8f790df0d5012b' -> (Import Result ID: '9c815e42b035d0e8883e92216dda7055') in 0.001 seconds [static and dynamic dependencies]. Details - ImportResultOutputID=9a0e348477fa43e22f95fe673c82d560 DependenciesID=3124b377817e3544263b3904d0304f23 StaticDependenciesID=ddaa05f7763e5f62209481313989ea56 
Number of updated asset objects reloaded before import = 0
Number of asset objects unloaded after import = 0
========================================================================
Received Import Request.
  Time of request: 2026-09-01T06:19:52.856921Z
  Time since last request: 0.000289375 seconds.
  importAddress: GUID: 612c7b04795741ea9981a5dd975723eb - Path: Packages/com.unity.xr.arfoundation/Runtime/VisualScripting/Units/Events/MessageListeners/ARPlanesChangedListener.cs - Importer: ScriptedImporter/UnityEditor.QuickSearchModule:UnityEditor.Search:ASIAI0B
Importing 'GUID: 612c7b04795741ea9981a5dd975723eb - Path: Packages/com.unity.xr.arfoundation/Runtime/VisualScripting/Units/Events/MessageListeners/ARPlanesChangedListener.cs - Importer: ScriptedImporter/UnityEditor.QuickSearchModule:UnityEditor.Search:ASIAI0B' with importer (ScriptedImporter : UnityEditor.QuickSearchModule:UnityEditor.Search:ASIAI0B)
Imported 'GUID: 612c7b04795741ea9981a5dd975723eb' -> (Import Result ID: 'a150e4677806aea4dcbcb0aa38080fe9') in 0.001 seconds [static and dynamic dependencies]. Details - ImportResultOutputID=1d3eb31780ae41ec5cc0a2478694a23a DependenciesID=e89b5b1be353c4569a896cb238fd62de StaticDependenciesID=39d74b2e464e2b5364dd5f8760cb98ab 
Number of updated asset objects reloaded before import = 0
Number of asset objects unloaded after import = 0
========================================================================
Received Import Request.
  Time of request: 2026-09-01T06:19:52.858262Z
  Time since last request: 0.000219667 seconds.
  importAddress: GUID: 0260c3e5f1b54e409183977de250bacd - Path: Packages/com.unity.xr.arfoundation/Runtime/ARFoundation/Common/TrackingSubsystem/TrackableSpawner/TrackableKey.cs - Importer: ScriptedImporter/UnityEditor.QuickSearchModule:UnityEditor.Search:ASIAI0B
Importing 'GUID: 0260c3e5f1b54e409183977de250bacd - Path: Packages/com.unity.xr.arfoundation/Runtime/ARFoundation/Common/TrackingSubsystem/TrackableSpawner/TrackableKey.cs - Importer: ScriptedImporter/UnityEditor.QuickSearchModule:UnityEditor.Search:ASIAI0B' with importer (ScriptedImporter : UnityEditor.QuickSearchModule:UnityEditor.Search:ASIAI0B)
Imported 'GUID: 0260c3e5f1b54e409183977de250bacd' -> (Import Result ID: 'b4e71254203bc38c42f453fb6e40214e') in 0.001 seconds [static and dynamic dependencies]. Details - ImportResultOutputID=de994c72781321100aa790ffc95e8765 DependenciesID=74031b9950a83927c2cfe9d832856d1a StaticDependenciesID=c1e11295f4fd76501c62162f059307bf 
Number of updated asset objects reloaded before import = 0
Number of asset objects unloaded after import = 0
========================================================================
Received Import Request.
  Time of request: 2026-09-01T06:19:52.859675Z
  Time since last request: 0.000197167 seconds.
  importAddress: GUID: c8be16600139a4d708b9d73027bdb23c - Path: Packages/com.unity.xr.arfoundation/Runtime/VisualScripting/Units/Events/EventUnits/Deprecated/TrackedObjectsChangedEventUnit.deprecated.cs - Importer: ScriptedImporter/UnityEditor.QuickSearchModule:UnityEditor.Search:ASIAI0B
Importing 'GUID: c8be16600139a4d708b9d73027bdb23c - Path: Packages/com.unity.xr.arfoundation/Runtime/VisualScripting/Units/Events/EventUnits/Deprecated/TrackedObjectsChangedEventUnit.deprecated.cs - Importer: ScriptedImporter/UnityEditor.QuickSearchModule:UnityEditor.Search:ASIAI0B' with importer (ScriptedImporter : UnityEditor.QuickSearchModule:UnityEditor.Search:ASIAI0B)
Imported 'GUID: c8be16600139a4d708b9d73027bdb23c' -> (Import Result ID: 'a1a0eca88c886bfea4676cf87d0650fc') in 0.001 seconds [static and dynamic dependencies]. Details - ImportResultOutputID=7a7994edab59f552e54624488fb49f93 DependenciesID=ce188eef3162f815b69234258c81d610 StaticDependenciesID=4bb9c7ecdaa14b524dfa182583ef7aea 
Number of updated asset objects reloaded before import = 0
Number of asset objects unloaded after import = 0
========================================================================
Received Import Request.
  Time of request: 2026-09-01T06:19:52.861246Z
  Time since last request: 0.000315625 seconds.
  importAddress: GUID: 4a159c07d648447f82fcf95d47b1e150 - Path: Packages/com.unity.xr.arkit/Runtime/Camera/ARKitExposureMode.cs - Importer: ScriptedImporter/UnityEditor.QuickSearchModule:UnityEditor.Search:ASIAI0B
Importing 'GUID: 4a159c07d648447f82fcf95d47b1e150 - Path: Packages/com.unity.xr.arkit/Runtime/Camera/ARKitExposureMode.cs - Importer: ScriptedImporter/UnityEditor.QuickSearchModule:UnityEditor.Search:ASIAI0B' with importer (ScriptedImporter : UnityEditor.QuickSearchModule:UnityEditor.Search:ASIAI0B)
Imported 'GUID: 4a159c07d648447f82fcf95d47b1e150' -> (Import Result ID: 'bda5e0ff0287eb4b2cbb0122f272f813') in 0.001 seconds [static and dynamic dependencies]. Details - ImportResultOutputID=8287f110928005955861994d29355d2a DependenciesID=3cc4381ab461307227c946e6c985befb StaticDependenciesID=77b3741e7a99b15d2a4dc0c2f850f759 
Number of updated asset objects reloaded before import = 0
Number of asset objects unloaded after import = 0
========================================================================
Received Import Request.
  Time of request: 2026-09-01T06:19:52.862787Z
  Time since last request: 0.000190083 seconds.
  importAddress: GUID: 349f4e4b9c7bba845b1e54ac6182efca - Path: Packages/com.unity.xr.arfoundation/Runtime/ARSubsystems/Common/TrackingSubsystem - Importer: ScriptedImporter/UnityEditor.QuickSearchModule:UnityEditor.Search:ASIAI0B
Importing 'GUID: 349f4e4b9c7bba845b1e54ac6182efca - Path: Packages/com.unity.xr.arfoundation/Runtime/ARSubsystems/Common/TrackingSubsystem - Importer: ScriptedImporter/UnityEditor.QuickSearchModule:UnityEditor.Search:ASIAI0B' with importer (ScriptedImporter : UnityEditor.QuickSearchModule:UnityEditor.Search:ASIAI0B)
Imported 'GUID: 349f4e4b9c7bba845b1e54ac6182efca' -> (Import Result ID: 'ed14802ee910ebf206ba5e22da42af34') in 0.001 seconds [static and dynamic dependencies]. Details - ImportResultOutputID=bbae8bb7fdc91a6ea194524fff41d583 DependenciesID=d9b3456c1a2c2d220f4d309f207bd405 StaticDependenciesID=b132c30be387292f87d6bfe7e61021f6 
Number of updated asset objects reloaded before import = 0
Number of asset objects unloaded after import = 1
========================================================================
Received Import Request.
  Time of request: 2026-09-01T06:19:52.864151Z
  Time since last request: 0.000174208 seconds.
  importAddress: GUID: 5f07ca66ce5514fb7a26ab1e51e9bfec - Path: Packages/com.unity.xr.arfoundation/Runtime/ARFoundation/Objects/ARTrackedObjectManager.cs - Importer: ScriptedImporter/UnityEditor.QuickSearchModule:UnityEditor.Search:ASIAI0B
Importing 'GUID: 5f07ca66ce5514fb7a26ab1e51e9bfec - Path: Packages/com.unity.xr.arfoundation/Runtime/ARFoundation/Objects/ARTrackedObjectManager.cs - Importer: ScriptedImporter/UnityEditor.QuickSearchModule:UnityEditor.Search:ASIAI0B' with importer (ScriptedImporter : UnityEditor.QuickSearchModule:UnityEditor.Search:ASIAI0B)
Imported 'GUID: 5f07ca66ce5514fb7a26ab1e51e9bfec' -> (Import Result ID: '725c5a3286b86abccf2a71f3eb5bda9c') in 0.001 seconds [static and dynamic dependencies]. Details - ImportResultOutputID=44149930baabb51a614cca5d62bf43b9 DependenciesID=e995188045d2584fb4480d2450e4422e StaticDependenciesID=8bf3d2ff15d5327d25332d5fd209935a 
Number of updated asset objects reloaded before import = 0
Number of asset objects unloaded after import = 1
========================================================================
Received Import Request.
  Time of request: 2026-09-01T06:19:52.865644Z
  Time since last request: 0.000185292 seconds.
  importAddress: GUID: a6c6560a0031a467383b9ca63e69948b - Path: Packages/com.unity.xr.arfoundation/Editor/ARFoundation/Analytics/Hooks - Importer: ScriptedImporter/UnityEditor.QuickSearchModule:UnityEditor.Search:ASIAI0B
Importing 'GUID: a6c6560a0031a467383b9ca63e69948b - Path: Packages/com.unity.xr.arfoundation/Editor/ARFoundation/Analytics/Hooks - Importer: ScriptedImporter/UnityEditor.QuickSearchModule:UnityEditor.Search:ASIAI0B' with importer (ScriptedImporter : UnityEditor.QuickSearchModule:UnityEditor.Search:ASIAI0B)
Imported 'GUID: a6c6560a0031a467383b9ca63e69948b' -> (Import Result ID: 'f2d121dbbf1efa63c8813fe1abd41d6e') in 0.001 seconds [static and dynamic dependencies]. Details - ImportResultOutputID=cb259cc012cd91fcd9ed05fc26fba3f5 DependenciesID=c862a7d5c2d7a764984f0b5daa67da56 StaticDependenciesID=eb27083bfaa4d1c1e5fa88b89c3a1335 
Number of updated asset objects reloaded before import = 0
Number of asset objects unloaded after import = 1
========================================================================
Received Import Request.
  Time of request: 2026-09-01T06:19:52.866812Z
  Time since last request: 0.0001845 seconds.
  importAddress: GUID: f132adbb48900493598fb5818380b77d - Path: Packages/com.unity.xr.arfoundation/Tests/Runtime/ARFoundation/MeshQueueTests.cs - Importer: ScriptedImporter/UnityEditor.QuickSearchModule:UnityEditor.Search:ASIAI0B
Importing 'GUID: f132adbb48900493598fb5818380b77d - Path: Packages/com.unity.xr.arfoundation/Tests/Runtime/ARFoundation/MeshQueueTests.cs - Importer: ScriptedImporter/UnityEditor.QuickSearchModule:UnityEditor.Search:ASIAI0B' with importer (ScriptedImporter : UnityEditor.QuickSearchModule:UnityEditor.Search:ASIAI0B)
Imported 'GUID: f132adbb48900493598fb5818380b77d' -> (Import Result ID: 'e702e1655eb346d50504eef29ba842d5') in 0.002 seconds [static and dynamic dependencies]. Details - ImportResultOutputID=2d3b5cfe50d029b0310a3e10b00d55ee DependenciesID=ca4cea0893240b7c6f96113bc848d9c3 StaticDependenciesID=54a8800f15817dc4b2ea690663846e92 
Number of updated asset objects reloaded before import = 0
Number of asset objects unloaded after import = 0
========================================================================
Received Import Request.
  Time of request: 2026-09-01T06:19:52.869319Z
  Time since last request: 0.000279667 seconds.
  importAddress: GUID: b2ebc9df6fa8629499eec403b7e7e567 - Path: Packages/com.unity.xr.arfoundation/Runtime/Simulation/Environment/SimulatedMeshClassification.cs - Importer: ScriptedImporter/UnityEditor.QuickSearchModule:UnityEditor.Search:ASIAI0B
Importing 'GUID: b2ebc9df6fa8629499eec403b7e7e567 - Path: Packages/com.unity.xr.arfoundation/Runtime/Simulation/Environment/SimulatedMeshClassification.cs - Importer: ScriptedImporter/UnityEditor.QuickSearchModule:UnityEditor.Search:ASIAI0B' with importer (ScriptedImporter : UnityEditor.QuickSearchModule:UnityEditor.Search:ASIAI0B)
Imported 'GUID: b2ebc9df6fa8629499eec403b7e7e567' -> (Import Result ID: '2ff0663a0173187fcae4283660af70cd') in 0.001 seconds [static and dynamic dependencies]. Details - ImportResultOutputID=4531832e12fb190ade76dfc2b44d6f11 DependenciesID=940da1d1c979ffc6d38e30a3dee78d0b StaticDependenciesID=2cb5d50a04e4e26d3bed46611f23d03a 
Number of updated asset objects reloaded before import = 0
Number of asset objects unloaded after import = 0
========================================================================
Received Import Request.
  Time of request: 2026-09-01T06:19:52.870653Z
  Time since last request: 0.000199584 seconds.
  importAddress: GUID: c51e66e30427fcc498954ede90ba2665 - Path: Packages/com.unity.xr.arfoundation/Runtime/Simulation/Unity.XR.Simulation.asmdef - Importer: ScriptedImporter/UnityEditor.QuickSearchModule:UnityEditor.Search:ASIAI0B
Importing 'GUID: c51e66e30427fcc498954ede90ba2665 - Path: Packages/com.unity.xr.arfoundation/Runtime/Simulation/Unity.XR.Simulation.asmdef - Importer: ScriptedImporter/UnityEditor.QuickSearchModule:UnityEditor.Search:ASIAI0B' with importer (ScriptedImporter : UnityEditor.QuickSearchModule:UnityEditor.Search:ASIAI0B)
Imported 'GUID: c51e66e30427fcc498954ede90ba2665' -> (Import Result ID: '2af0f99c5936d61e82a43d7bf4a70866') in 0.001 seconds [static and dynamic dependencies]. Details - ImportResultOutputID=bde67a0c13fe4c7c9e1c32338a1df724 DependenciesID=c5fd825c022279b79fa4de6f047e619f StaticDependenciesID=118556df14566743c9601101df6e53be 
Number of updated asset objects reloaded before import = 0
Number of asset objects unloaded after import = 1
========================================================================
Received Import Request.
  Time of request: 2026-09-01T06:19:52.872125Z
  Time since last request: 0.000204 seconds.
  importAddress: GUID: ca7a743d8ad68490a8a022b9cc7a183f - Path: Packages/com.unity.xr.arfoundation/Runtime/ARFoundation/Objects/ARTrackedObject.cs - Importer: ScriptedImporter/UnityEditor.QuickSearchModule:UnityEditor.Search:ASIAI0B
Importing 'GUID: ca7a743d8ad68490a8a022b9cc7a183f - Path: Packages/com.unity.xr.arfoundation/Runtime/ARFoundation/Objects/ARTrackedObject.cs - Importer: ScriptedImporter/UnityEditor.QuickSearchModule:UnityEditor.Search:ASIAI0B' with importer (ScriptedImporter : UnityEditor.QuickSearchModule:UnityEditor.Search:ASIAI0B)
Imported 'GUID: ca7a743d8ad68490a8a022b9cc7a183f' -> (Import Result ID: '6198fc4288d33233104c95b1bbfa8f13') in 0.001 seconds [static and dynamic dependencies]. Details - ImportResultOutputID=10cb12b55e25de514bc96202d693bbd8 DependenciesID=6b00e5fc7027d4a328c50d117634444d StaticDependenciesID=3f76479c4146d7a54f57c8f60891aed0 
Number of updated asset objects reloaded before import = 0
Number of asset objects unloaded after import = 1
========================================================================
Received Import Request.
  Time of request: 2026-09-01T06:19:52.873693Z
  Time since last request: 0.000209292 seconds.
  importAddress: GUID: a67a5c84a9b4943fe79e2429327c06b5 - Path: Packages/com.unity.xr.arfoundation - Importer: ScriptedImporter/UnityEditor.QuickSearchModule:UnityEditor.Search:ASIAI0B
Importing 'GUID: a67a5c84a9b4943fe79e2429327c06b5 - Path: Packages/com.unity.xr.arfoundation - Importer: ScriptedImporter/UnityEditor.QuickSearchModule:UnityEditor.Search:ASIAI0B' with importer (ScriptedImporter : UnityEditor.QuickSearchModule:UnityEditor.Search:ASIAI0B)
Imported 'GUID: a67a5c84a9b4943fe79e2429327c06b5' -> (Import Result ID: '95012a2b78cd347230c9ec8d834388ef') in 0.001 seconds [static and dynamic dependencies]. Details - ImportResultOutputID=e3b79073a3a2c827507d379517b1e1bc DependenciesID=4228941ef39874a937cf16fdb8b6c572 StaticDependenciesID=cf374aa7ffb0cd2cab66ebec06b0441d 
Number of updated asset objects reloaded before import = 0
Number of asset objects unloaded after import = 1
========================================================================
Received Import Request.
  Time of request: 2026-09-01T06:19:52.886806Z
  Time since last request: 0.012069208 seconds.
  importAddress: GUID: 7f1d579c79ac0442e8d4a7f213a675d0 - Path: Packages/com.unity.xr.arfoundation/Assets/Materials/SimulationDefaultTrackedImage.mat - Importer: ScriptedImporter/UnityEditor.QuickSearchModule:UnityEditor.Search:ASIAI0B
Importing 'GUID: 7f1d579c79ac0442e8d4a7f213a675d0 - Path: Packages/com.unity.xr.arfoundation/Assets/Materials/SimulationDefaultTrackedImage.mat - Importer: ScriptedImporter/UnityEditor.QuickSearchModule:UnityEditor.Search:ASIAI0B' with importer (ScriptedImporter : UnityEditor.QuickSearchModule:UnityEditor.Search:ASIAI0B)
Imported 'GUID: 7f1d579c79ac0442e8d4a7f213a675d0' -> (Import Result ID: 'db369789bf0b978f9516f9bad6afc687') in 0.003 seconds [static and dynamic dependencies]. Details - ImportResultOutputID=f444dff7aeaebfe175fcac108feffba4 DependenciesID=654ad7a38bfebf9066a0b64b4084ef76 StaticDependenciesID=c6eefec9b3e4df5a105e6296faf7c07f 
Number of updated asset objects reloaded before import = 0
Number of asset objects unloaded after import = 2
========================================================================
Received Import Request.
  Time of request: 2026-09-01T06:19:52.890506Z
  Time since last request: 0.000238792 seconds.
  importAddress: GUID: 9e3566c34ba469748a8aede863b6d3a9 - Path: Packages/com.unity.xr.arfoundation/Editor/Icons/d_ArrowCaretLeft.png - Importer: ScriptedImporter/UnityEditor.QuickSearchModule:UnityEditor.Search:ASIAI0B
Importing 'GUID: 9e3566c34ba469748a8aede863b6d3a9 - Path: Packages/com.unity.xr.arfoundation/Editor/Icons/d_ArrowCaretLeft.png - Importer: ScriptedImporter/UnityEditor.QuickSearchModule:UnityEditor.Search:ASIAI0B' with importer (ScriptedImporter : UnityEditor.QuickSearchModule:UnityEditor.Search:ASIAI0B)
Imported 'GUID: 9e3566c34ba469748a8aede863b6d3a9' -> (Import Result ID: '638d664e1617ef375c1a6b9745e28697') in 0.003 seconds [static and dynamic dependencies]. Details - ImportResultOutputID=9fb694944a73b6c8695c0e925eedb3ba DependenciesID=15e9947dfbba347e24aaffe84781bee3 StaticDependenciesID=c912f0be6a8cd3ba46ea31be59bba245 
Number of updated asset objects reloaded before import = 0
Number of asset objects unloaded after import = 1
========================================================================
Received Import Request.
  Time of request: 2026-09-01T06:19:52.893905Z
  Time since last request: 0.000208625 seconds.
  importAddress: GUID: 46456ccc53014978abdaf1a750317401 - Path: Packages/com.unity.xr.arfoundation/Runtime/ARSubsystems/Markers/XRSpatialBuffer.cs - Importer: ScriptedImporter/UnityEditor.QuickSearchModule:UnityEditor.Search:ASIAI0B
Importing 'GUID: 46456ccc53014978abdaf1a750317401 - Path: Packages/com.unity.xr.arfoundation/Runtime/ARSubsystems/Markers/XRSpatialBuffer.cs - Importer: ScriptedImporter/UnityEditor.QuickSearchModule:UnityEditor.Search:ASIAI0B' with importer (ScriptedImporter : UnityEditor.QuickSearchModule:UnityEditor.Search:ASIAI0B)
Imported 'GUID: 46456ccc53014978abdaf1a750317401' -> (Import Result ID: '8f4bf9244f8ef339cd5f41de5cdb2a39') in 0.001 seconds [static and dynamic dependencies]. Details - ImportResultOutputID=08a20d3658a9f656d5883ecd7c207089 DependenciesID=82e2e08c14ed7ab1ed3fbf54f6c71af6 StaticDependenciesID=bc4036411df431fb2e3024e8a9677e52 
Number of updated asset objects reloaded before import = 0
Number of asset objects unloaded after import = 0
========================================================================
Received Import Request.
  Time of request: 2026-09-01T06:19:52.895322Z
  Time since last request: 0.000193209 seconds.
  importAddress: GUID: e8a97cc4f02614a37a6b02466987aeb5 - Path: Packages/com.unity.xr.arkit/Runtime/PackageInfo.cs - Importer: ScriptedImporter/UnityEditor.QuickSearchModule:UnityEditor.Search:ASIAI0B
Importing 'GUID: e8a97cc4f02614a37a6b02466987aeb5 - Path: Packages/com.unity.xr.arkit/Runtime/PackageInfo.cs - Importer: ScriptedImporter/UnityEditor.QuickSearchModule:UnityEditor.Search:ASIAI0B' with importer (ScriptedImporter : UnityEditor.QuickSearchModule:UnityEditor.Search:ASIAI0B)
Imported 'GUID: e8a97cc4f02614a37a6b02466987aeb5' -> (Import Result ID: '297cceea1fb8522124269624321feee1') in 0.001 seconds [static and dynamic dependencies]. Details - ImportResultOutputID=cc90a52ee6e0d09fa4f304287b4f622f DependenciesID=78b6671ccc38b01ca61c8d25de8c2b9c StaticDependenciesID=24297655022f93ae1e4b9729a0eca23c 
Number of updated asset objects reloaded before import = 0
Number of asset objects unloaded after import = 0
========================================================================
Received Import Request.
  Time of request: 2026-09-01T06:19:52.896587Z
  Time since last request: 0.00017875 seconds.
  importAddress: GUID: cfd59ba723d454095a0560292f299a5b - Path: Packages/com.unity.xr.arfoundation/Tests/Editor/XRTestTooling/ManagementTestSetup.cs - Importer: ScriptedImporter/UnityEditor.QuickSearchModule:UnityEditor.Search:ASIAI0B
Importing 'GUID: cfd59ba723d454095a0560292f299a5b - Path: Packages/com.unity.xr.arfoundation/Tests/Editor/XRTestTooling/ManagementTestSetup.cs - Importer: ScriptedImporter/UnityEditor.QuickSearchModule:UnityEditor.Search:ASIAI0B' with importer (ScriptedImporter : UnityEditor.QuickSearchModule:UnityEditor.Search:ASIAI0B)
Imported 'GUID: cfd59ba723d454095a0560292f299a5b' -> (Import Result ID: '18349721e71fd309e509fca6a4a62b39') in 0.001 seconds [static and dynamic dependencies]. Details - ImportResultOutputID=6de59b62c53f0f82d28f6af98a595860 DependenciesID=d71fbdd9e146e428b2c75ccf2a4803ca StaticDependenciesID=9a76f626b090f3e5c02b0aefc5f651df 
Number of updated asset objects reloaded before import = 0
Number of asset objects unloaded after import = 0
========================================================================
Received Import Request.
  Time of request: 2026-09-01T06:19:52.898123Z
  Time since last request: 0.0002575 seconds.
  importAddress: GUID: 968053edfd89749c48f4ea5d444abf64 - Path: Packages/com.unity.xr.arfoundation/Runtime/ARFoundation/Meshing/ARMeshManager.cs - Importer: ScriptedImporter/UnityEditor.QuickSearchModule:UnityEditor.Search:ASIAI0B
Importing 'GUID: 968053edfd89749c48f4ea5d444abf64 - Path: Packages/com.unity.xr.arfoundation/Runtime/ARFoundation/Meshing/ARMeshManager.cs - Importer: ScriptedImporter/UnityEditor.QuickSearchModule:UnityEditor.Search:ASIAI0B' with importer (ScriptedImporter : UnityEditor.QuickSearchModule:UnityEditor.Search:ASIAI0B)
Imported 'GUID: 968053edfd89749c48f4ea5d444abf64' -> (Import Result ID: '17dff7dda6bff7ebc59ec86f1a6944f8') in 0.001 seconds [static and dynamic dependencies]. Details - ImportResultOutputID=2dde5888f2ece1e8abcb7a8b4497d1d6 DependenciesID=c3e5de872eedb3f65885e1e0ee834077 StaticDependenciesID=75b2105060ea7cddf86da696daf384e9 
Number of updated asset objects reloaded before import = 0
Number of asset objects unloaded after import = 1
========================================================================
Received Import Request.
  Time of request: 2026-09-01T06:19:52.89962Z
  Time since last request: 0.000189125 seconds.
  importAddress: GUID: 4c1d505cf04abe44f932e086699662a6 - Path: Packages/com.unity.xr.arfoundation/Runtime/ARFoundation/Deprecated/ARPlanesChangedEventArgs.deprecated.cs - Importer: ScriptedImporter/UnityEditor.QuickSearchModule:UnityEditor.Search:ASIAI0B
Importing 'GUID: 4c1d505cf04abe44f932e086699662a6 - Path: Packages/com.unity.xr.arfoundation/Runtime/ARFoundation/Deprecated/ARPlanesChangedEventArgs.deprecated.cs - Importer: ScriptedImporter/UnityEditor.QuickSearchModule:UnityEditor.Search:ASIAI0B' with importer (ScriptedImporter : UnityEditor.QuickSearchModule:UnityEditor.Search:ASIAI0B)
Imported 'GUID: 4c1d505cf04abe44f932e086699662a6' -> (Import Result ID: '87ab7fec912d2c8a3dc667e8153954df') in 0.001 seconds [static and dynamic dependencies]. Details - ImportResultOutputID=5852c008cc19c92956318414b9484040 DependenciesID=ae0fe84e0903adf7582a932eb1635d5f StaticDependenciesID=42c98c3bad5c9231d2fa19fb704cb677 
Number of updated asset objects reloaded before import = 0
Number of asset objects unloaded after import = 1
========================================================================
Received Import Request.
  Time of request: 2026-09-01T06:19:52.901101Z
  Time since last request: 0.000185709 seconds.
  importAddress: GUID: 2166f2a4aa6de4f559e94d7173fca686 - Path: Packages/com.unity.xr.arfoundation/Assets/Materials/DebugBoundingBox.mat - Importer: ScriptedImporter/UnityEditor.QuickSearchModule:UnityEditor.Search:ASIAI0B
Importing 'GUID: 2166f2a4aa6de4f559e94d7173fca686 - Path: Packages/com.unity.xr.arfoundation/Assets/Materials/DebugBoundingBox.mat - Importer: ScriptedImporter/UnityEditor.QuickSearchModule:UnityEditor.Search:ASIAI0B' with importer (ScriptedImporter : UnityEditor.QuickSearchModule:UnityEditor.Search:ASIAI0B)
Imported 'GUID: 2166f2a4aa6de4f559e94d7173fca686' -> (Import Result ID: 'f324caad797b9b3f551c1774f7278863') in 0.002 seconds [static and dynamic dependencies]. Details - ImportResultOutputID=366cab64ce1988e0a39375425657686c DependenciesID=db13183983596057b48c12c5619fe6dc StaticDependenciesID=3d8d301da107454479fed3beca947d15 
Number of updated asset objects reloaded before import = 0
Number of asset objects unloaded after import = 2
========================================================================
Received Import Request.
  Time of request: 2026-09-01T06:19:52.903732Z
  Time since last request: 0.000075333 seconds.
  importAddress: GUID: 96338f2efb904fab9c89778c09ebac16 - Path: Packages/com.unity.xr.arfoundation/Runtime/VisualScripting/Units/Events/EventUnits/FaceUpdatedEventUnit.cs - Importer: ScriptedImporter/UnityEditor.QuickSearchModule:UnityEditor.Search:ASIAI0B
Importing 'GUID: 96338f2efb904fab9c89778c09ebac16 - Path: Packages/com.unity.xr.arfoundation/Runtime/VisualScripting/Units/Events/EventUnits/FaceUpdatedEventUnit.cs - Importer: ScriptedImporter/UnityEditor.QuickSearchModule:UnityEditor.Search:ASIAI0B' with importer (ScriptedImporter : UnityEditor.QuickSearchModule:UnityEditor.Search:ASIAI0B)
Imported 'GUID: 96338f2efb904fab9c89778c09ebac16' -> (Import Result ID: '756855d9c418df84eab5fbdb5cf84972') in 0.001 seconds [static and dynamic dependencies]. Details - ImportResultOutputID=2c892d04ba7b00e4cd1d54e96faeeee3 DependenciesID=f01d1b4980d006a58324c9665acb824f StaticDependenciesID=b415ff6c4f190945e8fe9bd161e3583f 
Number of updated asset objects reloaded before import = 0
Number of asset objects unloaded after import = 0
========================================================================
Received Import Request.
  Time of request: 2026-09-01T06:19:52.904939Z
  Time since last request: 0.000217291 seconds.
  importAddress: GUID: 3c17fee51ce6c394e936fd30873e741e - Path: Packages/com.unity.xr.arfoundation/Editor/Icons/d_AddEdit.png - Importer: ScriptedImporter/UnityEditor.QuickSearchModule:UnityEditor.Search:ASIAI0B
Importing 'GUID: 3c17fee51ce6c394e936fd30873e741e - Path: Packages/com.unity.xr.arfoundation/Editor/Icons/d_AddEdit.png - Importer: ScriptedImporter/UnityEditor.QuickSearchModule:UnityEditor.Search:ASIAI0B' with importer (ScriptedImporter : UnityEditor.QuickSearchModule:UnityEditor.Search:ASIAI0B)
Imported 'GUID: 3c17fee51ce6c394e936fd30873e741e' -> (Import Result ID: '9989989806a5beaf3ba091ad06960bae') in 0.003 seconds [static and dynamic dependencies]. Details - ImportResultOutputID=8f9cbc1bd89b1dcf6dac7cf371266352 DependenciesID=f29c98377103aad9df37ed5676a7093e StaticDependenciesID=f79eee921f04fa233efc095568172436 
Number of updated asset objects reloaded before import = 0
Number of asset objects unloaded after import = 1
========================================================================
Received Import Request.
  Time of request: 2026-09-01T06:19:52.908058Z
  Time since last request: 0.000257667 seconds.
  importAddress: GUID: 3e3133a89f777424b8b84ce9daa2d487 - Path: Packages/com.unity.xr.arfoundation/Editor/ARFoundation/Analytics/Hooks/SceneHook.cs - Importer: ScriptedImporter/UnityEditor.QuickSearchModule:UnityEditor.Search:ASIAI0B
Importing 'GUID: 3e3133a89f777424b8b84ce9daa2d487 - Path: Packages/com.unity.xr.arfoundation/Editor/ARFoundation/Analytics/Hooks/SceneHook.cs - Importer: ScriptedImporter/UnityEditor.QuickSearchModule:UnityEditor.Search:ASIAI0B' with importer (ScriptedImporter : UnityEditor.QuickSearchModule:UnityEditor.Search:ASIAI0B)
Imported 'GUID: 3e3133a89f777424b8b84ce9daa2d487' -> (Import Result ID: '082d6911246c616edb2c8e5e15064c8b') in 0.001 seconds [static and dynamic dependencies]. Details - ImportResultOutputID=a0d25fa7dca122851e668900b1ac7efa DependenciesID=d312110e2be97b26c73675b27673451f StaticDependenciesID=1ff15ff61a98844c1a8dd476a46fce43 
Number of updated asset objects reloaded before import = 0
Number of asset objects unloaded after import = 0
========================================================================
Received Import Request.
  Time of request: 2026-09-01T06:19:52.909513Z
  Time since last request: 0.00026925 seconds.
  importAddress: GUID: bebe2e5ef378b49329a8152cc0f3a08a - Path: Packages/com.unity.xr.arfoundation/Runtime/ARSubsystems/Common/Textures/XRCpuImage/XRCpuImage.cs - Importer: ScriptedImporter/UnityEditor.QuickSearchModule:UnityEditor.Search:ASIAI0B
Importing 'GUID: bebe2e5ef378b49329a8152cc0f3a08a - Path: Packages/com.unity.xr.arfoundation/Runtime/ARSubsystems/Common/Textures/XRCpuImage/XRCpuImage.cs - Importer: ScriptedImporter/UnityEditor.QuickSearchModule:UnityEditor.Search:ASIAI0B' with importer (ScriptedImporter : UnityEditor.QuickSearchModule:UnityEditor.Search:ASIAI0B)
Imported 'GUID: bebe2e5ef378b49329a8152cc0f3a08a' -> (Import Result ID: '5203ae464307777bea46e0ab02569caf') in 0.001 seconds [static and dynamic dependencies]. Details - ImportResultOutputID=2dad0fb62ea08b15250c6148c2303861 DependenciesID=f0c87c01aa1355e67157bf93a77705c9 StaticDependenciesID=4a6e6f9ff56e203bc49de569099df7bf 
Number of updated asset objects reloaded before import = 0
Number of asset objects unloaded after import = 0
========================================================================
Received Import Request.
  Time of request: 2026-09-01T06:19:52.910964Z
  Time since last request: 0.000227291 seconds.
  importAddress: GUID: 0111adb255824ba69ecc8eab9ebbd6e8 - Path: Packages/com.unity.xr.arfoundation/Runtime/ARSubsystems/Markers - Importer: ScriptedImporter/UnityEditor.QuickSearchModule:UnityEditor.Search:ASIAI0B
Importing 'GUID: 0111adb255824ba69ecc8eab9ebbd6e8 - Path: Packages/com.unity.xr.arfoundation/Runtime/ARSubsystems/Markers - Importer: ScriptedImporter/UnityEditor.QuickSearchModule:UnityEditor.Search:ASIAI0B' with importer (ScriptedImporter : UnityEditor.QuickSearchModule:UnityEditor.Search:ASIAI0B)
Imported 'GUID: 0111adb255824ba69ecc8eab9ebbd6e8' -> (Import Result ID: 'a0ecc5640728890f50134c11f326de5c') in 0.001 seconds [static and dynamic dependencies]. Details - ImportResultOutputID=0e76b54bac3f39a94bd6c82d131a0dba DependenciesID=d2932fcb48646c4d710c3540e7544337 StaticDependenciesID=6ce996f547d65fabe6cc2fbec17f3e4f 
Number of updated asset objects reloaded before import = 0
Number of asset objects unloaded after import = 1
========================================================================
Received Import Request.
  Time of request: 2026-09-01T06:19:52.912298Z
  Time since last request: 0.00018925 seconds.
  importAddress: GUID: 440288eeadf841319aba0c25ea9c6e26 - Path: Packages/com.unity.xr.arfoundation/Runtime/ARFoundation/Common/Textures/ARExternalTexture.cs - Importer: ScriptedImporter/UnityEditor.QuickSearchModule:UnityEditor.Search:ASIAI0B
Importing 'GUID: 440288eeadf841319aba0c25ea9c6e26 - Path: Packages/com.unity.xr.arfoundation/Runtime/ARFoundation/Common/Textures/ARExternalTexture.cs - Importer: ScriptedImporter/UnityEditor.QuickSearchModule:UnityEditor.Search:ASIAI0B' with importer (ScriptedImporter : UnityEditor.QuickSearchModule:UnityEditor.Search:ASIAI0B)
Imported 'GUID: 440288eeadf841319aba0c25ea9c6e26' -> (Import Result ID: '17a2096b469208f1f3e6f6a5919f38f8') in 0.001 seconds [static and dynamic dependencies]. Details - ImportResultOutputID=55dfe4e08348746e6c752184fee974a4 DependenciesID=8220fa7eddaa64318940cef300e7d8c3 StaticDependenciesID=6ba6f8188c803907a78fd8e536279028 
Number of updated asset objects reloaded before import = 0
Number of asset objects unloaded after import = 0
========================================================================
Received Import Request.
  Time of request: 2026-09-01T06:19:52.913594Z
  Time since last request: 0.000266917 seconds.
  importAddress: GUID: a50b3258cb19a4ac7b897c13dabccf3e - Path: Packages/com.unity.xr.arfoundation/Tests/Runtime/ARFoundation/AnchorSubsystem - Importer: ScriptedImporter/UnityEditor.QuickSearchModule:UnityEditor.Search:ASIAI0B
Importing 'GUID: a50b3258cb19a4ac7b897c13dabccf3e - Path: Packages/com.unity.xr.arfoundation/Tests/Runtime/ARFoundation/AnchorSubsystem - Importer: ScriptedImporter/UnityEditor.QuickSearchModule:UnityEditor.Search:ASIAI0B' with importer (ScriptedImporter : UnityEditor.QuickSearchModule:UnityEditor.Search:ASIAI0B)
Imported 'GUID: a50b3258cb19a4ac7b897c13dabccf3e' -> (Import Result ID: '51d4cba1c76a3b5127d9fbc5a74f69e0') in 0.001 seconds [static and dynamic dependencies]. Details - ImportResultOutputID=9c030d73b6d70ffc8a17ec550fdca596 DependenciesID=401278cba63428c0b72bd0e6d771e28d StaticDependenciesID=f7377ce259739636aecfde68f0655d98 
Number of updated asset objects reloaded before import = 0
Number of asset objects unloaded after import = 1
========================================================================
Received Import Request.
  Time of request: 2026-09-01T06:19:52.914928Z
  Time since last request: 0.000197417 seconds.
  importAddress: GUID: ab67d34cb7e62e246a0f4c98b463ab1a - Path: Packages/com.unity.xr.arfoundation/Runtime - Importer: ScriptedImporter/UnityEditor.QuickSearchModule:UnityEditor.Search:ASIAI0B
Importing 'GUID: ab67d34cb7e62e246a0f4c98b463ab1a - Path: Packages/com.unity.xr.arfoundation/Runtime - Importer: ScriptedImporter/UnityEditor.QuickSearchModule:UnityEditor.Search:ASIAI0B' with importer (ScriptedImporter : UnityEditor.QuickSearchModule:UnityEditor.Search:ASIAI0B)
Imported 'GUID: ab67d34cb7e62e246a0f4c98b463ab1a' -> (Import Result ID: 'd9f9be7f126fb5fc9b1806dfd10af850') in 0.001 seconds [static and dynamic dependencies]. Details - ImportResultOutputID=5bf87482f54462216d9994f74ec2e22a DependenciesID=e2fb26d6dc4434e2053de9b69c92ef54 StaticDependenciesID=b0f6a6910105d2f3ed5528bd23c47079 
Number of updated asset objects reloaded before import = 0
Number of asset objects unloaded after import = 1
========================================================================
Received Import Request.
  Time of request: 2026-09-01T06:19:52.916143Z
  Time since last request: 0.000192375 seconds.
  importAddress: GUID: 03e74bf99b6abff47b319351ce9b02cb - Path: Packages/com.unity.xr.arfoundation/Runtime/ARSubsystems/Planes/XRPlaneSubsystem.cs - Importer: ScriptedImporter/UnityEditor.QuickSearchModule:UnityEditor.Search:ASIAI0B
Importing 'GUID: 03e74bf99b6abff47b319351ce9b02cb - Path: Packages/com.unity.xr.arfoundation/Runtime/ARSubsystems/Planes/XRPlaneSubsystem.cs - Importer: ScriptedImporter/UnityEditor.QuickSearchModule:UnityEditor.Search:ASIAI0B' with importer (ScriptedImporter : UnityEditor.QuickSearchModule:UnityEditor.Search:ASIAI0B)
Imported 'GUID: 03e74bf99b6abff47b319351ce9b02cb' -> (Import Result ID: '11b6ed22645bf299c2f9c5cf730715d5') in 0.001 seconds [static and dynamic dependencies]. Details - ImportResultOutputID=be2f1aeb900a32b13925e6678de91e84 DependenciesID=4573266af99f59797579a7122aec8ae9 StaticDependenciesID=e80d48b509a5a4d06d619d3ebc040ded 
Number of updated asset objects reloaded before import = 0
Number of asset objects unloaded after import = 0
========================================================================
Received Import Request.
  Time of request: 2026-09-01T06:19:52.917426Z
  Time since last request: 0.000188917 seconds.
  importAddress: GUID: 338aeabca6b0940b49674d58cb89b21d - Path: Packages/com.unity.xr.arkit/Runtime/iOS/Xcode2600/libUnityARKit.a - Importer: ScriptedImporter/UnityEditor.QuickSearchModule:UnityEditor.Search:ASIAI0B
Importing 'GUID: 338aeabca6b0940b49674d58cb89b21d - Path: Packages/com.unity.xr.arkit/Runtime/iOS/Xcode2600/libUnityARKit.a - Importer: ScriptedImporter/UnityEditor.QuickSearchModule:UnityEditor.Search:ASIAI0B' with importer (ScriptedImporter : UnityEditor.QuickSearchModule:UnityEditor.Search:ASIAI0B)
Imported 'GUID: 338aeabca6b0940b49674d58cb89b21d' -> (Import Result ID: '87375e675ede5ab8baa26e2a28b4b18e') in 0.001 seconds [static and dynamic dependencies]. Details - ImportResultOutputID=507b6c00d7cc59a983015de11404cce2 DependenciesID=cd915b3ee3be2c52dbf1929e4d70620c StaticDependenciesID=65ffe794cb3d5975186a08efff294a4b 
Number of updated asset objects reloaded before import = 0
Number of asset objects unloaded after import = 0
========================================================================
Received Import Request.
  Time of request: 2026-09-01T06:19:52.918943Z
  Time since last request: 0.000187709 seconds.
  importAddress: GUID: 0f9918f9d31c14f558962f682dd2926e - Path: Packages/com.unity.xr.arfoundation/Editor/Simulation/PlaneFindingParamsPropertyDrawer.cs - Importer: ScriptedImporter/UnityEditor.QuickSearchModule:UnityEditor.Search:ASIAI0B
Importing 'GUID: 0f9918f9d31c14f558962f682dd2926e - Path: Packages/com.unity.xr.arfoundation/Editor/Simulation/PlaneFindingParamsPropertyDrawer.cs - Importer: ScriptedImporter/UnityEditor.QuickSearchModule:UnityEditor.Search:ASIAI0B' with importer (ScriptedImporter : UnityEditor.QuickSearchModule:UnityEditor.Search:ASIAI0B)
Imported 'GUID: 0f9918f9d31c14f558962f682dd2926e' -> (Import Result ID: '5819dc4d3a5cae277818eafcb055dd67') in 0.001 seconds [static and dynamic dependencies]. Details - ImportResultOutputID=36a878ecc910c5138f4c9973c2c83197 DependenciesID=80d7a83e6757c28cb33b3dfc22e8f910 StaticDependenciesID=1f7abe7eba3abe661ee26a9d269a0adb 
Number of updated asset objects reloaded before import = 0
Number of asset objects unloaded after import = 0
========================================================================
Received Import Request.
  Time of request: 2026-09-01T06:19:52.92012Z
  Time since last request: 0.000167708 seconds.
  importAddress: GUID: 848409ee8ba454f42a5ddff137688a27 - Path: Packages/com.unity.xr.arfoundation/Runtime/ARSubsystems/Images/XRReferenceImageLibrary.cs - Importer: ScriptedImporter/UnityEditor.QuickSearchModule:UnityEditor.Search:ASIAI0B
Importing 'GUID: 848409ee8ba454f42a5ddff137688a27 - Path: Packages/com.unity.xr.arfoundation/Runtime/ARSubsystems/Images/XRReferenceImageLibrary.cs - Importer: ScriptedImporter/UnityEditor.QuickSearchModule:UnityEditor.Search:ASIAI0B' with importer (ScriptedImporter : UnityEditor.QuickSearchModule:UnityEditor.Search:ASIAI0B)
Imported 'GUID: 848409ee8ba454f42a5ddff137688a27' -> (Import Result ID: '432ee1ec2bbf5e418c9d6fa2392bc76f') in 0.001 seconds [static and dynamic dependencies]. Details - ImportResultOutputID=c44c61b4ec87c1100fb72562d18e3a6d DependenciesID=519814fbb267b7ce44744d127546a8e8 StaticDependenciesID=47bee818ca7cb07c32f7cb7e81305bbc 
Number of updated asset objects reloaded before import = 0
Number of asset objects unloaded after import = 1
========================================================================
Received Import Request.
  Time of request: 2026-09-01T06:19:52.921427Z
  Time since last request: 0.000156416 seconds.
  importAddress: GUID: 4ada476bced846f7baaaf70a76b58533 - Path: Packages/com.unity.xr.arfoundation/Tests/Runtime/ARFoundation/TrackableChangesTests.cs - Importer: ScriptedImporter/UnityEditor.QuickSearchModule:UnityEditor.Search:ASIAI0B
Importing 'GUID: 4ada476bced846f7baaaf70a76b58533 - Path: Packages/com.unity.xr.arfoundation/Tests/Runtime/ARFoundation/TrackableChangesTests.cs - Importer: ScriptedImporter/UnityEditor.QuickSearchModule:UnityEditor.Search:ASIAI0B' with importer (ScriptedImporter : UnityEditor.QuickSearchModule:UnityEditor.Search:ASIAI0B)
Imported 'GUID: 4ada476bced846f7baaaf70a76b58533' -> (Import Result ID: '8e019dfc39d106fd2c6de01b0801de3f') in 0.001 seconds [static and dynamic dependencies]. Details - ImportResultOutputID=85f5f8a4f8f4206dd1e8db74973a400f DependenciesID=b78e3d6d717f35734336923570ea546b StaticDependenciesID=701d9e800fd6426857edb4b4d569c11e 
Number of updated asset objects reloaded before import = 0
Number of asset objects unloaded after import = 0
========================================================================
Received Import Request.
  Time of request: 2026-09-01T06:19:52.922738Z
  Time since last request: 0.000186542 seconds.
  importAddress: GUID: d5f67883f9192488b932b8b851158d46 - Path: Packages/com.unity.xr.arfoundation/Runtime/Simulation/Subsystems/Plane/Visualizers/SimulationPlaneVisualizer.cs - Importer: ScriptedImporter/UnityEditor.QuickSearchModule:UnityEditor.Search:ASIAI0B
Importing 'GUID: d5f67883f9192488b932b8b851158d46 - Path: Packages/com.unity.xr.arfoundation/Runtime/Simulation/Subsystems/Plane/Visualizers/SimulationPlaneVisualizer.cs - Importer: ScriptedImporter/UnityEditor.QuickSearchModule:UnityEditor.Search:ASIAI0B' with importer (ScriptedImporter : UnityEditor.QuickSearchModule:UnityEditor.Search:ASIAI0B)
Imported 'GUID: d5f67883f9192488b932b8b851158d46' -> (Import Result ID: '7a9004aeccee4faa6565d69e28b3cc6d') in 0.001 seconds [static and dynamic dependencies]. Details - ImportResultOutputID=ce7ad75202b3c7f2721d401def9ca3b6 DependenciesID=037a7e56e37849b5a7526f38570fc4c9 StaticDependenciesID=d6b0655d6058f8e1f562bc33edd5c574 
Number of updated asset objects reloaded before import = 0
Number of asset objects unloaded after import = 0
========================================================================
Received Import Request.
  Time of request: 2026-09-01T06:19:52.923957Z
  Time since last request: 0.000198708 seconds.
  importAddress: GUID: 7bf335c26602043b8a7ce90c4d7e4884 - Path: Packages/com.unity.xr.arkit/Runtime/ObjectTracking/ARKitObjectTrackingSubsystem.cs - Importer: ScriptedImporter/UnityEditor.QuickSearchModule:UnityEditor.Search:ASIAI0B
Importing 'GUID: 7bf335c26602043b8a7ce90c4d7e4884 - Path: Packages/com.unity.xr.arkit/Runtime/ObjectTracking/ARKitObjectTrackingSubsystem.cs - Importer: ScriptedImporter/UnityEditor.QuickSearchModule:UnityEditor.Search:ASIAI0B' with importer (ScriptedImporter : UnityEditor.QuickSearchModule:UnityEditor.Search:ASIAI0B)
Imported 'GUID: 7bf335c26602043b8a7ce90c4d7e4884' -> (Import Result ID: 'df8934581570a142e90761ff29e028d7') in 0.001 seconds [static and dynamic dependencies]. Details - ImportResultOutputID=5d1b043417ff8f311e1412941c767989 DependenciesID=07562d988a77b2fab29a8414479880d9 StaticDependenciesID=a2d57ec3df40757a3696aaecf64da315 
Number of updated asset objects reloaded before import = 0
Number of asset objects unloaded after import = 0
========================================================================
Received Import Request.
  Time of request: 2026-09-01T06:19:52.925297Z
  Time since last request: 0.000180083 seconds.
  importAddress: GUID: 631f79156a80bda4db24cfb8a19276f3 - Path: Packages/com.unity.xr.arfoundation/Editor/Simulation/Rendering - Importer: ScriptedImporter/UnityEditor.QuickSearchModule:UnityEditor.Search:ASIAI0B
Importing 'GUID: 631f79156a80bda4db24cfb8a19276f3 - Path: Packages/com.unity.xr.arfoundation/Editor/Simulation/Rendering - Importer: ScriptedImporter/UnityEditor.QuickSearchModule:UnityEditor.Search:ASIAI0B' with importer (ScriptedImporter : UnityEditor.QuickSearchModule:UnityEditor.Search:ASIAI0B)
Imported 'GUID: 631f79156a80bda4db24cfb8a19276f3' -> (Import Result ID: '89330592f34a8db84694143faaceaf38') in 0.002 seconds [static and dynamic dependencies]. Details - ImportResultOutputID=e868ab6b69cbbb8b87c873b889dbd660 DependenciesID=c0ffd5e39e7e738271ebc030cf9df72b StaticDependenciesID=d11131a3620e1422bf51f920aa93cab6 
Number of updated asset objects reloaded before import = 0
Number of asset objects unloaded after import = 1
========================================================================
Received Import Request.
  Time of request: 2026-09-01T06:19:52.927655Z
  Time since last request: 0.000272541 seconds.
  importAddress: GUID: 13e936306b304d6194f6edff87047686 - Path: Packages/com.unity.xr.arfoundation/Runtime/ARSubsystems/Utils/ObjectPoolCreateUtil.cs - Importer: ScriptedImporter/UnityEditor.QuickSearchModule:UnityEditor.Search:ASIAI0B
Importing 'GUID: 13e936306b304d6194f6edff87047686 - Path: Packages/com.unity.xr.arfoundation/Runtime/ARSubsystems/Utils/ObjectPoolCreateUtil.cs - Importer: ScriptedImporter/UnityEditor.QuickSearchModule:UnityEditor.Search:ASIAI0B' with importer (ScriptedImporter : UnityEditor.QuickSearchModule:UnityEditor.Search:ASIAI0B)
Imported 'GUID: 13e936306b304d6194f6edff87047686' -> (Import Result ID: 'b3f6140e8fa5697276b596f4956d2734') in 0.001 seconds [static and dynamic dependencies]. Details - ImportResultOutputID=256549aefa177c65e9ec9d3c5326a9f8 DependenciesID=b4f64ae61271103ac09cb90514894a70 StaticDependenciesID=5dde10b3b32c17878a4cd7defab1c74e 
Number of updated asset objects reloaded before import = 0
Number of asset objects unloaded after import = 0
========================================================================
Received Import Request.
  Time of request: 2026-09-01T06:19:52.929448Z
  Time since last request: 0.000344 seconds.
  importAddress: GUID: e968a91e075f14799b1b1502157adbd6 - Path: Packages/com.unity.xr.arkit/Editor/ARResourceGroup.cs - Importer: ScriptedImporter/UnityEditor.QuickSearchModule:UnityEditor.Search:ASIAI0B
Importing 'GUID: e968a91e075f14799b1b1502157adbd6 - Path: Packages/com.unity.xr.arkit/Editor/ARResourceGroup.cs - Importer: ScriptedImporter/UnityEditor.QuickSearchModule:UnityEditor.Search:ASIAI0B' with importer (ScriptedImporter : UnityEditor.QuickSearchModule:UnityEditor.Search:ASIAI0B)
Imported 'GUID: e968a91e075f14799b1b1502157adbd6' -> (Import Result ID: '025c341637aa50c6f78b1e6b0e189283') in 0.001 seconds [static and dynamic dependencies]. Details - ImportResultOutputID=4c53c328fb4e3deb4eb347daf855f935 DependenciesID=add0ad6cb327c8208f02ad52f39c61bb StaticDependenciesID=39ded242143fd48da63c7a74cd6a8b6b 
Number of updated asset objects reloaded before import = 0
Number of asset objects unloaded after import = 0
========================================================================
Received Import Request.
  Time of request: 2026-09-01T06:19:52.931171Z
  Time since last request: 0.000220791 seconds.
  importAddress: GUID: a377d1d9197e5184e93545d3fce9c427 - Path: Packages/com.unity.xr.arfoundation/Assets/Textures/Camera Settings@2x.png - Importer: ScriptedImporter/UnityEditor.QuickSearchModule:UnityEditor.Search:ASIAI0B
Importing 'GUID: a377d1d9197e5184e93545d3fce9c427 - Path: Packages/com.unity.xr.arfoundation/Assets/Textures/Camera Settings@2x.png - Importer: ScriptedImporter/UnityEditor.QuickSearchModule:UnityEditor.Search:ASIAI0B' with importer (ScriptedImporter : UnityEditor.QuickSearchModule:UnityEditor.Search:ASIAI0B)
Imported 'GUID: a377d1d9197e5184e93545d3fce9c427' -> (Import Result ID: '6def3f3ae5972416ae7b3486847bfbcb') in 0.003 seconds [static and dynamic dependencies]. Details - ImportResultOutputID=673e7876d9d772cdba58340989b81043 DependenciesID=102ed93b281def7a95b8192c31868643 StaticDependenciesID=678accb1f6960350122e37e053e1a9c8 
Number of updated asset objects reloaded before import = 0
Number of asset objects unloaded after import = 3
========================================================================
Received Import Request.
  Time of request: 2026-09-01T06:19:52.935029Z
  Time since last request: 0.000244625 seconds.
  importAddress: GUID: 23ac6ce2afe57a64a8bce96ef4774eab - Path: Packages/com.unity.xr.arfoundation/Runtime/ARFoundation/Utils/TransformExtensions.cs - Importer: ScriptedImporter/UnityEditor.QuickSearchModule:UnityEditor.Search:ASIAI0B
Importing 'GUID: 23ac6ce2afe57a64a8bce96ef4774eab - Path: Packages/com.unity.xr.arfoundation/Runtime/ARFoundation/Utils/TransformExtensions.cs - Importer: ScriptedImporter/UnityEditor.QuickSearchModule:UnityEditor.Search:ASIAI0B' with importer (ScriptedImporter : UnityEditor.QuickSearchModule:UnityEditor.Search:ASIAI0B)
Imported 'GUID: 23ac6ce2afe57a64a8bce96ef4774eab' -> (Import Result ID: '1696e89d2eff849c40f959a9c5910c38') in 0.001 seconds [static and dynamic dependencies]. Details - ImportResultOutputID=529cfa6041162bd07d2f9fe50b0b5678 DependenciesID=309d155abab9b07fa52cb5aab2a838a5 StaticDependenciesID=0af7db7db2e34840826a7cee9a5ececb 
Number of updated asset objects reloaded before import = 0
Number of asset objects unloaded after import = 1
========================================================================
Received Import Request.
  Time of request: 2026-09-01T06:19:52.936753Z
  Time since last request: 0.000190209 seconds.
  importAddress: GUID: c40c4b66db1624fe5a1b4819a30e4be3 - Path: Packages/com.unity.xr.arfoundation/Editor/VisualScripting/GetTrackablesUnitDescriptor.cs - Importer: ScriptedImporter/UnityEditor.QuickSearchModule:UnityEditor.Search:ASIAI0B
Importing 'GUID: c40c4b66db1624fe5a1b4819a30e4be3 - Path: Packages/com.unity.xr.arfoundation/Editor/VisualScripting/GetTrackablesUnitDescriptor.cs - Importer: ScriptedImporter/UnityEditor.QuickSearchModule:UnityEditor.Search:ASIAI0B' with importer (ScriptedImporter : UnityEditor.QuickSearchModule:UnityEditor.Search:ASIAI0B)
Imported 'GUID: c40c4b66db1624fe5a1b4819a30e4be3' -> (Import Result ID: '57e76052a2186769ce7b98690cc797ff') in 0.001 seconds [static and dynamic dependencies]. Details - ImportResultOutputID=9716c235f2e56f18f08e9e2f34e37dd2 DependenciesID=9906fc3fc672b1dc719f4376480d6886 StaticDependenciesID=682652210746319b44f028e4232ff5e8 
Number of updated asset objects reloaded before import = 0
Number of asset objects unloaded after import = 0
========================================================================
Received Import Request.
  Time of request: 2026-09-01T06:19:52.938121Z
  Time since last request: 0.000232083 seconds.
  importAddress: GUID: 3e972ade69f574d51bbbe1052ee3c14d - Path: Packages/com.unity.xr.arfoundation/Assets/Textures/DetachedToolBar_Vertical@3x.png - Importer: ScriptedImporter/UnityEditor.QuickSearchModule:UnityEditor.Search:ASIAI0B
Importing 'GUID: 3e972ade69f574d51bbbe1052ee3c14d - Path: Packages/com.unity.xr.arfoundation/Assets/Textures/DetachedToolBar_Vertical@3x.png - Importer: ScriptedImporter/UnityEditor.QuickSearchModule:UnityEditor.Search:ASIAI0B' with importer (ScriptedImporter : UnityEditor.QuickSearchModule:UnityEditor.Search:ASIAI0B)
Imported 'GUID: 3e972ade69f574d51bbbe1052ee3c14d' -> (Import Result ID: '9dea38d0b7e38fefaee8550ca8bdb83b') in 0.003 seconds [static and dynamic dependencies]. Details - ImportResultOutputID=e7bf9c2ecd3189e63b61199e6fc17c84 DependenciesID=2f8edf4d743c142680643a6f77cde198 StaticDependenciesID=14441efcb528dbaaa28f65a6e5187003 
Number of updated asset objects reloaded before import = 0
Number of asset objects unloaded after import = 3
========================================================================
Received Import Request.
  Time of request: 2026-09-01T06:19:52.941455Z
  Time since last request: 0.000193625 seconds.
  importAddress: GUID: 3eefe42ce0b1a497d8b85b28f78e3ef6 - Path: Packages/com.unity.xr.arkit/Tests/Runtime - Importer: ScriptedImporter/UnityEditor.QuickSearchModule:UnityEditor.Search:ASIAI0B
Importing 'GUID: 3eefe42ce0b1a497d8b85b28f78e3ef6 - Path: Packages/com.unity.xr.arkit/Tests/Runtime - Importer: ScriptedImporter/UnityEditor.QuickSearchModule:UnityEditor.Search:ASIAI0B' with importer (ScriptedImporter : UnityEditor.QuickSearchModule:UnityEditor.Search:ASIAI0B)
Imported 'GUID: 3eefe42ce0b1a497d8b85b28f78e3ef6' -> (Import Result ID: '2079e57b3edb37d2dc56f63676b675c8') in 0.001 seconds [static and dynamic dependencies]. Details - ImportResultOutputID=451d90284b5666022b9c8bc85f5c6c05 DependenciesID=c9863ea09f25181c3cd5b692abe3722e StaticDependenciesID=a734c4fabf13547f5764ef5ec1871a96 
Number of updated asset objects reloaded before import = 0
Number of asset objects unloaded after import = 1
========================================================================
Received Import Request.
  Time of request: 2026-09-01T06:19:52.942768Z
  Time since last request: 0.000209375 seconds.
  importAddress: GUID: 8cff86a8d7f54bb5b65abf8392e2b175 - Path: Packages/com.unity.xr.arfoundation/Tests/Editor/ARFoundation/ARMeshManagerTests.cs - Importer: ScriptedImporter/UnityEditor.QuickSearchModule:UnityEditor.Search:ASIAI0B
Importing 'GUID: 8cff86a8d7f54bb5b65abf8392e2b175 - Path: Packages/com.unity.xr.arfoundation/Tests/Editor/ARFoundation/ARMeshManagerTests.cs - Importer: ScriptedImporter/UnityEditor.QuickSearchModule:UnityEditor.Search:ASIAI0B' with importer (ScriptedImporter : UnityEditor.QuickSearchModule:UnityEditor.Search:ASIAI0B)
Imported 'GUID: 8cff86a8d7f54bb5b65abf8392e2b175' -> (Import Result ID: '1283a3ae3baafd0013da446ce46ab9ca') in 0.001 seconds [static and dynamic dependencies]. Details - ImportResultOutputID=69955d982fde7db1e04bfe8b539f02f6 DependenciesID=163456808253a0b312b1379040a1c59f StaticDependenciesID=996a546df6753aceb99ecdc892a61b22 
Number of updated asset objects reloaded before import = 0
Number of asset objects unloaded after import = 0
========================================================================
Received Import Request.
  Time of request: 2026-09-01T06:19:52.944065Z
  Time since last request: 0.000199584 seconds.
  importAddress: GUID: a7f87992cd1d44040ae42b05e5fbdaa5 - Path: Packages/com.unity.mathematics/LICENSE.md - Importer: ScriptedImporter/UnityEditor.QuickSearchModule:UnityEditor.Search:ASIAI0B
Importing 'GUID: a7f87992cd1d44040ae42b05e5fbdaa5 - Path: Packages/com.unity.mathematics/LICENSE.md - Importer: ScriptedImporter/UnityEditor.QuickSearchModule:UnityEditor.Search:ASIAI0B' with importer (ScriptedImporter : UnityEditor.QuickSearchModule:UnityEditor.Search:ASIAI0B)
Imported 'GUID: a7f87992cd1d44040ae42b05e5fbdaa5' -> (Import Result ID: '9a2bc4861f7d54f4379efe242c136abb') in 0.001 seconds [static and dynamic dependencies]. Details - ImportResultOutputID=a07649bdcd269ba34bed10ea2bb8992d DependenciesID=0f23ecd7126ad9d1e94ac753aaada3c3 StaticDependenciesID=5097b47fdc618b1e336b99ba7e3aaf0b 
Number of updated asset objects reloaded before import = 0
Number of asset objects unloaded after import = 1
========================================================================
Received Import Request.
  Time of request: 2026-09-01T06:19:52.945598Z
  Time since last request: 0.000191791 seconds.
  importAddress: GUID: 51ca4a1aec6243e9a2cf6b9c88e7ed12 - Path: Packages/com.unity.xr.arkit/Editor - Importer: ScriptedImporter/UnityEditor.QuickSearchModule:UnityEditor.Search:ASIAI0B
Importing 'GUID: 51ca4a1aec6243e9a2cf6b9c88e7ed12 - Path: Packages/com.unity.xr.arkit/Editor - Importer: ScriptedImporter/UnityEditor.QuickSearchModule:UnityEditor.Search:ASIAI0B' with importer (ScriptedImporter : UnityEditor.QuickSearchModule:UnityEditor.Search:ASIAI0B)
Imported 'GUID: 51ca4a1aec6243e9a2cf6b9c88e7ed12' -> (Import Result ID: 'c882972f98e6fe561a57d378650a1814') in 0.001 seconds [static and dynamic dependencies]. Details - ImportResultOutputID=70e8b1f67649b222a88bbe169fa6fcfd DependenciesID=591ac2762b812ecb0bc4df57017dd20d StaticDependenciesID=4d91040d85b290c125ec72ec4bffb843 
Number of updated asset objects reloaded before import = 0
Number of asset objects unloaded after import = 1
========================================================================
Received Import Request.
  Time of request: 2026-09-01T06:19:52.946909Z
  Time since last request: 0.000281458 seconds.
  importAddress: GUID: a84a89f32ce37486fbc30ae73c6806d7 - Path: Packages/com.unity.xr.arkit/Runtime/ImageTracking/ARKitImageTrackingProvider.cs - Importer: ScriptedImporter/UnityEditor.QuickSearchModule:UnityEditor.Search:ASIAI0B
Importing 'GUID: a84a89f32ce37486fbc30ae73c6806d7 - Path: Packages/com.unity.xr.arkit/Runtime/ImageTracking/ARKitImageTrackingProvider.cs - Importer: ScriptedImporter/UnityEditor.QuickSearchModule:UnityEditor.Search:ASIAI0B' with importer (ScriptedImporter : UnityEditor.QuickSearchModule:UnityEditor.Search:ASIAI0B)
Imported 'GUID: a84a89f32ce37486fbc30ae73c6806d7' -> (Import Result ID: 'ef29e86d73a3c4687c3cf9ed92fe8198') in 0.001 seconds [static and dynamic dependencies]. Details - ImportResultOutputID=e6b9d28e538f0e21ca8d8ab0e250e6bd DependenciesID=59e8176fa58209d2881d5af2271209fa StaticDependenciesID=6f79852dbd7667ce3ca08a32ea2498d3 
Number of updated asset objects reloaded before import = 0
Number of asset objects unloaded after import = 0
========================================================================
Received Import Request.
  Time of request: 2026-09-01T06:19:52.948347Z
  Time since last request: 0.000187584 seconds.
  importAddress: GUID: 56de866d5032f461baa43decd9ce3bd8 - Path: Packages/com.unity.mathematics/CHANGELOG.md - Importer: ScriptedImporter/UnityEditor.QuickSearchModule:UnityEditor.Search:ASIAI0B
Importing 'GUID: 56de866d5032f461baa43decd9ce3bd8 - Path: Packages/com.unity.mathematics/CHANGELOG.md - Importer: ScriptedImporter/UnityEditor.QuickSearchModule:UnityEditor.Search:ASIAI0B' with importer (ScriptedImporter : UnityEditor.QuickSearchModule:UnityEditor.Search:ASIAI0B)
Imported 'GUID: 56de866d5032f461baa43decd9ce3bd8' -> (Import Result ID: '5730dafdc44bc999c2f912059ed64eed') in 0.001 seconds [static and dynamic dependencies]. Details - ImportResultOutputID=5e3872cabffa78fb27eaf291ab341221 DependenciesID=d1efd09ddb23f1fd52e00641c9147c4f StaticDependenciesID=7bb603c5078c38e7ec923b40371b6df9 
Number of updated asset objects reloaded before import = 0
Number of asset objects unloaded after import = 1
========================================================================
Received Import Request.
  Time of request: 2026-09-01T06:19:52.949742Z
  Time since last request: 0.000180083 seconds.
  importAddress: GUID: 8466f0ecafb149a4a0cfd13efc2635ec - Path: Packages/com.unity.xr.arfoundation/Editor/VisualScripting/ARTrackablesChangedEventUnitDescriptor.cs - Importer: ScriptedImporter/UnityEditor.QuickSearchModule:UnityEditor.Search:ASIAI0B
Importing 'GUID: 8466f0ecafb149a4a0cfd13efc2635ec - Path: Packages/com.unity.xr.arfoundation/Editor/VisualScripting/ARTrackablesChangedEventUnitDescriptor.cs - Importer: ScriptedImporter/UnityEditor.QuickSearchModule:UnityEditor.Search:ASIAI0B' with importer (ScriptedImporter : UnityEditor.QuickSearchModule:UnityEditor.Search:ASIAI0B)
Imported 'GUID: 8466f0ecafb149a4a0cfd13efc2635ec' -> (Import Result ID: '7d88f41b670575e56bff5f379d875ebe') in 0.001 seconds [static and dynamic dependencies]. Details - ImportResultOutputID=a9df79d87e9beb8095f62ff59d7cf649 DependenciesID=fdc0ede2d56a0bfd09a0202679c498d5 StaticDependenciesID=2abe358527c960a0fb19b25af4fe56c7 
Number of updated asset objects reloaded before import = 0
Number of asset objects unloaded after import = 0
========================================================================
Received Import Request.
  Time of request: 2026-09-01T06:19:52.950975Z
  Time since last request: 0.000188417 seconds.
  importAddress: GUID: e1d030f1e9e0c4ca8923c9677c77ea14 - Path: Packages/com.unity.xr.arfoundation/Tests/Runtime/CodeSamples/ARAnchorManagerSamples.cs - Importer: ScriptedImporter/UnityEditor.QuickSearchModule:UnityEditor.Search:ASIAI0B
Importing 'GUID: e1d030f1e9e0c4ca8923c9677c77ea14 - Path: Packages/com.unity.xr.arfoundation/Tests/Runtime/CodeSamples/ARAnchorManagerSamples.cs - Importer: ScriptedImporter/UnityEditor.QuickSearchModule:UnityEditor.Search:ASIAI0B' with importer (ScriptedImporter : UnityEditor.QuickSearchModule:UnityEditor.Search:ASIAI0B)
Imported 'GUID: e1d030f1e9e0c4ca8923c9677c77ea14' -> (Import Result ID: '9665388b5a8c04c0f9668d2a9b2a035b') in 0.001 seconds [static and dynamic dependencies]. Details - ImportResultOutputID=1b2a05659929b96a64043a1578369f2d DependenciesID=d351575c7b327f28465ffaec7100e812 StaticDependenciesID=6792a4101fa15437eae88bad0b71308e 
Number of updated asset objects reloaded before import = 0
Number of asset objects unloaded after import = 0
========================================================================
Received Import Request.
  Time of request: 2026-09-01T06:19:52.95234Z
  Time since last request: 0.000211833 seconds.
  importAddress: GUID: fa70b942f3ecd43f18bacc33a505fa5c - Path: Packages/com.unity.xr.arfoundation/Tests/Editor/InternalUtils/Unity.XR.ARFoundation.InternalUtils.Editor.Tests.asmdef - Importer: ScriptedImporter/UnityEditor.QuickSearchModule:UnityEditor.Search:ASIAI0B
Importing 'GUID: fa70b942f3ecd43f18bacc33a505fa5c - Path: Packages/com.unity.xr.arfoundation/Tests/Editor/InternalUtils/Unity.XR.ARFoundation.InternalUtils.Editor.Tests.asmdef - Importer: ScriptedImporter/UnityEditor.QuickSearchModule:UnityEditor.Search:ASIAI0B' with importer (ScriptedImporter : UnityEditor.QuickSearchModule:UnityEditor.Search:ASIAI0B)
Imported 'GUID: fa70b942f3ecd43f18bacc33a505fa5c' -> (Import Result ID: '55b6c4744c79f9fe62b4ae6ce0baae41') in 0.001 seconds [static and dynamic dependencies]. Details - ImportResultOutputID=aeeca2fd605d58a465a76752bc00219f DependenciesID=9ba8aa68a2d23727652dfe05717df041 StaticDependenciesID=5ca6303e84e366f02598be1b442570ab 
Number of updated asset objects reloaded before import = 0
Number of asset objects unloaded after import = 1
========================================================================
Received Import Request.
  Time of request: 2026-09-01T06:19:52.954016Z
  Time since last request: 0.000330292 seconds.
  importAddress: GUID: 8236c695e72414e7889fb3f4d8226fde - Path: Packages/com.unity.xr.arfoundation/Editor/Icons/d_ARVR@4x.png - Importer: ScriptedImporter/UnityEditor.QuickSearchModule:UnityEditor.Search:ASIAI0B
Importing 'GUID: 8236c695e72414e7889fb3f4d8226fde - Path: Packages/com.unity.xr.arfoundation/Editor/Icons/d_ARVR@4x.png - Importer: ScriptedImporter/UnityEditor.QuickSearchModule:UnityEditor.Search:ASIAI0B' with importer (ScriptedImporter : UnityEditor.QuickSearchModule:UnityEditor.Search:ASIAI0B)
Imported 'GUID: 8236c695e72414e7889fb3f4d8226fde' -> (Import Result ID: '3d6b764b2441a6113eef01c96a0aa91e') in 0.003 seconds [static and dynamic dependencies]. Details - ImportResultOutputID=c0a94123b820f112d003e872120af50f DependenciesID=c62f0fd55ee830fc70d2cd333871e589 StaticDependenciesID=5d02854c49aeca612b5f80c68f671c75 
Number of updated asset objects reloaded before import = 0
Number of asset objects unloaded after import = 1
========================================================================
Received Import Request.
  Time of request: 2026-09-01T06:19:52.957058Z
  Time since last request: 0.000240209 seconds.
  importAddress: GUID: 75c250dfc3231467ca6388fdb1cc831f - Path: Packages/com.unity.xr.arfoundation/Runtime/ARSubsystems/Utils/ARRenderingUtils.cs - Importer: ScriptedImporter/UnityEditor.QuickSearchModule:UnityEditor.Search:ASIAI0B
Importing 'GUID: 75c250dfc3231467ca6388fdb1cc831f - Path: Packages/com.unity.xr.arfoundation/Runtime/ARSubsystems/Utils/ARRenderingUtils.cs - Importer: ScriptedImporter/UnityEditor.QuickSearchModule:UnityEditor.Search:ASIAI0B' with importer (ScriptedImporter : UnityEditor.QuickSearchModule:UnityEditor.Search:ASIAI0B)
Imported 'GUID: 75c250dfc3231467ca6388fdb1cc831f' -> (Import Result ID: '518d827f7edefee6f854ff9df1ae5477') in 0.001 seconds [static and dynamic dependencies]. Details - ImportResultOutputID=ccbdf244196c181e6943baaad7996f54 DependenciesID=26c58e1001b4f4f7d5ace2d28da84384 StaticDependenciesID=c9a7a5cb9defde3cd7e7903d4e0de84a 
Number of updated asset objects reloaded before import = 0
Number of asset objects unloaded after import = 0
========================================================================
Received Import Request.
  Time of request: 2026-09-01T06:19:52.958416Z
  Time since last request: 0.000194 seconds.
  importAddress: GUID: c44439cce923494b88dd91671b60d86a - Path: Packages/com.unity.xr.arfoundation/Runtime/VisualScripting/Units/Events/MessageListeners/ARParticipantsChangedListener.cs - Importer: ScriptedImporter/UnityEditor.QuickSearchModule:UnityEditor.Search:ASIAI0B
Importing 'GUID: c44439cce923494b88dd91671b60d86a - Path: Packages/com.unity.xr.arfoundation/Runtime/VisualScripting/Units/Events/MessageListeners/ARParticipantsChangedListener.cs - Importer: ScriptedImporter/UnityEditor.QuickSearchModule:UnityEditor.Search:ASIAI0B' with importer (ScriptedImporter : UnityEditor.QuickSearchModule:UnityEditor.Search:ASIAI0B)
Imported 'GUID: c44439cce923494b88dd91671b60d86a' -> (Import Result ID: 'bf1207eaed27c67e7c06ea24e0911272') in 0.001 seconds [static and dynamic dependencies]. Details - ImportResultOutputID=edbdca27be2b92dd3641e1ceee18880a DependenciesID=77d24467c4182161f789d051b5246c41 StaticDependenciesID=d9d046d66c56ef3f87d4173441a62bab 
Number of updated asset objects reloaded before import = 0
Number of asset objects unloaded after import = 0
========================================================================
Received Import Request.
  Time of request: 2026-09-01T06:19:52.959688Z
  Time since last request: 0.000189125 seconds.
  importAddress: GUID: 63ca035a43c048d19d7ebf2543e80330 - Path: Packages/com.unity.xr.arfoundation/Runtime/ARFoundation/Occlusion/AROcclusionSourceEventArgs.cs - Importer: ScriptedImporter/UnityEditor.QuickSearchModule:UnityEditor.Search:ASIAI0B
Importing 'GUID: 63ca035a43c048d19d7ebf2543e80330 - Path: Packages/com.unity.xr.arfoundation/Runtime/ARFoundation/Occlusion/AROcclusionSourceEventArgs.cs - Importer: ScriptedImporter/UnityEditor.QuickSearchModule:UnityEditor.Search:ASIAI0B' with importer (ScriptedImporter : UnityEditor.QuickSearchModule:UnityEditor.Search:ASIAI0B)
Imported 'GUID: 63ca035a43c048d19d7ebf2543e80330' -> (Import Result ID: '66049a757e4d5d6994a32f18da5f0053') in 0.001 seconds [static and dynamic dependencies]. Details - ImportResultOutputID=05786fa5bce98e86098a82785587dc04 DependenciesID=e7576fdf2f8e3f060db7a00eb651452a StaticDependenciesID=d046391286f0da40f5fff41c168afe82 
Number of updated asset objects reloaded before import = 0
Number of asset objects unloaded after import = 0
========================================================================
Received Import Request.
  Time of request: 2026-09-01T06:19:52.960845Z
  Time since last request: 0.000169 seconds.
  importAddress: GUID: 7051dd1ee16844b9883b7cc83b51dfc6 - Path: Packages/com.unity.xr.arfoundation/Runtime/ARFoundation/Common/ARUpdateOrder.cs - Importer: ScriptedImporter/UnityEditor.QuickSearchModule:UnityEditor.Search:ASIAI0B
Importing 'GUID: 7051dd1ee16844b9883b7cc83b51dfc6 - Path: Packages/com.unity.xr.arfoundation/Runtime/ARFoundation/Common/ARUpdateOrder.cs - Importer: ScriptedImporter/UnityEditor.QuickSearchModule:UnityEditor.Search:ASIAI0B' with importer (ScriptedImporter : UnityEditor.QuickSearchModule:UnityEditor.Search:ASIAI0B)
Imported 'GUID: 7051dd1ee16844b9883b7cc83b51dfc6' -> (Import Result ID: 'c0ff1e069f5da1a8ec39280ba2371ff6') in 0.001 seconds [static and dynamic dependencies]. Details - ImportResultOutputID=771a1423f5814373f3e4201dcecffa30 DependenciesID=1555f1ed35bf4f11559b520581819175 StaticDependenciesID=a0efa412222f286d4ad50705c21cde56 
Number of updated asset objects reloaded before import = 0
Number of asset objects unloaded after import = 1
========================================================================
Received Import Request.
  Time of request: 2026-09-01T06:19:52.962095Z
  Time since last request: 0.000175292 seconds.
  importAddress: GUID: 714aa9d297be46dc869bd78492178e1b - Path: Packages/com.unity.xr.arfoundation/Runtime/ARSubsystems/Anchors/XRAnchorBuilder.cs - Importer: ScriptedImporter/UnityEditor.QuickSearchModule:UnityEditor.Search:ASIAI0B
Importing 'GUID: 714aa9d297be46dc869bd78492178e1b - Path: Packages/com.unity.xr.arfoundation/Runtime/ARSubsystems/Anchors/XRAnchorBuilder.cs - Importer: ScriptedImporter/UnityEditor.QuickSearchModule:UnityEditor.Search:ASIAI0B' with importer (ScriptedImporter : UnityEditor.QuickSearchModule:UnityEditor.Search:ASIAI0B)
Imported 'GUID: 714aa9d297be46dc869bd78492178e1b' -> (Import Result ID: '44b8328fd8852bab76cf5d7bab1918e9') in 0.001 seconds [static and dynamic dependencies]. Details - ImportResultOutputID=34515274f1160f844351f03aa0b3297e DependenciesID=101cdb37c31cff20b812d9b2cf39702f StaticDependenciesID=3a2477ed313fa6a1bd8eea602549a395 
Number of updated asset objects reloaded before import = 0
Number of asset objects unloaded after import = 0
========================================================================
Received Import Request.
  Time of request: 2026-09-01T06:19:52.963281Z
  Time since last request: 0.000168167 seconds.
  importAddress: GUID: 7a3c2811d41034e52a6d6c33ac73a207 - Path: Packages/com.unity.xr.arkit/Editor/ARKitSettings.cs - Importer: ScriptedImporter/UnityEditor.QuickSearchModule:UnityEditor.Search:ASIAI0B
Importing 'GUID: 7a3c2811d41034e52a6d6c33ac73a207 - Path: Packages/com.unity.xr.arkit/Editor/ARKitSettings.cs - Importer: ScriptedImporter/UnityEditor.QuickSearchModule:UnityEditor.Search:ASIAI0B' with importer (ScriptedImporter : UnityEditor.QuickSearchModule:UnityEditor.Search:ASIAI0B)
Imported 'GUID: 7a3c2811d41034e52a6d6c33ac73a207' -> (Import Result ID: '3fb4219019886c8259a6b86861b15be5') in 0.002 seconds [static and dynamic dependencies]. Details - ImportResultOutputID=327587a1ddd848ca849575d1e25d6e16 DependenciesID=19164af549bfb66e9efecbfcefebab63 StaticDependenciesID=b6fb933cd8bb80e7fe0c8ce79411a5e6 
Number of updated asset objects reloaded before import = 0
Number of asset objects unloaded after import = 1
========================================================================
Received Import Request.
  Time of request: 2026-09-01T06:19:52.965525Z
  Time since last request: 0.000173208 seconds.
  importAddress: GUID: 735f1b61039e3234cb4a34ff9899306b - Path: Packages/com.unity.xr.arfoundation/Runtime/ARSubsystems/Raycasts - Importer: ScriptedImporter/UnityEditor.QuickSearchModule:UnityEditor.Search:ASIAI0B
Importing 'GUID: 735f1b61039e3234cb4a34ff9899306b - Path: Packages/com.unity.xr.arfoundation/Runtime/ARSubsystems/Raycasts - Importer: ScriptedImporter/UnityEditor.QuickSearchModule:UnityEditor.Search:ASIAI0B' with importer (ScriptedImporter : UnityEditor.QuickSearchModule:UnityEditor.Search:ASIAI0B)
Imported 'GUID: 735f1b61039e3234cb4a34ff9899306b' -> (Import Result ID: '390bd5b644dd050ebb4776c46663f69f') in 0.001 seconds [static and dynamic dependencies]. Details - ImportResultOutputID=0fef24eda86e7a96f282639e811c1575 DependenciesID=447528a4d6acd3b56948c79693cbbb3c StaticDependenciesID=18af2b88aec2bc2debd986a4c317a6a6 
Number of updated asset objects reloaded before import = 0
Number of asset objects unloaded after import = 1
========================================================================
Received Import Request.
  Time of request: 2026-09-01T06:19:52.966628Z
  Time since last request: 0.000185958 seconds.
  importAddress: GUID: 6822a68e33ba44f1b76f15abbbe31b8c - Path: Packages/com.unity.xr.arfoundation/Runtime/ARSubsystems/Anchors/XRAnchorSubsystem.cs - Importer: ScriptedImporter/UnityEditor.QuickSearchModule:UnityEditor.Search:ASIAI0B
Importing 'GUID: 6822a68e33ba44f1b76f15abbbe31b8c - Path: Packages/com.unity.xr.arfoundation/Runtime/ARSubsystems/Anchors/XRAnchorSubsystem.cs - Importer: ScriptedImporter/UnityEditor.QuickSearchModule:UnityEditor.Search:ASIAI0B' with importer (ScriptedImporter : UnityEditor.QuickSearchModule:UnityEditor.Search:ASIAI0B)
Imported 'GUID: 6822a68e33ba44f1b76f15abbbe31b8c' -> (Import Result ID: '9074ed10f5429fbfcf7eb88bedb4fcc9') in 0.001 seconds [static and dynamic dependencies]. Details - ImportResultOutputID=35d449c68ad878a6437f8e66341af417 DependenciesID=cb986cc83e919f8f28369864c787b0e8 StaticDependenciesID=a4ab7e6c6deb4e49777e86d639e10556 
Number of updated asset objects reloaded before import = 0
Number of asset objects unloaded after import = 0
========================================================================
Received Import Request.
  Time of request: 2026-09-01T06:19:52.967854Z
  Time since last request: 0.000171042 seconds.
  importAddress: GUID: 0aabe9b36c1b34547a0583d27f35d116 - Path: Packages/com.unity.xr.arfoundation/Tests/Editor/ARFoundation/OcclusionShaderTests.cs - Importer: ScriptedImporter/UnityEditor.QuickSearchModule:UnityEditor.Search:ASIAI0B
Importing 'GUID: 0aabe9b36c1b34547a0583d27f35d116 - Path: Packages/com.unity.xr.arfoundation/Tests/Editor/ARFoundation/OcclusionShaderTests.cs - Importer: ScriptedImporter/UnityEditor.QuickSearchModule:UnityEditor.Search:ASIAI0B' with importer (ScriptedImporter : UnityEditor.QuickSearchModule:UnityEditor.Search:ASIAI0B)
Imported 'GUID: 0aabe9b36c1b34547a0583d27f35d116' -> (Import Result ID: '74b8167e7a374ac401e2e23b41af4477') in 0.001 seconds [static and dynamic dependencies]. Details - ImportResultOutputID=390f42c92f3e4670b1ec6c6bd5145734 DependenciesID=5b619302cfed9450b148b8b490433efd StaticDependenciesID=32d4a615ef3534870024d06da18f94c7 
Number of updated asset objects reloaded before import = 0
Number of asset objects unloaded after import = 0
========================================================================
Received Import Request.
  Time of request: 2026-09-01T06:19:52.96919Z
  Time since last request: 0.000168875 seconds.
  importAddress: GUID: 1fa78d30c12d3476c8db6d280151e64e - Path: Packages/com.unity.xr.arfoundation/Runtime/Simulation/Subsystems/Plane/SimulationPlaneSubsystem.cs - Importer: ScriptedImporter/UnityEditor.QuickSearchModule:UnityEditor.Search:ASIAI0B
Importing 'GUID: 1fa78d30c12d3476c8db6d280151e64e - Path: Packages/com.unity.xr.arfoundation/Runtime/Simulation/Subsystems/Plane/SimulationPlaneSubsystem.cs - Importer: ScriptedImporter/UnityEditor.QuickSearchModule:UnityEditor.Search:ASIAI0B' with importer (ScriptedImporter : UnityEditor.QuickSearchModule:UnityEditor.Search:ASIAI0B)
Imported 'GUID: 1fa78d30c12d3476c8db6d280151e64e' -> (Import Result ID: '90b346b7b8113e52949eb0b386ab6473') in 0.001 seconds [static and dynamic dependencies]. Details - ImportResultOutputID=2215b64d2807f703e1105e7847fccde4 DependenciesID=513b202937954aa5ef166628e0c467aa StaticDependenciesID=952aee052e67e84bf603caabb12c0c85 
Number of updated asset objects reloaded before import = 0
Number of asset objects unloaded after import = 0
========================================================================
Received Import Request.
  Time of request: 2026-09-01T06:19:52.970372Z
  Time since last request: 0.000179333 seconds.
  importAddress: GUID: 3d4f4437663ce4bfc8417a937772b7f2 - Path: Packages/com.unity.xr.arfoundation/Runtime/VisualScripting/Units/Events/MessageListeners/Deprecated/ARTrackedObjectManagerListener.deprecated.cs - Importer: ScriptedImporter/UnityEditor.QuickSearchModule:UnityEditor.Search:ASIAI0B
Importing 'GUID: 3d4f4437663ce4bfc8417a937772b7f2 - Path: Packages/com.unity.xr.arfoundation/Runtime/VisualScripting/Units/Events/MessageListeners/Deprecated/ARTrackedObjectManagerListener.deprecated.cs - Importer: ScriptedImporter/UnityEditor.QuickSearchModule:UnityEditor.Search:ASIAI0B' with importer (ScriptedImporter : UnityEditor.QuickSearchModule:UnityEditor.Search:ASIAI0B)
Imported 'GUID: 3d4f4437663ce4bfc8417a937772b7f2' -> (Import Result ID: '6875136f8d738697ba0b515f0d7f0065') in 0.001 seconds [static and dynamic dependencies]. Details - ImportResultOutputID=2a5354c4dc4e35cb775cc97dff4f1d7a DependenciesID=b95d56c275198d059566cd6997756fde StaticDependenciesID=2d8a6a0b45fd3cda5da055c91e7728cf 
Number of updated asset objects reloaded before import = 0
Number of asset objects unloaded after import = 0
========================================================================
Received Import Request.
  Time of request: 2026-09-01T06:19:52.971703Z
  Time since last request: 0.000205458 seconds.
  importAddress: GUID: 630f72928a729496fb48d492a86d3dc8 - Path: Packages/com.unity.xr.arfoundation/Runtime/ARSubsystems/Occlusion/OcclusionPreferenceMode.cs - Importer: ScriptedImporter/UnityEditor.QuickSearchModule:UnityEditor.Search:ASIAI0B
Importing 'GUID: 630f72928a729496fb48d492a86d3dc8 - Path: Packages/com.unity.xr.arfoundation/Runtime/ARSubsystems/Occlusion/OcclusionPreferenceMode.cs - Importer: ScriptedImporter/UnityEditor.QuickSearchModule:UnityEditor.Search:ASIAI0B' with importer (ScriptedImporter : UnityEditor.QuickSearchModule:UnityEditor.Search:ASIAI0B)
Imported 'GUID: 630f72928a729496fb48d492a86d3dc8' -> (Import Result ID: 'e30742de3f449997dee46bed0ce22ac2') in 0.001 seconds [static and dynamic dependencies]. Details - ImportResultOutputID=c7555b09539c3dea9b38ba3fc5a81f8f DependenciesID=9c972bdfb619c756db6e46a138cfd3a9 StaticDependenciesID=e8d90530fb0d0ea575cf2855e8461e59 
Number of updated asset objects reloaded before import = 0
Number of asset objects unloaded after import = 0
========================================================================
Received Import Request.
  Time of request: 2026-09-01T06:19:52.972953Z
  Time since last request: 0.000173 seconds.
  importAddress: GUID: d9fd8a0f15bd4b6e8b11f6cafa94a2fa - Path: Packages/com.unity.xr.arfoundation/Editor/VisualScripting/Deprecated - Importer: ScriptedImporter/UnityEditor.QuickSearchModule:UnityEditor.Search:ASIAI0B
Importing 'GUID: d9fd8a0f15bd4b6e8b11f6cafa94a2fa - Path: Packages/com.unity.xr.arfoundation/Editor/VisualScripting/Deprecated - Importer: ScriptedImporter/UnityEditor.QuickSearchModule:UnityEditor.Search:ASIAI0B' with importer (ScriptedImporter : UnityEditor.QuickSearchModule:UnityEditor.Search:ASIAI0B)
Imported 'GUID: d9fd8a0f15bd4b6e8b11f6cafa94a2fa' -> (Import Result ID: 'c9a26ad6ed221e6cad9b51420fdad708') in 0.001 seconds [static and dynamic dependencies]. Details - ImportResultOutputID=a3198e564e121a7f9790c1e9375665cd DependenciesID=47c6ff82c9927e17d5375bd1e1f89644 StaticDependenciesID=22d98dd450ef3665ba0a5a46c45d1e47 
Number of updated asset objects reloaded before import = 0
Number of asset objects unloaded after import = 1
========================================================================
Received Import Request.
  Time of request: 2026-09-01T06:19:52.974157Z
  Time since last request: 0.000155792 seconds.
  importAddress: GUID: c1303a13ebcaa41ef8ddd513daf67bd3 - Path: Packages/com.unity.xr.arfoundation/Runtime/Simulation/Subsystems/Raycast/SimulationRaycasterRegistry.cs - Importer: ScriptedImporter/UnityEditor.QuickSearchModule:UnityEditor.Search:ASIAI0B
Importing 'GUID: c1303a13ebcaa41ef8ddd513daf67bd3 - Path: Packages/com.unity.xr.arfoundation/Runtime/Simulation/Subsystems/Raycast/SimulationRaycasterRegistry.cs - Importer: ScriptedImporter/UnityEditor.QuickSearchModule:UnityEditor.Search:ASIAI0B' with importer (ScriptedImporter : UnityEditor.QuickSearchModule:UnityEditor.Search:ASIAI0B)
Imported 'GUID: c1303a13ebcaa41ef8ddd513daf67bd3' -> (Import Result ID: 'cf9ea63f1c37138775b06f0532886822') in 0.001 seconds [static and dynamic dependencies]. Details - ImportResultOutputID=b7cc41cf5aaf2608eb9931d64c6e0cd1 DependenciesID=7b706fd9ea7556dba230fecee0301273 StaticDependenciesID=1c56243703e2d802d843ded6cecf43a3 
Number of updated asset objects reloaded before import = 0
Number of asset objects unloaded after import = 0
========================================================================
Received Import Request.
  Time of request: 2026-09-01T06:19:52.975533Z
  Time since last request: 0.00018 seconds.
  importAddress: GUID: b79e0e1f93512e54692703b8a8eec37a - Path: Packages/com.unity.xr.arfoundation/Runtime/Simulation/Subsystems/BoundingBox/SimulationBoundingBoxSubsystem.cs - Importer: ScriptedImporter/UnityEditor.QuickSearchModule:UnityEditor.Search:ASIAI0B
Importing 'GUID: b79e0e1f93512e54692703b8a8eec37a - Path: Packages/com.unity.xr.arfoundation/Runtime/Simulation/Subsystems/BoundingBox/SimulationBoundingBoxSubsystem.cs - Importer: ScriptedImporter/UnityEditor.QuickSearchModule:UnityEditor.Search:ASIAI0B' with importer (ScriptedImporter : UnityEditor.QuickSearchModule:UnityEditor.Search:ASIAI0B)
Imported 'GUID: b79e0e1f93512e54692703b8a8eec37a' -> (Import Result ID: 'e6226428543c289f59fff49f2f5da2bb') in 0.001 seconds [static and dynamic dependencies]. Details - ImportResultOutputID=a85bda8b40069c86508a10a8cf18e72d DependenciesID=7decade42b46aba9d42584185a1fdce7 StaticDependenciesID=5259e5da82a2063112b0733b18941175 
Number of updated asset objects reloaded before import = 0
Number of asset objects unloaded after import = 0
========================================================================
Received Import Request.
  Time of request: 2026-09-01T06:19:52.976693Z
  Time since last request: 0.000175042 seconds.
  importAddress: GUID: e8bf185d5e2ad4550bc1effe21e553c1 - Path: Packages/com.unity.xr.arfoundation/Tests/Runtime/ARFoundation/ARLightEstimationDataTests.cs - Importer: ScriptedImporter/UnityEditor.QuickSearchModule:UnityEditor.Search:ASIAI0B
Importing 'GUID: e8bf185d5e2ad4550bc1effe21e553c1 - Path: Packages/com.unity.xr.arfoundation/Tests/Runtime/ARFoundation/ARLightEstimationDataTests.cs - Importer: ScriptedImporter/UnityEditor.QuickSearchModule:UnityEditor.Search:ASIAI0B' with importer (ScriptedImporter : UnityEditor.QuickSearchModule:UnityEditor.Search:ASIAI0B)
Imported 'GUID: e8bf185d5e2ad4550bc1effe21e553c1' -> (Import Result ID: 'f46508a1103f08335f0ffb758f3e8ba9') in 0.001 seconds [static and dynamic dependencies]. Details - ImportResultOutputID=dc4c0540be3b6bf0ba4ab9e23a9fe2cd DependenciesID=ca5086218288f6f6608c03d933a57f3c StaticDependenciesID=36d817338f29bc2c1f2035f7de678a1d 
Number of updated asset objects reloaded before import = 0
Number of asset objects unloaded after import = 0
========================================================================
Received Import Request.
  Time of request: 2026-09-01T06:19:52.97787Z
  Time since last request: 0.000176375 seconds.
  importAddress: GUID: e52f4e4ed1587d742bb9cb0dfeb05625 - Path: Packages/com.unity.xr.arfoundation/Runtime/InternalUtils/XRManagerUtility.cs - Importer: ScriptedImporter/UnityEditor.QuickSearchModule:UnityEditor.Search:ASIAI0B
Importing 'GUID: e52f4e4ed1587d742bb9cb0dfeb05625 - Path: Packages/com.unity.xr.arfoundation/Runtime/InternalUtils/XRManagerUtility.cs - Importer: ScriptedImporter/UnityEditor.QuickSearchModule:UnityEditor.Search:ASIAI0B' with importer (ScriptedImporter : UnityEditor.QuickSearchModule:UnityEditor.Search:ASIAI0B)
Imported 'GUID: e52f4e4ed1587d742bb9cb0dfeb05625' -> (Import Result ID: '2a6b530215690e40c4a01fc83e92c672') in 0.001 seconds [static and dynamic dependencies]. Details - ImportResultOutputID=56ef8c188e14eb771ef43a16270e51ed DependenciesID=16a4e8a903e8c9fff71cdc2dccd8c6d7 StaticDependenciesID=c57fce68e7b5e57991ab2562d6158386 
Number of updated asset objects reloaded before import = 0
Number of asset objects unloaded after import = 0
========================================================================
Received Import Request.
  Time of request: 2026-09-01T06:19:52.978952Z
  Time since last request: 0.000162875 seconds.
  importAddress: GUID: 85b56128d05834462a2ce2eca6262653 - Path: Packages/com.unity.xr.arfoundation/Editor/Simulation/Analytics/Hooks/PlayModeHook.cs - Importer: ScriptedImporter/UnityEditor.QuickSearchModule:UnityEditor.Search:ASIAI0B
Importing 'GUID: 85b56128d05834462a2ce2eca6262653 - Path: Packages/com.unity.xr.arfoundation/Editor/Simulation/Analytics/Hooks/PlayModeHook.cs - Importer: ScriptedImporter/UnityEditor.QuickSearchModule:UnityEditor.Search:ASIAI0B' with importer (ScriptedImporter : UnityEditor.QuickSearchModule:UnityEditor.Search:ASIAI0B)
Imported 'GUID: 85b56128d05834462a2ce2eca6262653' -> (Import Result ID: '1ece4578e405c6c22ed94aea33dd89d1') in 0.001 seconds [static and dynamic dependencies]. Details - ImportResultOutputID=46a61287e6e3a7ddbe8e1a7284c72633 DependenciesID=c7a237b095f96bcfcadf45b7277217d1 StaticDependenciesID=d996409ca264ec57acadf985b840d85b 
Number of updated asset objects reloaded before import = 0
Number of asset objects unloaded after import = 0
========================================================================
Received Import Request.
  Time of request: 2026-09-01T06:19:52.980055Z
  Time since last request: 0.000181917 seconds.
  importAddress: GUID: fe1f0c65f27a6914899cf43ea825652e - Path: Packages/com.unity.xr.arfoundation/Runtime/UnitySubsystemsManifest.json - Importer: ScriptedImporter/UnityEditor.QuickSearchModule:UnityEditor.Search:ASIAI0B
Importing 'GUID: fe1f0c65f27a6914899cf43ea825652e - Path: Packages/com.unity.xr.arfoundation/Runtime/UnitySubsystemsManifest.json - Importer: ScriptedImporter/UnityEditor.QuickSearchModule:UnityEditor.Search:ASIAI0B' with importer (ScriptedImporter : UnityEditor.QuickSearchModule:UnityEditor.Search:ASIAI0B)
Imported 'GUID: fe1f0c65f27a6914899cf43ea825652e' -> (Import Result ID: '68a99ec2aeec6cf3aa31bc644b7e0804') in 0.001 seconds [static and dynamic dependencies]. Details - ImportResultOutputID=500fedce7d8657a0daf551e7d36b83b8 DependenciesID=63ce39cf90cbf0890232c0fa941b1b92 StaticDependenciesID=975283f223a741473dfc02c3270e9cd1 
Number of updated asset objects reloaded before import = 0
Number of asset objects unloaded after import = 1
========================================================================
Received Import Request.
  Time of request: 2026-09-01T06:19:52.981298Z
  Time since last request: 0.000179125 seconds.
  importAddress: GUID: bf920c57868e28a45851d0b38777766c - Path: Packages/com.unity.xr.arfoundation/Runtime/ARSubsystems/Session/XRSessionSubsystemDescriptor.cs - Importer: ScriptedImporter/UnityEditor.QuickSearchModule:UnityEditor.Search:ASIAI0B
Importing 'GUID: bf920c57868e28a45851d0b38777766c - Path: Packages/com.unity.xr.arfoundation/Runtime/ARSubsystems/Session/XRSessionSubsystemDescriptor.cs - Importer: ScriptedImporter/UnityEditor.QuickSearchModule:UnityEditor.Search:ASIAI0B' with importer (ScriptedImporter : UnityEditor.QuickSearchModule:UnityEditor.Search:ASIAI0B)
Imported 'GUID: bf920c57868e28a45851d0b38777766c' -> (Import Result ID: '2cc9448236ea2d6c9236476ea81bc0dc') in 0.001 seconds [static and dynamic dependencies]. Details - ImportResultOutputID=91c1fc979ff98c424c8bdb2711cc9d58 DependenciesID=00c36260f2a39722ccb5a63e1ebab1c8 StaticDependenciesID=e5d666c6145397fef59064104a2c30e5 
Number of updated asset objects reloaded before import = 0
Number of asset objects unloaded after import = 0
========================================================================
Received Import Request.
  Time of request: 2026-09-01T06:19:52.982399Z
  Time since last request: 0.000186166 seconds.
  importAddress: GUID: 5c5854129a556b647bd0d59271b18580 - Path: Packages/com.unity.xr.arfoundation/Runtime/Simulation/Subsystems - Importer: ScriptedImporter/UnityEditor.QuickSearchModule:UnityEditor.Search:ASIAI0B
Importing 'GUID: 5c5854129a556b647bd0d59271b18580 - Path: Packages/com.unity.xr.arfoundation/Runtime/Simulation/Subsystems - Importer: ScriptedImporter/UnityEditor.QuickSearchModule:UnityEditor.Search:ASIAI0B' with importer (ScriptedImporter : UnityEditor.QuickSearchModule:UnityEditor.Search:ASIAI0B)
Imported 'GUID: 5c5854129a556b647bd0d59271b18580' -> (Import Result ID: '5fe62b852b46dd83c7a2aca1156c188b') in 0.001 seconds [static and dynamic dependencies]. Details - ImportResultOutputID=6fa84c557359cd5c065d3d73009d24f5 DependenciesID=77e173cc8e2d317727bf71c56dc20ea0 StaticDependenciesID=a5b6ea5babfcea48a9aaef17e739aef6 
Number of updated asset objects reloaded before import = 0
Number of asset objects unloaded after import = 1
========================================================================
Received Import Request.
  Time of request: 2026-09-01T06:19:52.983541Z
  Time since last request: 0.000229791 seconds.
  importAddress: GUID: 8089ddade313591489f06ce71fe8b791 - Path: Packages/com.unity.xr.arfoundation/Runtime/ARSubsystems/Session/XRSessionSubsystem.cs - Importer: ScriptedImporter/UnityEditor.QuickSearchModule:UnityEditor.Search:ASIAI0B
Importing 'GUID: 8089ddade313591489f06ce71fe8b791 - Path: Packages/com.unity.xr.arfoundation/Runtime/ARSubsystems/Session/XRSessionSubsystem.cs - Importer: ScriptedImporter/UnityEditor.QuickSearchModule:UnityEditor.Search:ASIAI0B' with importer (ScriptedImporter : UnityEditor.QuickSearchModule:UnityEditor.Search:ASIAI0B)
Imported 'GUID: 8089ddade313591489f06ce71fe8b791' -> (Import Result ID: '2e6e0e6687d4934c7e76a475b929760c') in 0.001 seconds [static and dynamic dependencies]. Details - ImportResultOutputID=1b2959b67350b16c0ba9d4670e0cdfde DependenciesID=8e62bf8919e945eb168ef8e4502dfe7f StaticDependenciesID=11a441d1fd2ff3db000059c22f959d00 
Number of updated asset objects reloaded before import = 0
Number of asset objects unloaded after import = 0
========================================================================
Received Import Request.
  Time of request: 2026-09-01T06:19:52.984788Z
  Time since last request: 0.000189333 seconds.
  importAddress: GUID: 6676d108f1d92455db01e64cd5a556c0 - Path: Assets/XR/Settings/ARKitSettings.asset - Importer: ScriptedImporter/UnityEditor.QuickSearchModule:UnityEditor.Search:ASIAI0B
Importing 'GUID: 6676d108f1d92455db01e64cd5a556c0 - Path: Assets/XR/Settings/ARKitSettings.asset - Importer: ScriptedImporter/UnityEditor.QuickSearchModule:UnityEditor.Search:ASIAI0B' with importer (ScriptedImporter : UnityEditor.QuickSearchModule:UnityEditor.Search:ASIAI0B)
Imported 'GUID: 6676d108f1d92455db01e64cd5a556c0' -> (Import Result ID: 'f96ad75884e76b20c00a2779205945e7') in 0.001 seconds [static and dynamic dependencies]. Details - ImportResultOutputID=d2c6425c51019aa357705214d6e4ae4b DependenciesID=042419b2e9c3c6384a442b662e8e6714 StaticDependenciesID=80e28073f45f209b7e8d0cef116edea4 
Number of updated asset objects reloaded before import = 0
Number of asset objects unloaded after import = 1
========================================================================
Received Import Request.
  Time of request: 2026-09-01T06:19:52.98647Z
  Time since last request: 0.000257542 seconds.
  importAddress: GUID: e3c227a144024fcc9116a332d9e2b717 - Path: Packages/com.unity.xr.arfoundation/Runtime/VisualScripting/Units/Events/EventUnits/ARTrackablesChangedEventUnit.cs - Importer: ScriptedImporter/UnityEditor.QuickSearchModule:UnityEditor.Search:ASIAI0B
Importing 'GUID: e3c227a144024fcc9116a332d9e2b717 - Path: Packages/com.unity.xr.arfoundation/Runtime/VisualScripting/Units/Events/EventUnits/ARTrackablesChangedEventUnit.cs - Importer: ScriptedImporter/UnityEditor.QuickSearchModule:UnityEditor.Search:ASIAI0B' with importer (ScriptedImporter : UnityEditor.QuickSearchModule:UnityEditor.Search:ASIAI0B)
Imported 'GUID: e3c227a144024fcc9116a332d9e2b717' -> (Import Result ID: '8449920705746f977f8d76cb8e319eb7') in 0.001 seconds [static and dynamic dependencies]. Details - ImportResultOutputID=5990074272d39167c1c71746d14fbbc8 DependenciesID=79573aef5e8904adb8e0dc63e16b4fce StaticDependenciesID=52391de79d6966e38c27fe6d1945191a 
Number of updated asset objects reloaded before import = 0
Number of asset objects unloaded after import = 0
========================================================================
Received Import Request.
  Time of request: 2026-09-01T06:19:53.004529Z
  Time since last request: 0.016974375 seconds.
  importAddress: GUID: ba8622154b0e0438da976fd4fa05982b - Path: Packages/com.unity.xr.arfoundation/Runtime/VisualScripting/Units/Events/EventUnits/Deprecated/ParticipantsChangedEventUnit.deprecated.cs - Importer: ScriptedImporter/UnityEditor.QuickSearchModule:UnityEditor.Search:ASIAI0B
Importing 'GUID: ba8622154b0e0438da976fd4fa05982b - Path: Packages/com.unity.xr.arfoundation/Runtime/VisualScripting/Units/Events/EventUnits/Deprecated/ParticipantsChangedEventUnit.deprecated.cs - Importer: ScriptedImporter/UnityEditor.QuickSearchModule:UnityEditor.Search:ASIAI0B' with importer (ScriptedImporter : UnityEditor.QuickSearchModule:UnityEditor.Search:ASIAI0B)
Imported 'GUID: ba8622154b0e0438da976fd4fa05982b' -> (Import Result ID: '0cd37549f7bbed60fd8edcdaa941f5cc') in 0.001 seconds [static and dynamic dependencies]. Details - ImportResultOutputID=9f688f2396cf1a8cd96a035462ad40dc DependenciesID=6fc09136ec6421c3fb29a76a04a098dc StaticDependenciesID=096da5830da1fa0069b6b8311c811fed 
Number of updated asset objects reloaded before import = 0
Number of asset objects unloaded after import = 0
========================================================================
Received Import Request.
  Time of request: 2026-09-01T06:19:53.006449Z
  Time since last request: 0.00030575 seconds.
  importAddress: GUID: fadc5806439634fd383369d0f7d6b545 - Path: Packages/com.unity.xr.arfoundation/Editor/ARSubsystems/XRReferenceImageLibraryBuildProcessor.cs - Importer: ScriptedImporter/UnityEditor.QuickSearchModule:UnityEditor.Search:ASIAI0B
Importing 'GUID: fadc5806439634fd383369d0f7d6b545 - Path: Packages/com.unity.xr.arfoundation/Editor/ARSubsystems/XRReferenceImageLibraryBuildProcessor.cs - Importer: ScriptedImporter/UnityEditor.QuickSearchModule:UnityEditor.Search:ASIAI0B' with importer (ScriptedImporter : UnityEditor.QuickSearchModule:UnityEditor.Search:ASIAI0B)
Imported 'GUID: fadc5806439634fd383369d0f7d6b545' -> (Import Result ID: 'ec874acdea2071509ed7a1aebbee381d') in 0.001 seconds [static and dynamic dependencies]. Details - ImportResultOutputID=2613b0badfe3e155a5c1a5e971c980a1 DependenciesID=7807675909372c3314f78ef39aac7bbc StaticDependenciesID=97bca7c9755e2fc872257eaaa29396c8 
Number of updated asset objects reloaded before import = 0
Number of asset objects unloaded after import = 0
========================================================================
Received Import Request.
  Time of request: 2026-09-01T06:19:53.007992Z
  Time since last request: 0.000187792 seconds.
  importAddress: GUID: 6a4375a486b3942fc97922fe33d013a3 - Path: Packages/com.unity.xr.arfoundation/Runtime/Simulation/Plugins/macos - Importer: ScriptedImporter/UnityEditor.QuickSearchModule:UnityEditor.Search:ASIAI0B
Importing 'GUID: 6a4375a486b3942fc97922fe33d013a3 - Path: Packages/com.unity.xr.arfoundation/Runtime/Simulation/Plugins/macos - Importer: ScriptedImporter/UnityEditor.QuickSearchModule:UnityEditor.Search:ASIAI0B' with importer (ScriptedImporter : UnityEditor.QuickSearchModule:UnityEditor.Search:ASIAI0B)
Imported 'GUID: 6a4375a486b3942fc97922fe33d013a3' -> (Import Result ID: '013d3d8bd216f7c2b224ec89148ed836') in 0.001 seconds [static and dynamic dependencies]. Details - ImportResultOutputID=291b41550f1a4c89dfeab137510c056e DependenciesID=a419211d3ec853469d9785583683380d StaticDependenciesID=95e657e0011ac0bf374bc33736c1b4b5 
Number of updated asset objects reloaded before import = 0
Number of asset objects unloaded after import = 1
========================================================================
Received Import Request.
  Time of request: 2026-09-01T06:19:53.009219Z
  Time since last request: 0.000164375 seconds.
  importAddress: GUID: 5fd420220c8ee413ba691d737a3f0f1b - Path: Packages/com.unity.xr.arkit/Runtime/Frameworks/Foundation/NSError.cs - Importer: ScriptedImporter/UnityEditor.QuickSearchModule:UnityEditor.Search:ASIAI0B
Importing 'GUID: 5fd420220c8ee413ba691d737a3f0f1b - Path: Packages/com.unity.xr.arkit/Runtime/Frameworks/Foundation/NSError.cs - Importer: ScriptedImporter/UnityEditor.QuickSearchModule:UnityEditor.Search:ASIAI0B' with importer (ScriptedImporter : UnityEditor.QuickSearchModule:UnityEditor.Search:ASIAI0B)
Imported 'GUID: 5fd420220c8ee413ba691d737a3f0f1b' -> (Import Result ID: '36064a477f8ded5af3ff72a69e7eb4ac') in 0.001 seconds [static and dynamic dependencies]. Details - ImportResultOutputID=a55fc5e231a9ecf9cde6d098227e9a33 DependenciesID=64ba7ec9f1334ada3465ebb212d74143 StaticDependenciesID=f9a0033c267774a4ee41738ca18e61ab 
Number of updated asset objects reloaded before import = 0
Number of asset objects unloaded after import = 0
========================================================================
Received Import Request.
  Time of request: 2026-09-01T06:19:53.010498Z
  Time since last request: 0.000238959 seconds.
  importAddress: GUID: 0b4baa36a73a74aeeb8e49359e3ddc49 - Path: Packages/com.unity.xr.arkit/Runtime/Camera - Importer: ScriptedImporter/UnityEditor.QuickSearchModule:UnityEditor.Search:ASIAI0B
Importing 'GUID: 0b4baa36a73a74aeeb8e49359e3ddc49 - Path: Packages/com.unity.xr.arkit/Runtime/Camera - Importer: ScriptedImporter/UnityEditor.QuickSearchModule:UnityEditor.Search:ASIAI0B' with importer (ScriptedImporter : UnityEditor.QuickSearchModule:UnityEditor.Search:ASIAI0B)
Imported 'GUID: 0b4baa36a73a74aeeb8e49359e3ddc49' -> (Import Result ID: 'a9dfb5c6d54a98916b68438284239cd9') in 0.001 seconds [static and dynamic dependencies]. Details - ImportResultOutputID=77f26dd374f62d2c49d117211537e08e DependenciesID=4e17cd86ec75df80536829b1265c3578 StaticDependenciesID=7c52256775dcc1e7390e0e119e98b73a 
Number of updated asset objects reloaded before import = 0
Number of asset objects unloaded after import = 1
========================================================================
Received Import Request.
  Time of request: 2026-09-01T06:19:53.011612Z
  Time since last request: 0.000187667 seconds.
  importAddress: GUID: e0ac772a7ea3141c8beb2d6c4c4c6050 - Path: Packages/com.unity.xr.arfoundation/Runtime/VisualScripting/Units - Importer: ScriptedImporter/UnityEditor.QuickSearchModule:UnityEditor.Search:ASIAI0B
Importing 'GUID: e0ac772a7ea3141c8beb2d6c4c4c6050 - Path: Packages/com.unity.xr.arfoundation/Runtime/VisualScripting/Units - Importer: ScriptedImporter/UnityEditor.QuickSearchModule:UnityEditor.Search:ASIAI0B' with importer (ScriptedImporter : UnityEditor.QuickSearchModule:UnityEditor.Search:ASIAI0B)
Imported 'GUID: e0ac772a7ea3141c8beb2d6c4c4c6050' -> (Import Result ID: 'f7b194c75e7143e25cad4623e0b0791c') in 0.001 seconds [static and dynamic dependencies]. Details - ImportResultOutputID=d05e5eb6b7b348177ca655d10118d1db DependenciesID=933927d90dbcbe033d47a1fb61ddba62 StaticDependenciesID=b53f29e116fb52d53c6739956b2cac39 
Number of updated asset objects reloaded before import = 0
Number of asset objects unloaded after import = 1
========================================================================
Received Import Request.
  Time of request: 2026-09-01T06:19:53.012857Z
  Time since last request: 0.000163166 seconds.
  importAddress: GUID: 838e693ad2574643b3d427db5835b4d4 - Path: Packages/com.unity.xr.arfoundation/Editor/Simulation/EditorSimulationSceneManager.cs - Importer: ScriptedImporter/UnityEditor.QuickSearchModule:UnityEditor.Search:ASIAI0B
Importing 'GUID: 838e693ad2574643b3d427db5835b4d4 - Path: Packages/com.unity.xr.arfoundation/Editor/Simulation/EditorSimulationSceneManager.cs - Importer: ScriptedImporter/UnityEditor.QuickSearchModule:UnityEditor.Search:ASIAI0B' with importer (ScriptedImporter : UnityEditor.QuickSearchModule:UnityEditor.Search:ASIAI0B)
Imported 'GUID: 838e693ad2574643b3d427db5835b4d4' -> (Import Result ID: '867dbaeb4d4c11e04f6916b256803192') in 0.001 seconds [static and dynamic dependencies]. Details - ImportResultOutputID=5ae39045242a74875b4c488dfcecbf05 DependenciesID=854874f065ba3083ffdf19d32ebac968 StaticDependenciesID=c4f7cd47fe53a02d1a0d772d35f99bbc 
Number of updated asset objects reloaded before import = 0
Number of asset objects unloaded after import = 0
========================================================================
Received Import Request.
  Time of request: 2026-09-01T06:19:53.01396Z
  Time since last request: 0.000166417 seconds.
  importAddress: GUID: 8b3c5906db6eb40fd9293c7de3a86c2f - Path: Packages/com.unity.xr.arfoundation/Runtime/ARFoundation/Participants/ARParticipant.cs - Importer: ScriptedImporter/UnityEditor.QuickSearchModule:UnityEditor.Search:ASIAI0B
Importing 'GUID: 8b3c5906db6eb40fd9293c7de3a86c2f - Path: Packages/com.unity.xr.arfoundation/Runtime/ARFoundation/Participants/ARParticipant.cs - Importer: ScriptedImporter/UnityEditor.QuickSearchModule:UnityEditor.Search:ASIAI0B' with importer (ScriptedImporter : UnityEditor.QuickSearchModule:UnityEditor.Search:ASIAI0B)
Imported 'GUID: 8b3c5906db6eb40fd9293c7de3a86c2f' -> (Import Result ID: '093ec69ae91576929a31ef929c05d073') in 0.001 seconds [static and dynamic dependencies]. Details - ImportResultOutputID=3c9d9807a1e3cd4e6ec69000655c7c31 DependenciesID=96d013baa094554d4cb92c2b3f8b808c StaticDependenciesID=89631b40cd92cdb8fc91a43674d23a60 
Number of updated asset objects reloaded before import = 0
Number of asset objects unloaded after import = 1
========================================================================
Received Import Request.
  Time of request: 2026-09-01T06:19:53.015192Z
  Time since last request: 0.000154625 seconds.
  importAddress: GUID: 084053e70628640b4820440461200213 - Path: Packages/com.unity.xr.arkit/Runtime/FaceTracking/iOS/Xcode2600/libUnityARKitFaceTracking.a - Importer: ScriptedImporter/UnityEditor.QuickSearchModule:UnityEditor.Search:ASIAI0B
Importing 'GUID: 084053e70628640b4820440461200213 - Path: Packages/com.unity.xr.arkit/Runtime/FaceTracking/iOS/Xcode2600/libUnityARKitFaceTracking.a - Importer: ScriptedImporter/UnityEditor.QuickSearchModule:UnityEditor.Search:ASIAI0B' with importer (ScriptedImporter : UnityEditor.QuickSearchModule:UnityEditor.Search:ASIAI0B)
Imported 'GUID: 084053e70628640b4820440461200213' -> (Import Result ID: 'e9cfae60aff4feb3584dde88ac9e1d25') in 0.001 seconds [static and dynamic dependencies]. Details - ImportResultOutputID=adc89cf7297f6b527142219eff1794e1 DependenciesID=7163e1ee15cb68259f14cdc9c3890962 StaticDependenciesID=1242323fddeeb897755d28618f90ee4a 
Number of updated asset objects reloaded before import = 0
Number of asset objects unloaded after import = 0
========================================================================
Received Import Request.
  Time of request: 2026-09-01T06:19:53.01663Z
  Time since last request: 0.000215125 seconds.
  importAddress: GUID: bbbaa3048c78c413d914e1a60d261193 - Path: Packages/com.unity.xr.arfoundation/Runtime/Simulation/Subsystems/Plane/PlaneRaycaster.cs - Importer: ScriptedImporter/UnityEditor.QuickSearchModule:UnityEditor.Search:ASIAI0B
Importing 'GUID: bbbaa3048c78c413d914e1a60d261193 - Path: Packages/com.unity.xr.arfoundation/Runtime/Simulation/Subsystems/Plane/PlaneRaycaster.cs - Importer: ScriptedImporter/UnityEditor.QuickSearchModule:UnityEditor.Search:ASIAI0B' with importer (ScriptedImporter : UnityEditor.QuickSearchModule:UnityEditor.Search:ASIAI0B)
Imported 'GUID: bbbaa3048c78c413d914e1a60d261193' -> (Import Result ID: 'a776178e309eec8140072694f84979c0') in 0.001 seconds [static and dynamic dependencies]. Details - ImportResultOutputID=c4b86172d9a77abf5688168afa7e307a DependenciesID=36dc4d8d0d8bca283ce4342ac5e5218f StaticDependenciesID=a2abdb886a9a63c9fc5f42e7cf56f3f1 
Number of updated asset objects reloaded before import = 0
Number of asset objects unloaded after import = 0
========================================================================
Received Import Request.
  Time of request: 2026-09-01T06:19:53.01777Z
  Time since last request: 0.000173917 seconds.
  importAddress: GUID: afc8c64d0b5f84d48b4a7a48c7136b0b - Path: Packages/com.unity.xr.arfoundation/Runtime/ARSubsystems/Common/Textures/XRTextureDescriptor.cs - Importer: ScriptedImporter/UnityEditor.QuickSearchModule:UnityEditor.Search:ASIAI0B
Importing 'GUID: afc8c64d0b5f84d48b4a7a48c7136b0b - Path: Packages/com.unity.xr.arfoundation/Runtime/ARSubsystems/Common/Textures/XRTextureDescriptor.cs - Importer: ScriptedImporter/UnityEditor.QuickSearchModule:UnityEditor.Search:ASIAI0B' with importer (ScriptedImporter : UnityEditor.QuickSearchModule:UnityEditor.Search:ASIAI0B)
Imported 'GUID: afc8c64d0b5f84d48b4a7a48c7136b0b' -> (Import Result ID: 'a810be857a8895edbf0a0365bc9d3af5') in 0.001 seconds [static and dynamic dependencies]. Details - ImportResultOutputID=1c4a3b620d89f6d444f7e96f7b0d688e DependenciesID=24f45eb0600cdafd3e1606976d5fac9c StaticDependenciesID=d8ebdf96a1f1d40eef020ad758b565f5 
Number of updated asset objects reloaded before import = 0
Number of asset objects unloaded after import = 0
========================================================================
Received Import Request.
  Time of request: 2026-09-01T06:19:53.01898Z
  Time since last request: 0.000195125 seconds.
  importAddress: GUID: beb96ec8ad8b849a787382738bb427ae - Path: Packages/com.unity.xr.arfoundation/Tests/Editor/ARSubsystems/Unity.XR.ARSubsystems.Editor.Tests.asmdef - Importer: ScriptedImporter/UnityEditor.QuickSearchModule:UnityEditor.Search:ASIAI0B
Importing 'GUID: beb96ec8ad8b849a787382738bb427ae - Path: Packages/com.unity.xr.arfoundation/Tests/Editor/ARSubsystems/Unity.XR.ARSubsystems.Editor.Tests.asmdef - Importer: ScriptedImporter/UnityEditor.QuickSearchModule:UnityEditor.Search:ASIAI0B' with importer (ScriptedImporter : UnityEditor.QuickSearchModule:UnityEditor.Search:ASIAI0B)
Imported 'GUID: beb96ec8ad8b849a787382738bb427ae' -> (Import Result ID: '3b39b101877de1a327c03349d28bb247') in 0.001 seconds [static and dynamic dependencies]. Details - ImportResultOutputID=b7b771cd570fc335223365e0903ba9a2 DependenciesID=954038a6e590f77effef39b48acd78bb StaticDependenciesID=04019de81eeb109528a688c245fcb869 
Number of updated asset objects reloaded before import = 0
Number of asset objects unloaded after import = 1
========================================================================
Received Import Request.
  Time of request: 2026-09-01T06:19:53.020222Z
  Time since last request: 0.000157625 seconds.
  importAddress: GUID: 7af422d370ec5410ba5005af6c3b7ce8 - Path: Packages/com.unity.xr.arfoundation/Tests/Editor/InternalUtils/PoseUtilsTests.cs - Importer: ScriptedImporter/UnityEditor.QuickSearchModule:UnityEditor.Search:ASIAI0B
Importing 'GUID: 7af422d370ec5410ba5005af6c3b7ce8 - Path: Packages/com.unity.xr.arfoundation/Tests/Editor/InternalUtils/PoseUtilsTests.cs - Importer: ScriptedImporter/UnityEditor.QuickSearchModule:UnityEditor.Search:ASIAI0B' with importer (ScriptedImporter : UnityEditor.QuickSearchModule:UnityEditor.Search:ASIAI0B)
Imported 'GUID: 7af422d370ec5410ba5005af6c3b7ce8' -> (Import Result ID: '30e2e7024354e3f76df261f046d20605') in 0.001 seconds [static and dynamic dependencies]. Details - ImportResultOutputID=affeaf192c9497781025217c9ed4ce42 DependenciesID=b7511976ec0190c2bd2f99604b2ceae6 StaticDependenciesID=8c928ed234fdf2d4f5f0c6cb5a64b1bc 
Number of updated asset objects reloaded before import = 0
Number of asset objects unloaded after import = 0
========================================================================
Received Import Request.
  Time of request: 2026-09-01T06:19:53.021317Z
  Time since last request: 0.00016275 seconds.
  importAddress: GUID: df71837a07684b24082222c253aa156a - Path: Packages/com.unity.xr.arfoundation/Runtime/Simulation/SimulationLoader.cs - Importer: ScriptedImporter/UnityEditor.QuickSearchModule:UnityEditor.Search:ASIAI0B
Importing 'GUID: df71837a07684b24082222c253aa156a - Path: Packages/com.unity.xr.arfoundation/Runtime/Simulation/SimulationLoader.cs - Importer: ScriptedImporter/UnityEditor.QuickSearchModule:UnityEditor.Search:ASIAI0B' with importer (ScriptedImporter : UnityEditor.QuickSearchModule:UnityEditor.Search:ASIAI0B)
Imported 'GUID: df71837a07684b24082222c253aa156a' -> (Import Result ID: '7aa2caf3efa65ce7c75dec3988bce3c1') in 0.001 seconds [static and dynamic dependencies]. Details - ImportResultOutputID=3da913e789a30bb8157ed7143d2f3996 DependenciesID=3aea07de9c3fbbf2e0b78baa4c6b3b71 StaticDependenciesID=e0a693a581b30fd072006b8bdeed2a5d 
Number of updated asset objects reloaded before import = 0
Number of asset objects unloaded after import = 0
========================================================================
Received Import Request.
  Time of request: 2026-09-01T06:19:53.02239Z
  Time since last request: 0.000175458 seconds.
  importAddress: GUID: 93a806ed22f35fa4c90638d01f6db2f0 - Path: Packages/com.unity.xr.arfoundation/Assets/Shaders/XRayCommon.cginc - Importer: ScriptedImporter/UnityEditor.QuickSearchModule:UnityEditor.Search:ASIAI0B
Importing 'GUID: 93a806ed22f35fa4c90638d01f6db2f0 - Path: Packages/com.unity.xr.arfoundation/Assets/Shaders/XRayCommon.cginc - Importer: ScriptedImporter/UnityEditor.QuickSearchModule:UnityEditor.Search:ASIAI0B' with importer (ScriptedImporter : UnityEditor.QuickSearchModule:UnityEditor.Search:ASIAI0B)
Imported 'GUID: 93a806ed22f35fa4c90638d01f6db2f0' -> (Import Result ID: 'bebb67138018fcb0dcff3a579425eb93') in 0.001 seconds [static and dynamic dependencies]. Details - ImportResultOutputID=9e196d56bf5efd7c5a1728bb2c6c1a5d DependenciesID=89ac9bc95a4c4c7e008dff42f3c2f6ce StaticDependenciesID=f4cfa5799a7f9625559e0e083f71d9f0 
Number of updated asset objects reloaded before import = 0
Number of asset objects unloaded after import = 1
========================================================================
Received Import Request.
  Time of request: 2026-09-01T06:19:53.02367Z
  Time since last request: 0.000193875 seconds.
  importAddress: GUID: 60c063723efe14a04984429299e70fc8 - Path: Packages/com.unity.xr.arfoundation/Runtime/VisualScripting/Units/SessionStateSwitchUnit.cs - Importer: ScriptedImporter/UnityEditor.QuickSearchModule:UnityEditor.Search:ASIAI0B
Importing 'GUID: 60c063723efe14a04984429299e70fc8 - Path: Packages/com.unity.xr.arfoundation/Runtime/VisualScripting/Units/SessionStateSwitchUnit.cs - Importer: ScriptedImporter/UnityEditor.QuickSearchModule:UnityEditor.Search:ASIAI0B' with importer (ScriptedImporter : UnityEditor.QuickSearchModule:UnityEditor.Search:ASIAI0B)
Imported 'GUID: 60c063723efe14a04984429299e70fc8' -> (Import Result ID: '032e3520e83f26c6aacdb6f3ea0c1e21') in 0.001 seconds [static and dynamic dependencies]. Details - ImportResultOutputID=25b092c31ae772df7f34c6e310a22965 DependenciesID=32b04cbd756713ff7be0b20fad551106 StaticDependenciesID=24d769f4b224a44a66cfdee1ab85397e 
Number of updated asset objects reloaded before import = 0
Number of asset objects unloaded after import = 0
========================================================================
Received Import Request.
  Time of request: 2026-09-01T06:19:53.024882Z
  Time since last request: 0.000174792 seconds.
  importAddress: GUID: da70ecffe62344400a91532bdb8e6f6d - Path: Packages/com.unity.xr.arkit/Editor/ARResource.cs - Importer: ScriptedImporter/UnityEditor.QuickSearchModule:UnityEditor.Search:ASIAI0B
Importing 'GUID: da70ecffe62344400a91532bdb8e6f6d - Path: Packages/com.unity.xr.arkit/Editor/ARResource.cs - Importer: ScriptedImporter/UnityEditor.QuickSearchModule:UnityEditor.Search:ASIAI0B' with importer (ScriptedImporter : UnityEditor.QuickSearchModule:UnityEditor.Search:ASIAI0B)
Imported 'GUID: da70ecffe62344400a91532bdb8e6f6d' -> (Import Result ID: 'd8fa74e124018875b8e73d155f9e5b1a') in 0.001 seconds [static and dynamic dependencies]. Details - ImportResultOutputID=5e02bc15888133067357b40489726eb1 DependenciesID=b830b3d5a8e889d01f2ffb72344577cb StaticDependenciesID=95137bdc372857ec97b6078bae5fa74c 
Number of updated asset objects reloaded before import = 0
Number of asset objects unloaded after import = 0
========================================================================
Received Import Request.
  Time of request: 2026-09-01T06:19:53.025991Z
  Time since last request: 0.000161916 seconds.
  importAddress: GUID: e0130a43bc6c4a4a916cb7dcf511ccb4 - Path: Packages/com.unity.xr.arfoundation/Runtime/Simulation/Subsystems/ImageTracking/ITrackedImageDiscoveryParams.cs - Importer: ScriptedImporter/UnityEditor.QuickSearchModule:UnityEditor.Search:ASIAI0B
Importing 'GUID: e0130a43bc6c4a4a916cb7dcf511ccb4 - Path: Packages/com.unity.xr.arfoundation/Runtime/Simulation/Subsystems/ImageTracking/ITrackedImageDiscoveryParams.cs - Importer: ScriptedImporter/UnityEditor.QuickSearchModule:UnityEditor.Search:ASIAI0B' with importer (ScriptedImporter : UnityEditor.QuickSearchModule:UnityEditor.Search:ASIAI0B)
Imported 'GUID: e0130a43bc6c4a4a916cb7dcf511ccb4' -> (Import Result ID: 'fe29af8a6a71527f4468136a1b2f5ca2') in 0.001 seconds [static and dynamic dependencies]. Details - ImportResultOutputID=ea1f4ee7d0f20921ee83c67ea7a8b0e4 DependenciesID=29b6d87fa537157e700225332d4bffd4 StaticDependenciesID=a340f3c6fb304aa3077af8e2b631859a 
Number of updated asset objects reloaded before import = 0
Number of asset objects unloaded after import = 0
========================================================================
Received Import Request.
  Time of request: 2026-09-01T06:19:53.027162Z
  Time since last request: 0.000175125 seconds.
  importAddress: GUID: b0827fcbb234341fba8feb328d9137c0 - Path: Packages/com.unity.xr.arfoundation/Runtime/Simulation/Subsystems/PointCloud/SimulationPointCloudSubsystem.cs - Importer: ScriptedImporter/UnityEditor.QuickSearchModule:UnityEditor.Search:ASIAI0B
Importing 'GUID: b0827fcbb234341fba8feb328d9137c0 - Path: Packages/com.unity.xr.arfoundation/Runtime/Simulation/Subsystems/PointCloud/SimulationPointCloudSubsystem.cs - Importer: ScriptedImporter/UnityEditor.QuickSearchModule:UnityEditor.Search:ASIAI0B' with importer (ScriptedImporter : UnityEditor.QuickSearchModule:UnityEditor.Search:ASIAI0B)
Imported 'GUID: b0827fcbb234341fba8feb328d9137c0' -> (Import Result ID: 'd6cdf8557aa657e65d77858f87476b8d') in 0.001 seconds [static and dynamic dependencies]. Details - ImportResultOutputID=39c8b24b2c1a029995cdbe048091b854 DependenciesID=f73f3737ed6842071f1ece97f9945d38 StaticDependenciesID=5aed20285d8b8be09077b1f1ce373f3a 
Number of updated asset objects reloaded before import = 0
Number of asset objects unloaded after import = 0
========================================================================
Received Import Request.
  Time of request: 2026-09-01T06:19:53.028373Z
  Time since last request: 0.000171834 seconds.
  importAddress: GUID: e5174cffc76040dca03cda287c818883 - Path: Packages/com.unity.xr.arfoundation/Runtime/ARFoundation/Common/Textures/UpdatableTexture2D.cs - Importer: ScriptedImporter/UnityEditor.QuickSearchModule:UnityEditor.Search:ASIAI0B
Importing 'GUID: e5174cffc76040dca03cda287c818883 - Path: Packages/com.unity.xr.arfoundation/Runtime/ARFoundation/Common/Textures/UpdatableTexture2D.cs - Importer: ScriptedImporter/UnityEditor.QuickSearchModule:UnityEditor.Search:ASIAI0B' with importer (ScriptedImporter : UnityEditor.QuickSearchModule:UnityEditor.Search:ASIAI0B)
Imported 'GUID: e5174cffc76040dca03cda287c818883' -> (Import Result ID: '1abcd790a7a2806dd94304c5fca15dc6') in 0.001 seconds [static and dynamic dependencies]. Details - ImportResultOutputID=d2cfcbdd4113fb0d78e61d339fe270c7 DependenciesID=04fe83e61605f2a456b67efc074fd7a6 StaticDependenciesID=c6aeee76a36d755bf78db4176af743e9 
Number of updated asset objects reloaded before import = 0
Number of asset objects unloaded after import = 0
========================================================================
Received Import Request.
  Time of request: 2026-09-01T06:19:53.029651Z
  Time since last request: 0.000173583 seconds.
  importAddress: GUID: 60eca7ccdbc24b469d1ef7efdba6213f - Path: Packages/com.unity.xr.arfoundation/Runtime/ARFoundation/Common/Textures/UpdatableRenderTexture.cs - Importer: ScriptedImporter/UnityEditor.QuickSearchModule:UnityEditor.Search:ASIAI0B
Importing 'GUID: 60eca7ccdbc24b469d1ef7efdba6213f - Path: Packages/com.unity.xr.arfoundation/Runtime/ARFoundation/Common/Textures/UpdatableRenderTexture.cs - Importer: ScriptedImporter/UnityEditor.QuickSearchModule:UnityEditor.Search:ASIAI0B' with importer (ScriptedImporter : UnityEditor.QuickSearchModule:UnityEditor.Search:ASIAI0B)
Imported 'GUID: 60eca7ccdbc24b469d1ef7efdba6213f' -> (Import Result ID: '277ca74f39e60b37055df42002dfca91') in 0.002 seconds [static and dynamic dependencies]. Details - ImportResultOutputID=92eba9c7c31c59cd9d7fe526b17efaed DependenciesID=177c4c59734bbed68dec3a497dfcab24 StaticDependenciesID=9c766997af62c50a004432059f40b5d6 
Number of updated asset objects reloaded before import = 0
Number of asset objects unloaded after import = 0
========================================================================
Received Import Request.
  Time of request: 2026-09-01T06:19:53.031827Z
  Time since last request: 0.000185583 seconds.
  importAddress: GUID: e0688bbae6cedcd4a871944e38c19ec0 - Path: Packages/com.unity.xr.arfoundation/Editor/Simulation/XRSimulationSettings.cs - Importer: ScriptedImporter/UnityEditor.QuickSearchModule:UnityEditor.Search:ASIAI0B
Importing 'GUID: e0688bbae6cedcd4a871944e38c19ec0 - Path: Packages/com.unity.xr.arfoundation/Editor/Simulation/XRSimulationSettings.cs - Importer: ScriptedImporter/UnityEditor.QuickSearchModule:UnityEditor.Search:ASIAI0B' with importer (ScriptedImporter : UnityEditor.QuickSearchModule:UnityEditor.Search:ASIAI0B)
Imported 'GUID: e0688bbae6cedcd4a871944e38c19ec0' -> (Import Result ID: '96d6f1f50e1e69483afa99692c66f3f5') in 0.001 seconds [static and dynamic dependencies]. Details - ImportResultOutputID=c8a87c58451ec3aa9a2bc3d278534484 DependenciesID=32f795b59dddcdd8b92c06bdf5b050df StaticDependenciesID=e7073d5e77d00ff9df7e9517df4af6b2 
Number of updated asset objects reloaded before import = 0
Number of asset objects unloaded after import = 0
========================================================================
Received Import Request.
  Time of request: 2026-09-01T06:19:53.03303Z
  Time since last request: 0.000172333 seconds.
  importAddress: GUID: 710fb1dac3a14df8887e6f4a89339c92 - Path: Packages/com.unity.xr.arfoundation/Assets/Shaders/Utils.hlsl - Importer: ScriptedImporter/UnityEditor.QuickSearchModule:UnityEditor.Search:ASIAI0B
Importing 'GUID: 710fb1dac3a14df8887e6f4a89339c92 - Path: Packages/com.unity.xr.arfoundation/Assets/Shaders/Utils.hlsl - Importer: ScriptedImporter/UnityEditor.QuickSearchModule:UnityEditor.Search:ASIAI0B' with importer (ScriptedImporter : UnityEditor.QuickSearchModule:UnityEditor.Search:ASIAI0B)
Imported 'GUID: 710fb1dac3a14df8887e6f4a89339c92' -> (Import Result ID: '0388220b83689e8e78562bfb4102d828') in 0.001 seconds [static and dynamic dependencies]. Details - ImportResultOutputID=1be6e48b5c4a4fadbdc2fe1ef31a4129 DependenciesID=ae5f90404898afe002bb99d37aeac54c StaticDependenciesID=73953a9851bccd8939514f713fe0a59b 
Number of updated asset objects reloaded before import = 0
Number of asset objects unloaded after import = 1
========================================================================
Received Import Request.
  Time of request: 2026-09-01T06:19:53.034355Z
  Time since last request: 0.000165333 seconds.
  importAddress: GUID: 575727391adf412c9e44dec20dca6f17 - Path: Packages/com.unity.xr.arfoundation/Runtime/InternalUtils/TextureExtensions.cs - Importer: ScriptedImporter/UnityEditor.QuickSearchModule:UnityEditor.Search:ASIAI0B
Importing 'GUID: 575727391adf412c9e44dec20dca6f17 - Path: Packages/com.unity.xr.arfoundation/Runtime/InternalUtils/TextureExtensions.cs - Importer: ScriptedImporter/UnityEditor.QuickSearchModule:UnityEditor.Search:ASIAI0B' with importer (ScriptedImporter : UnityEditor.QuickSearchModule:UnityEditor.Search:ASIAI0B)
Imported 'GUID: 575727391adf412c9e44dec20dca6f17' -> (Import Result ID: '49709b8dad850b61c15ef169cdf8b398') in 0.001 seconds [static and dynamic dependencies]. Details - ImportResultOutputID=9d34a140dff5b25181ab269eba75f977 DependenciesID=b126fc7388718ccb5de723830c8af84b StaticDependenciesID=ea001f7551eb39ac426c5a26f7b66c48 
Number of updated asset objects reloaded before import = 0
Number of asset objects unloaded after import = 0
========================================================================
Received Import Request.
  Time of request: 2026-09-01T06:19:53.035504Z
  Time since last request: 0.000190208 seconds.
  importAddress: GUID: d063466193bd7d849a39c4fe3a4291a0 - Path: Packages/com.unity.xr.arfoundation/Editor/Icons/ArrowCaretRight@2x.png - Importer: ScriptedImporter/UnityEditor.QuickSearchModule:UnityEditor.Search:ASIAI0B
Importing 'GUID: d063466193bd7d849a39c4fe3a4291a0 - Path: Packages/com.unity.xr.arfoundation/Editor/Icons/ArrowCaretRight@2x.png - Importer: ScriptedImporter/UnityEditor.QuickSearchModule:UnityEditor.Search:ASIAI0B' with importer (ScriptedImporter : UnityEditor.QuickSearchModule:UnityEditor.Search:ASIAI0B)
Imported 'GUID: d063466193bd7d849a39c4fe3a4291a0' -> (Import Result ID: 'bb036cc767d8c1843b18ffdc6c12a1c9') in 0.002 seconds [static and dynamic dependencies]. Details - ImportResultOutputID=38920d6cf03987181368487ad9d053f4 DependenciesID=2eb966c5c4751a2f45e8294061f377ed StaticDependenciesID=e9c2da8a1c7bb37167632e32187f6177 
Number of updated asset objects reloaded before import = 0
Number of asset objects unloaded after import = 1
========================================================================
Received Import Request.
  Time of request: 2026-09-01T06:19:53.038503Z
  Time since last request: 0.00024475 seconds.
  importAddress: GUID: 7afd37637f21445a1a331c3f272ffc4a - Path: Packages/com.unity.xr.arfoundation/Tests/Runtime/CodeSamples - Importer: ScriptedImporter/UnityEditor.QuickSearchModule:UnityEditor.Search:ASIAI0B
Importing 'GUID: 7afd37637f21445a1a331c3f272ffc4a - Path: Packages/com.unity.xr.arfoundation/Tests/Runtime/CodeSamples - Importer: ScriptedImporter/UnityEditor.QuickSearchModule:UnityEditor.Search:ASIAI0B' with importer (ScriptedImporter : UnityEditor.QuickSearchModule:UnityEditor.Search:ASIAI0B)
Imported 'GUID: 7afd37637f21445a1a331c3f272ffc4a' -> (Import Result ID: '2babac5ec0b5309724953ca348ec115b') in 0.001 seconds [static and dynamic dependencies]. Details - ImportResultOutputID=05ec3697be3b01b28519bfd040af2257 DependenciesID=b4bc6ebfa9a3723c44549f5804565903 StaticDependenciesID=f35b8e1d14258a76fbfff693aa36fbd1 
Number of updated asset objects reloaded before import = 0
Number of asset objects unloaded after import = 1
========================================================================
Received Import Request.
  Time of request: 2026-09-01T06:19:53.039632Z
  Time since last request: 0.0001655 seconds.
  importAddress: GUID: dda3f0cc6f2b4e66b3d4aa89e7bbe0f1 - Path: Packages/com.unity.xr.arfoundation/Runtime/ARFoundation/Common/Textures/UpdatableCubemap.cs - Importer: ScriptedImporter/UnityEditor.QuickSearchModule:UnityEditor.Search:ASIAI0B
Importing 'GUID: dda3f0cc6f2b4e66b3d4aa89e7bbe0f1 - Path: Packages/com.unity.xr.arfoundation/Runtime/ARFoundation/Common/Textures/UpdatableCubemap.cs - Importer: ScriptedImporter/UnityEditor.QuickSearchModule:UnityEditor.Search:ASIAI0B' with importer (ScriptedImporter : UnityEditor.QuickSearchModule:UnityEditor.Search:ASIAI0B)
Imported 'GUID: dda3f0cc6f2b4e66b3d4aa89e7bbe0f1' -> (Import Result ID: '608085d0f35db27f4b867fc1193366d8') in 0.001 seconds [static and dynamic dependencies]. Details - ImportResultOutputID=61b29d5fe2b5390d27d4ba1aec0944d8 DependenciesID=fa0cb9fbc69ec2bdd0ab84e8e6bbb6af StaticDependenciesID=31b511524301d0498c23fdb56f2fef43 
Number of updated asset objects reloaded before import = 0
Number of asset objects unloaded after import = 0
========================================================================
Received Import Request.
  Time of request: 2026-09-01T06:19:53.040899Z
  Time since last request: 0.000223375 seconds.
  importAddress: GUID: 847bfc39a3424fffa3ad57e21595a73d - Path: Packages/com.unity.xr.arkit/Editor/Plist.cs - Importer: ScriptedImporter/UnityEditor.QuickSearchModule:UnityEditor.Search:ASIAI0B
Importing 'GUID: 847bfc39a3424fffa3ad57e21595a73d - Path: Packages/com.unity.xr.arkit/Editor/Plist.cs - Importer: ScriptedImporter/UnityEditor.QuickSearchModule:UnityEditor.Search:ASIAI0B' with importer (ScriptedImporter : UnityEditor.QuickSearchModule:UnityEditor.Search:ASIAI0B)
Imported 'GUID: 847bfc39a3424fffa3ad57e21595a73d' -> (Import Result ID: '6e89569ed7018aad01a3bdc22263ba34') in 0.001 seconds [static and dynamic dependencies]. Details - ImportResultOutputID=9cbacec02eda186b72a666f3e314c1fc DependenciesID=d154c19eef13427f6de309696c6a8a40 StaticDependenciesID=280717250ee91a7bc42cd594cd6d3106 
Number of updated asset objects reloaded before import = 0
Number of asset objects unloaded after import = 0
========================================================================
Received Import Request.
  Time of request: 2026-09-01T06:19:53.042135Z
  Time since last request: 0.000197959 seconds.
  importAddress: GUID: c13f1688bf01d406aaeb281934547413 - Path: Packages/com.unity.xr.arfoundation/Runtime/ARFoundation/Deprecated/AREnvironmentProbesChangedEvent.deprecated.cs - Importer: ScriptedImporter/UnityEditor.QuickSearchModule:UnityEditor.Search:ASIAI0B
Importing 'GUID: c13f1688bf01d406aaeb281934547413 - Path: Packages/com.unity.xr.arfoundation/Runtime/ARFoundation/Deprecated/AREnvironmentProbesChangedEvent.deprecated.cs - Importer: ScriptedImporter/UnityEditor.QuickSearchModule:UnityEditor.Search:ASIAI0B' with importer (ScriptedImporter : UnityEditor.QuickSearchModule:UnityEditor.Search:ASIAI0B)
Imported 'GUID: c13f1688bf01d406aaeb281934547413' -> (Import Result ID: 'c5b679a278054bbb2665b79c1882932c') in 0.001 seconds [static and dynamic dependencies]. Details - ImportResultOutputID=41b893db11f553d9af4d5bb407d4b859 DependenciesID=b72c16e561f2c977272de2d47f49bc9a StaticDependenciesID=26ce8c759b574084cfd7b6b04c336fa5 
Number of updated asset objects reloaded before import = 0
Number of asset objects unloaded after import = 1
========================================================================
Received Import Request.
  Time of request: 2026-09-01T06:19:53.043489Z
  Time since last request: 0.000168875 seconds.
  importAddress: GUID: 3d180956a54db4646a1c6342921672ad - Path: Packages/com.unity.xr.arfoundation/Runtime/ARFoundation/Planes/ARPlaneMeshVisualizer.cs - Importer: ScriptedImporter/UnityEditor.QuickSearchModule:UnityEditor.Search:ASIAI0B
Importing 'GUID: 3d180956a54db4646a1c6342921672ad - Path: Packages/com.unity.xr.arfoundation/Runtime/ARFoundation/Planes/ARPlaneMeshVisualizer.cs - Importer: ScriptedImporter/UnityEditor.QuickSearchModule:UnityEditor.Search:ASIAI0B' with importer (ScriptedImporter : UnityEditor.QuickSearchModule:UnityEditor.Search:ASIAI0B)
Imported 'GUID: 3d180956a54db4646a1c6342921672ad' -> (Import Result ID: '4e55d5045410be23edfb110d3953b95b') in 0.001 seconds [static and dynamic dependencies]. Details - ImportResultOutputID=11c1b431c25d7186552fdb6ba516be44 DependenciesID=2ee20a919100e7e999d1c0635d7f1c97 StaticDependenciesID=2eae380e9bf81cd3ec1a1f21a3bd3739 
Number of updated asset objects reloaded before import = 0
Number of asset objects unloaded after import = 1
========================================================================
Received Import Request.
  Time of request: 2026-09-01T06:19:53.044772Z
  Time since last request: 0.000204042 seconds.
  importAddress: GUID: 9bceda2c92724cf2888bc5a9f6f4e623 - Path: Packages/com.unity.xr.arfoundation/Tests/Runtime/XRSimulation/SimulationCameraTests.cs - Importer: ScriptedImporter/UnityEditor.QuickSearchModule:UnityEditor.Search:ASIAI0B
Importing 'GUID: 9bceda2c92724cf2888bc5a9f6f4e623 - Path: Packages/com.unity.xr.arfoundation/Tests/Runtime/XRSimulation/SimulationCameraTests.cs - Importer: ScriptedImporter/UnityEditor.QuickSearchModule:UnityEditor.Search:ASIAI0B' with importer (ScriptedImporter : UnityEditor.QuickSearchModule:UnityEditor.Search:ASIAI0B)
Imported 'GUID: 9bceda2c92724cf2888bc5a9f6f4e623' -> (Import Result ID: '81cbe6df1c509ba97fc8e96d2606156e') in 0.001 seconds [static and dynamic dependencies]. Details - ImportResultOutputID=fb9420fca21f66498af3bd20a2f514d4 DependenciesID=acac9f23afbc955079e0700a42314459 StaticDependenciesID=05fc9d44fc25f3dc3d64483abfe21ca1 
Number of updated asset objects reloaded before import = 0
Number of asset objects unloaded after import = 0
========================================================================
Received Import Request.
  Time of request: 2026-09-01T06:19:53.046204Z
  Time since last request: 0.000185083 seconds.
  importAddress: GUID: 35e7d6911a9f4e76afadd3f0165bcf02 - Path: Packages/com.unity.xr.arfoundation/Runtime/VisualScripting/Units/Events/MessageListeners/ARFacesChangedListener.cs - Importer: ScriptedImporter/UnityEditor.QuickSearchModule:UnityEditor.Search:ASIAI0B
Importing 'GUID: 35e7d6911a9f4e76afadd3f0165bcf02 - Path: Packages/com.unity.xr.arfoundation/Runtime/VisualScripting/Units/Events/MessageListeners/ARFacesChangedListener.cs - Importer: ScriptedImporter/UnityEditor.QuickSearchModule:UnityEditor.Search:ASIAI0B' with importer (ScriptedImporter : UnityEditor.QuickSearchModule:UnityEditor.Search:ASIAI0B)
Imported 'GUID: 35e7d6911a9f4e76afadd3f0165bcf02' -> (Import Result ID: '635bbc18fd37279311aaf00e8a94ba6a') in 0.001 seconds [static and dynamic dependencies]. Details - ImportResultOutputID=19fc80b4a0bb6d781922b58d336af8a6 DependenciesID=3de85a4515ffe81ae10861432d0e612f StaticDependenciesID=8d7bd2af2c4f5c30c9a63947c971958b 
Number of updated asset objects reloaded before import = 0
Number of asset objects unloaded after import = 0
========================================================================
Received Import Request.
  Time of request: 2026-09-01T06:19:53.047433Z
  Time since last request: 0.000195416 seconds.
  importAddress: GUID: 83c01a3d17ad7440f8d45cb53155f4b2 - Path: Packages/com.unity.xr.arkit/Editor/ObjectTracking/ARObjectImporter.cs - Importer: ScriptedImporter/UnityEditor.QuickSearchModule:UnityEditor.Search:ASIAI0B
Importing 'GUID: 83c01a3d17ad7440f8d45cb53155f4b2 - Path: Packages/com.unity.xr.arkit/Editor/ObjectTracking/ARObjectImporter.cs - Importer: ScriptedImporter/UnityEditor.QuickSearchModule:UnityEditor.Search:ASIAI0B' with importer (ScriptedImporter : UnityEditor.QuickSearchModule:UnityEditor.Search:ASIAI0B)
Imported 'GUID: 83c01a3d17ad7440f8d45cb53155f4b2' -> (Import Result ID: 'd435d589dbabfd954bfb4da1d96f8350') in 0.001 seconds [static and dynamic dependencies]. Details - ImportResultOutputID=3a31be6a4be6a0424aeb6f6c63a2d440 DependenciesID=cd90321414f74158f0ba0ec936dd63ca StaticDependenciesID=f389959d0cff4020e209cdf2fba99c5a 
Number of updated asset objects reloaded before import = 0
Number of asset objects unloaded after import = 0
========================================================================
Received Import Request.
  Time of request: 2026-09-01T06:19:53.048671Z
  Time since last request: 0.000180042 seconds.
  importAddress: GUID: 85f3b71a771f04aef8057fae3964fd78 - Path: Packages/com.unity.xr.arfoundation/Runtime/ARSubsystems/Objects/XRReferenceObjectLibrary.cs - Importer: ScriptedImporter/UnityEditor.QuickSearchModule:UnityEditor.Search:ASIAI0B
Importing 'GUID: 85f3b71a771f04aef8057fae3964fd78 - Path: Packages/com.unity.xr.arfoundation/Runtime/ARSubsystems/Objects/XRReferenceObjectLibrary.cs - Importer: ScriptedImporter/UnityEditor.QuickSearchModule:UnityEditor.Search:ASIAI0B' with importer (ScriptedImporter : UnityEditor.QuickSearchModule:UnityEditor.Search:ASIAI0B)
Imported 'GUID: 85f3b71a771f04aef8057fae3964fd78' -> (Import Result ID: '145d66a471d5e0e9b19245e7089d05f2') in 0.001 seconds [static and dynamic dependencies]. Details - ImportResultOutputID=c97d4651deebf2efbd6e07a65984439d DependenciesID=c4d699ac2ca00ea22acfadd59011b6fd StaticDependenciesID=bcd2c76b89aab6ccae9b6369a46c9d2e 
Number of updated asset objects reloaded before import = 0
Number of asset objects unloaded after import = 1
========================================================================
Received Import Request.
  Time of request: 2026-09-01T06:19:53.050044Z
  Time since last request: 0.0001775 seconds.
  importAddress: GUID: d035a4ec33cdc4358b7fc6ecf7bf999f - Path: Packages/com.unity.xr.arfoundation/Runtime/ARSubsystems/Common/Textures/XRCpuImage/CpuImageFormat.cs - Importer: ScriptedImporter/UnityEditor.QuickSearchModule:UnityEditor.Search:ASIAI0B
Importing 'GUID: d035a4ec33cdc4358b7fc6ecf7bf999f - Path: Packages/com.unity.xr.arfoundation/Runtime/ARSubsystems/Common/Textures/XRCpuImage/CpuImageFormat.cs - Importer: ScriptedImporter/UnityEditor.QuickSearchModule:UnityEditor.Search:ASIAI0B' with importer (ScriptedImporter : UnityEditor.QuickSearchModule:UnityEditor.Search:ASIAI0B)
Imported 'GUID: d035a4ec33cdc4358b7fc6ecf7bf999f' -> (Import Result ID: '7ba6267c7179ca6f88fda0964b1505c9') in 0.001 seconds [static and dynamic dependencies]. Details - ImportResultOutputID=3784cbb3a55499e946e9a83b092346a5 DependenciesID=50bee513da5198442b994a27d3124fd5 StaticDependenciesID=4fc5aede9a918167ecac62df5f66f1e9 
Number of updated asset objects reloaded before import = 0
Number of asset objects unloaded after import = 0
========================================================================
Received Import Request.
  Time of request: 2026-09-01T06:19:53.051264Z
  Time since last request: 0.00018225 seconds.
  importAddress: GUID: 061c539269d9b0146a75b5ea86f94dd5 - Path: Packages/com.unity.xr.arfoundation/Editor/Icons/XREnvironment@2x.png - Importer: ScriptedImporter/UnityEditor.QuickSearchModule:UnityEditor.Search:ASIAI0B
Importing 'GUID: 061c539269d9b0146a75b5ea86f94dd5 - Path: Packages/com.unity.xr.arfoundation/Editor/Icons/XREnvironment@2x.png - Importer: ScriptedImporter/UnityEditor.QuickSearchModule:UnityEditor.Search:ASIAI0B' with importer (ScriptedImporter : UnityEditor.QuickSearchModule:UnityEditor.Search:ASIAI0B)
Imported 'GUID: 061c539269d9b0146a75b5ea86f94dd5' -> (Import Result ID: 'eddedaa77358ef85c41129dfad65016b') in 0.003 seconds [static and dynamic dependencies]. Details - ImportResultOutputID=87ff7fc0d11f2b0eea25642f9538dfa9 DependenciesID=bc829e7cfb94f01e006177fdd7ee897a StaticDependenciesID=2deaab750a4311f6135472c549dc289b 
Number of updated asset objects reloaded before import = 0
Number of asset objects unloaded after import = 1
========================================================================
Received Import Request.
  Time of request: 2026-09-01T06:19:53.054399Z
  Time since last request: 0.00017225 seconds.
  importAddress: GUID: f7cfb0005e70c4aaea1b06cd18e37336 - Path: Packages/com.unity.xr.arfoundation/Runtime/ARSubsystems/HumanBodies/XRHumanBodySubsystemDescriptor.cs - Importer: ScriptedImporter/UnityEditor.QuickSearchModule:UnityEditor.Search:ASIAI0B
Importing 'GUID: f7cfb0005e70c4aaea1b06cd18e37336 - Path: Packages/com.unity.xr.arfoundation/Runtime/ARSubsystems/HumanBodies/XRHumanBodySubsystemDescriptor.cs - Importer: ScriptedImporter/UnityEditor.QuickSearchModule:UnityEditor.Search:ASIAI0B' with importer (ScriptedImporter : UnityEditor.QuickSearchModule:UnityEditor.Search:ASIAI0B)
Imported 'GUID: f7cfb0005e70c4aaea1b06cd18e37336' -> (Import Result ID: '5a11518d10ff67eb812ab75a951ccb6c') in 0.001 seconds [static and dynamic dependencies]. Details - ImportResultOutputID=323f6449fba0ccf489e461918976ded8 DependenciesID=c449be531246779ea692d56155ac5bef StaticDependenciesID=849cd2d9beee67e30d636387c3314b6c 
Number of updated asset objects reloaded before import = 0
Number of asset objects unloaded after import = 0
========================================================================
Received Import Request.
  Time of request: 2026-09-01T06:19:53.055567Z
  Time since last request: 0.000177792 seconds.
  importAddress: GUID: 35a1b1a73a50b4666bf22f25c9d03ec4 - Path: Packages/com.unity.xr.arfoundation/Editor/Simulation/EnvironmentScanParamsPropertyDrawer.cs - Importer: ScriptedImporter/UnityEditor.QuickSearchModule:UnityEditor.Search:ASIAI0B
Importing 'GUID: 35a1b1a73a50b4666bf22f25c9d03ec4 - Path: Packages/com.unity.xr.arfoundation/Editor/Simulation/EnvironmentScanParamsPropertyDrawer.cs - Importer: ScriptedImporter/UnityEditor.QuickSearchModule:UnityEditor.Search:ASIAI0B' with importer (ScriptedImporter : UnityEditor.QuickSearchModule:UnityEditor.Search:ASIAI0B)
Imported 'GUID: 35a1b1a73a50b4666bf22f25c9d03ec4' -> (Import Result ID: '6fec86129bd3c2a6faacaa0aa904ef11') in 0.001 seconds [static and dynamic dependencies]. Details - ImportResultOutputID=37d0e34a5e78e8dc1fedba3df07254f4 DependenciesID=8603211b6b77decb6e55a8edf021b2d8 StaticDependenciesID=7c9950d12344967c1e9dd3cc799a5dd8 
Number of updated asset objects reloaded before import = 0
Number of asset objects unloaded after import = 0
========================================================================
Received Import Request.
  Time of request: 2026-09-01T06:19:53.056725Z
  Time since last request: 0.000178958 seconds.
  importAddress: GUID: fc78ae415eea482291afac6e58370ff1 - Path: Packages/com.unity.xr.arfoundation/Runtime/VisualScripting/Units/Events/EventUnits/ARPointCloudsChangedEventUnit.cs - Importer: ScriptedImporter/UnityEditor.QuickSearchModule:UnityEditor.Search:ASIAI0B
Importing 'GUID: fc78ae415eea482291afac6e58370ff1 - Path: Packages/com.unity.xr.arfoundation/Runtime/VisualScripting/Units/Events/EventUnits/ARPointCloudsChangedEventUnit.cs - Importer: ScriptedImporter/UnityEditor.QuickSearchModule:UnityEditor.Search:ASIAI0B' with importer (ScriptedImporter : UnityEditor.QuickSearchModule:UnityEditor.Search:ASIAI0B)
Imported 'GUID: fc78ae415eea482291afac6e58370ff1' -> (Import Result ID: '0452c8a9922da53035410a897310c810') in 0.001 seconds [static and dynamic dependencies]. Details - ImportResultOutputID=704df6c9aee5ad291e25ab3f119d3b0e DependenciesID=6e3a3d32e4692e3b088e188eb87fd0fc StaticDependenciesID=38bd866603becd01dce6e5bd5cdb69fe 
Number of updated asset objects reloaded before import = 0
Number of asset objects unloaded after import = 0
========================================================================
Received Import Request.
  Time of request: 2026-09-01T06:19:53.057895Z
  Time since last request: 0.000160209 seconds.
  importAddress: GUID: fd9ac8005114c42dbb3ccc5cd561b250 - Path: Packages/com.unity.xr.arfoundation/Editor/ARSubsystems/XRReferenceObjectLibraryEditor.cs - Importer: ScriptedImporter/UnityEditor.QuickSearchModule:UnityEditor.Search:ASIAI0B
Importing 'GUID: fd9ac8005114c42dbb3ccc5cd561b250 - Path: Packages/com.unity.xr.arfoundation/Editor/ARSubsystems/XRReferenceObjectLibraryEditor.cs - Importer: ScriptedImporter/UnityEditor.QuickSearchModule:UnityEditor.Search:ASIAI0B' with importer (ScriptedImporter : UnityEditor.QuickSearchModule:UnityEditor.Search:ASIAI0B)
Imported 'GUID: fd9ac8005114c42dbb3ccc5cd561b250' -> (Import Result ID: 'af656fef4942323e9e02e92badb53fa2') in 0.001 seconds [static and dynamic dependencies]. Details - ImportResultOutputID=b4b2d553cc6a6626c4e2bf8dca3c12e1 DependenciesID=1e0bb647c42a846588d417ec7b7bf5e8 StaticDependenciesID=f1e28bd0c40d787c85ef8ca20a25df11 
Number of updated asset objects reloaded before import = 0
Number of asset objects unloaded after import = 0
========================================================================
Received Import Request.
  Time of request: 2026-09-01T06:19:53.059Z
  Time since last request: 0.000175916 seconds.
  importAddress: GUID: 0789d3eb021f56c478a96023ad3392a1 - Path: Packages/com.unity.xr.arfoundation/Editor/Icons/d_AddEdit@2x.png - Importer: ScriptedImporter/UnityEditor.QuickSearchModule:UnityEditor.Search:ASIAI0B
Importing 'GUID: 0789d3eb021f56c478a96023ad3392a1 - Path: Packages/com.unity.xr.arfoundation/Editor/Icons/d_AddEdit@2x.png - Importer: ScriptedImporter/UnityEditor.QuickSearchModule:UnityEditor.Search:ASIAI0B' with importer (ScriptedImporter : UnityEditor.QuickSearchModule:UnityEditor.Search:ASIAI0B)
Imported 'GUID: 0789d3eb021f56c478a96023ad3392a1' -> (Import Result ID: 'f359d76002e0c90d475988fa60d0d4fe') in 0.002 seconds [static and dynamic dependencies]. Details - ImportResultOutputID=2cf91cb3f5c8bbf95dd664b350b439c1 DependenciesID=2417088ba41190744df3d291214b9be4 StaticDependenciesID=a9efdf96793b9ea39fb4e7c38927e708 
Number of updated asset objects reloaded before import = 0
Number of asset objects unloaded after import = 1
========================================================================
Received Import Request.
  Time of request: 2026-09-01T06:19:53.061859Z
  Time since last request: 0.000166541 seconds.
  importAddress: GUID: 3f3a526b3cb804afc97f8566e793c958 - Path: Packages/com.unity.xr.arfoundation/Tests/Runtime/CodeSamples/ARRaycastManagerSamples.cs - Importer: ScriptedImporter/UnityEditor.QuickSearchModule:UnityEditor.Search:ASIAI0B
Importing 'GUID: 3f3a526b3cb804afc97f8566e793c958 - Path: Packages/com.unity.xr.arfoundation/Tests/Runtime/CodeSamples/ARRaycastManagerSamples.cs - Importer: ScriptedImporter/UnityEditor.QuickSearchModule:UnityEditor.Search:ASIAI0B' with importer (ScriptedImporter : UnityEditor.QuickSearchModule:UnityEditor.Search:ASIAI0B)
Imported 'GUID: 3f3a526b3cb804afc97f8566e793c958' -> (Import Result ID: 'a3b448db98e900dcf2ef8712ba332f1e') in 0.001 seconds [static and dynamic dependencies]. Details - ImportResultOutputID=65b0dc23ca5733eaffd2dcd60cde7116 DependenciesID=9fe5c443b68049391d4e299d116a6e3d StaticDependenciesID=a18d46815652997fc5d715f274fe4e4c 
Number of updated asset objects reloaded before import = 0
Number of asset objects unloaded after import = 0
========================================================================
Received Import Request.
  Time of request: 2026-09-01T06:19:53.062979Z
  Time since last request: 0.000187917 seconds.
  importAddress: GUID: 79ca1e7e2b574b298fb61dedabd9e96c - Path: Packages/com.unity.xr.arfoundation/Runtime/ARFoundation/Common/Textures/UpdatableTexture3D.cs - Importer: ScriptedImporter/UnityEditor.QuickSearchModule:UnityEditor.Search:ASIAI0B
Importing 'GUID: 79ca1e7e2b574b298fb61dedabd9e96c - Path: Packages/com.unity.xr.arfoundation/Runtime/ARFoundation/Common/Textures/UpdatableTexture3D.cs - Importer: ScriptedImporter/UnityEditor.QuickSearchModule:UnityEditor.Search:ASIAI0B' with importer (ScriptedImporter : UnityEditor.QuickSearchModule:UnityEditor.Search:ASIAI0B)
Imported 'GUID: 79ca1e7e2b574b298fb61dedabd9e96c' -> (Import Result ID: '87cec281e6b8d8e31baa9ac81fc2ab45') in 0.001 seconds [static and dynamic dependencies]. Details - ImportResultOutputID=601e3f1f2fdc44bdc080905b54f10b01 DependenciesID=c446703a40ff0aef2eb814fad9104a38 StaticDependenciesID=c66c9a22a19694826c3782dcc4702592 
Number of updated asset objects reloaded before import = 0
Number of asset objects unloaded after import = 0
========================================================================
Received Import Request.
  Time of request: 2026-09-01T06:19:53.064119Z
  Time since last request: 0.000187041 seconds.
  importAddress: GUID: 01a36851f94381c4fad0b71ba7852499 - Path: Packages/com.unity.mathematics/Unity.Mathematics/Forwarders.cs - Importer: ScriptedImporter/UnityEditor.QuickSearchModule:UnityEditor.Search:ASIAI0B
Importing 'GUID: 01a36851f94381c4fad0b71ba7852499 - Path: Packages/com.unity.mathematics/Unity.Mathematics/Forwarders.cs - Importer: ScriptedImporter/UnityEditor.QuickSearchModule:UnityEditor.Search:ASIAI0B' with importer (ScriptedImporter : UnityEditor.QuickSearchModule:UnityEditor.Search:ASIAI0B)
Imported 'GUID: 01a36851f94381c4fad0b71ba7852499' -> (Import Result ID: 'c6108a3a0245644ee4a9f53e7435b181') in 0.002 seconds [static and dynamic dependencies]. Details - ImportResultOutputID=a541a0e3b932fedf938903138097082b DependenciesID=aef0f2d7ccfb65afa911dcb49065b7fd StaticDependenciesID=e91f67d517e5ca3c461665c3c97296c1 
Number of updated asset objects reloaded before import = 0
Number of asset objects unloaded after import = 0
========================================================================
Received Import Request.
  Time of request: 2026-09-01T06:19:53.066326Z
  Time since last request: 0.0001955 seconds.
  importAddress: GUID: 3c6ccb5daceca48bab8f33eb9e509734 - Path: Packages/com.unity.xr.arfoundation/Tests/Editor/XRSimulation - Importer: ScriptedImporter/UnityEditor.QuickSearchModule:UnityEditor.Search:ASIAI0B
Importing 'GUID: 3c6ccb5daceca48bab8f33eb9e509734 - Path: Packages/com.unity.xr.arfoundation/Tests/Editor/XRSimulation - Importer: ScriptedImporter/UnityEditor.QuickSearchModule:UnityEditor.Search:ASIAI0B' with importer (ScriptedImporter : UnityEditor.QuickSearchModule:UnityEditor.Search:ASIAI0B)
Imported 'GUID: 3c6ccb5daceca48bab8f33eb9e509734' -> (Import Result ID: '7d1297a2109d98ebe66997832433fc19') in 0.001 seconds [static and dynamic dependencies]. Details - ImportResultOutputID=870abf4f2e21106cdb4e05946f8c1a3e DependenciesID=9bc5cf3f8bb66495825ed790ea02aa49 StaticDependenciesID=e56986aefe7692c4595d32e1d613eccb 
Number of updated asset objects reloaded before import = 0
Number of asset objects unloaded after import = 1
========================================================================
Received Import Request.
  Time of request: 2026-09-01T06:19:53.067572Z
  Time since last request: 0.000176875 seconds.
  importAddress: GUID: ef16fbfc9d53488abe144707883aeab9 - Path: Packages/com.unity.xr.arkit/README.md - Importer: ScriptedImporter/UnityEditor.QuickSearchModule:UnityEditor.Search:ASIAI0B
Importing 'GUID: ef16fbfc9d53488abe144707883aeab9 - Path: Packages/com.unity.xr.arkit/README.md - Importer: ScriptedImporter/UnityEditor.QuickSearchModule:UnityEditor.Search:ASIAI0B' with importer (ScriptedImporter : UnityEditor.QuickSearchModule:UnityEditor.Search:ASIAI0B)
Imported 'GUID: ef16fbfc9d53488abe144707883aeab9' -> (Import Result ID: 'a7f7fb51d7bce7153563ab5bf52a4f45') in 0.001 seconds [static and dynamic dependencies]. Details - ImportResultOutputID=8025ae4c2c724ad1374af99bf373c735 DependenciesID=04b9b6d968927fb217d20fabaf90584a StaticDependenciesID=20cdc5c2164cae8bf569245982fddde0 
Number of updated asset objects reloaded before import = 0
Number of asset objects unloaded after import = 1
========================================================================
Received Import Request.
  Time of request: 2026-09-01T06:19:53.068855Z
  Time since last request: 0.000186 seconds.
  importAddress: GUID: 8c6c6bb51db5d4392bd46b5b1e995ff0 - Path: Packages/com.unity.xr.arkit/Runtime/Occlusion - Importer: ScriptedImporter/UnityEditor.QuickSearchModule:UnityEditor.Search:ASIAI0B
Importing 'GUID: 8c6c6bb51db5d4392bd46b5b1e995ff0 - Path: Packages/com.unity.xr.arkit/Runtime/Occlusion - Importer: ScriptedImporter/UnityEditor.QuickSearchModule:UnityEditor.Search:ASIAI0B' with importer (ScriptedImporter : UnityEditor.QuickSearchModule:UnityEditor.Search:ASIAI0B)
Imported 'GUID: 8c6c6bb51db5d4392bd46b5b1e995ff0' -> (Import Result ID: '1fbd2ba761067ec0b334aa2a13d85c14') in 0.001 seconds [static and dynamic dependencies]. Details - ImportResultOutputID=a4d09692dea21f919e81bb7b85020b21 DependenciesID=67cb62cd392e43bd09bbf1f363c8d463 StaticDependenciesID=eb49d615bcfab7a4e83364c8f6730555 
Number of updated asset objects reloaded before import = 0
Number of asset objects unloaded after import = 1
========================================================================
Received Import Request.
  Time of request: 2026-09-01T06:19:53.070084Z
  Time since last request: 0.000194416 seconds.
  importAddress: GUID: 3e5ecfe2afaeb46a6bf39845165b9b6a - Path: Packages/com.unity.xr.arfoundation/Tests/Editor/XRTestTooling/Unity.XR.TestTooling.Editor.Tests.asmdef - Importer: ScriptedImporter/UnityEditor.QuickSearchModule:UnityEditor.Search:ASIAI0B
Importing 'GUID: 3e5ecfe2afaeb46a6bf39845165b9b6a - Path: Packages/com.unity.xr.arfoundation/Tests/Editor/XRTestTooling/Unity.XR.TestTooling.Editor.Tests.asmdef - Importer: ScriptedImporter/UnityEditor.QuickSearchModule:UnityEditor.Search:ASIAI0B' with importer (ScriptedImporter : UnityEditor.QuickSearchModule:UnityEditor.Search:ASIAI0B)
Imported 'GUID: 3e5ecfe2afaeb46a6bf39845165b9b6a' -> (Import Result ID: 'a878687760bd95a9aaae0d567d12e368') in 0.001 seconds [static and dynamic dependencies]. Details - ImportResultOutputID=2ad8f2e5b04a3b970c098933d1671672 DependenciesID=938426311c516b6380efe5079818e16e StaticDependenciesID=f083085f67f5abc48fa1b23474af4490 
Number of updated asset objects reloaded before import = 0
Number of asset objects unloaded after import = 1
========================================================================
Received Import Request.
  Time of request: 2026-09-01T06:19:53.071475Z
  Time since last request: 0.000174792 seconds.
  importAddress: GUID: 027fd59160074fcea49d04438d661ac4 - Path: Packages/com.unity.xr.arfoundation/Runtime/ARSubsystems/Anchors/XRSaveAnchorResult.cs - Importer: ScriptedImporter/UnityEditor.QuickSearchModule:UnityEditor.Search:ASIAI0B
Importing 'GUID: 027fd59160074fcea49d04438d661ac4 - Path: Packages/com.unity.xr.arfoundation/Runtime/ARSubsystems/Anchors/XRSaveAnchorResult.cs - Importer: ScriptedImporter/UnityEditor.QuickSearchModule:UnityEditor.Search:ASIAI0B' with importer (ScriptedImporter : UnityEditor.QuickSearchModule:UnityEditor.Search:ASIAI0B)
Imported 'GUID: 027fd59160074fcea49d04438d661ac4' -> (Import Result ID: '911b716e61b170bb449b3ca15d64a0d5') in 0.001 seconds [static and dynamic dependencies]. Details - ImportResultOutputID=cf10ad34f6366e4638f8e27f97837a52 DependenciesID=890e6a1fe7f4187fe3445fe7be99d7c3 StaticDependenciesID=ed36e5fec85d4ed2e0c004f7cb7c0e58 
Number of updated asset objects reloaded before import = 0
Number of asset objects unloaded after import = 0
========================================================================
Received Import Request.
  Time of request: 2026-09-01T06:19:53.072706Z
  Time since last request: 0.000186333 seconds.
  importAddress: GUID: facf3d202cbdf4c4ab22023f50212c68 - Path: Packages/com.unity.xr.arfoundation/Runtime/VisualScripting/Units/Events/EventUnits/Deprecated/PointCloudsChangedEventUnit.deprecated.cs - Importer: ScriptedImporter/UnityEditor.QuickSearchModule:UnityEditor.Search:ASIAI0B
Importing 'GUID: facf3d202cbdf4c4ab22023f50212c68 - Path: Packages/com.unity.xr.arfoundation/Runtime/VisualScripting/Units/Events/EventUnits/Deprecated/PointCloudsChangedEventUnit.deprecated.cs - Importer: ScriptedImporter/UnityEditor.QuickSearchModule:UnityEditor.Search:ASIAI0B' with importer (ScriptedImporter : UnityEditor.QuickSearchModule:UnityEditor.Search:ASIAI0B)
Imported 'GUID: facf3d202cbdf4c4ab22023f50212c68' -> (Import Result ID: '4d408f6d942ac5c0568ad0295f3e6749') in 0.001 seconds [static and dynamic dependencies]. Details - ImportResultOutputID=2c7659cfbbc6190fc5df7c06f4455a0e DependenciesID=7d5b88a87a8244d475a14dd557a65598 StaticDependenciesID=1fa1c3c361d9d5f4a1b4b92cc597eff5 
Number of updated asset objects reloaded before import = 0
Number of asset objects unloaded after import = 0
========================================================================
Received Import Request.
  Time of request: 2026-09-01T06:19:53.073898Z
  Time since last request: 0.000176625 seconds.
  importAddress: GUID: e34a75515455480aa67533836fb15709 - Path: Packages/com.unity.xr.arfoundation/Tests/Runtime/XRSimulation/SimulationSessionTestSetup.cs - Importer: ScriptedImporter/UnityEditor.QuickSearchModule:UnityEditor.Search:ASIAI0B
Importing 'GUID: e34a75515455480aa67533836fb15709 - Path: Packages/com.unity.xr.arfoundation/Tests/Runtime/XRSimulation/SimulationSessionTestSetup.cs - Importer: ScriptedImporter/UnityEditor.QuickSearchModule:UnityEditor.Search:ASIAI0B' with importer (ScriptedImporter : UnityEditor.QuickSearchModule:UnityEditor.Search:ASIAI0B)
Imported 'GUID: e34a75515455480aa67533836fb15709' -> (Import Result ID: '3bb812b094380bf3e9f867af50192756') in 0.001 seconds [static and dynamic dependencies]. Details - ImportResultOutputID=2959b5120d7df7be9a4dda3b7952a949 DependenciesID=c98c36c23cbd786a4c38041b37c113eb StaticDependenciesID=bdca114295721e70b524081965aa5277 
Number of updated asset objects reloaded before import = 0
Number of asset objects unloaded after import = 0
========================================================================
Received Import Request.
  Time of request: 2026-09-01T06:19:53.075095Z
  Time since last request: 0.000172334 seconds.
  importAddress: GUID: 248e6491ac85942a780d14de9531762d - Path: Packages/com.unity.xr.arfoundation/Tests/Editor/InternalUtils - Importer: ScriptedImporter/UnityEditor.QuickSearchModule:UnityEditor.Search:ASIAI0B
Importing 'GUID: 248e6491ac85942a780d14de9531762d - Path: Packages/com.unity.xr.arfoundation/Tests/Editor/InternalUtils - Importer: ScriptedImporter/UnityEditor.QuickSearchModule:UnityEditor.Search:ASIAI0B' with importer (ScriptedImporter : UnityEditor.QuickSearchModule:UnityEditor.Search:ASIAI0B)
Imported 'GUID: 248e6491ac85942a780d14de9531762d' -> (Import Result ID: 'b15d33de4b193fdb8c5d38b8298c2e04') in 0.001 seconds [static and dynamic dependencies]. Details - ImportResultOutputID=006d4a702a47c0df64999a6fe08e58f8 DependenciesID=cca75c476160accb94cc68bf9a7d86c3 StaticDependenciesID=7f3c0f9054630d2e71f6b9abdd0730b9 
Number of updated asset objects reloaded before import = 0
Number of asset objects unloaded after import = 1
========================================================================
Received Import Request.
  Time of request: 2026-09-01T06:19:53.076197Z
  Time since last request: 0.000174625 seconds.
  importAddress: GUID: 4492c1407a4a4a8e900643cf40c885c8 - Path: Packages/com.unity.xr.arfoundation/Runtime/InternalUtils/SerializableGuidUtility.cs - Importer: ScriptedImporter/UnityEditor.QuickSearchModule:UnityEditor.Search:ASIAI0B
Importing 'GUID: 4492c1407a4a4a8e900643cf40c885c8 - Path: Packages/com.unity.xr.arfoundation/Runtime/InternalUtils/SerializableGuidUtility.cs - Importer: ScriptedImporter/UnityEditor.QuickSearchModule:UnityEditor.Search:ASIAI0B' with importer (ScriptedImporter : UnityEditor.QuickSearchModule:UnityEditor.Search:ASIAI0B)
Imported 'GUID: 4492c1407a4a4a8e900643cf40c885c8' -> (Import Result ID: '86581cb0de32ae342315f968dd341bbe') in 0.001 seconds [static and dynamic dependencies]. Details - ImportResultOutputID=fbcb6d46fab2e71ec797f9a087d630f3 DependenciesID=40df3ef0d7834f324cd53d99798eb305 StaticDependenciesID=e51b28806bd8762fd9cccfdc47efbb3f 
Number of updated asset objects reloaded before import = 0
Number of asset objects unloaded after import = 0
========================================================================
Received Import Request.
  Time of request: 2026-09-01T06:19:53.077431Z
  Time since last request: 0.00027775 seconds.
  importAddress: GUID: 7fb5bd92010cb49b985f8c463d6914ae - Path: Packages/com.unity.xr.arfoundation/Editor/VisualScripting/Unity.XR.ARFoundation.VisualScripting.Editor.asmdef - Importer: ScriptedImporter/UnityEditor.QuickSearchModule:UnityEditor.Search:ASIAI0B
Importing 'GUID: 7fb5bd92010cb49b985f8c463d6914ae - Path: Packages/com.unity.xr.arfoundation/Editor/VisualScripting/Unity.XR.ARFoundation.VisualScripting.Editor.asmdef - Importer: ScriptedImporter/UnityEditor.QuickSearchModule:UnityEditor.Search:ASIAI0B' with importer (ScriptedImporter : UnityEditor.QuickSearchModule:UnityEditor.Search:ASIAI0B)
Imported 'GUID: 7fb5bd92010cb49b985f8c463d6914ae' -> (Import Result ID: '683fd96955fe7143c5b95f3ec22fd72d') in 0.001 seconds [static and dynamic dependencies]. Details - ImportResultOutputID=061ce0e24f7609bea4d9a61ac33e50a7 DependenciesID=8efacd2c31a9c59c3fc5997ca8e3e898 StaticDependenciesID=58570fe32944db84b027c5f18cf3f9c3 
Number of updated asset objects reloaded before import = 0
Number of asset objects unloaded after import = 1
========================================================================
Received Import Request.
  Time of request: 2026-09-01T06:19:53.078714Z
  Time since last request: 0.000173125 seconds.
  importAddress: GUID: 36c26a894c4b4a7fa891eaf696025cd7 - Path: Packages/com.unity.xr.arfoundation/Runtime/ARFoundation/BoundingBoxes/ARBoundingBoxManager.cs - Importer: ScriptedImporter/UnityEditor.QuickSearchModule:UnityEditor.Search:ASIAI0B
Importing 'GUID: 36c26a894c4b4a7fa891eaf696025cd7 - Path: Packages/com.unity.xr.arfoundation/Runtime/ARFoundation/BoundingBoxes/ARBoundingBoxManager.cs - Importer: ScriptedImporter/UnityEditor.QuickSearchModule:UnityEditor.Search:ASIAI0B' with importer (ScriptedImporter : UnityEditor.QuickSearchModule:UnityEditor.Search:ASIAI0B)
Imported 'GUID: 36c26a894c4b4a7fa891eaf696025cd7' -> (Import Result ID: 'f37e1bc0ee6ffa5e710b3e53b743b9af') in 0.001 seconds [static and dynamic dependencies]. Details - ImportResultOutputID=ff2cc61d204eccf70b2b10f68fa7fc54 DependenciesID=918532d2c5c018fa25fbee59d40e6824 StaticDependenciesID=bd37d5e7db1134d01cddfb2198fa7358 
Number of updated asset objects reloaded before import = 0
Number of asset objects unloaded after import = 1
========================================================================
Received Import Request.
  Time of request: 2026-09-01T06:19:53.080007Z
  Time since last request: 0.000169125 seconds.
  importAddress: GUID: 1d5455c3ad8df49dc93efe20923107f3 - Path: Packages/com.unity.xr.arkit/Tests/Runtime/CodeSamples/RoomPlanBoundingBoxSubsystemTests.cs - Importer: ScriptedImporter/UnityEditor.QuickSearchModule:UnityEditor.Search:ASIAI0B
Importing 'GUID: 1d5455c3ad8df49dc93efe20923107f3 - Path: Packages/com.unity.xr.arkit/Tests/Runtime/CodeSamples/RoomPlanBoundingBoxSubsystemTests.cs - Importer: ScriptedImporter/UnityEditor.QuickSearchModule:UnityEditor.Search:ASIAI0B' with importer (ScriptedImporter : UnityEditor.QuickSearchModule:UnityEditor.Search:ASIAI0B)
Imported 'GUID: 1d5455c3ad8df49dc93efe20923107f3' -> (Import Result ID: '8d863b38df3c6008316235216aa1850b') in 0.001 seconds [static and dynamic dependencies]. Details - ImportResultOutputID=21b230ba1fc0b75b58f19c73fe853131 DependenciesID=67797f078003dc9e0b6fe513e4039a70 StaticDependenciesID=a90acb5f1cdce2aaf250f13421fd4d86 
Number of updated asset objects reloaded before import = 0
Number of asset objects unloaded after import = 0
========================================================================
Received Import Request.
  Time of request: 2026-09-01T06:19:53.081186Z
  Time since last request: 0.000185667 seconds.
  importAddress: GUID: 17dd15bcf32fd40f0a4d798a251e34bf - Path: Packages/com.unity.xr.arfoundation/Runtime/Simulation/Input/XRSimulationInputActions.cs - Importer: ScriptedImporter/UnityEditor.QuickSearchModule:UnityEditor.Search:ASIAI0B
Importing 'GUID: 17dd15bcf32fd40f0a4d798a251e34bf - Path: Packages/com.unity.xr.arfoundation/Runtime/Simulation/Input/XRSimulationInputActions.cs - Importer: ScriptedImporter/UnityEditor.QuickSearchModule:UnityEditor.Search:ASIAI0B' with importer (ScriptedImporter : UnityEditor.QuickSearchModule:UnityEditor.Search:ASIAI0B)
Imported 'GUID: 17dd15bcf32fd40f0a4d798a251e34bf' -> (Import Result ID: '9078c9f70f6f82ae911aa584547cf39e') in 0.001 seconds [static and dynamic dependencies]. Details - ImportResultOutputID=cbbd59e2cdb99f53a84b6d448c196422 DependenciesID=645ad1564a52aee9defd4854ee144a14 StaticDependenciesID=ad135287d8dff37805c81a18356a39ec 
Number of updated asset objects reloaded before import = 0
Number of asset objects unloaded after import = 0
========================================================================
Received Import Request.
  Time of request: 2026-09-01T06:19:53.082276Z
  Time since last request: 0.000159167 seconds.
  importAddress: GUID: db1d7c873232c274098b06d7b849ead1 - Path: Packages/com.unity.xr.arfoundation/Assets/Shaders/SimulationLegacyStandard.shader - Importer: ScriptedImporter/UnityEditor.QuickSearchModule:UnityEditor.Search:ASIAI0B
Importing 'GUID: db1d7c873232c274098b06d7b849ead1 - Path: Packages/com.unity.xr.arfoundation/Assets/Shaders/SimulationLegacyStandard.shader - Importer: ScriptedImporter/UnityEditor.QuickSearchModule:UnityEditor.Search:ASIAI0B' with importer (ScriptedImporter : UnityEditor.QuickSearchModule:UnityEditor.Search:ASIAI0B)
Imported 'GUID: db1d7c873232c274098b06d7b849ead1' -> (Import Result ID: '50bab9d41831e6f01ce0984debc27ad6') in 0.001 seconds [static and dynamic dependencies]. Details - ImportResultOutputID=265c66e7de03620efceff3e27a007a60 DependenciesID=bc7b8f6472f65182c873d32f3eb2e185 StaticDependenciesID=cad7cc23fe1ee15dceeb2694993ad146 
Number of updated asset objects reloaded before import = 0
Number of asset objects unloaded after import = 1
========================================================================
Received Import Request.
  Time of request: 2026-09-01T06:19:53.084119Z
  Time since last request: 0.000175333 seconds.
  importAddress: GUID: 11f2715bf4e5ea943bc99337c8e80edf - Path: Packages/com.unity.xr.arfoundation/Runtime/ARSubsystems/Images/XRReferenceImage.cs - Importer: ScriptedImporter/UnityEditor.QuickSearchModule:UnityEditor.Search:ASIAI0B
Importing 'GUID: 11f2715bf4e5ea943bc99337c8e80edf - Path: Packages/com.unity.xr.arfoundation/Runtime/ARSubsystems/Images/XRReferenceImage.cs - Importer: ScriptedImporter/UnityEditor.QuickSearchModule:UnityEditor.Search:ASIAI0B' with importer (ScriptedImporter : UnityEditor.QuickSearchModule:UnityEditor.Search:ASIAI0B)
Imported 'GUID: 11f2715bf4e5ea943bc99337c8e80edf' -> (Import Result ID: 'b11aa469b51f9ccf893b2ed52a12dbb0') in 0.001 seconds [static and dynamic dependencies]. Details - ImportResultOutputID=9529aea98d505a57d22890bfef1f6e4d DependenciesID=d3de7598eb05cd4def211476e85590d9 StaticDependenciesID=e4696591c9d42a59c80162cba8212fc4 
Number of updated asset objects reloaded before import = 0
Number of asset objects unloaded after import = 0
========================================================================
Received Import Request.
  Time of request: 2026-09-01T06:19:53.085287Z
  Time since last request: 0.000170375 seconds.
  importAddress: GUID: e0abd8af75a34ed4afa633d4a949c6ac - Path: Packages/com.unity.xr.arfoundation/Runtime/ARFoundation/Common/TrackingSubsystem/TrackableSpawner/TrackableEntry.cs - Importer: ScriptedImporter/UnityEditor.QuickSearchModule:UnityEditor.Search:ASIAI0B
Importing 'GUID: e0abd8af75a34ed4afa633d4a949c6ac - Path: Packages/com.unity.xr.arfoundation/Runtime/ARFoundation/Common/TrackingSubsystem/TrackableSpawner/TrackableEntry.cs - Importer: ScriptedImporter/UnityEditor.QuickSearchModule:UnityEditor.Search:ASIAI0B' with importer (ScriptedImporter : UnityEditor.QuickSearchModule:UnityEditor.Search:ASIAI0B)
Imported 'GUID: e0abd8af75a34ed4afa633d4a949c6ac' -> (Import Result ID: 'a555f7e4ab2466535b6b4cd69fe03aef') in 0.001 seconds [static and dynamic dependencies]. Details - ImportResultOutputID=16dadb0a591ef35643a8f33f496fb567 DependenciesID=4cd48fadc16249d9ba8f601f527ed7c2 StaticDependenciesID=8bbd2de77b19d769bf06d8e24ea98fb5 
Number of updated asset objects reloaded before import = 0
Number of asset objects unloaded after import = 0
========================================================================
Received Import Request.
  Time of request: 2026-09-01T06:19:53.086505Z
  Time since last request: 0.000187042 seconds.
  importAddress: GUID: 727b5e8e4641c4937ac391e64f525574 - Path: Packages/com.unity.xr.arfoundation/Runtime/VisualScripting/Units/GetTrackedObjectsUnit.cs - Importer: ScriptedImporter/UnityEditor.QuickSearchModule:UnityEditor.Search:ASIAI0B
Importing 'GUID: 727b5e8e4641c4937ac391e64f525574 - Path: Packages/com.unity.xr.arfoundation/Runtime/VisualScripting/Units/GetTrackedObjectsUnit.cs - Importer: ScriptedImporter/UnityEditor.QuickSearchModule:UnityEditor.Search:ASIAI0B' with importer (ScriptedImporter : UnityEditor.QuickSearchModule:UnityEditor.Search:ASIAI0B)
Imported 'GUID: 727b5e8e4641c4937ac391e64f525574' -> (Import Result ID: 'eb6f6576c5b478f612a0dcccd6401a52') in 0.001 seconds [static and dynamic dependencies]. Details - ImportResultOutputID=82deeba468fe3fa1d39d5c6392a3cc3e DependenciesID=7c1203bc20fae2cdf875bbd5cd9c62df StaticDependenciesID=652a15df7200d42af486e7f68aac607a 
Number of updated asset objects reloaded before import = 0
Number of asset objects unloaded after import = 0
========================================================================
Received Import Request.
  Time of request: 2026-09-01T06:19:53.08768Z
  Time since last request: 0.0001925 seconds.
  importAddress: GUID: 27bec097e71be44ce8249bbdb7674329 - Path: Packages/com.unity.xr.arfoundation/Runtime/VisualScripting - Importer: ScriptedImporter/UnityEditor.QuickSearchModule:UnityEditor.Search:ASIAI0B
Importing 'GUID: 27bec097e71be44ce8249bbdb7674329 - Path: Packages/com.unity.xr.arfoundation/Runtime/VisualScripting - Importer: ScriptedImporter/UnityEditor.QuickSearchModule:UnityEditor.Search:ASIAI0B' with importer (ScriptedImporter : UnityEditor.QuickSearchModule:UnityEditor.Search:ASIAI0B)
Imported 'GUID: 27bec097e71be44ce8249bbdb7674329' -> (Import Result ID: 'a57a4f324c5b8c59e287405d9d2fe276') in 0.001 seconds [static and dynamic dependencies]. Details - ImportResultOutputID=b1b9e5909245ce1fffa47ff9147487c7 DependenciesID=a3b0cd15717c66d467a0b0e4df98d477 StaticDependenciesID=fbbbb7821315a816f66477cc95ef2a76 
Number of updated asset objects reloaded before import = 0
Number of asset objects unloaded after import = 1
========================================================================
Received Import Request.
  Time of request: 2026-09-01T06:19:53.088951Z
  Time since last request: 0.000182959 seconds.
  importAddress: GUID: a9420e37d7990b54abdef6688edbe313 - Path: Packages/com.unity.xr.arfoundation/Runtime/ARFoundation/Unity.XR.ARFoundation.asmdef - Importer: ScriptedImporter/UnityEditor.QuickSearchModule:UnityEditor.Search:ASIAI0B
Importing 'GUID: a9420e37d7990b54abdef6688edbe313 - Path: Packages/com.unity.xr.arfoundation/Runtime/ARFoundation/Unity.XR.ARFoundation.asmdef - Importer: ScriptedImporter/UnityEditor.QuickSearchModule:UnityEditor.Search:ASIAI0B' with importer (ScriptedImporter : UnityEditor.QuickSearchModule:UnityEditor.Search:ASIAI0B)
Imported 'GUID: a9420e37d7990b54abdef6688edbe313' -> (Import Result ID: 'd5b4ab74b82a9457763f579bf4568ef4') in 0.001 seconds [static and dynamic dependencies]. Details - ImportResultOutputID=48c99e653d6f77a168d42a3ea0383117 DependenciesID=eda3ea6e6a9612cc227bea35ab33b5d1 StaticDependenciesID=cdb2c5395cbcf9233d3821184b6b1d60 
Number of updated asset objects reloaded before import = 0
Number of asset objects unloaded after import = 1
========================================================================
Received Import Request.
  Time of request: 2026-09-01T06:19:53.090276Z
  Time since last request: 0.000168584 seconds.
  importAddress: GUID: 413ce73735be44b4c974bef9d813c9cf - Path: Packages/com.unity.xr.arkit/Editor/ObjectTracking - Importer: ScriptedImporter/UnityEditor.QuickSearchModule:UnityEditor.Search:ASIAI0B
Importing 'GUID: 413ce73735be44b4c974bef9d813c9cf - Path: Packages/com.unity.xr.arkit/Editor/ObjectTracking - Importer: ScriptedImporter/UnityEditor.QuickSearchModule:UnityEditor.Search:ASIAI0B' with importer (ScriptedImporter : UnityEditor.QuickSearchModule:UnityEditor.Search:ASIAI0B)
Imported 'GUID: 413ce73735be44b4c974bef9d813c9cf' -> (Import Result ID: 'ce02bcf6e90f8ae7009313da8203041a') in 0.001 seconds [static and dynamic dependencies]. Details - ImportResultOutputID=71502413d9019d6ef55faa9e548887f9 DependenciesID=89d47ac2c95597097c46e02dceab13ee StaticDependenciesID=57f68d689c840bc255d37854fc4d2c18 
Number of updated asset objects reloaded before import = 0
Number of asset objects unloaded after import = 1
========================================================================
Received Import Request.
  Time of request: 2026-09-01T06:19:53.105698Z
  Time since last request: 0.014484875 seconds.
  importAddress: GUID: 837c14ed651d4f64b6a0abb5eb836fdc - Path: Packages/com.unity.xr.arfoundation/Tests/Runtime/ARFoundation/Unity.XR.ARFoundation.Runtime.Tests.asmdef - Importer: ScriptedImporter/UnityEditor.QuickSearchModule:UnityEditor.Search:ASIAI0B
Importing 'GUID: 837c14ed651d4f64b6a0abb5eb836fdc - Path: Packages/com.unity.xr.arfoundation/Tests/Runtime/ARFoundation/Unity.XR.ARFoundation.Runtime.Tests.asmdef - Importer: ScriptedImporter/UnityEditor.QuickSearchModule:UnityEditor.Search:ASIAI0B' with importer (ScriptedImporter : UnityEditor.QuickSearchModule:UnityEditor.Search:ASIAI0B)
Imported 'GUID: 837c14ed651d4f64b6a0abb5eb836fdc' -> (Import Result ID: 'b8855d8ac60d0d6223c61da73df0e6c0') in 0.001 seconds [static and dynamic dependencies]. Details - ImportResultOutputID=7fe5f2017eabf3633dd0a2865a47fe1e DependenciesID=ff18a1cc92ebd0ec1f49babf602c9312 StaticDependenciesID=5ec78d14c8688c2efc0ac049f081b918 
Number of updated asset objects reloaded before import = 0
Number of asset objects unloaded after import = 1
========================================================================
Received Import Request.
  Time of request: 2026-09-01T06:19:53.107586Z
  Time since last request: 0.000281083 seconds.
  importAddress: GUID: c9af5712572b1524e9b536ffbd70a233 - Path: Packages/com.unity.xr.arfoundation/Editor/Icons/d_ArrowCaretRight@2x.png - Importer: ScriptedImporter/UnityEditor.QuickSearchModule:UnityEditor.Search:ASIAI0B
Importing 'GUID: c9af5712572b1524e9b536ffbd70a233 - Path: Packages/com.unity.xr.arfoundation/Editor/Icons/d_ArrowCaretRight@2x.png - Importer: ScriptedImporter/UnityEditor.QuickSearchModule:UnityEditor.Search:ASIAI0B' with importer (ScriptedImporter : UnityEditor.QuickSearchModule:UnityEditor.Search:ASIAI0B)
Imported 'GUID: c9af5712572b1524e9b536ffbd70a233' -> (Import Result ID: 'e8fecf124b6edc9296c03f3e5afc868b') in 0.003 seconds [static and dynamic dependencies]. Details - ImportResultOutputID=f99c21c294b2b2379349c8cc9f36b88e DependenciesID=1147ecd31603f0f78b62f4c46b7824f3 StaticDependenciesID=7669effea3a43fc4edef27feb31a9249 
Number of updated asset objects reloaded before import = 0
Number of asset objects unloaded after import = 1
========================================================================
Received Import Request.
  Time of request: 2026-09-01T06:19:53.110726Z
  Time since last request: 0.000186708 seconds.
  importAddress: GUID: c6efff08094402e42b11a435eb8dc38d - Path: Packages/com.unity.xr.arfoundation/Editor/Icons/d_NoViewEnvironment@2x.png - Importer: ScriptedImporter/UnityEditor.QuickSearchModule:UnityEditor.Search:ASIAI0B
Importing 'GUID: c6efff08094402e42b11a435eb8dc38d - Path: Packages/com.unity.xr.arfoundation/Editor/Icons/d_NoViewEnvironment@2x.png - Importer: ScriptedImporter/UnityEditor.QuickSearchModule:UnityEditor.Search:ASIAI0B' with importer (ScriptedImporter : UnityEditor.QuickSearchModule:UnityEditor.Search:ASIAI0B)
Imported 'GUID: c6efff08094402e42b11a435eb8dc38d' -> (Import Result ID: 'bce489d89fcfbe0920cd876b36b8eb77') in 0.003 seconds [static and dynamic dependencies]. Details - ImportResultOutputID=09cc8ef55a08e34aca4e194d0937471e DependenciesID=fd91f0a22ff0ee236bf9a29636288b11 StaticDependenciesID=2b761cfb095faf887e86015c344bc768 
Number of updated asset objects reloaded before import = 0
Number of asset objects unloaded after import = 1
========================================================================
Received Import Request.
  Time of request: 2026-09-01T06:19:53.113869Z
  Time since last request: 0.000245875 seconds.
  importAddress: GUID: 86f81df8796c64f7a91c3e4a0f7c9336 - Path: Packages/com.unity.xr.arfoundation/Editor/VisualScripting/GetAnchorsUnitDescriptor.cs - Importer: ScriptedImporter/UnityEditor.QuickSearchModule:UnityEditor.Search:ASIAI0B
Importing 'GUID: 86f81df8796c64f7a91c3e4a0f7c9336 - Path: Packages/com.unity.xr.arfoundation/Editor/VisualScripting/GetAnchorsUnitDescriptor.cs - Importer: ScriptedImporter/UnityEditor.QuickSearchModule:UnityEditor.Search:ASIAI0B' with importer (ScriptedImporter : UnityEditor.QuickSearchModule:UnityEditor.Search:ASIAI0B)
Imported 'GUID: 86f81df8796c64f7a91c3e4a0f7c9336' -> (Import Result ID: '5d2ab437ca859c7f70c0e4d6f8af4bc8') in 0.001 seconds [static and dynamic dependencies]. Details - ImportResultOutputID=1f8b54acf2f66e813df56bab9e736bf8 DependenciesID=a8be52ba6a2a97e21089fd699532dad5 StaticDependenciesID=aca7a818527d25fd8d64e493fba4fa1b 
Number of updated asset objects reloaded before import = 0
Number of asset objects unloaded after import = 0
========================================================================
Received Import Request.
  Time of request: 2026-09-01T06:19:53.115283Z
  Time since last request: 0.000334334 seconds.
  importAddress: GUID: 4b23cd3e4112b4c4683eeaf6eb62480f - Path: Packages/com.unity.xr.arfoundation/Runtime/ARSubsystems/Common/TrackingSubsystem/ValidationUtility.cs - Importer: ScriptedImporter/UnityEditor.QuickSearchModule:UnityEditor.Search:ASIAI0B
Importing 'GUID: 4b23cd3e4112b4c4683eeaf6eb62480f - Path: Packages/com.unity.xr.arfoundation/Runtime/ARSubsystems/Common/TrackingSubsystem/ValidationUtility.cs - Importer: ScriptedImporter/UnityEditor.QuickSearchModule:UnityEditor.Search:ASIAI0B' with importer (ScriptedImporter : UnityEditor.QuickSearchModule:UnityEditor.Search:ASIAI0B)
Imported 'GUID: 4b23cd3e4112b4c4683eeaf6eb62480f' -> (Import Result ID: '0ee649c7955d3417c6cfb1be818ea39c') in 0.001 seconds [static and dynamic dependencies]. Details - ImportResultOutputID=c89b3d43481bd56be4813d652685c9a2 DependenciesID=09e63ef14d2032ab4b863c719c72ac23 StaticDependenciesID=228675af9273c2a2c64516190ac195a0 
Number of updated asset objects reloaded before import = 0
Number of asset objects unloaded after import = 0
========================================================================
Received Import Request.
  Time of request: 2026-09-01T06:19:53.116446Z
  Time since last request: 0.000170625 seconds.
  importAddress: GUID: 5303cf09266de41f494ce612ce15e500 - Path: Packages/com.unity.xr.arfoundation/Runtime/ARFoundation/Meshing - Importer: ScriptedImporter/UnityEditor.QuickSearchModule:UnityEditor.Search:ASIAI0B
Importing 'GUID: 5303cf09266de41f494ce612ce15e500 - Path: Packages/com.unity.xr.arfoundation/Runtime/ARFoundation/Meshing - Importer: ScriptedImporter/UnityEditor.QuickSearchModule:UnityEditor.Search:ASIAI0B' with importer (ScriptedImporter : UnityEditor.QuickSearchModule:UnityEditor.Search:ASIAI0B)
Imported 'GUID: 5303cf09266de41f494ce612ce15e500' -> (Import Result ID: 'd258a8e3ede079a8728dadd4c647e84a') in 0.001 seconds [static and dynamic dependencies]. Details - ImportResultOutputID=f49e125681939b7bb65d6ed26df4daa8 DependenciesID=bfc31df2781a6cf5218aeb297b5bb255 StaticDependenciesID=ef2ae13ecc8f732e41b08217d5d10c78 
Number of updated asset objects reloaded before import = 0
Number of asset objects unloaded after import = 1
========================================================================
Received Import Request.
  Time of request: 2026-09-01T06:19:53.117536Z
  Time since last request: 0.000175 seconds.
  importAddress: GUID: bc81b5584f1204226a7bee3cd772ef6b - Path: Packages/com.unity.xr.arfoundation/Runtime/Simulation/Subsystems/Raycast - Importer: ScriptedImporter/UnityEditor.QuickSearchModule:UnityEditor.Search:ASIAI0B
Importing 'GUID: bc81b5584f1204226a7bee3cd772ef6b - Path: Packages/com.unity.xr.arfoundation/Runtime/Simulation/Subsystems/Raycast - Importer: ScriptedImporter/UnityEditor.QuickSearchModule:UnityEditor.Search:ASIAI0B' with importer (ScriptedImporter : UnityEditor.QuickSearchModule:UnityEditor.Search:ASIAI0B)
Imported 'GUID: bc81b5584f1204226a7bee3cd772ef6b' -> (Import Result ID: '08c4003b09e875a7b22f0244fcf4f3e7') in 0.001 seconds [static and dynamic dependencies]. Details - ImportResultOutputID=56531ff22e78e6c2bddadd0bd731cbc1 DependenciesID=e7492f5423680c5fa89a44323a5d702b StaticDependenciesID=a13eb4ae11ba160c4ed1ecf450e5ad87 
Number of updated asset objects reloaded before import = 0
Number of asset objects unloaded after import = 1
========================================================================
Received Import Request.
  Time of request: 2026-09-01T06:19:53.118644Z
  Time since last request: 0.000170166 seconds.
  importAddress: GUID: 2a5d17639da1f4bdd83f4cd9cdbd5640 - Path: Packages/com.unity.xr.arfoundation/Assets/Materials/ZAxis.mat - Importer: ScriptedImporter/UnityEditor.QuickSearchModule:UnityEditor.Search:ASIAI0B
Importing 'GUID: 2a5d17639da1f4bdd83f4cd9cdbd5640 - Path: Packages/com.unity.xr.arfoundation/Assets/Materials/ZAxis.mat - Importer: ScriptedImporter/UnityEditor.QuickSearchModule:UnityEditor.Search:ASIAI0B' with importer (ScriptedImporter : UnityEditor.QuickSearchModule:UnityEditor.Search:ASIAI0B)
Imported 'GUID: 2a5d17639da1f4bdd83f4cd9cdbd5640' -> (Import Result ID: '9805c4cc1e0fd406b392cafcde2797af') in 0.001 seconds [static and dynamic dependencies]. Details - ImportResultOutputID=89dc71fe895637ad40329136ad9abcb4 DependenciesID=726676c13daf07e81b8dab159852c9fc StaticDependenciesID=78159c126b5c4e23fdcb163f52ddf42c 
Number of updated asset objects reloaded before import = 0
Number of asset objects unloaded after import = 1
========================================================================
Received Import Request.
  Time of request: 2026-09-01T06:19:53.120409Z
  Time since last request: 0.000160125 seconds.
  importAddress: GUID: a1eb3927ac08c40e6b2b43d3760a8ebc - Path: Packages/com.unity.xr.arfoundation/Tests/Runtime/CodeSamples/ARCameraManagerSamples.cs - Importer: ScriptedImporter/UnityEditor.QuickSearchModule:UnityEditor.Search:ASIAI0B
Importing 'GUID: a1eb3927ac08c40e6b2b43d3760a8ebc - Path: Packages/com.unity.xr.arfoundation/Tests/Runtime/CodeSamples/ARCameraManagerSamples.cs - Importer: ScriptedImporter/UnityEditor.QuickSearchModule:UnityEditor.Search:ASIAI0B' with importer (ScriptedImporter : UnityEditor.QuickSearchModule:UnityEditor.Search:ASIAI0B)
Imported 'GUID: a1eb3927ac08c40e6b2b43d3760a8ebc' -> (Import Result ID: '4e80fabfe5384ad0b3b619cb4ff1a4e6') in 0.001 seconds [static and dynamic dependencies]. Details - ImportResultOutputID=5d945be98506b70cc12988f7680ef13d DependenciesID=94ddbb7de0a03e1d83a33d13b9cc8ac9 StaticDependenciesID=ea0810ee3d20915561578835228663ce 
Number of updated asset objects reloaded before import = 0
Number of asset objects unloaded after import = 0
========================================================================
Received Import Request.
  Time of request: 2026-09-01T06:19:53.121543Z
  Time since last request: 0.000173542 seconds.
  importAddress: GUID: 17612865edc5c4782a9bfc04448e86ae - Path: Packages/com.unity.xr.arkit/Runtime/Camera/ARKitWhiteBalanceGains.cs - Importer: ScriptedImporter/UnityEditor.QuickSearchModule:UnityEditor.Search:ASIAI0B
Importing 'GUID: 17612865edc5c4782a9bfc04448e86ae - Path: Packages/com.unity.xr.arkit/Runtime/Camera/ARKitWhiteBalanceGains.cs - Importer: ScriptedImporter/UnityEditor.QuickSearchModule:UnityEditor.Search:ASIAI0B' with importer (ScriptedImporter : UnityEditor.QuickSearchModule:UnityEditor.Search:ASIAI0B)
Imported 'GUID: 17612865edc5c4782a9bfc04448e86ae' -> (Import Result ID: '0f44d76534abfed981f3cb20c5566df7') in 0.001 seconds [static and dynamic dependencies]. Details - ImportResultOutputID=9de1a8609537715b50222b357515e81c DependenciesID=1dd7f9ca84558f2ebe743f3cdb4c4d9b StaticDependenciesID=46dcd8a81bdc0bd8b47ea37c8a303880 
Number of updated asset objects reloaded before import = 0
Number of asset objects unloaded after import = 0
========================================================================
Received Import Request.
  Time of request: 2026-09-01T06:19:53.122716Z
  Time since last request: 0.000237542 seconds.
  importAddress: GUID: e05c93f3772146cbb5dacf90821dd09c - Path: Packages/com.unity.xr.arkit/Runtime/Frameworks/Foundation/NSURL.cs - Importer: ScriptedImporter/UnityEditor.QuickSearchModule:UnityEditor.Search:ASIAI0B
Importing 'GUID: e05c93f3772146cbb5dacf90821dd09c - Path: Packages/com.unity.xr.arkit/Runtime/Frameworks/Foundation/NSURL.cs - Importer: ScriptedImporter/UnityEditor.QuickSearchModule:UnityEditor.Search:ASIAI0B' with importer (ScriptedImporter : UnityEditor.QuickSearchModule:UnityEditor.Search:ASIAI0B)
Imported 'GUID: e05c93f3772146cbb5dacf90821dd09c' -> (Import Result ID: 'f5ca3f167e18d150ab8f7aebae37f83d') in 0.002 seconds [static and dynamic dependencies]. Details - ImportResultOutputID=814470681313385eae727a225e2d88e9 DependenciesID=4828da892fa850d3c9395b5817068849 StaticDependenciesID=e7199ee51f3cb8ef0425ed799b97d86c 
Number of updated asset objects reloaded before import = 0
Number of asset objects unloaded after import = 0
========================================================================
Received Import Request.
  Time of request: 2026-09-01T06:19:53.125146Z
  Time since last request: 0.000213834 seconds.
  importAddress: GUID: d688c70be533d3b49afd42d79b0b1c44 - Path: Packages/com.unity.xr.arfoundation/Runtime/ARSubsystems/AssemblyInfo.cs - Importer: ScriptedImporter/UnityEditor.QuickSearchModule:UnityEditor.Search:ASIAI0B
Importing 'GUID: d688c70be533d3b49afd42d79b0b1c44 - Path: Packages/com.unity.xr.arfoundation/Runtime/ARSubsystems/AssemblyInfo.cs - Importer: ScriptedImporter/UnityEditor.QuickSearchModule:UnityEditor.Search:ASIAI0B' with importer (ScriptedImporter : UnityEditor.QuickSearchModule:UnityEditor.Search:ASIAI0B)
Imported 'GUID: d688c70be533d3b49afd42d79b0b1c44' -> (Import Result ID: 'cc658acf47d599b832961fcba3c03f25') in 0.001 seconds [static and dynamic dependencies]. Details - ImportResultOutputID=2e9ba54de4f8b1fd4faf514cbf5e5eae DependenciesID=54dd248d9dcb252ac4e459d0ffea68c9 StaticDependenciesID=b9a502ac29df8ee82fe88557785407c9 
Number of updated asset objects reloaded before import = 0
Number of asset objects unloaded after import = 0
========================================================================
Received Import Request.
  Time of request: 2026-09-01T06:19:53.126556Z
  Time since last request: 0.000296417 seconds.
  importAddress: GUID: 2469a811c0f5dbc4e91c01ebeab87766 - Path: Packages/com.unity.xr.arfoundation/Runtime/Simulation/Subsystems/CpuImage/SimulationXRCpuImageApi.cs - Importer: ScriptedImporter/UnityEditor.QuickSearchModule:UnityEditor.Search:ASIAI0B
Importing 'GUID: 2469a811c0f5dbc4e91c01ebeab87766 - Path: Packages/com.unity.xr.arfoundation/Runtime/Simulation/Subsystems/CpuImage/SimulationXRCpuImageApi.cs - Importer: ScriptedImporter/UnityEditor.QuickSearchModule:UnityEditor.Search:ASIAI0B' with importer (ScriptedImporter : UnityEditor.QuickSearchModule:UnityEditor.Search:ASIAI0B)
Imported 'GUID: 2469a811c0f5dbc4e91c01ebeab87766' -> (Import Result ID: 'c36fbffcff3b16d90d37c464f1621a2c') in 0.001 seconds [static and dynamic dependencies]. Details - ImportResultOutputID=73c9d8246fa58e726721478a8393cc49 DependenciesID=759369bef269075848d04eab25b136ae StaticDependenciesID=07bef3d09930fb8198d79cfe3e1dec7c 
Number of updated asset objects reloaded before import = 0
Number of asset objects unloaded after import = 0
========================================================================
Received Import Request.
  Time of request: 2026-09-01T06:19:53.127915Z
  Time since last request: 0.000226833 seconds.
  importAddress: GUID: 18506283f6e884a4598c794c1247ff3c - Path: Packages/com.unity.xr.arfoundation/Runtime/ARFoundation/Deprecated/ARPointCloudChangedEventArgs.deprecated.cs - Importer: ScriptedImporter/UnityEditor.QuickSearchModule:UnityEditor.Search:ASIAI0B
Importing 'GUID: 18506283f6e884a4598c794c1247ff3c - Path: Packages/com.unity.xr.arfoundation/Runtime/ARFoundation/Deprecated/ARPointCloudChangedEventArgs.deprecated.cs - Importer: ScriptedImporter/UnityEditor.QuickSearchModule:UnityEditor.Search:ASIAI0B' with importer (ScriptedImporter : UnityEditor.QuickSearchModule:UnityEditor.Search:ASIAI0B)
Imported 'GUID: 18506283f6e884a4598c794c1247ff3c' -> (Import Result ID: '6333e116eedc7d28d03b37f2305e6354') in 0.001 seconds [static and dynamic dependencies]. Details - ImportResultOutputID=e1b741579775015c6ca1d974617e0184 DependenciesID=15c88ccbff682b44bd0eabbc6bed3fd2 StaticDependenciesID=7610675714f5076376c452f22df53c52 
Number of updated asset objects reloaded before import = 0
Number of asset objects unloaded after import = 1
========================================================================
Received Import Request.
  Time of request: 2026-09-01T06:19:53.143596Z
  Time since last request: 0.014330792 seconds.
  importAddress: GUID: b30afb642173c7f469ddab60c0c5561a - Path: Packages/com.unity.xr.arfoundation/Editor/Icons/d_ViewEnvironment.png - Importer: ScriptedImporter/UnityEditor.QuickSearchModule:UnityEditor.Search:ASIAI0B
Importing 'GUID: b30afb642173c7f469ddab60c0c5561a - Path: Packages/com.unity.xr.arfoundation/Editor/Icons/d_ViewEnvironment.png - Importer: ScriptedImporter/UnityEditor.QuickSearchModule:UnityEditor.Search:ASIAI0B' with importer (ScriptedImporter : UnityEditor.QuickSearchModule:UnityEditor.Search:ASIAI0B)
Imported 'GUID: b30afb642173c7f469ddab60c0c5561a' -> (Import Result ID: 'e2ed72ffd21ff3498f2ec9730360f998') in 0.004 seconds [static and dynamic dependencies]. Details - ImportResultOutputID=c664644d729bb57f2a245ec024d3f255 DependenciesID=820b6f6d42d63e015f7845cf5acbf2a9 StaticDependenciesID=41d896d3f18b002439189f303e6f8f8c 
Number of updated asset objects reloaded before import = 0
Number of asset objects unloaded after import = 1
========================================================================
Received Import Request.
  Time of request: 2026-09-01T06:19:53.148468Z
  Time since last request: 0.000391459 seconds.
  importAddress: GUID: 832b4a4a0daf041f4ad12fd0589c8c9f - Path: Packages/com.unity.xr.arfoundation/Runtime/VisualScripting/Units/Events/EventUnits/Deprecated/HumanBodiesChangedEventUnit.deprecated.cs - Importer: ScriptedImporter/UnityEditor.QuickSearchModule:UnityEditor.Search:ASIAI0B
Importing 'GUID: 832b4a4a0daf041f4ad12fd0589c8c9f - Path: Packages/com.unity.xr.arfoundation/Runtime/VisualScripting/Units/Events/EventUnits/Deprecated/HumanBodiesChangedEventUnit.deprecated.cs - Importer: ScriptedImporter/UnityEditor.QuickSearchModule:UnityEditor.Search:ASIAI0B' with importer (ScriptedImporter : UnityEditor.QuickSearchModule:UnityEditor.Search:ASIAI0B)
Imported 'GUID: 832b4a4a0daf041f4ad12fd0589c8c9f' -> (Import Result ID: '9ce2fd9e0e7e05e6620df8b3f94c4a3b') in 0.001 seconds [static and dynamic dependencies]. Details - ImportResultOutputID=0188b4f43b862c57c65842fb429e22d5 DependenciesID=dff42db0afb39f50ae72972688cbbc9a StaticDependenciesID=149217904cea08e67d44898d76305138 
Number of updated asset objects reloaded before import = 0
Number of asset objects unloaded after import = 0
========================================================================
Received Import Request.
  Time of request: 2026-09-01T06:19:53.150315Z
  Time since last request: 0.000234167 seconds.
  importAddress: GUID: f902792bca20479d9b53b680ab0135e3 - Path: Packages/com.unity.xr.arfoundation/Runtime/Simulation/Subsystems/SimulationUtils.cs - Importer: ScriptedImporter/UnityEditor.QuickSearchModule:UnityEditor.Search:ASIAI0B
Importing 'GUID: f902792bca20479d9b53b680ab0135e3 - Path: Packages/com.unity.xr.arfoundation/Runtime/Simulation/Subsystems/SimulationUtils.cs - Importer: ScriptedImporter/UnityEditor.QuickSearchModule:UnityEditor.Search:ASIAI0B' with importer (ScriptedImporter : UnityEditor.QuickSearchModule:UnityEditor.Search:ASIAI0B)
Imported 'GUID: f902792bca20479d9b53b680ab0135e3' -> (Import Result ID: '8cf98129b3fd7863aa979bca58961d15') in 0.001 seconds [static and dynamic dependencies]. Details - ImportResultOutputID=77030c2e51b49d3d5e7afbf55180f830 DependenciesID=d9c14da1ef6c39c3855e73ad319e73e9 StaticDependenciesID=1afb33dccde436b1e4a92f5d9fdb3016 
Number of updated asset objects reloaded before import = 0
Number of asset objects unloaded after import = 0
========================================================================
Received Import Request.
  Time of request: 2026-09-01T06:19:53.151969Z
  Time since last request: 0.000204917 seconds.
  importAddress: GUID: 9ad0ffaab255f4cfab1994be2e2ebc68 - Path: Packages/com.unity.xr.arfoundation/Tests/Editor - Importer: ScriptedImporter/UnityEditor.QuickSearchModule:UnityEditor.Search:ASIAI0B
Importing 'GUID: 9ad0ffaab255f4cfab1994be2e2ebc68 - Path: Packages/com.unity.xr.arfoundation/Tests/Editor - Importer: ScriptedImporter/UnityEditor.QuickSearchModule:UnityEditor.Search:ASIAI0B' with importer (ScriptedImporter : UnityEditor.QuickSearchModule:UnityEditor.Search:ASIAI0B)
Imported 'GUID: 9ad0ffaab255f4cfab1994be2e2ebc68' -> (Import Result ID: 'a7d90a633b35cb81c7e80545394ccdd3') in 0.001 seconds [static and dynamic dependencies]. Details - ImportResultOutputID=4fb3421aa6c16a8ad2e74692ae40f03e DependenciesID=0b1fd02b33401e676bcd8c151ea0f9d8 StaticDependenciesID=ee6edaa288fcab53ee83e9231a9b34ad 
Number of updated asset objects reloaded before import = 0
Number of asset objects unloaded after import = 1
========================================================================
Received Import Request.
  Time of request: 2026-09-01T06:19:53.153312Z
  Time since last request: 0.00017525 seconds.
  importAddress: GUID: caeceacb624484daf8e379c2252fd246 - Path: Packages/com.unity.xr.arfoundation/Runtime/ARFoundation/Faces/ARFaceManager.cs - Importer: ScriptedImporter/UnityEditor.QuickSearchModule:UnityEditor.Search:ASIAI0B
Importing 'GUID: caeceacb624484daf8e379c2252fd246 - Path: Packages/com.unity.xr.arfoundation/Runtime/ARFoundation/Faces/ARFaceManager.cs - Importer: ScriptedImporter/UnityEditor.QuickSearchModule:UnityEditor.Search:ASIAI0B' with importer (ScriptedImporter : UnityEditor.QuickSearchModule:UnityEditor.Search:ASIAI0B)
Imported 'GUID: caeceacb624484daf8e379c2252fd246' -> (Import Result ID: '6b1f989d352c29e80bbc0e16de7bfc24') in 0.001 seconds [static and dynamic dependencies]. Details - ImportResultOutputID=079659e791932c1de0feffdb41b99a2d DependenciesID=4eb998f1cb9142abdcb9f481076d14cb StaticDependenciesID=4c58e2d6f36af5d4682cff4002b84a0c 
Number of updated asset objects reloaded before import = 0
Number of asset objects unloaded after import = 1
========================================================================
Received Import Request.
  Time of request: 2026-09-01T06:19:53.154702Z
  Time since last request: 0.00016975 seconds.
  importAddress: GUID: 14b5fc53fd5944365a3c3c6a5dd0ecb5 - Path: Packages/com.unity.xr.arfoundation/Runtime/ARSubsystems/Occlusion/HumanSegmentationStencilMode.cs - Importer: ScriptedImporter/UnityEditor.QuickSearchModule:UnityEditor.Search:ASIAI0B
Importing 'GUID: 14b5fc53fd5944365a3c3c6a5dd0ecb5 - Path: Packages/com.unity.xr.arfoundation/Runtime/ARSubsystems/Occlusion/HumanSegmentationStencilMode.cs - Importer: ScriptedImporter/UnityEditor.QuickSearchModule:UnityEditor.Search:ASIAI0B' with importer (ScriptedImporter : UnityEditor.QuickSearchModule:UnityEditor.Search:ASIAI0B)
Imported 'GUID: 14b5fc53fd5944365a3c3c6a5dd0ecb5' -> (Import Result ID: '46b1433d8f55ed4e734796f4d8a06f7e') in 0.001 seconds [static and dynamic dependencies]. Details - ImportResultOutputID=960d8d32a08b72cbfa08dd95441f4d51 DependenciesID=c29710e6cbd00e409fee86d5b3c02321 StaticDependenciesID=040a0aa575abc71522d62ff55ee0aefb 
Number of updated asset objects reloaded before import = 0
Number of asset objects unloaded after import = 0
========================================================================
Received Import Request.
  Time of request: 2026-09-01T06:19:53.155946Z
  Time since last request: 0.000177333 seconds.
  importAddress: GUID: 8d2769e4ae3d7914dbd3e9435d7ee6b2 - Path: Packages/com.unity.xr.arfoundation/Runtime/ARFoundation/Meshing/ARMeshInfosChangedEventArgs.cs - Importer: ScriptedImporter/UnityEditor.QuickSearchModule:UnityEditor.Search:ASIAI0B
Importing 'GUID: 8d2769e4ae3d7914dbd3e9435d7ee6b2 - Path: Packages/com.unity.xr.arfoundation/Runtime/ARFoundation/Meshing/ARMeshInfosChangedEventArgs.cs - Importer: ScriptedImporter/UnityEditor.QuickSearchModule:UnityEditor.Search:ASIAI0B' with importer (ScriptedImporter : UnityEditor.QuickSearchModule:UnityEditor.Search:ASIAI0B)
Imported 'GUID: 8d2769e4ae3d7914dbd3e9435d7ee6b2' -> (Import Result ID: '055acfc7944dfa9524730c8fc263d5ef') in 0.001 seconds [static and dynamic dependencies]. Details - ImportResultOutputID=a9eff46cf685965d4d57fb07071e3d76 DependenciesID=fc1d40e13a87abdec46475ea41016958 StaticDependenciesID=21db951d7d09f8d8d69160b30949169b 
Number of updated asset objects reloaded before import = 0
Number of asset objects unloaded after import = 0
========================================================================
Received Import Request.
  Time of request: 2026-09-01T06:19:53.157307Z
  Time since last request: 0.00018475 seconds.
  importAddress: GUID: 980efe0804d44fddbcd7a43d33c0f407 - Path: Packages/com.unity.xr.arfoundation/Runtime/Simulation/SimulationApi.cs - Importer: ScriptedImporter/UnityEditor.QuickSearchModule:UnityEditor.Search:ASIAI0B
Importing 'GUID: 980efe0804d44fddbcd7a43d33c0f407 - Path: Packages/com.unity.xr.arfoundation/Runtime/Simulation/SimulationApi.cs - Importer: ScriptedImporter/UnityEditor.QuickSearchModule:UnityEditor.Search:ASIAI0B' with importer (ScriptedImporter : UnityEditor.QuickSearchModule:UnityEditor.Search:ASIAI0B)
Imported 'GUID: 980efe0804d44fddbcd7a43d33c0f407' -> (Import Result ID: 'ddeab096c2cfa1f3657ef4b3b0d4c4d7') in 0.001 seconds [static and dynamic dependencies]. Details - ImportResultOutputID=4bf9dbbc859cddf9ec11d4a1651c4741 DependenciesID=2db770721655017ff44d7cec9e350a3f StaticDependenciesID=6d654e2658031bf1ad7ec220133e6414 
Number of updated asset objects reloaded before import = 0
Number of asset objects unloaded after import = 0
========================================================================
Received Import Request.
  Time of request: 2026-09-01T06:19:53.158523Z
  Time since last request: 0.000182208 seconds.
  importAddress: GUID: bbb3e205029be4af8a4ff596a39bba2c - Path: Packages/com.unity.xr.arfoundation/Runtime/ARFoundation/Session - Importer: ScriptedImporter/UnityEditor.QuickSearchModule:UnityEditor.Search:ASIAI0B
Importing 'GUID: bbb3e205029be4af8a4ff596a39bba2c - Path: Packages/com.unity.xr.arfoundation/Runtime/ARFoundation/Session - Importer: ScriptedImporter/UnityEditor.QuickSearchModule:UnityEditor.Search:ASIAI0B' with importer (ScriptedImporter : UnityEditor.QuickSearchModule:UnityEditor.Search:ASIAI0B)
Imported 'GUID: bbb3e205029be4af8a4ff596a39bba2c' -> (Import Result ID: '492feb34da7b2c3c18b12c49c317ce2d') in 0.001 seconds [static and dynamic dependencies]. Details - ImportResultOutputID=b1ae0de81cba2082be390c6a82295747 DependenciesID=42a079837d207680d9e5c212acb5664a StaticDependenciesID=eb2073999ae1cbbe65f64ea2e56dac15 
Number of updated asset objects reloaded before import = 0
Number of asset objects unloaded after import = 1
========================================================================
Received Import Request.
  Time of request: 2026-09-01T06:19:53.159685Z
  Time since last request: 0.00017975 seconds.
  importAddress: GUID: 1ee61879562364118815f2a05f4823a3 - Path: Packages/com.unity.xr.arfoundation/Tests/Runtime/CodeSamples/ARFaceManagerSamples.cs - Importer: ScriptedImporter/UnityEditor.QuickSearchModule:UnityEditor.Search:ASIAI0B
Importing 'GUID: 1ee61879562364118815f2a05f4823a3 - Path: Packages/com.unity.xr.arfoundation/Tests/Runtime/CodeSamples/ARFaceManagerSamples.cs - Importer: ScriptedImporter/UnityEditor.QuickSearchModule:UnityEditor.Search:ASIAI0B' with importer (ScriptedImporter : UnityEditor.QuickSearchModule:UnityEditor.Search:ASIAI0B)
Imported 'GUID: 1ee61879562364118815f2a05f4823a3' -> (Import Result ID: '7e9400871fbfc7cf7021aadd1d7bbd7a') in 0.001 seconds [static and dynamic dependencies]. Details - ImportResultOutputID=24530e35d1d7be8f894bda62880902ea DependenciesID=3a719f1654f59a3c1eda99d7d8f83661 StaticDependenciesID=2ab73175653d9b96d730dd7d70da60a3 
Number of updated asset objects reloaded before import = 0
Number of asset objects unloaded after import = 0
========================================================================
Received Import Request.
  Time of request: 2026-09-01T06:19:53.161153Z
  Time since last request: 0.00025075 seconds.
  importAddress: GUID: 3f7ad1b3bb3244ded8fba2211cf9cbb7 - Path: Packages/com.unity.xr.arkit/Runtime/Frameworks/Foundation/NSMutableData.cs - Importer: ScriptedImporter/UnityEditor.QuickSearchModule:UnityEditor.Search:ASIAI0B
Importing 'GUID: 3f7ad1b3bb3244ded8fba2211cf9cbb7 - Path: Packages/com.unity.xr.arkit/Runtime/Frameworks/Foundation/NSMutableData.cs - Importer: ScriptedImporter/UnityEditor.QuickSearchModule:UnityEditor.Search:ASIAI0B' with importer (ScriptedImporter : UnityEditor.QuickSearchModule:UnityEditor.Search:ASIAI0B)
Imported 'GUID: 3f7ad1b3bb3244ded8fba2211cf9cbb7' -> (Import Result ID: 'c6a40b15689dbcf30ad51fd4f69f34ad') in 0.001 seconds [static and dynamic dependencies]. Details - ImportResultOutputID=1c9c743bdee236c690d8daabdf3f5581 DependenciesID=c67443043d807795aafbd4b752f4df3d StaticDependenciesID=78c5d7e9ca44e06f2fcb016415cc9738 
Number of updated asset objects reloaded before import = 0
Number of asset objects unloaded after import = 0
========================================================================
Received Import Request.
  Time of request: 2026-09-01T06:19:53.163189Z
  Time since last request: 0.000428833 seconds.
  importAddress: GUID: cb856548625364b7aa4184e2958a44b8 - Path: Packages/com.unity.xr.arfoundation/Assets/InputActions - Importer: ScriptedImporter/UnityEditor.QuickSearchModule:UnityEditor.Search:ASIAI0B
Importing 'GUID: cb856548625364b7aa4184e2958a44b8 - Path: Packages/com.unity.xr.arfoundation/Assets/InputActions - Importer: ScriptedImporter/UnityEditor.QuickSearchModule:UnityEditor.Search:ASIAI0B' with importer (ScriptedImporter : UnityEditor.QuickSearchModule:UnityEditor.Search:ASIAI0B)
Imported 'GUID: cb856548625364b7aa4184e2958a44b8' -> (Import Result ID: '7416d9db2c0ffa803cee3c68aa29340b') in 0.001 seconds [static and dynamic dependencies]. Details - ImportResultOutputID=0aaee9f36789a98f8cb0197880024e60 DependenciesID=cd70991264da6d8b948332e827a40543 StaticDependenciesID=0c10cea5a6675d3706244a6a72073600 
Number of updated asset objects reloaded before import = 0
Number of asset objects unloaded after import = 1
========================================================================
Received Import Request.
  Time of request: 2026-09-01T06:19:53.164542Z
  Time since last request: 0.000178792 seconds.
  importAddress: GUID: 8dfc564b813aa8f4685ed5f2ed5df06a - Path: Packages/com.unity.xr.arfoundation/Assets/Shaders/SimulationURPLit.shader - Importer: ScriptedImporter/UnityEditor.QuickSearchModule:UnityEditor.Search:ASIAI0B
Importing 'GUID: 8dfc564b813aa8f4685ed5f2ed5df06a - Path: Packages/com.unity.xr.arfoundation/Assets/Shaders/SimulationURPLit.shader - Importer: ScriptedImporter/UnityEditor.QuickSearchModule:UnityEditor.Search:ASIAI0B' with importer (ScriptedImporter : UnityEditor.QuickSearchModule:UnityEditor.Search:ASIAI0B)
Imported 'GUID: 8dfc564b813aa8f4685ed5f2ed5df06a' -> (Import Result ID: '9778b75cb59d9046b90a2c0267a0ba5e') in 0.003 seconds [static and dynamic dependencies]. Details - ImportResultOutputID=469643729203893d94b20476d4a4fde9 DependenciesID=8f9b328b47d94787ab5c8aeb5bfd21b9 StaticDependenciesID=db4182a2750ef67e4a5c39f28dd95e1a 
Number of updated asset objects reloaded before import = 0
Number of asset objects unloaded after import = 1
========================================================================
Received Import Request.
  Time of request: 2026-09-01T06:19:53.178096Z
  Time since last request: 0.010746875 seconds.
  importAddress: GUID: a1c04f4874cc4d2ebb434a66322834e9 - Path: Packages/com.unity.xr.arfoundation/Editor/ARAnalytics/AssemblyInfo.cs - Importer: ScriptedImporter/UnityEditor.QuickSearchModule:UnityEditor.Search:ASIAI0B
Importing 'GUID: a1c04f4874cc4d2ebb434a66322834e9 - Path: Packages/com.unity.xr.arfoundation/Editor/ARAnalytics/AssemblyInfo.cs - Importer: ScriptedImporter/UnityEditor.QuickSearchModule:UnityEditor.Search:ASIAI0B' with importer (ScriptedImporter : UnityEditor.QuickSearchModule:UnityEditor.Search:ASIAI0B)
Imported 'GUID: a1c04f4874cc4d2ebb434a66322834e9' -> (Import Result ID: '3a41b040ccaa5aa61a861786946546a1') in 0.001 seconds [static and dynamic dependencies]. Details - ImportResultOutputID=f9b3b03d52c5c605399ef3115d82e1bb DependenciesID=f493ff29d809199f17628742aaa9eacb StaticDependenciesID=01add17835a5663c0ffcb9abb4c45635 
Number of updated asset objects reloaded before import = 0
Number of asset objects unloaded after import = 0
========================================================================
Received Import Request.
  Time of request: 2026-09-01T06:19:53.180816Z
  Time since last request: 0.000758583 seconds.
  importAddress: GUID: d9e028db454f4842a6fdf59c68aa720f - Path: Packages/com.unity.xr.arfoundation/Editor/VisualScripting/ARPlanesChangedEventUnitDescriptor.cs - Importer: ScriptedImporter/UnityEditor.QuickSearchModule:UnityEditor.Search:ASIAI0B
Importing 'GUID: d9e028db454f4842a6fdf59c68aa720f - Path: Packages/com.unity.xr.arfoundation/Editor/VisualScripting/ARPlanesChangedEventUnitDescriptor.cs - Importer: ScriptedImporter/UnityEditor.QuickSearchModule:UnityEditor.Search:ASIAI0B' with importer (ScriptedImporter : UnityEditor.QuickSearchModule:UnityEditor.Search:ASIAI0B)
Imported 'GUID: d9e028db454f4842a6fdf59c68aa720f' -> (Import Result ID: 'a8927c95cfac8931b42a457730bb7642') in 0.001 seconds [static and dynamic dependencies]. Details - ImportResultOutputID=84ff95baabfaf91188d52327d78ea626 DependenciesID=c5a7282e4dc1d2a9af6995fdd0d7914a StaticDependenciesID=4f350703622f9d41beedbe0ecf65b1c7 
Number of updated asset objects reloaded before import = 0
Number of asset objects unloaded after import = 0
========================================================================
Received Import Request.
  Time of request: 2026-09-01T06:19:53.18253Z
  Time since last request: 0.000209833 seconds.
  importAddress: GUID: 34479d8406e34926bc89f679eac96d07 - Path: Packages/com.unity.xr.arfoundation/Runtime/ARSubsystems/Common/Result.cs - Importer: ScriptedImporter/UnityEditor.QuickSearchModule:UnityEditor.Search:ASIAI0B
Importing 'GUID: 34479d8406e34926bc89f679eac96d07 - Path: Packages/com.unity.xr.arfoundation/Runtime/ARSubsystems/Common/Result.cs - Importer: ScriptedImporter/UnityEditor.QuickSearchModule:UnityEditor.Search:ASIAI0B' with importer (ScriptedImporter : UnityEditor.QuickSearchModule:UnityEditor.Search:ASIAI0B)
Imported 'GUID: 34479d8406e34926bc89f679eac96d07' -> (Import Result ID: 'd2dd1f70fa09234cf7b3264fd7a80f5a') in 0.001 seconds [static and dynamic dependencies]. Details - ImportResultOutputID=2cb54ed338f40c54d8a3bd0cfeb14a95 DependenciesID=20f9bfc4d8aea4d5e84ce9fe7f94ee01 StaticDependenciesID=9a150b706da699cf7d81817db3aaea88 
Number of updated asset objects reloaded before import = 0
Number of asset objects unloaded after import = 0
========================================================================
Received Import Request.
  Time of request: 2026-09-01T06:19:53.184034Z
  Time since last request: 0.000190834 seconds.
  importAddress: GUID: 089775c6b9e164d6cb076d855e64d08a - Path: Packages/com.unity.xr.arkit/Runtime/Frameworks - Importer: ScriptedImporter/UnityEditor.QuickSearchModule:UnityEditor.Search:ASIAI0B
Importing 'GUID: 089775c6b9e164d6cb076d855e64d08a - Path: Packages/com.unity.xr.arkit/Runtime/Frameworks - Importer: ScriptedImporter/UnityEditor.QuickSearchModule:UnityEditor.Search:ASIAI0B' with importer (ScriptedImporter : UnityEditor.QuickSearchModule:UnityEditor.Search:ASIAI0B)
Imported 'GUID: 089775c6b9e164d6cb076d855e64d08a' -> (Import Result ID: '5e17aed8a7f5f89405dbac9d8cd4ad05') in 0.001 seconds [static and dynamic dependencies]. Details - ImportResultOutputID=9c4097ddb64f0103c8e33a4de9e0a547 DependenciesID=a9345b09c6cb590744178ec39ce6eae6 StaticDependenciesID=9aca0fbcfdfad245dcc2a7e5734b55cb 
Number of updated asset objects reloaded before import = 0
Number of asset objects unloaded after import = 1
========================================================================
Received Import Request.
  Time of request: 2026-09-01T06:19:53.185486Z
  Time since last request: 0.0001995 seconds.
  importAddress: GUID: a45f2bef8f8b444ca03a39628d488e9f - Path: Packages/com.unity.xr.arfoundation/Runtime/Simulation/Subsystems/EnvironmentProbe/SimulationEnvironmentProbeDiscoverer.cs - Importer: ScriptedImporter/UnityEditor.QuickSearchModule:UnityEditor.Search:ASIAI0B
Importing 'GUID: a45f2bef8f8b444ca03a39628d488e9f - Path: Packages/com.unity.xr.arfoundation/Runtime/Simulation/Subsystems/EnvironmentProbe/SimulationEnvironmentProbeDiscoverer.cs - Importer: ScriptedImporter/UnityEditor.QuickSearchModule:UnityEditor.Search:ASIAI0B' with importer (ScriptedImporter : UnityEditor.QuickSearchModule:UnityEditor.Search:ASIAI0B)
Imported 'GUID: a45f2bef8f8b444ca03a39628d488e9f' -> (Import Result ID: '24b70f9f46bdedb7b3344ce699b1a981') in 0.001 seconds [static and dynamic dependencies]. Details - ImportResultOutputID=d5cfba1dbffc04c1468cc6e2fbf247fe DependenciesID=efd66d88d5eb4c1e08cd244b43acca61 StaticDependenciesID=a260b587653de9671e6cbfdb03ae8e2c 
Number of updated asset objects reloaded before import = 0
Number of asset objects unloaded after import = 0
========================================================================
Received Import Request.
  Time of request: 2026-09-01T06:19:53.187096Z
  Time since last request: 0.000353833 seconds.
  importAddress: GUID: 807a3d031ad2f4047a31299fdf8347e1 - Path: Packages/com.unity.xr.arkit/Runtime/FaceTracking/iOS - Importer: ScriptedImporter/UnityEditor.QuickSearchModule:UnityEditor.Search:ASIAI0B
Importing 'GUID: 807a3d031ad2f4047a31299fdf8347e1 - Path: Packages/com.unity.xr.arkit/Runtime/FaceTracking/iOS - Importer: ScriptedImporter/UnityEditor.QuickSearchModule:UnityEditor.Search:ASIAI0B' with importer (ScriptedImporter : UnityEditor.QuickSearchModule:UnityEditor.Search:ASIAI0B)
Imported 'GUID: 807a3d031ad2f4047a31299fdf8347e1' -> (Import Result ID: '51b85ac98fc172b5d8b1189d9ae0f8fa') in 0.001 seconds [static and dynamic dependencies]. Details - ImportResultOutputID=77281e15fbed18af6c39820fd262c1b5 DependenciesID=eb72171464ea83799038e2ec136c5cc2 StaticDependenciesID=19ee6fad060460d987e978735c5753bb 
Number of updated asset objects reloaded before import = 0
Number of asset objects unloaded after import = 1
========================================================================
Received Import Request.
  Time of request: 2026-09-01T06:19:53.188465Z
  Time since last request: 0.000211625 seconds.
  importAddress: GUID: 3a4c0f82224c64e888bf0db82a1acb96 - Path: Packages/com.unity.xr.arfoundation/Tests/Runtime/XRSimulation/SimulationImageTrackingTests.cs - Importer: ScriptedImporter/UnityEditor.QuickSearchModule:UnityEditor.Search:ASIAI0B
Importing 'GUID: 3a4c0f82224c64e888bf0db82a1acb96 - Path: Packages/com.unity.xr.arfoundation/Tests/Runtime/XRSimulation/SimulationImageTrackingTests.cs - Importer: ScriptedImporter/UnityEditor.QuickSearchModule:UnityEditor.Search:ASIAI0B' with importer (ScriptedImporter : UnityEditor.QuickSearchModule:UnityEditor.Search:ASIAI0B)
Imported 'GUID: 3a4c0f82224c64e888bf0db82a1acb96' -> (Import Result ID: '132e1965ef8b98b7d0f7d55975cd4132') in 0.001 seconds [static and dynamic dependencies]. Details - ImportResultOutputID=25868fc65262858a54b7aad1b46f8ec4 DependenciesID=86ca60b0126f89c4974cbd416611b618 StaticDependenciesID=4bcc74ab4b04264edb824f90e4eadb52 
Number of updated asset objects reloaded before import = 0
Number of asset objects unloaded after import = 0
========================================================================
Received Import Request.
  Time of request: 2026-09-01T06:19:53.190018Z
  Time since last request: 0.000201041 seconds.
  importAddress: GUID: 9198094c90cc043509c0d767a70b6655 - Path: Packages/com.unity.xr.arkit/Runtime/ARKitSessionSubsystem.cs - Importer: ScriptedImporter/UnityEditor.QuickSearchModule:UnityEditor.Search:ASIAI0B
Importing 'GUID: 9198094c90cc043509c0d767a70b6655 - Path: Packages/com.unity.xr.arkit/Runtime/ARKitSessionSubsystem.cs - Importer: ScriptedImporter/UnityEditor.QuickSearchModule:UnityEditor.Search:ASIAI0B' with importer (ScriptedImporter : UnityEditor.QuickSearchModule:UnityEditor.Search:ASIAI0B)
Imported 'GUID: 9198094c90cc043509c0d767a70b6655' -> (Import Result ID: 'f65dc650f66906c1413477b0795d0901') in 0.001 seconds [static and dynamic dependencies]. Details - ImportResultOutputID=ddcae84770d0dd81e3934d16787e0c05 DependenciesID=8b7a2b6a9913ab625d526aa0083e3bef StaticDependenciesID=58d4f1b12c770d338d953ab8e9c84178 
Number of updated asset objects reloaded before import = 0
Number of asset objects unloaded after import = 0
========================================================================
Received Import Request.
  Time of request: 2026-09-01T06:19:53.191314Z
  Time since last request: 0.000195958 seconds.
  importAddress: GUID: 73a025b51106444e18fb408fde19ac53 - Path: Packages/com.unity.xr.arfoundation/Runtime/ARFoundation/EnvironmentProbes/AREnvironmentProbeManager.cs - Importer: ScriptedImporter/UnityEditor.QuickSearchModule:UnityEditor.Search:ASIAI0B
Importing 'GUID: 73a025b51106444e18fb408fde19ac53 - Path: Packages/com.unity.xr.arfoundation/Runtime/ARFoundation/EnvironmentProbes/AREnvironmentProbeManager.cs - Importer: ScriptedImporter/UnityEditor.QuickSearchModule:UnityEditor.Search:ASIAI0B' with importer (ScriptedImporter : UnityEditor.QuickSearchModule:UnityEditor.Search:ASIAI0B)
Imported 'GUID: 73a025b51106444e18fb408fde19ac53' -> (Import Result ID: '88e2865c615aee7d4738b81a013ac0cc') in 0.001 seconds [static and dynamic dependencies]. Details - ImportResultOutputID=babacc05fcecf6353b49fdb2036e2d32 DependenciesID=5cb6dad396346e86b579737668178d1a StaticDependenciesID=6db1acd5094af57a8a625162d21ad83e 
Number of updated asset objects reloaded before import = 0
Number of asset objects unloaded after import = 1
========================================================================
Received Import Request.
  Time of request: 2026-09-01T06:19:53.193169Z
  Time since last request: 0.000201667 seconds.
  importAddress: GUID: 884fdcf2d7f8f4ae183843b15d362c3f - Path: Packages/com.unity.xr.arfoundation/Runtime/ARSubsystems/Camera/XRCameraSubsystem.cs - Importer: ScriptedImporter/UnityEditor.QuickSearchModule:UnityEditor.Search:ASIAI0B
Importing 'GUID: 884fdcf2d7f8f4ae183843b15d362c3f - Path: Packages/com.unity.xr.arfoundation/Runtime/ARSubsystems/Camera/XRCameraSubsystem.cs - Importer: ScriptedImporter/UnityEditor.QuickSearchModule:UnityEditor.Search:ASIAI0B' with importer (ScriptedImporter : UnityEditor.QuickSearchModule:UnityEditor.Search:ASIAI0B)
Imported 'GUID: 884fdcf2d7f8f4ae183843b15d362c3f' -> (Import Result ID: '8acebfc17707fcbb5d3c2d6cdf2b50b0') in 0.001 seconds [static and dynamic dependencies]. Details - ImportResultOutputID=1f4ee9a0996696a6e21527372a307ded DependenciesID=089e08b8bd500b908274845e74ab3ca9 StaticDependenciesID=7ae512d4e6dbce80fb5be95f50365d38 
Number of updated asset objects reloaded before import = 0
Number of asset objects unloaded after import = 0
========================================================================
Received Import Request.
  Time of request: 2026-09-01T06:19:53.194492Z
  Time since last request: 0.000190959 seconds.
  importAddress: GUID: 231f67e4252d44efbb439277e1de6da5 - Path: Packages/com.unity.xr.arfoundation/Editor/ARFoundation/Analytics/Hooks/BuildHook.cs - Importer: ScriptedImporter/UnityEditor.QuickSearchModule:UnityEditor.Search:ASIAI0B
Importing 'GUID: 231f67e4252d44efbb439277e1de6da5 - Path: Packages/com.unity.xr.arfoundation/Editor/ARFoundation/Analytics/Hooks/BuildHook.cs - Importer: ScriptedImporter/UnityEditor.QuickSearchModule:UnityEditor.Search:ASIAI0B' with importer (ScriptedImporter : UnityEditor.QuickSearchModule:UnityEditor.Search:ASIAI0B)
Imported 'GUID: 231f67e4252d44efbb439277e1de6da5' -> (Import Result ID: '6b9b88dbce35d8421df327dba7bbfe15') in 0.001 seconds [static and dynamic dependencies]. Details - ImportResultOutputID=3e0f71b5c1cd587e100ea9f8e07b0139 DependenciesID=dd7d2d4ce8f89ee6542da4651fabac3c StaticDependenciesID=3e2f227a8a660c73c78ce9dec50435f7 
Number of updated asset objects reloaded before import = 0
Number of asset objects unloaded after import = 0
========================================================================
Received Import Request.
  Time of request: 2026-09-01T06:19:53.195665Z
  Time since last request: 0.000201 seconds.
  importAddress: GUID: b0b14dbfa6b8a2b488db127a5c4cc1a4 - Path: Packages/com.unity.xr.arfoundation/Runtime/ARFoundation/Common/TrackingSubsystem/TrackableSpawner/TrackableSpawner.cs - Importer: ScriptedImporter/UnityEditor.QuickSearchModule:UnityEditor.Search:ASIAI0B
Importing 'GUID: b0b14dbfa6b8a2b488db127a5c4cc1a4 - Path: Packages/com.unity.xr.arfoundation/Runtime/ARFoundation/Common/TrackingSubsystem/TrackableSpawner/TrackableSpawner.cs - Importer: ScriptedImporter/UnityEditor.QuickSearchModule:UnityEditor.Search:ASIAI0B' with importer (ScriptedImporter : UnityEditor.QuickSearchModule:UnityEditor.Search:ASIAI0B)
Imported 'GUID: b0b14dbfa6b8a2b488db127a5c4cc1a4' -> (Import Result ID: '2f923421d72603db0fd69732e2070c74') in 0.001 seconds [static and dynamic dependencies]. Details - ImportResultOutputID=a9282257e2933c704a9bc1c28950b802 DependenciesID=14139d57f08ecd1aaa41cecc368c4a4c StaticDependenciesID=c541305389d60aafb1f4245ba3b13a5f 
Number of updated asset objects reloaded before import = 0
Number of asset objects unloaded after import = 0
========================================================================
Received Import Request.
  Time of request: 2026-09-01T06:19:53.196977Z
  Time since last request: 0.00022825 seconds.
  importAddress: GUID: 2b081a5c1ac4ef947a23668787ad4a74 - Path: Packages/com.unity.xr.arfoundation/Runtime/Simulation/Subsystems/SimulationSessionSubsystem.cs - Importer: ScriptedImporter/UnityEditor.QuickSearchModule:UnityEditor.Search:ASIAI0B
Importing 'GUID: 2b081a5c1ac4ef947a23668787ad4a74 - Path: Packages/com.unity.xr.arfoundation/Runtime/Simulation/Subsystems/SimulationSessionSubsystem.cs - Importer: ScriptedImporter/UnityEditor.QuickSearchModule:UnityEditor.Search:ASIAI0B' with importer (ScriptedImporter : UnityEditor.QuickSearchModule:UnityEditor.Search:ASIAI0B)
Imported 'GUID: 2b081a5c1ac4ef947a23668787ad4a74' -> (Import Result ID: 'df16d5bbee70986b7aeac9e07b29ade2') in 0.001 seconds [static and dynamic dependencies]. Details - ImportResultOutputID=67eb16c3197b5392492ef85d3040e13c DependenciesID=5ce90fd65680af1b9989e53418f28967 StaticDependenciesID=cb3df495841115c0a1af98fd192a7f24 
Number of updated asset objects reloaded before import = 0
Number of asset objects unloaded after import = 0
========================================================================
Received Import Request.
  Time of request: 2026-09-01T06:19:53.198132Z
  Time since last request: 0.000178833 seconds.
  importAddress: GUID: d1eb6d7651d4c4617979006189f6ec93 - Path: Packages/com.unity.xr.arfoundation/Runtime/ARSubsystems/Objects/XRObjectTrackingSubsystemDescriptor.cs - Importer: ScriptedImporter/UnityEditor.QuickSearchModule:UnityEditor.Search:ASIAI0B
Importing 'GUID: d1eb6d7651d4c4617979006189f6ec93 - Path: Packages/com.unity.xr.arfoundation/Runtime/ARSubsystems/Objects/XRObjectTrackingSubsystemDescriptor.cs - Importer: ScriptedImporter/UnityEditor.QuickSearchModule:UnityEditor.Search:ASIAI0B' with importer (ScriptedImporter : UnityEditor.QuickSearchModule:UnityEditor.Search:ASIAI0B)
Imported 'GUID: d1eb6d7651d4c4617979006189f6ec93' -> (Import Result ID: '80d498587ba601eb1ebf76f5c6fb58de') in 0.001 seconds [static and dynamic dependencies]. Details - ImportResultOutputID=40da0cf092724871538c3344fb8cd297 DependenciesID=c68325f6dd4f24aafd7c076c2529ce14 StaticDependenciesID=a23a47694bd152fdc38cf77b38c93f3c 
Number of updated asset objects reloaded before import = 0
Number of asset objects unloaded after import = 0
========================================================================
Received Import Request.
  Time of request: 2026-09-01T06:19:53.199563Z
  Time since last request: 0.000233583 seconds.
  importAddress: GUID: 2c4d9c26c219d41499902cac8486643d - Path: Packages/com.unity.xr.arfoundation/Runtime/ARSubsystems/EnvironmentProbes/XREnvironmentProbeSubsystemDescriptor.cs - Importer: ScriptedImporter/UnityEditor.QuickSearchModule:UnityEditor.Search:ASIAI0B
Importing 'GUID: 2c4d9c26c219d41499902cac8486643d - Path: Packages/com.unity.xr.arfoundation/Runtime/ARSubsystems/EnvironmentProbes/XREnvironmentProbeSubsystemDescriptor.cs - Importer: ScriptedImporter/UnityEditor.QuickSearchModule:UnityEditor.Search:ASIAI0B' with importer (ScriptedImporter : UnityEditor.QuickSearchModule:UnityEditor.Search:ASIAI0B)
Imported 'GUID: 2c4d9c26c219d41499902cac8486643d' -> (Import Result ID: '81cffb9827c5d6f6436da079135e1c1c') in 0.001 seconds [static and dynamic dependencies]. Details - ImportResultOutputID=cd69d76b129fbce9ef31d49aee30cc55 DependenciesID=aa69bb8415cf7a8e5c4fd80e5a4580b7 StaticDependenciesID=0bcef97e60cd9586320ed8c23782ac83 
Number of updated asset objects reloaded before import = 0
Number of asset objects unloaded after import = 0
========================================================================
Received Import Request.
  Time of request: 2026-09-01T06:19:53.200801Z
  Time since last request: 0.000228834 seconds.
  importAddress: GUID: 7910d4af31b741acb1bce1140634a975 - Path: Packages/com.unity.xr.arkit/Editor/Unity.XR.ARKit.Editor.asmdef - Importer: ScriptedImporter/UnityEditor.QuickSearchModule:UnityEditor.Search:ASIAI0B
Importing 'GUID: 7910d4af31b741acb1bce1140634a975 - Path: Packages/com.unity.xr.arkit/Editor/Unity.XR.ARKit.Editor.asmdef - Importer: ScriptedImporter/UnityEditor.QuickSearchModule:UnityEditor.Search:ASIAI0B' with importer (ScriptedImporter : UnityEditor.QuickSearchModule:UnityEditor.Search:ASIAI0B)
Imported 'GUID: 7910d4af31b741acb1bce1140634a975' -> (Import Result ID: '18019ae577f46b9b463ab3d4d4576ccf') in 0.001 seconds [static and dynamic dependencies]. Details - ImportResultOutputID=4a8df4449c6a439b5fc32e9beaedbac2 DependenciesID=c157fa54bb863eb6e3733d8998646c4a StaticDependenciesID=156bf1e2128bd19aa3ff04cefcdec182 
Number of updated asset objects reloaded before import = 0
Number of asset objects unloaded after import = 1
========================================================================
Received Import Request.
  Time of request: 2026-09-01T06:19:53.202655Z
  Time since last request: 0.000467875 seconds.
  importAddress: GUID: 3fd570e53452bbc4e8b19005e21d81f1 - Path: Packages/com.unity.xr.arfoundation/Runtime/Simulation/Subsystems/BoundingBox - Importer: ScriptedImporter/UnityEditor.QuickSearchModule:UnityEditor.Search:ASIAI0B
Importing 'GUID: 3fd570e53452bbc4e8b19005e21d81f1 - Path: Packages/com.unity.xr.arfoundation/Runtime/Simulation/Subsystems/BoundingBox - Importer: ScriptedImporter/UnityEditor.QuickSearchModule:UnityEditor.Search:ASIAI0B' with importer (ScriptedImporter : UnityEditor.QuickSearchModule:UnityEditor.Search:ASIAI0B)
Imported 'GUID: 3fd570e53452bbc4e8b19005e21d81f1' -> (Import Result ID: 'a57f347df38f70a63546efaf0630d0e3') in 0.001 seconds [static and dynamic dependencies]. Details - ImportResultOutputID=ed80e46edfbb3dfed471cf3f6fada0de DependenciesID=af35457777e3cb73f0d32b0f2ebbef0a StaticDependenciesID=39b28cf0429e31466547f1b8ad9ddf4b 
Number of updated asset objects reloaded before import = 0
Number of asset objects unloaded after import = 1
========================================================================
Received Import Request.
  Time of request: 2026-09-01T06:19:53.204045Z
  Time since last request: 0.000206708 seconds.
  importAddress: GUID: 209a4bbc1d944de8850348c9ca8f5968 - Path: Packages/com.unity.xr.arfoundation/Editor/VisualScripting/ARFacesChangedEventUnitDescriptor.cs - Importer: ScriptedImporter/UnityEditor.QuickSearchModule:UnityEditor.Search:ASIAI0B
Importing 'GUID: 209a4bbc1d944de8850348c9ca8f5968 - Path: Packages/com.unity.xr.arfoundation/Editor/VisualScripting/ARFacesChangedEventUnitDescriptor.cs - Importer: ScriptedImporter/UnityEditor.QuickSearchModule:UnityEditor.Search:ASIAI0B' with importer (ScriptedImporter : UnityEditor.QuickSearchModule:UnityEditor.Search:ASIAI0B)
Imported 'GUID: 209a4bbc1d944de8850348c9ca8f5968' -> (Import Result ID: '81e513f10768fb15b0b3d6365a48002c') in 0.001 seconds [static and dynamic dependencies]. Details - ImportResultOutputID=198567fb8fad47c73bd00ee4108c6890 DependenciesID=d52698b40fa2a36d9f1696cfc498d8e6 StaticDependenciesID=dc1adfce061ac02e5d73d0772064d036 
Number of updated asset objects reloaded before import = 0
Number of asset objects unloaded after import = 0
========================================================================
Received Import Request.
  Time of request: 2026-09-01T06:19:53.205414Z
  Time since last request: 0.000208417 seconds.
  importAddress: GUID: 3be8fb9835084b3f83d6d0ae1c6bd876 - Path: Packages/com.unity.xr.arfoundation/Runtime/ARFoundation/Occlusion/ARShaderOcclusion.cs - Importer: ScriptedImporter/UnityEditor.QuickSearchModule:UnityEditor.Search:ASIAI0B
Importing 'GUID: 3be8fb9835084b3f83d6d0ae1c6bd876 - Path: Packages/com.unity.xr.arfoundation/Runtime/ARFoundation/Occlusion/ARShaderOcclusion.cs - Importer: ScriptedImporter/UnityEditor.QuickSearchModule:UnityEditor.Search:ASIAI0B' with importer (ScriptedImporter : UnityEditor.QuickSearchModule:UnityEditor.Search:ASIAI0B)
Imported 'GUID: 3be8fb9835084b3f83d6d0ae1c6bd876' -> (Import Result ID: 'c5796c04116e7e2eb1fb158fb983005c') in 0.002 seconds [static and dynamic dependencies]. Details - ImportResultOutputID=4ede0ca85c6ce1fc31ae65352a0239a6 DependenciesID=5211d60a426a153786fa3a2531e8a4a6 StaticDependenciesID=e3c65cc6e616bfaa898779343bbd719d 
Number of updated asset objects reloaded before import = 0
Number of asset objects unloaded after import = 0
========================================================================
Received Import Request.
  Time of request: 2026-09-01T06:19:53.208017Z
  Time since last request: 0.0001965 seconds.
  importAddress: GUID: 4da9aa0941ec445478d1f06ffbf18823 - Path: Packages/com.unity.xr.arfoundation/Runtime/ARSubsystems/Participants/XRParticipantSubsystemDescriptor.cs - Importer: ScriptedImporter/UnityEditor.QuickSearchModule:UnityEditor.Search:ASIAI0B
Importing 'GUID: 4da9aa0941ec445478d1f06ffbf18823 - Path: Packages/com.unity.xr.arfoundation/Runtime/ARSubsystems/Participants/XRParticipantSubsystemDescriptor.cs - Importer: ScriptedImporter/UnityEditor.QuickSearchModule:UnityEditor.Search:ASIAI0B' with importer (ScriptedImporter : UnityEditor.QuickSearchModule:UnityEditor.Search:ASIAI0B)
Imported 'GUID: 4da9aa0941ec445478d1f06ffbf18823' -> (Import Result ID: '1d1db8c2acf679563d6e776d83c33364') in 0.001 seconds [static and dynamic dependencies]. Details - ImportResultOutputID=95e8084a0d2da96767b56ba000ddb07b DependenciesID=5ed967d95d67eb74ae84e2d85f427902 StaticDependenciesID=0f569ee7b7b48c0dae22fe94d78e45cc 
Number of updated asset objects reloaded before import = 0
Number of asset objects unloaded after import = 0
========================================================================
Received Import Request.
  Time of request: 2026-09-01T06:19:53.209595Z
  Time since last request: 0.000374375 seconds.
  importAddress: GUID: afd19d26f424b46e78c9434d8f4ff7b2 - Path: Packages/com.unity.xr.arfoundation/Assets/InputActions/DefaultXRSimulationInputActions.asset - Importer: ScriptedImporter/UnityEditor.QuickSearchModule:UnityEditor.Search:ASIAI0B
Importing 'GUID: afd19d26f424b46e78c9434d8f4ff7b2 - Path: Packages/com.unity.xr.arfoundation/Assets/InputActions/DefaultXRSimulationInputActions.asset - Importer: ScriptedImporter/UnityEditor.QuickSearchModule:UnityEditor.Search:ASIAI0B' with importer (ScriptedImporter : UnityEditor.QuickSearchModule:UnityEditor.Search:ASIAI0B)
Imported 'GUID: afd19d26f424b46e78c9434d8f4ff7b2' -> (Import Result ID: '04782572391e00d1d595eae9cd4acd1c') in 0.003 seconds [static and dynamic dependencies]. Details - ImportResultOutputID=be80d3a94326b3000b8ea793ac3578fb DependenciesID=8f497cc8679f7da19a427f90a6fc336c StaticDependenciesID=171723a83d74c0f4689c4d74e8810e01 
Number of updated asset objects reloaded before import = 0
Number of asset objects unloaded after import = 7
========================================================================
Received Import Request.
  Time of request: 2026-09-01T06:19:53.213547Z
  Time since last request: 0.000215042 seconds.
  importAddress: GUID: 1319a301cc4eca5428ad164a16278da5 - Path: Packages/com.unity.xr.arfoundation/Assets/Shaders - Importer: ScriptedImporter/UnityEditor.QuickSearchModule:UnityEditor.Search:ASIAI0B
Importing 'GUID: 1319a301cc4eca5428ad164a16278da5 - Path: Packages/com.unity.xr.arfoundation/Assets/Shaders - Importer: ScriptedImporter/UnityEditor.QuickSearchModule:UnityEditor.Search:ASIAI0B' with importer (ScriptedImporter : UnityEditor.QuickSearchModule:UnityEditor.Search:ASIAI0B)
Imported 'GUID: 1319a301cc4eca5428ad164a16278da5' -> (Import Result ID: 'dde2f31a850a8322bf27fccded6ab200') in 0.001 seconds [static and dynamic dependencies]. Details - ImportResultOutputID=c64e7b23be8c9b62c2ce37c3d00fe592 DependenciesID=a89917e6bb1931e014e23e7dc29c3c45 StaticDependenciesID=54219e718d14babadd53a858b9d5b067 
Number of updated asset objects reloaded before import = 0
Number of asset objects unloaded after import = 1
========================================================================
Received Import Request.
  Time of request: 2026-09-01T06:19:53.215092Z
  Time since last request: 0.000185375 seconds.
  importAddress: GUID: cc607e1d69d2d424e874ccea304337c5 - Path: Packages/com.unity.xr.arfoundation/Runtime/ARSubsystems/HumanBodies/XRHumanBodyPose2DJoint.cs - Importer: ScriptedImporter/UnityEditor.QuickSearchModule:UnityEditor.Search:ASIAI0B
Importing 'GUID: cc607e1d69d2d424e874ccea304337c5 - Path: Packages/com.unity.xr.arfoundation/Runtime/ARSubsystems/HumanBodies/XRHumanBodyPose2DJoint.cs - Importer: ScriptedImporter/UnityEditor.QuickSearchModule:UnityEditor.Search:ASIAI0B' with importer (ScriptedImporter : UnityEditor.QuickSearchModule:UnityEditor.Search:ASIAI0B)
Imported 'GUID: cc607e1d69d2d424e874ccea304337c5' -> (Import Result ID: 'a903c5cf042ec221b3a6a9cd772d163d') in 0.001 seconds [static and dynamic dependencies]. Details - ImportResultOutputID=f07870c123ce7fcc88032ab319e2cb1c DependenciesID=97ec51975a73e35126347ede487930ba StaticDependenciesID=ae2d977444de2966db967c9bbc145c43 
Number of updated asset objects reloaded before import = 0
Number of asset objects unloaded after import = 0
========================================================================
Received Import Request.
  Time of request: 2026-09-01T06:19:53.216411Z
  Time since last request: 0.000190709 seconds.
  importAddress: GUID: 6c4bf46f32019704e8b2efc0d062d054 - Path: Packages/com.unity.xr.arfoundation/Assets/Shaders/SimulationStandardLit.shader - Importer: ScriptedImporter/UnityEditor.QuickSearchModule:UnityEditor.Search:ASIAI0B
Importing 'GUID: 6c4bf46f32019704e8b2efc0d062d054 - Path: Packages/com.unity.xr.arfoundation/Assets/Shaders/SimulationStandardLit.shader - Importer: ScriptedImporter/UnityEditor.QuickSearchModule:UnityEditor.Search:ASIAI0B' with importer (ScriptedImporter : UnityEditor.QuickSearchModule:UnityEditor.Search:ASIAI0B)
Imported 'GUID: 6c4bf46f32019704e8b2efc0d062d054' -> (Import Result ID: '1a4bc5c12e29f67b92e420bed2008a2e') in 0.002 seconds [static and dynamic dependencies]. Details - ImportResultOutputID=9bca00847a2fe3eda58fc7024ee29896 DependenciesID=5437fcd5aa8b1d92e3c132d0a5add7a6 StaticDependenciesID=49625e01531bd05b62bd5596830d5514 
Number of updated asset objects reloaded before import = 0
Number of asset objects unloaded after import = 1
========================================================================
Received Import Request.
  Time of request: 2026-09-01T06:19:53.21917Z
  Time since last request: 0.000207334 seconds.
  importAddress: GUID: cc15e1561f1ab0c4dae42edcbec3c7b3 - Path: Packages/com.unity.xr.arfoundation/Runtime/ARFoundation/Camera/ARCameraFrameEventArgs.cs - Importer: ScriptedImporter/UnityEditor.QuickSearchModule:UnityEditor.Search:ASIAI0B
Importing 'GUID: cc15e1561f1ab0c4dae42edcbec3c7b3 - Path: Packages/com.unity.xr.arfoundation/Runtime/ARFoundation/Camera/ARCameraFrameEventArgs.cs - Importer: ScriptedImporter/UnityEditor.QuickSearchModule:UnityEditor.Search:ASIAI0B' with importer (ScriptedImporter : UnityEditor.QuickSearchModule:UnityEditor.Search:ASIAI0B)
Imported 'GUID: cc15e1561f1ab0c4dae42edcbec3c7b3' -> (Import Result ID: '0d21fd73c2eb8c5242e53b62cb06ecb0') in 0.001 seconds [static and dynamic dependencies]. Details - ImportResultOutputID=9d58ddaf0b1ab24bad9ed8825054dfe8 DependenciesID=e4bb5c557924b8b715987758e306b973 StaticDependenciesID=a0a382937062bc7b898853c9d0adad41 
Number of updated asset objects reloaded before import = 0
Number of asset objects unloaded after import = 1
========================================================================
Received Import Request.
  Time of request: 2026-09-01T06:19:53.220622Z
  Time since last request: 0.0001755 seconds.
  importAddress: GUID: 2bb05f0527463457d84bebec5fbcc8d9 - Path: Packages/com.unity.xr.arkit/Runtime/Frameworks/ARKit/ARCollaborationData.cs - Importer: ScriptedImporter/UnityEditor.QuickSearchModule:UnityEditor.Search:ASIAI0B
Importing 'GUID: 2bb05f0527463457d84bebec5fbcc8d9 - Path: Packages/com.unity.xr.arkit/Runtime/Frameworks/ARKit/ARCollaborationData.cs - Importer: ScriptedImporter/UnityEditor.QuickSearchModule:UnityEditor.Search:ASIAI0B' with importer (ScriptedImporter : UnityEditor.QuickSearchModule:UnityEditor.Search:ASIAI0B)
Imported 'GUID: 2bb05f0527463457d84bebec5fbcc8d9' -> (Import Result ID: '829b73e42142b27c8605b65fcd5f51bb') in 0.001 seconds [static and dynamic dependencies]. Details - ImportResultOutputID=e2d23e3bf959da56bb7bc496cbbe3d42 DependenciesID=576dce5db55687c5239b649cc755b323 StaticDependenciesID=d1aadf6b736cfcb0086506318438caec 
Number of updated asset objects reloaded before import = 0
Number of asset objects unloaded after import = 0
========================================================================
Received Import Request.
  Time of request: 2026-09-01T06:19:53.221769Z
  Time since last request: 0.000188209 seconds.
  importAddress: GUID: 37a1e09c1e45648579270075d5ef56b6 - Path: Packages/com.unity.xr.arkit/Runtime/EnvironmentProbeApi.cs - Importer: ScriptedImporter/UnityEditor.QuickSearchModule:UnityEditor.Search:ASIAI0B
Importing 'GUID: 37a1e09c1e45648579270075d5ef56b6 - Path: Packages/com.unity.xr.arkit/Runtime/EnvironmentProbeApi.cs - Importer: ScriptedImporter/UnityEditor.QuickSearchModule:UnityEditor.Search:ASIAI0B' with importer (ScriptedImporter : UnityEditor.QuickSearchModule:UnityEditor.Search:ASIAI0B)
Imported 'GUID: 37a1e09c1e45648579270075d5ef56b6' -> (Import Result ID: '68ece3a1dd1e4215aa79e2f6521d8f40') in 0.001 seconds [static and dynamic dependencies]. Details - ImportResultOutputID=af4b910c32c14f25de4e37522e67f98e DependenciesID=25b6400f82d010d4d48aad33ea9b24d9 StaticDependenciesID=46cc411947566235f4b66b83385cfd03 
Number of updated asset objects reloaded before import = 0
Number of asset objects unloaded after import = 0
========================================================================
Received Import Request.
  Time of request: 2026-09-01T06:19:53.223009Z
  Time since last request: 0.0003405 seconds.
  importAddress: GUID: eb898793194e03f4bb10dba03ec2cb70 - Path: Packages/com.unity.xr.arfoundation/Runtime/ARFoundation/Anchors/ARAnchor.cs - Importer: ScriptedImporter/UnityEditor.QuickSearchModule:UnityEditor.Search:ASIAI0B
Importing 'GUID: eb898793194e03f4bb10dba03ec2cb70 - Path: Packages/com.unity.xr.arfoundation/Runtime/ARFoundation/Anchors/ARAnchor.cs - Importer: ScriptedImporter/UnityEditor.QuickSearchModule:UnityEditor.Search:ASIAI0B' with importer (ScriptedImporter : UnityEditor.QuickSearchModule:UnityEditor.Search:ASIAI0B)
Imported 'GUID: eb898793194e03f4bb10dba03ec2cb70' -> (Import Result ID: '4f67def80aeb7b5b7c1909a498bea6cb') in 0.001 seconds [static and dynamic dependencies]. Details - ImportResultOutputID=1a1852fc5b3e8c936e0601b5a81c1218 DependenciesID=cd5666bf7efdf660bacab616bc4a8f73 StaticDependenciesID=6029fccc94f881bc79a53c379dd1c51c 
Number of updated asset objects reloaded before import = 0
Number of asset objects unloaded after import = 1
========================================================================
Received Import Request.
  Time of request: 2026-09-01T06:19:53.224259Z
  Time since last request: 0.0001735 seconds.
  importAddress: GUID: 6c411504a8c1e40c4aa19423033e6dd2 - Path: Packages/com.unity.xr.arfoundation/Assets/Textures/IconBackgroundCircleFill@2x.png - Importer: ScriptedImporter/UnityEditor.QuickSearchModule:UnityEditor.Search:ASIAI0B
Importing 'GUID: 6c411504a8c1e40c4aa19423033e6dd2 - Path: Packages/com.unity.xr.arfoundation/Assets/Textures/IconBackgroundCircleFill@2x.png - Importer: ScriptedImporter/UnityEditor.QuickSearchModule:UnityEditor.Search:ASIAI0B' with importer (ScriptedImporter : UnityEditor.QuickSearchModule:UnityEditor.Search:ASIAI0B)
Imported 'GUID: 6c411504a8c1e40c4aa19423033e6dd2' -> (Import Result ID: '91b84117e72c599e9771a1e35d1ac9a8') in 0.003 seconds [static and dynamic dependencies]. Details - ImportResultOutputID=544d3c1a741caa0e37d7bbca7d217eeb DependenciesID=0699b328b2d01f71a67287d6b5243102 StaticDependenciesID=c629634a017763d87cf974684f037708 
Number of updated asset objects reloaded before import = 0
Number of asset objects unloaded after import = 3
========================================================================
Received Import Request.
  Time of request: 2026-09-01T06:19:53.227428Z
  Time since last request: 0.000159084 seconds.
  importAddress: GUID: 620b32d0854d40608840dfe760cd064b - Path: Packages/com.unity.xr.arkit/Runtime/Camera/ARKitExposure.cs - Importer: ScriptedImporter/UnityEditor.QuickSearchModule:UnityEditor.Search:ASIAI0B
Importing 'GUID: 620b32d0854d40608840dfe760cd064b - Path: Packages/com.unity.xr.arkit/Runtime/Camera/ARKitExposure.cs - Importer: ScriptedImporter/UnityEditor.QuickSearchModule:UnityEditor.Search:ASIAI0B' with importer (ScriptedImporter : UnityEditor.QuickSearchModule:UnityEditor.Search:ASIAI0B)
Imported 'GUID: 620b32d0854d40608840dfe760cd064b' -> (Import Result ID: '4e5529971c2689db1594ddabee2c0abd') in 0.001 seconds [static and dynamic dependencies]. Details - ImportResultOutputID=58497b53fb1a4b0f035c64a3c9b1bc8d DependenciesID=418292807c0c0fdc2962fd0d2e1ff0cf StaticDependenciesID=3140d91bac0dd97774b54e979302f3ff 
Number of updated asset objects reloaded before import = 0
Number of asset objects unloaded after import = 0
========================================================================
Received Import Request.
  Time of request: 2026-09-01T06:19:53.228698Z
  Time since last request: 0.00018275 seconds.
  importAddress: GUID: 65b056e354c3842859d736b3454a15bc - Path: Packages/com.unity.xr.arfoundation/Runtime/ARSubsystems/Images/AddReferenceImageJobStatus.cs - Importer: ScriptedImporter/UnityEditor.QuickSearchModule:UnityEditor.Search:ASIAI0B
Importing 'GUID: 65b056e354c3842859d736b3454a15bc - Path: Packages/com.unity.xr.arfoundation/Runtime/ARSubsystems/Images/AddReferenceImageJobStatus.cs - Importer: ScriptedImporter/UnityEditor.QuickSearchModule:UnityEditor.Search:ASIAI0B' with importer (ScriptedImporter : UnityEditor.QuickSearchModule:UnityEditor.Search:ASIAI0B)
Imported 'GUID: 65b056e354c3842859d736b3454a15bc' -> (Import Result ID: '14add7c02cffd30e9780021d10ffba05') in 0.001 seconds [static and dynamic dependencies]. Details - ImportResultOutputID=5abb887f4bb7b00b0908c9ed9bb76a89 DependenciesID=1b3b63a008620b5b2143b3f3818cc1f2 StaticDependenciesID=75dbed935fe6191487acc9719585b897 
Number of updated asset objects reloaded before import = 0
Number of asset objects unloaded after import = 0
========================================================================
Received Import Request.
  Time of request: 2026-09-01T06:19:53.229845Z
  Time since last request: 0.000160833 seconds.
  importAddress: GUID: d0bad973a42ea4b43ae52d09705c1b76 - Path: Packages/com.unity.xr.arfoundation/Editor/VisualScripting/GetPointCloudsUnitDescriptor.cs - Importer: ScriptedImporter/UnityEditor.QuickSearchModule:UnityEditor.Search:ASIAI0B
Importing 'GUID: d0bad973a42ea4b43ae52d09705c1b76 - Path: Packages/com.unity.xr.arfoundation/Editor/VisualScripting/GetPointCloudsUnitDescriptor.cs - Importer: ScriptedImporter/UnityEditor.QuickSearchModule:UnityEditor.Search:ASIAI0B' with importer (ScriptedImporter : UnityEditor.QuickSearchModule:UnityEditor.Search:ASIAI0B)
Imported 'GUID: d0bad973a42ea4b43ae52d09705c1b76' -> (Import Result ID: 'bfd22303ac637995e5fb2c4b17b19da8') in 0.001 seconds [static and dynamic dependencies]. Details - ImportResultOutputID=b051d8ded47072295c3498c7e2e2dc0c DependenciesID=1841e97170194ec0b78ba58a61bbe775 StaticDependenciesID=a636fccb0261128557fd2851c11e2092 
Number of updated asset objects reloaded before import = 0
Number of asset objects unloaded after import = 0
========================================================================
Received Import Request.
  Time of request: 2026-09-01T06:19:53.23094Z
  Time since last request: 0.000166667 seconds.
  importAddress: GUID: 7c2436c85b7474a8785491f9d048d4ad - Path: Packages/com.unity.xr.arfoundation/Editor/Simulation/Analytics/Hooks - Importer: ScriptedImporter/UnityEditor.QuickSearchModule:UnityEditor.Search:ASIAI0B
Importing 'GUID: 7c2436c85b7474a8785491f9d048d4ad - Path: Packages/com.unity.xr.arfoundation/Editor/Simulation/Analytics/Hooks - Importer: ScriptedImporter/UnityEditor.QuickSearchModule:UnityEditor.Search:ASIAI0B' with importer (ScriptedImporter : UnityEditor.QuickSearchModule:UnityEditor.Search:ASIAI0B)
Imported 'GUID: 7c2436c85b7474a8785491f9d048d4ad' -> (Import Result ID: 'aa2c9916ea4db1f1399fc25c1e605480') in 0.001 seconds [static and dynamic dependencies]. Details - ImportResultOutputID=72be9c0649197fca5f3a846c5fc11c75 DependenciesID=3b9aa7d30dc536e2b92ef539495a0303 StaticDependenciesID=a69a7205629c9f06b9c43a1819d10ea4 
Number of updated asset objects reloaded before import = 0
Number of asset objects unloaded after import = 1
========================================================================
Received Import Request.
  Time of request: 2026-09-01T06:19:53.231983Z
  Time since last request: 0.000162125 seconds.
  importAddress: GUID: ac5e3383b319944839ccab6f66289e52 - Path: Packages/com.unity.xr.arfoundation/Tests/Runtime/XRSimulation/Unity.XR.Simulation.Runtime.Tests.asmdef - Importer: ScriptedImporter/UnityEditor.QuickSearchModule:UnityEditor.Search:ASIAI0B
Importing 'GUID: ac5e3383b319944839ccab6f66289e52 - Path: Packages/com.unity.xr.arfoundation/Tests/Runtime/XRSimulation/Unity.XR.Simulation.Runtime.Tests.asmdef - Importer: ScriptedImporter/UnityEditor.QuickSearchModule:UnityEditor.Search:ASIAI0B' with importer (ScriptedImporter : UnityEditor.QuickSearchModule:UnityEditor.Search:ASIAI0B)
Imported 'GUID: ac5e3383b319944839ccab6f66289e52' -> (Import Result ID: '6dd3950a8b123865bf295e4c96f4529a') in 0.001 seconds [static and dynamic dependencies]. Details - ImportResultOutputID=af8dfcbe3a9d923cb0f6520399a49c3e DependenciesID=5e0be3c667e480e59ba4cdef647906e6 StaticDependenciesID=455dec41c1ec7a75c9cb2103ba2dcaf8 
Number of updated asset objects reloaded before import = 0
Number of asset objects unloaded after import = 1
========================================================================
Received Import Request.
  Time of request: 2026-09-01T06:19:53.233258Z
  Time since last request: 0.00016425 seconds.
  importAddress: GUID: fa17d122634046b4a8e23048891fafc5 - Path: Packages/com.unity.xr.arfoundation/Runtime/ARFoundation/Raycasts/ARRaycastManager.cs - Importer: ScriptedImporter/UnityEditor.QuickSearchModule:UnityEditor.Search:ASIAI0B
Importing 'GUID: fa17d122634046b4a8e23048891fafc5 - Path: Packages/com.unity.xr.arfoundation/Runtime/ARFoundation/Raycasts/ARRaycastManager.cs - Importer: ScriptedImporter/UnityEditor.QuickSearchModule:UnityEditor.Search:ASIAI0B' with importer (ScriptedImporter : UnityEditor.QuickSearchModule:UnityEditor.Search:ASIAI0B)
Imported 'GUID: fa17d122634046b4a8e23048891fafc5' -> (Import Result ID: '4a7231f1143cf41c49365c36cae47335') in 0.001 seconds [static and dynamic dependencies]. Details - ImportResultOutputID=73f85951793197d070e990fff3ed46a0 DependenciesID=f0ff27f97f28d04788990bfd410a23c8 StaticDependenciesID=80e4f8b4a4cf420dc2b90a343b7cc3b4 
Number of updated asset objects reloaded before import = 0
Number of asset objects unloaded after import = 1
========================================================================
Received Import Request.
  Time of request: 2026-09-01T06:19:53.234446Z
  Time since last request: 0.000164333 seconds.
  importAddress: GUID: 899d2995c1d804655b9a93fe9e865e5a - Path: Packages/com.unity.xr.arfoundation/Runtime/ARFoundation/DebugMenu/ToolButton.cs - Importer: ScriptedImporter/UnityEditor.QuickSearchModule:UnityEditor.Search:ASIAI0B
Importing 'GUID: 899d2995c1d804655b9a93fe9e865e5a - Path: Packages/com.unity.xr.arfoundation/Runtime/ARFoundation/DebugMenu/ToolButton.cs - Importer: ScriptedImporter/UnityEditor.QuickSearchModule:UnityEditor.Search:ASIAI0B' with importer (ScriptedImporter : UnityEditor.QuickSearchModule:UnityEditor.Search:ASIAI0B)
Imported 'GUID: 899d2995c1d804655b9a93fe9e865e5a' -> (Import Result ID: 'cb79fba5c905f8dc3dd5fd9fec03c950') in 0.001 seconds [static and dynamic dependencies]. Details - ImportResultOutputID=27471ecc55a2ab0db09a3cd83c148e0c DependenciesID=c02a08289fb4650c8dffe62524b878c1 StaticDependenciesID=9074db4ff9200f97e3d5a8f6a7506bc3 
Number of updated asset objects reloaded before import = 0
Number of asset objects unloaded after import = 0
========================================================================
Received Import Request.
  Time of request: 2026-09-01T06:19:53.235477Z
  Time since last request: 0.000162666 seconds.
  importAddress: GUID: 48b8a9582c48c594a95a6dcae5fecafb - Path: Packages/com.unity.xr.arfoundation/Tests/Editor/CodeSamples - Importer: ScriptedImporter/UnityEditor.QuickSearchModule:UnityEditor.Search:ASIAI0B
Importing 'GUID: 48b8a9582c48c594a95a6dcae5fecafb - Path: Packages/com.unity.xr.arfoundation/Tests/Editor/CodeSamples - Importer: ScriptedImporter/UnityEditor.QuickSearchModule:UnityEditor.Search:ASIAI0B' with importer (ScriptedImporter : UnityEditor.QuickSearchModule:UnityEditor.Search:ASIAI0B)
Imported 'GUID: 48b8a9582c48c594a95a6dcae5fecafb' -> (Import Result ID: '6a4556bb60439786eb644330d350f666') in 0.001 seconds [static and dynamic dependencies]. Details - ImportResultOutputID=a918c0c4e495b2aa7dec6955fa64654e DependenciesID=2377b5936a9c1ba0b62b68c8b478d47a StaticDependenciesID=7944cba40e610cdf485c9e9166df2ed9 
Number of updated asset objects reloaded before import = 0
Number of asset objects unloaded after import = 1
========================================================================
Received Import Request.
  Time of request: 2026-09-01T06:19:53.258111Z
  Time since last request: 0.021725833 seconds.
  importAddress: GUID: 1f1be572611233c409f7cedd7d33d2d6 - Path: Packages/com.unity.xr.arfoundation/Editor/Icons/NoViewEnvironment@2x.png - Importer: ScriptedImporter/UnityEditor.QuickSearchModule:UnityEditor.Search:ASIAI0B
Importing 'GUID: 1f1be572611233c409f7cedd7d33d2d6 - Path: Packages/com.unity.xr.arfoundation/Editor/Icons/NoViewEnvironment@2x.png - Importer: ScriptedImporter/UnityEditor.QuickSearchModule:UnityEditor.Search:ASIAI0B' with importer (ScriptedImporter : UnityEditor.QuickSearchModule:UnityEditor.Search:ASIAI0B)
Imported 'GUID: 1f1be572611233c409f7cedd7d33d2d6' -> (Import Result ID: '7b69b9e6a7365160abe0e12ba94b03a9') in 0.003 seconds [static and dynamic dependencies]. Details - ImportResultOutputID=03b96a52bbc0d4731fbcd50903819ba0 DependenciesID=9d276b37deae89739f91fc85f2ceec24 StaticDependenciesID=a74e242ea95423681adbbd882d62ebdd 
Number of updated asset objects reloaded before import = 0
Number of asset objects unloaded after import = 1
========================================================================
Received Import Request.
  Time of request: 2026-09-01T06:19:53.262164Z
  Time since last request: 0.000325167 seconds.
  importAddress: GUID: b15f82cc229284894964d2d30806969d - Path: Packages/com.unity.xr.arfoundation/Runtime/ARFoundation/Occlusion/AROcclusionManager.cs - Importer: ScriptedImporter/UnityEditor.QuickSearchModule:UnityEditor.Search:ASIAI0B
Importing 'GUID: b15f82cc229284894964d2d30806969d - Path: Packages/com.unity.xr.arfoundation/Runtime/ARFoundation/Occlusion/AROcclusionManager.cs - Importer: ScriptedImporter/UnityEditor.QuickSearchModule:UnityEditor.Search:ASIAI0B' with importer (ScriptedImporter : UnityEditor.QuickSearchModule:UnityEditor.Search:ASIAI0B)
Imported 'GUID: b15f82cc229284894964d2d30806969d' -> (Import Result ID: '516d9057098b9dc4817fa125df41cab0') in 0.001 seconds [static and dynamic dependencies]. Details - ImportResultOutputID=f883b8d43c842f404ef1ecadef552f5f DependenciesID=5f2a1c2ae2dda0ab278ea134296954ad StaticDependenciesID=52c806df2ccb784da99533e22be0c4da 
Number of updated asset objects reloaded before import = 0
Number of asset objects unloaded after import = 1
========================================================================
Received Import Request.
  Time of request: 2026-09-01T06:19:53.263875Z
  Time since last request: 0.000184541 seconds.
  importAddress: GUID: 1566857d2e724f2798c0b394d0faec36 - Path: Packages/com.unity.xr.arkit/Runtime/UnitySubsystemsManifest.json - Importer: ScriptedImporter/UnityEditor.QuickSearchModule:UnityEditor.Search:ASIAI0B
Importing 'GUID: 1566857d2e724f2798c0b394d0faec36 - Path: Packages/com.unity.xr.arkit/Runtime/UnitySubsystemsManifest.json - Importer: ScriptedImporter/UnityEditor.QuickSearchModule:UnityEditor.Search:ASIAI0B' with importer (ScriptedImporter : UnityEditor.QuickSearchModule:UnityEditor.Search:ASIAI0B)
Imported 'GUID: 1566857d2e724f2798c0b394d0faec36' -> (Import Result ID: 'a8274f8f5216e5b8a111293811979481') in 0.001 seconds [static and dynamic dependencies]. Details - ImportResultOutputID=970a99e1b60dabb58cdf955369123b61 DependenciesID=d400a69e6bdcb4b80ed39b7b9a8d6027 StaticDependenciesID=2eb1130931244626933a5f0e0f62c505 
Number of updated asset objects reloaded before import = 0
Number of asset objects unloaded after import = 1
========================================================================
Received Import Request.
  Time of request: 2026-09-01T06:19:53.265417Z
  Time since last request: 0.0001785 seconds.
  importAddress: GUID: 38f077d5b26004b23a92d4cf1d38e163 - Path: Packages/com.unity.xr.arfoundation/Tests/Editor/ARFoundation/Unity.XR.ARFoundation.Editor.Tests.asmdef - Importer: ScriptedImporter/UnityEditor.QuickSearchModule:UnityEditor.Search:ASIAI0B
Importing 'GUID: 38f077d5b26004b23a92d4cf1d38e163 - Path: Packages/com.unity.xr.arfoundation/Tests/Editor/ARFoundation/Unity.XR.ARFoundation.Editor.Tests.asmdef - Importer: ScriptedImporter/UnityEditor.QuickSearchModule:UnityEditor.Search:ASIAI0B' with importer (ScriptedImporter : UnityEditor.QuickSearchModule:UnityEditor.Search:ASIAI0B)
Imported 'GUID: 38f077d5b26004b23a92d4cf1d38e163' -> (Import Result ID: '097becd8ebc605bacd6fe501d39f4503') in 0.001 seconds [static and dynamic dependencies]. Details - ImportResultOutputID=e28e2d6e54ceff894380dec03c5d55fc DependenciesID=fb172c5042b764a7988a18485c7d8d59 StaticDependenciesID=a36bf6d9ed90504e2e2f01236ddc87d4 
Number of updated asset objects reloaded before import = 0
Number of asset objects unloaded after import = 1
========================================================================
Received Import Request.
  Time of request: 2026-09-01T06:19:53.267094Z
  Time since last request: 0.000187584 seconds.
  importAddress: GUID: cbc30bf63003b4dce8b6afa791da1814 - Path: Packages/com.unity.xr.arfoundation/Runtime/InternalUtils - Importer: ScriptedImporter/UnityEditor.QuickSearchModule:UnityEditor.Search:ASIAI0B
Importing 'GUID: cbc30bf63003b4dce8b6afa791da1814 - Path: Packages/com.unity.xr.arfoundation/Runtime/InternalUtils - Importer: ScriptedImporter/UnityEditor.QuickSearchModule:UnityEditor.Search:ASIAI0B' with importer (ScriptedImporter : UnityEditor.QuickSearchModule:UnityEditor.Search:ASIAI0B)
Imported 'GUID: cbc30bf63003b4dce8b6afa791da1814' -> (Import Result ID: '036b7955742f7263c3f8b44e04f76519') in 0.001 seconds [static and dynamic dependencies]. Details - ImportResultOutputID=054805d2a8f9b4a47e3b7f65894f8b1d DependenciesID=d24a94ff4c21413d8cc8f7501dd99835 StaticDependenciesID=5cda56aac0ece3c199ce5b28fb1d8be5 
Number of updated asset objects reloaded before import = 0
Number of asset objects unloaded after import = 1
========================================================================
Received Import Request.
  Time of request: 2026-09-01T06:19:53.26837Z
  Time since last request: 0.000179458 seconds.
  importAddress: GUID: afcab4e7938ae724a8a59ecac3580761 - Path: Packages/com.unity.xr.arfoundation/Runtime/ARFoundation/PointClouds/ARPointCloud.cs - Importer: ScriptedImporter/UnityEditor.QuickSearchModule:UnityEditor.Search:ASIAI0B
Importing 'GUID: afcab4e7938ae724a8a59ecac3580761 - Path: Packages/com.unity.xr.arfoundation/Runtime/ARFoundation/PointClouds/ARPointCloud.cs - Importer: ScriptedImporter/UnityEditor.QuickSearchModule:UnityEditor.Search:ASIAI0B' with importer (ScriptedImporter : UnityEditor.QuickSearchModule:UnityEditor.Search:ASIAI0B)
Imported 'GUID: afcab4e7938ae724a8a59ecac3580761' -> (Import Result ID: '937b67630b403e7d742755815dbc4704') in 0.001 seconds [static and dynamic dependencies]. Details - ImportResultOutputID=312e1d019cc1296f17eea31a4c2a2420 DependenciesID=83eed102a7985c3acf2ed37616ca01e7 StaticDependenciesID=ca6da47205f65139e60ed82f8f3d7bb3 
Number of updated asset objects reloaded before import = 0
Number of asset objects unloaded after import = 1
========================================================================
Received Import Request.
  Time of request: 2026-09-01T06:19:53.269715Z
  Time since last request: 0.000162625 seconds.
  importAddress: GUID: 89197fb9259334196aec3bce195d3368 - Path: Packages/com.unity.xr.arfoundation/Runtime/ARSubsystems/Camera/XRCameraParams.cs - Importer: ScriptedImporter/UnityEditor.QuickSearchModule:UnityEditor.Search:ASIAI0B
Importing 'GUID: 89197fb9259334196aec3bce195d3368 - Path: Packages/com.unity.xr.arfoundation/Runtime/ARSubsystems/Camera/XRCameraParams.cs - Importer: ScriptedImporter/UnityEditor.QuickSearchModule:UnityEditor.Search:ASIAI0B' with importer (ScriptedImporter : UnityEditor.QuickSearchModule:UnityEditor.Search:ASIAI0B)
Imported 'GUID: 89197fb9259334196aec3bce195d3368' -> (Import Result ID: 'e30c8d7d28457989d7d411212a309491') in 0.001 seconds [static and dynamic dependencies]. Details - ImportResultOutputID=65d312849d8158b156bd754025fdf9b4 DependenciesID=3a987290ff8b8afce391af8dc1fcb41d StaticDependenciesID=28cc67294c924bfb14b457446624ac82 
Number of updated asset objects reloaded before import = 0
Number of asset objects unloaded after import = 0
========================================================================
Received Import Request.
  Time of request: 2026-09-01T06:19:53.270884Z
  Time since last request: 0.000176625 seconds.
  importAddress: GUID: 10039809a19c42838fdd19cdd255a473 - Path: Packages/com.unity.xr.arfoundation/Runtime/ARFoundation/Anchors/ARSaveOrLoadAnchorResult.cs - Importer: ScriptedImporter/UnityEditor.QuickSearchModule:UnityEditor.Search:ASIAI0B
Importing 'GUID: 10039809a19c42838fdd19cdd255a473 - Path: Packages/com.unity.xr.arfoundation/Runtime/ARFoundation/Anchors/ARSaveOrLoadAnchorResult.cs - Importer: ScriptedImporter/UnityEditor.QuickSearchModule:UnityEditor.Search:ASIAI0B' with importer (ScriptedImporter : UnityEditor.QuickSearchModule:UnityEditor.Search:ASIAI0B)
Imported 'GUID: 10039809a19c42838fdd19cdd255a473' -> (Import Result ID: 'db6858e45446e4149bc1854aec8c792c') in 0.001 seconds [static and dynamic dependencies]. Details - ImportResultOutputID=95186c48fecba7d1b6b9e0d2853352b1 DependenciesID=4b49da7d53c06b699a3cfc09b6ad42e7 StaticDependenciesID=12688118928c907744269122a7f91606 
Number of updated asset objects reloaded before import = 0
Number of asset objects unloaded after import = 0
========================================================================
Received Import Request.
  Time of request: 2026-09-01T06:19:53.272039Z
  Time since last request: 0.000171166 seconds.
  importAddress: GUID: 4f99aa427bf379d46a03fba6e8f21cf1 - Path: Packages/com.unity.xr.arfoundation/Runtime/ARSubsystems/Raycasts/TrackableType.cs - Importer: ScriptedImporter/UnityEditor.QuickSearchModule:UnityEditor.Search:ASIAI0B
Importing 'GUID: 4f99aa427bf379d46a03fba6e8f21cf1 - Path: Packages/com.unity.xr.arfoundation/Runtime/ARSubsystems/Raycasts/TrackableType.cs - Importer: ScriptedImporter/UnityEditor.QuickSearchModule:UnityEditor.Search:ASIAI0B' with importer (ScriptedImporter : UnityEditor.QuickSearchModule:UnityEditor.Search:ASIAI0B)
Imported 'GUID: 4f99aa427bf379d46a03fba6e8f21cf1' -> (Import Result ID: '38a15be8dc8fc82fee5d207049baaf09') in 0.002 seconds [static and dynamic dependencies]. Details - ImportResultOutputID=6449dd5b67e98714c84db06e960d7f36 DependenciesID=1dbd35eaecfdd7869b4cceebd1bed395 StaticDependenciesID=f769731e7a377c1911f602d376732c57 
Number of updated asset objects reloaded before import = 0
Number of asset objects unloaded after import = 0
========================================================================
Received Import Request.
  Time of request: 2026-09-01T06:19:53.274313Z
  Time since last request: 0.000182917 seconds.
  importAddress: GUID: 112caa38d8524ef8a99c5c89f1491d98 - Path: Packages/com.unity.xr.arfoundation/Runtime/ARSubsystems/Anchors/XRAnchor.cs - Importer: ScriptedImporter/UnityEditor.QuickSearchModule:UnityEditor.Search:ASIAI0B
Importing 'GUID: 112caa38d8524ef8a99c5c89f1491d98 - Path: Packages/com.unity.xr.arfoundation/Runtime/ARSubsystems/Anchors/XRAnchor.cs - Importer: ScriptedImporter/UnityEditor.QuickSearchModule:UnityEditor.Search:ASIAI0B' with importer (ScriptedImporter : UnityEditor.QuickSearchModule:UnityEditor.Search:ASIAI0B)
Imported 'GUID: 112caa38d8524ef8a99c5c89f1491d98' -> (Import Result ID: '61f4ac466eed7518e74544d164736860') in 0.001 seconds [static and dynamic dependencies]. Details - ImportResultOutputID=072f4ce360b2ee4516db3a4979e7bb4d DependenciesID=f73854394bf74909fe5f62672a375f83 StaticDependenciesID=3ffd6d919edd8009c5b8a994a2bb3600 
Number of updated asset objects reloaded before import = 0
Number of asset objects unloaded after import = 0
========================================================================
Received Import Request.
  Time of request: 2026-09-01T06:19:53.275493Z
  Time since last request: 0.000170708 seconds.
  importAddress: GUID: d84f0ef4f07ab964d82d673f56872842 - Path: Packages/com.unity.xr.arfoundation/Runtime/ARSubsystems/Common/TrackingSubsystem/TrackableId.cs - Importer: ScriptedImporter/UnityEditor.QuickSearchModule:UnityEditor.Search:ASIAI0B
Importing 'GUID: d84f0ef4f07ab964d82d673f56872842 - Path: Packages/com.unity.xr.arfoundation/Runtime/ARSubsystems/Common/TrackingSubsystem/TrackableId.cs - Importer: ScriptedImporter/UnityEditor.QuickSearchModule:UnityEditor.Search:ASIAI0B' with importer (ScriptedImporter : UnityEditor.QuickSearchModule:UnityEditor.Search:ASIAI0B)
Imported 'GUID: d84f0ef4f07ab964d82d673f56872842' -> (Import Result ID: '7b0d29a06422e776b83b76c76ed79ea5') in 0.001 seconds [static and dynamic dependencies]. Details - ImportResultOutputID=ad320297bdd30521f508922dbdaeec3b DependenciesID=e501061ee50dc5648559810334612c30 StaticDependenciesID=ebc52a7f766c0fd60003ef03105262f8 
Number of updated asset objects reloaded before import = 0
Number of asset objects unloaded after import = 0
========================================================================
Received Import Request.
  Time of request: 2026-09-01T06:19:53.27658Z
  Time since last request: 0.000169375 seconds.
  importAddress: GUID: 75d5e2cc771b4f6e82b3d75c25869f60 - Path: Packages/com.unity.xr.arkit/package.json - Importer: ScriptedImporter/UnityEditor.QuickSearchModule:UnityEditor.Search:ASIAI0B
Importing 'GUID: 75d5e2cc771b4f6e82b3d75c25869f60 - Path: Packages/com.unity.xr.arkit/package.json - Importer: ScriptedImporter/UnityEditor.QuickSearchModule:UnityEditor.Search:ASIAI0B' with importer (ScriptedImporter : UnityEditor.QuickSearchModule:UnityEditor.Search:ASIAI0B)
Imported 'GUID: 75d5e2cc771b4f6e82b3d75c25869f60' -> (Import Result ID: 'e4478bda853a8677f4724886f135a531') in 0.001 seconds [static and dynamic dependencies]. Details - ImportResultOutputID=233cb0e8047b4de1e69c3a0cff272cf7 DependenciesID=593b4830f5a21fb18b56cbe79f179d7b StaticDependenciesID=324ae144e802470a1c66bab0447efdc1 
Number of updated asset objects reloaded before import = 0
Number of asset objects unloaded after import = 1
========================================================================
Received Import Request.
  Time of request: 2026-09-01T06:19:53.278117Z
  Time since last request: 0.000210958 seconds.
  importAddress: GUID: a154eaf5e8fe619418440412d007c0ff - Path: Packages/com.unity.xr.arfoundation/Tests/Runtime/CodeSamples/CameraTorchModeSample.cs - Importer: ScriptedImporter/UnityEditor.QuickSearchModule:UnityEditor.Search:ASIAI0B
Importing 'GUID: a154eaf5e8fe619418440412d007c0ff - Path: Packages/com.unity.xr.arfoundation/Tests/Runtime/CodeSamples/CameraTorchModeSample.cs - Importer: ScriptedImporter/UnityEditor.QuickSearchModule:UnityEditor.Search:ASIAI0B' with importer (ScriptedImporter : UnityEditor.QuickSearchModule:UnityEditor.Search:ASIAI0B)
Imported 'GUID: a154eaf5e8fe619418440412d007c0ff' -> (Import Result ID: 'c59c0ebb6e2334d19e151e2dc8913e86') in 0.001 seconds [static and dynamic dependencies]. Details - ImportResultOutputID=ef82fd7a454da43f4abbcbfa5fc91944 DependenciesID=90a198307247f35714cb6760501f5611 StaticDependenciesID=859191a9958ada295b9e2d276269bddf 
Number of updated asset objects reloaded before import = 0
Number of asset objects unloaded after import = 0
========================================================================
Received Import Request.
  Time of request: 2026-09-01T06:19:53.279503Z
  Time since last request: 0.000182625 seconds.
  importAddress: GUID: 5bb33849db404af2aceeb3ac02ec9732 - Path: Packages/com.unity.xr.arfoundation/Runtime/ARSubsystems/Objects - Importer: ScriptedImporter/UnityEditor.QuickSearchModule:UnityEditor.Search:ASIAI0B
Importing 'GUID: 5bb33849db404af2aceeb3ac02ec9732 - Path: Packages/com.unity.xr.arfoundation/Runtime/ARSubsystems/Objects - Importer: ScriptedImporter/UnityEditor.QuickSearchModule:UnityEditor.Search:ASIAI0B' with importer (ScriptedImporter : UnityEditor.QuickSearchModule:UnityEditor.Search:ASIAI0B)
Imported 'GUID: 5bb33849db404af2aceeb3ac02ec9732' -> (Import Result ID: '8f5e4f5c9d2d499f39090f8f43bfd646') in 0.001 seconds [static and dynamic dependencies]. Details - ImportResultOutputID=28ec81791db15170d11b03fd43f41a81 DependenciesID=3355b2778c0f36521530307b223d303b StaticDependenciesID=baa67d0d0208bcf4e23e5a4c28c2f3cf 
Number of updated asset objects reloaded before import = 0
Number of asset objects unloaded after import = 1
========================================================================
Received Import Request.
  Time of request: 2026-09-01T06:19:53.280663Z
  Time since last request: 0.0001635 seconds.
  importAddress: GUID: 51e3e98889b44ff43959751a101a6c76 - Path: Packages/com.unity.xr.arkit/Runtime/Input/InputLayoutLoader.cs - Importer: ScriptedImporter/UnityEditor.QuickSearchModule:UnityEditor.Search:ASIAI0B
Importing 'GUID: 51e3e98889b44ff43959751a101a6c76 - Path: Packages/com.unity.xr.arkit/Runtime/Input/InputLayoutLoader.cs - Importer: ScriptedImporter/UnityEditor.QuickSearchModule:UnityEditor.Search:ASIAI0B' with importer (ScriptedImporter : UnityEditor.QuickSearchModule:UnityEditor.Search:ASIAI0B)
Imported 'GUID: 51e3e98889b44ff43959751a101a6c76' -> (Import Result ID: '76c38300a28b3570c9386d04cb1d921d') in 0.001 seconds [static and dynamic dependencies]. Details - ImportResultOutputID=566a7dee1073a93df00352c9c2b6f8ae DependenciesID=cc85d40a9cf38784eab03d0ecfaa75b3 StaticDependenciesID=ee07df4e771a6ae40688fa5bc420b71a 
Number of updated asset objects reloaded before import = 0
Number of asset objects unloaded after import = 0
========================================================================
Received Import Request.
  Time of request: 2026-09-01T06:19:53.281887Z
  Time since last request: 0.000197083 seconds.
  importAddress: GUID: 4bc143d77deca4eb887a1907c2b7aad9 - Path: Packages/com.unity.xr.arfoundation/Runtime/VisualScripting/Units/Events/EventUnits/Deprecated/AnchorsChangedEventUnit.deprecated.cs - Importer: ScriptedImporter/UnityEditor.QuickSearchModule:UnityEditor.Search:ASIAI0B
Importing 'GUID: 4bc143d77deca4eb887a1907c2b7aad9 - Path: Packages/com.unity.xr.arfoundation/Runtime/VisualScripting/Units/Events/EventUnits/Deprecated/AnchorsChangedEventUnit.deprecated.cs - Importer: ScriptedImporter/UnityEditor.QuickSearchModule:UnityEditor.Search:ASIAI0B' with importer (ScriptedImporter : UnityEditor.QuickSearchModule:UnityEditor.Search:ASIAI0B)
Imported 'GUID: 4bc143d77deca4eb887a1907c2b7aad9' -> (Import Result ID: '74e8bbbc999ba1f5e01f9845df2636a3') in 0.001 seconds [static and dynamic dependencies]. Details - ImportResultOutputID=e9e8e5f6176e9011c3212b7006d4bf7c DependenciesID=f95a1ded5436a6d20a6cff0dea27a7fa StaticDependenciesID=069624cbc59bcdbf5a50825d40799ebb 
Number of updated asset objects reloaded before import = 0
Number of asset objects unloaded after import = 0
========================================================================
Received Import Request.
  Time of request: 2026-09-01T06:19:53.28318Z
  Time since last request: 0.000184334 seconds.
  importAddress: GUID: ac44e21ac8dd2f04b8af81d4590b712e - Path: Packages/com.unity.xr.arfoundation/Runtime/ARSubsystems/Common/TrackingState.cs - Importer: ScriptedImporter/UnityEditor.QuickSearchModule:UnityEditor.Search:ASIAI0B
Importing 'GUID: ac44e21ac8dd2f04b8af81d4590b712e - Path: Packages/com.unity.xr.arfoundation/Runtime/ARSubsystems/Common/TrackingState.cs - Importer: ScriptedImporter/UnityEditor.QuickSearchModule:UnityEditor.Search:ASIAI0B' with importer (ScriptedImporter : UnityEditor.QuickSearchModule:UnityEditor.Search:ASIAI0B)
Imported 'GUID: ac44e21ac8dd2f04b8af81d4590b712e' -> (Import Result ID: 'e7172fb1d5894c6b40843b74c9176e95') in 0.001 seconds [static and dynamic dependencies]. Details - ImportResultOutputID=d90e2eefb8469ef22c6763e2e90955b8 DependenciesID=d56b7b8d5b8e2bafd8d43516fed9708e StaticDependenciesID=9e787e2e8c0681c9f6b26aa343c655eb 
Number of updated asset objects reloaded before import = 0
Number of asset objects unloaded after import = 0
========================================================================
Received Import Request.
  Time of request: 2026-09-01T06:19:53.284399Z
  Time since last request: 0.00017775 seconds.
  importAddress: GUID: 8461c033aa8b4c969f822b0b9b1f60e5 - Path: Packages/com.unity.xr.arkit/Runtime/Camera/ARKitFocus.cs - Importer: ScriptedImporter/UnityEditor.QuickSearchModule:UnityEditor.Search:ASIAI0B
Importing 'GUID: 8461c033aa8b4c969f822b0b9b1f60e5 - Path: Packages/com.unity.xr.arkit/Runtime/Camera/ARKitFocus.cs - Importer: ScriptedImporter/UnityEditor.QuickSearchModule:UnityEditor.Search:ASIAI0B' with importer (ScriptedImporter : UnityEditor.QuickSearchModule:UnityEditor.Search:ASIAI0B)
Imported 'GUID: 8461c033aa8b4c969f822b0b9b1f60e5' -> (Import Result ID: '114e8a3c1048d03266eeb286189227ee') in 0.001 seconds [static and dynamic dependencies]. Details - ImportResultOutputID=2d161401af8b0fa38f9dab1c7771c523 DependenciesID=997d082fdc5b896011ec3fd833649dad StaticDependenciesID=30aa5cfba4ea50e21f5fb83db4e6256b 
Number of updated asset objects reloaded before import = 0
Number of asset objects unloaded after import = 0
========================================================================
Received Import Request.
  Time of request: 2026-09-01T06:19:53.285512Z
  Time since last request: 0.000174625 seconds.
  importAddress: GUID: 3071efd60c094095837c951e5be00e2c - Path: Packages/com.unity.xr.arkit/Runtime/Camera/ARKitExposureRange.cs - Importer: ScriptedImporter/UnityEditor.QuickSearchModule:UnityEditor.Search:ASIAI0B
Importing 'GUID: 3071efd60c094095837c951e5be00e2c - Path: Packages/com.unity.xr.arkit/Runtime/Camera/ARKitExposureRange.cs - Importer: ScriptedImporter/UnityEditor.QuickSearchModule:UnityEditor.Search:ASIAI0B' with importer (ScriptedImporter : UnityEditor.QuickSearchModule:UnityEditor.Search:ASIAI0B)
Imported 'GUID: 3071efd60c094095837c951e5be00e2c' -> (Import Result ID: '7a8f537a50c24c01ccdd781cdc4da586') in 0.001 seconds [static and dynamic dependencies]. Details - ImportResultOutputID=489ff94e6386a082c754a5214558299d DependenciesID=6a9abf1426b68ccfb07b5cd8520f395e StaticDependenciesID=100042c1af01a89a711fe95e37428068 
Number of updated asset objects reloaded before import = 0
Number of asset objects unloaded after import = 0
========================================================================
Received Import Request.
  Time of request: 2026-09-01T06:19:53.286637Z
  Time since last request: 0.000165375 seconds.
  importAddress: GUID: eb14b8c6505704d22a484c990eebb310 - Path: Packages/com.unity.xr.arfoundation/Runtime/ARSubsystems/Objects/XRObjectTrackingSubsystem.cs - Importer: ScriptedImporter/UnityEditor.QuickSearchModule:UnityEditor.Search:ASIAI0B
Importing 'GUID: eb14b8c6505704d22a484c990eebb310 - Path: Packages/com.unity.xr.arfoundation/Runtime/ARSubsystems/Objects/XRObjectTrackingSubsystem.cs - Importer: ScriptedImporter/UnityEditor.QuickSearchModule:UnityEditor.Search:ASIAI0B' with importer (ScriptedImporter : UnityEditor.QuickSearchModule:UnityEditor.Search:ASIAI0B)
Imported 'GUID: eb14b8c6505704d22a484c990eebb310' -> (Import Result ID: '0cba49be2d2fa535eb29335027dbefa1') in 0.001 seconds [static and dynamic dependencies]. Details - ImportResultOutputID=528678a09073e61d077ab7cb8c50cc2f DependenciesID=f358053f423311fdb9da8e231cd860eb StaticDependenciesID=e7443e3dfc20e9f59faee606cc705722 
Number of updated asset objects reloaded before import = 0
Number of asset objects unloaded after import = 0
========================================================================
Received Import Request.
  Time of request: 2026-09-01T06:19:53.287705Z
  Time since last request: 0.00016175 seconds.
  importAddress: GUID: ae45b5a310e9b4d3abbefc521bc8f2d7 - Path: Packages/com.unity.xr.arkit/Runtime/Frameworks/Foundation/NSBundle.cs - Importer: ScriptedImporter/UnityEditor.QuickSearchModule:UnityEditor.Search:ASIAI0B
Importing 'GUID: ae45b5a310e9b4d3abbefc521bc8f2d7 - Path: Packages/com.unity.xr.arkit/Runtime/Frameworks/Foundation/NSBundle.cs - Importer: ScriptedImporter/UnityEditor.QuickSearchModule:UnityEditor.Search:ASIAI0B' with importer (ScriptedImporter : UnityEditor.QuickSearchModule:UnityEditor.Search:ASIAI0B)
Imported 'GUID: ae45b5a310e9b4d3abbefc521bc8f2d7' -> (Import Result ID: '8a995f235fb9cb6617f3be1b1ba00b4f') in 0.001 seconds [static and dynamic dependencies]. Details - ImportResultOutputID=76b1a7806a9566fc7a8b0921ce3a2467 DependenciesID=5362b050932c161b4246ada7ba8491de StaticDependenciesID=a6395efc106c6cb4a40ee1de6cf7a87b 
Number of updated asset objects reloaded before import = 0
Number of asset objects unloaded after import = 0
========================================================================
Received Import Request.
  Time of request: 2026-09-01T06:19:53.2889Z
  Time since last request: 0.000182541 seconds.
  importAddress: GUID: e6fdf56f5a97480bbbb659d5f76b7628 - Path: Packages/com.unity.xr.arfoundation/Editor/VisualScripting/ARTrackedObjectsChangedEventUnitDescriptor.cs - Importer: ScriptedImporter/UnityEditor.QuickSearchModule:UnityEditor.Search:ASIAI0B
Importing 'GUID: e6fdf56f5a97480bbbb659d5f76b7628 - Path: Packages/com.unity.xr.arfoundation/Editor/VisualScripting/ARTrackedObjectsChangedEventUnitDescriptor.cs - Importer: ScriptedImporter/UnityEditor.QuickSearchModule:UnityEditor.Search:ASIAI0B' with importer (ScriptedImporter : UnityEditor.QuickSearchModule:UnityEditor.Search:ASIAI0B)
Imported 'GUID: e6fdf56f5a97480bbbb659d5f76b7628' -> (Import Result ID: 'e22ad216b384909a0d03f60c465d5936') in 0.001 seconds [static and dynamic dependencies]. Details - ImportResultOutputID=95b9a8201b57fe2a76e86e4b1711da62 DependenciesID=06df550ffa93b3c93e4cb8cb3e48a1df StaticDependenciesID=18b696f5f1a8b0d1c5a1feaea841cbc9 
Number of updated asset objects reloaded before import = 0
Number of asset objects unloaded after import = 0
========================================================================
Received Import Request.
  Time of request: 2026-09-01T06:19:53.290145Z
  Time since last request: 0.000169542 seconds.
  importAddress: GUID: 3499c0a3d6ad4e8babebc167bb071c1c - Path: Packages/com.unity.xr.arfoundation/Runtime/Simulation/BaseSimulationSceneManager.cs - Importer: ScriptedImporter/UnityEditor.QuickSearchModule:UnityEditor.Search:ASIAI0B
Importing 'GUID: 3499c0a3d6ad4e8babebc167bb071c1c - Path: Packages/com.unity.xr.arfoundation/Runtime/Simulation/BaseSimulationSceneManager.cs - Importer: ScriptedImporter/UnityEditor.QuickSearchModule:UnityEditor.Search:ASIAI0B' with importer (ScriptedImporter : UnityEditor.QuickSearchModule:UnityEditor.Search:ASIAI0B)
Imported 'GUID: 3499c0a3d6ad4e8babebc167bb071c1c' -> (Import Result ID: '30a668260a6035704dde6704cebe9a8c') in 0.001 seconds [static and dynamic dependencies]. Details - ImportResultOutputID=255477e2886e6d0e6262c15efaa917d6 DependenciesID=940610fcbba5990f74d3fcb1bf9db5ac StaticDependenciesID=fde7582744537c9cea0ea2721842235b 
Number of updated asset objects reloaded before import = 0
Number of asset objects unloaded after import = 0
========================================================================
Received Import Request.
  Time of request: 2026-09-01T06:19:53.291242Z
  Time since last request: 0.000162 seconds.
  importAddress: GUID: 57639542052af4119a3bc2cf7465b8eb - Path: Packages/com.unity.xr.arfoundation/Tests/Editor/ARSubsystems - Importer: ScriptedImporter/UnityEditor.QuickSearchModule:UnityEditor.Search:ASIAI0B
Importing 'GUID: 57639542052af4119a3bc2cf7465b8eb - Path: Packages/com.unity.xr.arfoundation/Tests/Editor/ARSubsystems - Importer: ScriptedImporter/UnityEditor.QuickSearchModule:UnityEditor.Search:ASIAI0B' with importer (ScriptedImporter : UnityEditor.QuickSearchModule:UnityEditor.Search:ASIAI0B)
Imported 'GUID: 57639542052af4119a3bc2cf7465b8eb' -> (Import Result ID: '81cc4eb06bcbd6ea1d6179c5125fd0a3') in 0.001 seconds [static and dynamic dependencies]. Details - ImportResultOutputID=cd03c81a5cafe938a1352f612e14ec86 DependenciesID=da73cc23bb44a5e366e096444d4cd7f4 StaticDependenciesID=cfbd567f5e8d7fc5c946909238fecc43 
Number of updated asset objects reloaded before import = 0
Number of asset objects unloaded after import = 1
========================================================================
Received Import Request.
  Time of request: 2026-09-01T06:19:53.292308Z
  Time since last request: 0.000159042 seconds.
  importAddress: GUID: 0dd81b8c580b34df3a26e42e99e30c58 - Path: Packages/com.unity.xr.arfoundation/Runtime/ARFoundation/Images - Importer: ScriptedImporter/UnityEditor.QuickSearchModule:UnityEditor.Search:ASIAI0B
Importing 'GUID: 0dd81b8c580b34df3a26e42e99e30c58 - Path: Packages/com.unity.xr.arfoundation/Runtime/ARFoundation/Images - Importer: ScriptedImporter/UnityEditor.QuickSearchModule:UnityEditor.Search:ASIAI0B' with importer (ScriptedImporter : UnityEditor.QuickSearchModule:UnityEditor.Search:ASIAI0B)
Imported 'GUID: 0dd81b8c580b34df3a26e42e99e30c58' -> (Import Result ID: '5f74cf4b8e7de6107ed0f159f40315b6') in 0.001 seconds [static and dynamic dependencies]. Details - ImportResultOutputID=ae57f7e548b0a758e42b85cff64c8116 DependenciesID=68d0a8443ceaf5e2359decdb23d0c223 StaticDependenciesID=4b672928432538952d4b979091fda77f 
Number of updated asset objects reloaded before import = 0
Number of asset objects unloaded after import = 1
========================================================================
Received Import Request.
  Time of request: 2026-09-01T06:19:53.293311Z
  Time since last request: 0.000158208 seconds.
  importAddress: GUID: 216c84564ed094721a61e9454c28e792 - Path: Packages/com.unity.xr.arkit/Editor/ACTool.cs - Importer: ScriptedImporter/UnityEditor.QuickSearchModule:UnityEditor.Search:ASIAI0B
Importing 'GUID: 216c84564ed094721a61e9454c28e792 - Path: Packages/com.unity.xr.arkit/Editor/ACTool.cs - Importer: ScriptedImporter/UnityEditor.QuickSearchModule:UnityEditor.Search:ASIAI0B' with importer (ScriptedImporter : UnityEditor.QuickSearchModule:UnityEditor.Search:ASIAI0B)
Imported 'GUID: 216c84564ed094721a61e9454c28e792' -> (Import Result ID: 'c01ee0a7bacc82b3f92f2862137a5743') in 0.001 seconds [static and dynamic dependencies]. Details - ImportResultOutputID=e7a3f47a3948ea43068247a625cceea8 DependenciesID=60317194575f6ae4f506fa4ab8fe5b6d StaticDependenciesID=8b8377647a1995599deb22b3d467b70f 
Number of updated asset objects reloaded before import = 0
Number of asset objects unloaded after import = 0
========================================================================
Received Import Request.
  Time of request: 2026-09-01T06:19:53.29435Z
  Time since last request: 0.000168292 seconds.
  importAddress: GUID: 8d473a02e1294ec39eb5b78945e2b315 - Path: Packages/com.unity.xr.arfoundation/Runtime/Simulation/Input/InputLayoutLoader.cs - Importer: ScriptedImporter/UnityEditor.QuickSearchModule:UnityEditor.Search:ASIAI0B
Importing 'GUID: 8d473a02e1294ec39eb5b78945e2b315 - Path: Packages/com.unity.xr.arfoundation/Runtime/Simulation/Input/InputLayoutLoader.cs - Importer: ScriptedImporter/UnityEditor.QuickSearchModule:UnityEditor.Search:ASIAI0B' with importer (ScriptedImporter : UnityEditor.QuickSearchModule:UnityEditor.Search:ASIAI0B)
Imported 'GUID: 8d473a02e1294ec39eb5b78945e2b315' -> (Import Result ID: '1cb4e6a113453d2e7ef4a46e74643b78') in 0.001 seconds [static and dynamic dependencies]. Details - ImportResultOutputID=a22d85e66a259019322b49ce963783af DependenciesID=e94cd7979f9d0c0316ebe3cc59f45c6e StaticDependenciesID=8acc76bf1288cd1b389217b995bad276 
Number of updated asset objects reloaded before import = 0
Number of asset objects unloaded after import = 0
========================================================================
Received Import Request.
  Time of request: 2026-09-01T06:19:53.295445Z
  Time since last request: 0.000162875 seconds.
  importAddress: GUID: 0cefdd4f6a64240ac86de4faea339fff - Path: Packages/com.unity.xr.arfoundation/Runtime/Simulation/Subsystems/Plane/PlaneDiscoveryVoxelGrid.cs - Importer: ScriptedImporter/UnityEditor.QuickSearchModule:UnityEditor.Search:ASIAI0B
Importing 'GUID: 0cefdd4f6a64240ac86de4faea339fff - Path: Packages/com.unity.xr.arfoundation/Runtime/Simulation/Subsystems/Plane/PlaneDiscoveryVoxelGrid.cs - Importer: ScriptedImporter/UnityEditor.QuickSearchModule:UnityEditor.Search:ASIAI0B' with importer (ScriptedImporter : UnityEditor.QuickSearchModule:UnityEditor.Search:ASIAI0B)
Imported 'GUID: 0cefdd4f6a64240ac86de4faea339fff' -> (Import Result ID: 'f649efce266f8fd60ecf4f00bd27d693') in 0.001 seconds [static and dynamic dependencies]. Details - ImportResultOutputID=c9e74f1e29e29be642f9018dc0c5001e DependenciesID=7b44798b433a40dd13dbc68dc8877ccb StaticDependenciesID=e8d8c7dcb59dff8ce686629b3a27bb2c 
Number of updated asset objects reloaded before import = 0
Number of asset objects unloaded after import = 0
========================================================================
Received Import Request.
  Time of request: 2026-09-01T06:19:53.296548Z
  Time since last request: 0.000179042 seconds.
  importAddress: GUID: c528b94e019af4bbbba5409b1a026b7b - Path: Packages/com.unity.xr.arkit/Runtime/ARKitLoaderConstants.cs - Importer: ScriptedImporter/UnityEditor.QuickSearchModule:UnityEditor.Search:ASIAI0B
Importing 'GUID: c528b94e019af4bbbba5409b1a026b7b - Path: Packages/com.unity.xr.arkit/Runtime/ARKitLoaderConstants.cs - Importer: ScriptedImporter/UnityEditor.QuickSearchModule:UnityEditor.Search:ASIAI0B' with importer (ScriptedImporter : UnityEditor.QuickSearchModule:UnityEditor.Search:ASIAI0B)
Imported 'GUID: c528b94e019af4bbbba5409b1a026b7b' -> (Import Result ID: 'cfd7aeda2921a28340c06f7430a4e540') in 0.001 seconds [static and dynamic dependencies]. Details - ImportResultOutputID=74c4cec28fd8eda52586b848ce9504c5 DependenciesID=652342a22c7ada07d077371d0b167888 StaticDependenciesID=946fbcbb0ce2c14f8ba98a4d631eac52 
Number of updated asset objects reloaded before import = 0
Number of asset objects unloaded after import = 0
========================================================================
Received Import Request.
  Time of request: 2026-09-01T06:19:53.297786Z
  Time since last request: 0.000271375 seconds.
  importAddress: GUID: 497e271bef134d73864e69760f5002bf - Path: Packages/com.unity.xr.arfoundation/Runtime/VisualScripting/Units/Events/MessageListeners/ARFaceListener.cs - Importer: ScriptedImporter/UnityEditor.QuickSearchModule:UnityEditor.Search:ASIAI0B
Importing 'GUID: 497e271bef134d73864e69760f5002bf - Path: Packages/com.unity.xr.arfoundation/Runtime/VisualScripting/Units/Events/MessageListeners/ARFaceListener.cs - Importer: ScriptedImporter/UnityEditor.QuickSearchModule:UnityEditor.Search:ASIAI0B' with importer (ScriptedImporter : UnityEditor.QuickSearchModule:UnityEditor.Search:ASIAI0B)
Imported 'GUID: 497e271bef134d73864e69760f5002bf' -> (Import Result ID: '226bb6015428ce30a3d4dc3d6d92cedb') in 0.001 seconds [static and dynamic dependencies]. Details - ImportResultOutputID=38acf465dee9a065e24a20cfee4011a6 DependenciesID=f75d985fa307cfa3f0b375bafd0cfea8 StaticDependenciesID=c908ea938cf46495363751d8e7fb5773 
Number of updated asset objects reloaded before import = 0
Number of asset objects unloaded after import = 0
========================================================================
Received Import Request.
  Time of request: 2026-09-01T06:19:53.298985Z
  Time since last request: 0.000173541 seconds.
  importAddress: GUID: 906ba9a56633440cb8a4c6b91ce7cafc - Path: Packages/com.unity.xr.arkit/Runtime/Frameworks/Foundation/NSErrorDomain.cs - Importer: ScriptedImporter/UnityEditor.QuickSearchModule:UnityEditor.Search:ASIAI0B
Importing 'GUID: 906ba9a56633440cb8a4c6b91ce7cafc - Path: Packages/com.unity.xr.arkit/Runtime/Frameworks/Foundation/NSErrorDomain.cs - Importer: ScriptedImporter/UnityEditor.QuickSearchModule:UnityEditor.Search:ASIAI0B' with importer (ScriptedImporter : UnityEditor.QuickSearchModule:UnityEditor.Search:ASIAI0B)
Imported 'GUID: 906ba9a56633440cb8a4c6b91ce7cafc' -> (Import Result ID: 'f8c1aa7d28aa9ff0c0a774cb470671c8') in 0.001 seconds [static and dynamic dependencies]. Details - ImportResultOutputID=d10aeb829f813d254997453fadcf220e DependenciesID=7fb024d2a58d069436ea9dfe7cace896 StaticDependenciesID=6d9b5e2904954273a701f51df492ae23 
Number of updated asset objects reloaded before import = 0
Number of asset objects unloaded after import = 0
========================================================================
Received Import Request.
  Time of request: 2026-09-01T06:19:53.300563Z
  Time since last request: 0.000648333 seconds.
  importAddress: GUID: 642a99e67592f490e922643484fae756 - Path: Packages/com.unity.xr.arfoundation/Runtime/ARFoundation/Utils/HashCodeUtil.cs - Importer: ScriptedImporter/UnityEditor.QuickSearchModule:UnityEditor.Search:ASIAI0B
Importing 'GUID: 642a99e67592f490e922643484fae756 - Path: Packages/com.unity.xr.arfoundation/Runtime/ARFoundation/Utils/HashCodeUtil.cs - Importer: ScriptedImporter/UnityEditor.QuickSearchModule:UnityEditor.Search:ASIAI0B' with importer (ScriptedImporter : UnityEditor.QuickSearchModule:UnityEditor.Search:ASIAI0B)
Imported 'GUID: 642a99e67592f490e922643484fae756' -> (Import Result ID: '0270dfd5d80a2a7068c9054ce8e4adfb') in 0.001 seconds [static and dynamic dependencies]. Details - ImportResultOutputID=323b980441d402fbbcad91a7884c6224 DependenciesID=81bd7ec6a900b979c9c8b0eb1ebe0eb1 StaticDependenciesID=abc6e28ce20fa172a4abe593e5c98997 
Number of updated asset objects reloaded before import = 0
Number of asset objects unloaded after import = 0
========================================================================
Received Import Request.
  Time of request: 2026-09-01T06:19:53.301734Z
  Time since last request: 0.00017925 seconds.
  importAddress: GUID: e97cf8a0d8468264083882a7003bddb0 - Path: Packages/com.unity.xr.arfoundation/Editor/Icons/d_XREnvironment.png - Importer: ScriptedImporter/UnityEditor.QuickSearchModule:UnityEditor.Search:ASIAI0B
Importing 'GUID: e97cf8a0d8468264083882a7003bddb0 - Path: Packages/com.unity.xr.arfoundation/Editor/Icons/d_XREnvironment.png - Importer: ScriptedImporter/UnityEditor.QuickSearchModule:UnityEditor.Search:ASIAI0B' with importer (ScriptedImporter : UnityEditor.QuickSearchModule:UnityEditor.Search:ASIAI0B)
Imported 'GUID: e97cf8a0d8468264083882a7003bddb0' -> (Import Result ID: 'c47404c76ff62ec3e90429a3b1ffa17f') in 0.003 seconds [static and dynamic dependencies]. Details - ImportResultOutputID=eb2c1bf8894912ae87b17745e3b43ade DependenciesID=42dc3804399cafea43daa023888e24fa StaticDependenciesID=91700dc4662c8caf72730ca62675c10a 
Number of updated asset objects reloaded before import = 0
Number of asset objects unloaded after import = 1
========================================================================
Received Import Request.
  Time of request: 2026-09-01T06:19:53.304884Z
  Time since last request: 0.0003205 seconds.
  importAddress: GUID: 4dea56a9eaadd1c439095de4f9a371cb - Path: Packages/com.unity.xr.arfoundation/Runtime/ARFoundation/Images/ARTrackedImageManager.cs - Importer: ScriptedImporter/UnityEditor.QuickSearchModule:UnityEditor.Search:ASIAI0B
Importing 'GUID: 4dea56a9eaadd1c439095de4f9a371cb - Path: Packages/com.unity.xr.arfoundation/Runtime/ARFoundation/Images/ARTrackedImageManager.cs - Importer: ScriptedImporter/UnityEditor.QuickSearchModule:UnityEditor.Search:ASIAI0B' with importer (ScriptedImporter : UnityEditor.QuickSearchModule:UnityEditor.Search:ASIAI0B)
Imported 'GUID: 4dea56a9eaadd1c439095de4f9a371cb' -> (Import Result ID: '9aba0de303a7cd3aae80ea53f2f0f1c8') in 0.001 seconds [static and dynamic dependencies]. Details - ImportResultOutputID=e8abb692b9177782bb4d24ddd3f16399 DependenciesID=8dcbbc7e8b8efbf0ed994d357d773869 StaticDependenciesID=8b52be535e49c273e62777d8b8c2656a 
Number of updated asset objects reloaded before import = 0
Number of asset objects unloaded after import = 1
========================================================================
Received Import Request.
  Time of request: 2026-09-01T06:19:53.306862Z
  Time since last request: 0.000292084 seconds.
  importAddress: GUID: e3ac99edf17d4ef191eb120b1310cca0 - Path: Packages/com.unity.xr.arfoundation/Editor/VisualScripting/ARParticipantsChangedEventUnitDescriptor.cs - Importer: ScriptedImporter/UnityEditor.QuickSearchModule:UnityEditor.Search:ASIAI0B
Importing 'GUID: e3ac99edf17d4ef191eb120b1310cca0 - Path: Packages/com.unity.xr.arfoundation/Editor/VisualScripting/ARParticipantsChangedEventUnitDescriptor.cs - Importer: ScriptedImporter/UnityEditor.QuickSearchModule:UnityEditor.Search:ASIAI0B' with importer (ScriptedImporter : UnityEditor.QuickSearchModule:UnityEditor.Search:ASIAI0B)
Imported 'GUID: e3ac99edf17d4ef191eb120b1310cca0' -> (Import Result ID: 'c02813fccaffff0085597e566f4f2775') in 0.001 seconds [static and dynamic dependencies]. Details - ImportResultOutputID=fd9b356dd39c08b9975ebc24ce489f8f DependenciesID=69c1f53dd6abe92d802e852e3a63fc15 StaticDependenciesID=866e7112c4495475439ca2ed4e3185e3 
Number of updated asset objects reloaded before import = 0
Number of asset objects unloaded after import = 0
========================================================================
Received Import Request.
  Time of request: 2026-09-01T06:19:53.308309Z
  Time since last request: 0.000437 seconds.
  importAddress: GUID: 28a51e721e1d4416cb3c377985a47339 - Path: Packages/com.unity.xr.arfoundation/Runtime/ARFoundation/PointClouds - Importer: ScriptedImporter/UnityEditor.QuickSearchModule:UnityEditor.Search:ASIAI0B
Importing 'GUID: 28a51e721e1d4416cb3c377985a47339 - Path: Packages/com.unity.xr.arfoundation/Runtime/ARFoundation/PointClouds - Importer: ScriptedImporter/UnityEditor.QuickSearchModule:UnityEditor.Search:ASIAI0B' with importer (ScriptedImporter : UnityEditor.QuickSearchModule:UnityEditor.Search:ASIAI0B)
Imported 'GUID: 28a51e721e1d4416cb3c377985a47339' -> (Import Result ID: '96b5d0ddd14397810a518cd537e3966b') in 0.001 seconds [static and dynamic dependencies]. Details - ImportResultOutputID=9c565e7a6f995511ded0b441b036fa2b DependenciesID=6282d797cbe40961068adf97bf1d7bd1 StaticDependenciesID=13eb1de89118e18762f4e8f518a37133 
Number of updated asset objects reloaded before import = 0
Number of asset objects unloaded after import = 1
========================================================================
Received Import Request.
  Time of request: 2026-09-01T06:19:53.309445Z
  Time since last request: 0.000169917 seconds.
  importAddress: GUID: 08e6a1d1bc87fb6408c3e916a260691b - Path: Packages/com.unity.xr.arfoundation/package.json - Importer: ScriptedImporter/UnityEditor.QuickSearchModule:UnityEditor.Search:ASIAI0B
Importing 'GUID: 08e6a1d1bc87fb6408c3e916a260691b - Path: Packages/com.unity.xr.arfoundation/package.json - Importer: ScriptedImporter/UnityEditor.QuickSearchModule:UnityEditor.Search:ASIAI0B' with importer (ScriptedImporter : UnityEditor.QuickSearchModule:UnityEditor.Search:ASIAI0B)
Imported 'GUID: 08e6a1d1bc87fb6408c3e916a260691b' -> (Import Result ID: 'cab540791f360b23bacff2e84eced7be') in 0.001 seconds [static and dynamic dependencies]. Details - ImportResultOutputID=b456a1b76aac629174105d594745133b DependenciesID=678d7e6f787c3ebaca97701bb9f4b624 StaticDependenciesID=112b9ea99876e142f6ad7b659e62a5cc 
Number of updated asset objects reloaded before import = 0
Number of asset objects unloaded after import = 1
========================================================================
Received Import Request.
  Time of request: 2026-09-01T06:19:53.310718Z
  Time since last request: 0.00017775 seconds.
  importAddress: GUID: 9c477c0121e9746ddb97371bfd4d7a36 - Path: Packages/com.unity.xr.arkit/Runtime/DefaultARKitSessionDelegate.cs - Importer: ScriptedImporter/UnityEditor.QuickSearchModule:UnityEditor.Search:ASIAI0B
Importing 'GUID: 9c477c0121e9746ddb97371bfd4d7a36 - Path: Packages/com.unity.xr.arkit/Runtime/DefaultARKitSessionDelegate.cs - Importer: ScriptedImporter/UnityEditor.QuickSearchModule:UnityEditor.Search:ASIAI0B' with importer (ScriptedImporter : UnityEditor.QuickSearchModule:UnityEditor.Search:ASIAI0B)
Imported 'GUID: 9c477c0121e9746ddb97371bfd4d7a36' -> (Import Result ID: '6522ee4374b695901f86b6a46cd6f222') in 0.002 seconds [static and dynamic dependencies]. Details - ImportResultOutputID=7d00a06919ddf33755d28049b0b3b4d5 DependenciesID=fe1adc5815a8d607a31bb01a17971811 StaticDependenciesID=92dd23973a66f203bb56cde054f10e64 
Number of updated asset objects reloaded before import = 0
Number of asset objects unloaded after import = 0
========================================================================
Received Import Request.
  Time of request: 2026-09-01T06:19:53.312953Z
  Time since last request: 0.000196292 seconds.
  importAddress: GUID: 28fe1e4e833b4006ac4ddd2a138d7b22 - Path: Packages/com.unity.xr.arfoundation/Runtime/Simulation/Input - Importer: ScriptedImporter/UnityEditor.QuickSearchModule:UnityEditor.Search:ASIAI0B
Importing 'GUID: 28fe1e4e833b4006ac4ddd2a138d7b22 - Path: Packages/com.unity.xr.arfoundation/Runtime/Simulation/Input - Importer: ScriptedImporter/UnityEditor.QuickSearchModule:UnityEditor.Search:ASIAI0B' with importer (ScriptedImporter : UnityEditor.QuickSearchModule:UnityEditor.Search:ASIAI0B)
Imported 'GUID: 28fe1e4e833b4006ac4ddd2a138d7b22' -> (Import Result ID: '02a59b1af420214e7afcb5aa877437e7') in 0.001 seconds [static and dynamic dependencies]. Details - ImportResultOutputID=b94f9e506b6638d107799bdcd013faac DependenciesID=44abe0b7de2511fee40707eca5806399 StaticDependenciesID=d419763f9672abbf1d23b53a12899e37 
Number of updated asset objects reloaded before import = 0
Number of asset objects unloaded after import = 1
========================================================================
Received Import Request.
  Time of request: 2026-09-01T06:19:53.314067Z
  Time since last request: 0.000168084 seconds.
  importAddress: GUID: 36cd8e8bd3ae4959b6ea3c87436c9903 - Path: Packages/com.unity.xr.arfoundation/Runtime/ARSubsystems/BoundingBoxes/BoundingBoxClassifications.cs - Importer: ScriptedImporter/UnityEditor.QuickSearchModule:UnityEditor.Search:ASIAI0B
Importing 'GUID: 36cd8e8bd3ae4959b6ea3c87436c9903 - Path: Packages/com.unity.xr.arfoundation/Runtime/ARSubsystems/BoundingBoxes/BoundingBoxClassifications.cs - Importer: ScriptedImporter/UnityEditor.QuickSearchModule:UnityEditor.Search:ASIAI0B' with importer (ScriptedImporter : UnityEditor.QuickSearchModule:UnityEditor.Search:ASIAI0B)
Imported 'GUID: 36cd8e8bd3ae4959b6ea3c87436c9903' -> (Import Result ID: '34a145616e92a2a39bf593af849c62ab') in 0.001 seconds [static and dynamic dependencies]. Details - ImportResultOutputID=2163146542d69a02c1b79588e21d4139 DependenciesID=6146703084ca26e9b8b530e679422bcd StaticDependenciesID=4f3f2413ed5adc6afd3bd5d55f946423 
Number of updated asset objects reloaded before import = 0
Number of asset objects unloaded after import = 0
========================================================================
Received Import Request.
  Time of request: 2026-09-01T06:19:53.315165Z
  Time since last request: 0.000163875 seconds.
  importAddress: GUID: 75046bae3520e4b6a92661dded0ac0fc - Path: Packages/com.unity.xr.arfoundation/Editor/Simulation/Environment/SimulationEnvironmentEditor.cs - Importer: ScriptedImporter/UnityEditor.QuickSearchModule:UnityEditor.Search:ASIAI0B
Importing 'GUID: 75046bae3520e4b6a92661dded0ac0fc - Path: Packages/com.unity.xr.arfoundation/Editor/Simulation/Environment/SimulationEnvironmentEditor.cs - Importer: ScriptedImporter/UnityEditor.QuickSearchModule:UnityEditor.Search:ASIAI0B' with importer (ScriptedImporter : UnityEditor.QuickSearchModule:UnityEditor.Search:ASIAI0B)
Imported 'GUID: 75046bae3520e4b6a92661dded0ac0fc' -> (Import Result ID: 'e1ba21a538bab4ca77b1a9f863423c83') in 0.001 seconds [static and dynamic dependencies]. Details - ImportResultOutputID=d701f62da7b7257bed255ef5f2f5b966 DependenciesID=526ddd0fc566385362a664d527c5a62e StaticDependenciesID=46afc314f28336f0a652f6504550afb1 
Number of updated asset objects reloaded before import = 0
Number of asset objects unloaded after import = 0
========================================================================
Received Import Request.
  Time of request: 2026-09-01T06:19:53.316472Z
  Time since last request: 0.000165458 seconds.
  importAddress: GUID: 650dbb454746aad4082f238ef25b1cde - Path: Packages/com.unity.xr.arfoundation/Runtime/ARFoundation/Utils/PoseExtensions.cs - Importer: ScriptedImporter/UnityEditor.QuickSearchModule:UnityEditor.Search:ASIAI0B
Importing 'GUID: 650dbb454746aad4082f238ef25b1cde - Path: Packages/com.unity.xr.arfoundation/Runtime/ARFoundation/Utils/PoseExtensions.cs - Importer: ScriptedImporter/UnityEditor.QuickSearchModule:UnityEditor.Search:ASIAI0B' with importer (ScriptedImporter : UnityEditor.QuickSearchModule:UnityEditor.Search:ASIAI0B)
Imported 'GUID: 650dbb454746aad4082f238ef25b1cde' -> (Import Result ID: 'cd94db62bf5f085bbbe902e647e82612') in 0.001 seconds [static and dynamic dependencies]. Details - ImportResultOutputID=bb8044a1958f914486d7e49cb0cde622 DependenciesID=dd82ce154fcd27aae077e1cde90547b4 StaticDependenciesID=61e78bac88a0f81aefd6a783517ab382 
Number of updated asset objects reloaded before import = 0
Number of asset objects unloaded after import = 1
========================================================================
Received Import Request.
  Time of request: 2026-09-01T06:19:53.317761Z
  Time since last request: 0.000222042 seconds.
  importAddress: GUID: 34a1d52bbd56a0445af0ae7c74ce3ebb - Path: Packages/com.unity.xr.arfoundation/Runtime/ARSubsystems/Session/XRSessionUpdateParams.cs - Importer: ScriptedImporter/UnityEditor.QuickSearchModule:UnityEditor.Search:ASIAI0B
Importing 'GUID: 34a1d52bbd56a0445af0ae7c74ce3ebb - Path: Packages/com.unity.xr.arfoundation/Runtime/ARSubsystems/Session/XRSessionUpdateParams.cs - Importer: ScriptedImporter/UnityEditor.QuickSearchModule:UnityEditor.Search:ASIAI0B' with importer (ScriptedImporter : UnityEditor.QuickSearchModule:UnityEditor.Search:ASIAI0B)
Imported 'GUID: 34a1d52bbd56a0445af0ae7c74ce3ebb' -> (Import Result ID: 'bc043dc809d219f298eefdb17e3f2752') in 0.001 seconds [static and dynamic dependencies]. Details - ImportResultOutputID=9c0369e59bf8ba792dea8dbbd7a2ec8d DependenciesID=b9ed929d60cd715344632cbcfea9b4af StaticDependenciesID=6541d3b4c8248fccd2d8e5ca44616883 
Number of updated asset objects reloaded before import = 0
Number of asset objects unloaded after import = 0
========================================================================
Received Import Request.
  Time of request: 2026-09-01T06:19:53.318956Z
  Time since last request: 0.000170125 seconds.
  importAddress: GUID: 87fa85f94657947fda9ac6eb055c2d3c - Path: Packages/com.unity.xr.arfoundation/Runtime/ARSubsystems/Objects/XRReferenceObject.cs - Importer: ScriptedImporter/UnityEditor.QuickSearchModule:UnityEditor.Search:ASIAI0B
Importing 'GUID: 87fa85f94657947fda9ac6eb055c2d3c - Path: Packages/com.unity.xr.arfoundation/Runtime/ARSubsystems/Objects/XRReferenceObject.cs - Importer: ScriptedImporter/UnityEditor.QuickSearchModule:UnityEditor.Search:ASIAI0B' with importer (ScriptedImporter : UnityEditor.QuickSearchModule:UnityEditor.Search:ASIAI0B)
Imported 'GUID: 87fa85f94657947fda9ac6eb055c2d3c' -> (Import Result ID: 'f1a2b5cf7df4b3ce324e145308a60d14') in 0.001 seconds [static and dynamic dependencies]. Details - ImportResultOutputID=d3203d5f51e58e4b7eab9f54e571dc87 DependenciesID=d0fce4fb0d30f173121a9c2389128821 StaticDependenciesID=862f4cc2592103b972016ba6862b1ba2 
Number of updated asset objects reloaded before import = 0
Number of asset objects unloaded after import = 0
========================================================================
Received Import Request.
  Time of request: 2026-09-01T06:19:53.320079Z
  Time since last request: 0.000166833 seconds.
  importAddress: GUID: 94f701a87e72b4fe6862165bd515d855 - Path: Packages/com.unity.xr.arfoundation/Editor/VisualScripting/GetTrackedImagesUnitDescriptor.cs - Importer: ScriptedImporter/UnityEditor.QuickSearchModule:UnityEditor.Search:ASIAI0B
Importing 'GUID: 94f701a87e72b4fe6862165bd515d855 - Path: Packages/com.unity.xr.arfoundation/Editor/VisualScripting/GetTrackedImagesUnitDescriptor.cs - Importer: ScriptedImporter/UnityEditor.QuickSearchModule:UnityEditor.Search:ASIAI0B' with importer (ScriptedImporter : UnityEditor.QuickSearchModule:UnityEditor.Search:ASIAI0B)
Imported 'GUID: 94f701a87e72b4fe6862165bd515d855' -> (Import Result ID: '293641e9f570c9d5abd33d43cbbcc6ad') in 0.001 seconds [static and dynamic dependencies]. Details - ImportResultOutputID=be1e52cff2076931d5be916c6086b3d1 DependenciesID=ee67fea385096d313b3de3e26c5b3342 StaticDependenciesID=c21c1a3d0f413e803de2baa2420ad6eb 
Number of updated asset objects reloaded before import = 0
Number of asset objects unloaded after import = 0
========================================================================
Received Import Request.
  Time of request: 2026-09-01T06:19:53.321332Z
  Time since last request: 0.000210583 seconds.
  importAddress: GUID: a47fe48916fd144a4945f7687f45f317 - Path: Packages/com.unity.xr.arkit/Runtime/ARKitErrorCode.cs - Importer: ScriptedImporter/UnityEditor.QuickSearchModule:UnityEditor.Search:ASIAI0B
Importing 'GUID: a47fe48916fd144a4945f7687f45f317 - Path: Packages/com.unity.xr.arkit/Runtime/ARKitErrorCode.cs - Importer: ScriptedImporter/UnityEditor.QuickSearchModule:UnityEditor.Search:ASIAI0B' with importer (ScriptedImporter : UnityEditor.QuickSearchModule:UnityEditor.Search:ASIAI0B)
Imported 'GUID: a47fe48916fd144a4945f7687f45f317' -> (Import Result ID: '1175fb6ec7880e552372cb0f0ea46aff') in 0.001 seconds [static and dynamic dependencies]. Details - ImportResultOutputID=ec08ff40af2623af7cd57976ffad3929 DependenciesID=585a778ea9f36494e18cc6c84915a804 StaticDependenciesID=f3375cc8182034879977956716b9cbc0 
Number of updated asset objects reloaded before import = 0
Number of asset objects unloaded after import = 0
========================================================================
Received Import Request.
  Time of request: 2026-09-01T06:19:53.322655Z
  Time since last request: 0.000211708 seconds.
  importAddress: GUID: 2be2a85be795d1c49ae66bc1e1975972 - Path: Packages/com.unity.xr.arfoundation/Tests/Runtime/ARFoundation/MeshSubsystem - Importer: ScriptedImporter/UnityEditor.QuickSearchModule:UnityEditor.Search:ASIAI0B
Importing 'GUID: 2be2a85be795d1c49ae66bc1e1975972 - Path: Packages/com.unity.xr.arfoundation/Tests/Runtime/ARFoundation/MeshSubsystem - Importer: ScriptedImporter/UnityEditor.QuickSearchModule:UnityEditor.Search:ASIAI0B' with importer (ScriptedImporter : UnityEditor.QuickSearchModule:UnityEditor.Search:ASIAI0B)
Imported 'GUID: 2be2a85be795d1c49ae66bc1e1975972' -> (Import Result ID: 'd7185f21d72495afb276ef1c22fdb1ef') in 0.001 seconds [static and dynamic dependencies]. Details - ImportResultOutputID=aecef9e307b9bb518eafeac4073486d3 DependenciesID=043478eff4ea5b9f2d4932b1a8bdda02 StaticDependenciesID=fdd1d4438425033035f94ab5bde25bbe 
Number of updated asset objects reloaded before import = 0
Number of asset objects unloaded after import = 1
========================================================================
Received Import Request.
  Time of request: 2026-09-01T06:19:53.323976Z
  Time since last request: 0.000218209 seconds.
  importAddress: GUID: f4aab259b5c35443f9b1d0c15e2ad434 - Path: Packages/com.unity.xr.arfoundation/Runtime/ARFoundation/Faces/ARFaceMeshVisualizer.cs - Importer: ScriptedImporter/UnityEditor.QuickSearchModule:UnityEditor.Search:ASIAI0B
Importing 'GUID: f4aab259b5c35443f9b1d0c15e2ad434 - Path: Packages/com.unity.xr.arfoundation/Runtime/ARFoundation/Faces/ARFaceMeshVisualizer.cs - Importer: ScriptedImporter/UnityEditor.QuickSearchModule:UnityEditor.Search:ASIAI0B' with importer (ScriptedImporter : UnityEditor.QuickSearchModule:UnityEditor.Search:ASIAI0B)
Imported 'GUID: f4aab259b5c35443f9b1d0c15e2ad434' -> (Import Result ID: 'e2bb0360aec17a6f6709d9e67338f0cb') in 0.001 seconds [static and dynamic dependencies]. Details - ImportResultOutputID=af1fa14837dc9eadc51620ab0f84fc6b DependenciesID=65aff19087fa3579e0945afac503889c StaticDependenciesID=97cdc1ac7d45cbaf44ddb637bffd2aef 
Number of updated asset objects reloaded before import = 0
Number of asset objects unloaded after import = 1
========================================================================
Received Import Request.
  Time of request: 2026-09-01T06:19:53.325406Z
  Time since last request: 0.000177583 seconds.
  importAddress: GUID: 4e3703b308df040d0b86e09ed386f401 - Path: Packages/com.unity.xr.arkit/Runtime/ARWorldMap.cs - Importer: ScriptedImporter/UnityEditor.QuickSearchModule:UnityEditor.Search:ASIAI0B
Importing 'GUID: 4e3703b308df040d0b86e09ed386f401 - Path: Packages/com.unity.xr.arkit/Runtime/ARWorldMap.cs - Importer: ScriptedImporter/UnityEditor.QuickSearchModule:UnityEditor.Search:ASIAI0B' with importer (ScriptedImporter : UnityEditor.QuickSearchModule:UnityEditor.Search:ASIAI0B)
Imported 'GUID: 4e3703b308df040d0b86e09ed386f401' -> (Import Result ID: '096b309db03647cb84a4e6b38cdf08ef') in 0.001 seconds [static and dynamic dependencies]. Details - ImportResultOutputID=53df621fd8abb3fdff0575c2192f400c DependenciesID=cbfd0851ead14e4229e81a163ac6b8e7 StaticDependenciesID=c539c9da95804b872fd48a1128e1bd45 
Number of updated asset objects reloaded before import = 0
Number of asset objects unloaded after import = 1
========================================================================
Received Import Request.
  Time of request: 2026-09-01T06:19:53.326773Z
  Time since last request: 0.000159458 seconds.
  importAddress: GUID: 4400004d6f9534fc7a83a8c8785f1cea - Path: Packages/com.unity.xr.arfoundation/Tests/Runtime/ARFoundation/XRSubsystemTests.cs - Importer: ScriptedImporter/UnityEditor.QuickSearchModule:UnityEditor.Search:ASIAI0B
Importing 'GUID: 4400004d6f9534fc7a83a8c8785f1cea - Path: Packages/com.unity.xr.arfoundation/Tests/Runtime/ARFoundation/XRSubsystemTests.cs - Importer: ScriptedImporter/UnityEditor.QuickSearchModule:UnityEditor.Search:ASIAI0B' with importer (ScriptedImporter : UnityEditor.QuickSearchModule:UnityEditor.Search:ASIAI0B)
Imported 'GUID: 4400004d6f9534fc7a83a8c8785f1cea' -> (Import Result ID: 'e81f5584a3b02fe2d18dd3e5696164d7') in 0.001 seconds [static and dynamic dependencies]. Details - ImportResultOutputID=e5ba5b8dfb20e2e1a35e46e7023224fe DependenciesID=f4ba5366c6d2343a8d842233213b22be StaticDependenciesID=a19e2c56b499af5297bab7cea3b3035e 
Number of updated asset objects reloaded before import = 0
Number of asset objects unloaded after import = 0
========================================================================
Received Import Request.
  Time of request: 2026-09-01T06:19:53.328125Z
  Time since last request: 0.000178666 seconds.
  importAddress: GUID: e1d9ced7ac7b45db87a89eebca0838e5 - Path: Packages/com.unity.xr.arkit/Runtime - Importer: ScriptedImporter/UnityEditor.QuickSearchModule:UnityEditor.Search:ASIAI0B
Importing 'GUID: e1d9ced7ac7b45db87a89eebca0838e5 - Path: Packages/com.unity.xr.arkit/Runtime - Importer: ScriptedImporter/UnityEditor.QuickSearchModule:UnityEditor.Search:ASIAI0B' with importer (ScriptedImporter : UnityEditor.QuickSearchModule:UnityEditor.Search:ASIAI0B)
Imported 'GUID: e1d9ced7ac7b45db87a89eebca0838e5' -> (Import Result ID: '3fbf15c3f36dcafd537f6c7619e7ffb0') in 0.001 seconds [static and dynamic dependencies]. Details - ImportResultOutputID=8a8cbbad3e8f286668e31ad45c65813c DependenciesID=dd30b8f82096504edb80661913bc5687 StaticDependenciesID=0f369410c2ffbffc5a4f1564b605c11c 
Number of updated asset objects reloaded before import = 0
Number of asset objects unloaded after import = 1
========================================================================
Received Import Request.
  Time of request: 2026-09-01T06:19:53.329238Z
  Time since last request: 0.000182417 seconds.
  importAddress: GUID: 4ebe63e3282a6406396933b12d75b3b8 - Path: Packages/com.unity.xr.arfoundation/Runtime/ARFoundation/PointClouds/ARPointCloudUpdatedEventArgs.cs - Importer: ScriptedImporter/UnityEditor.QuickSearchModule:UnityEditor.Search:ASIAI0B
Importing 'GUID: 4ebe63e3282a6406396933b12d75b3b8 - Path: Packages/com.unity.xr.arfoundation/Runtime/ARFoundation/PointClouds/ARPointCloudUpdatedEventArgs.cs - Importer: ScriptedImporter/UnityEditor.QuickSearchModule:UnityEditor.Search:ASIAI0B' with importer (ScriptedImporter : UnityEditor.QuickSearchModule:UnityEditor.Search:ASIAI0B)
Imported 'GUID: 4ebe63e3282a6406396933b12d75b3b8' -> (Import Result ID: 'fe47dbcf825cbbff7184b3baabdbc0ac') in 0.001 seconds [static and dynamic dependencies]. Details - ImportResultOutputID=0c74cb5eb7493d122c7ea5b9ba0f59e9 DependenciesID=8f28e506ed398c3dfd047f1681c0ec0d StaticDependenciesID=b2b84578d6cffa77a87418b17862c05e 
Number of updated asset objects reloaded before import = 0
Number of asset objects unloaded after import = 1
========================================================================
Received Import Request.
  Time of request: 2026-09-01T06:19:53.330559Z
  Time since last request: 0.000179208 seconds.
  importAddress: GUID: 47ec2bf8cedd04d80b7c04a8f3cdc527 - Path: Packages/com.unity.xr.arkit/Tests - Importer: ScriptedImporter/UnityEditor.QuickSearchModule:UnityEditor.Search:ASIAI0B
Importing 'GUID: 47ec2bf8cedd04d80b7c04a8f3cdc527 - Path: Packages/com.unity.xr.arkit/Tests - Importer: ScriptedImporter/UnityEditor.QuickSearchModule:UnityEditor.Search:ASIAI0B' with importer (ScriptedImporter : UnityEditor.QuickSearchModule:UnityEditor.Search:ASIAI0B)
Imported 'GUID: 47ec2bf8cedd04d80b7c04a8f3cdc527' -> (Import Result ID: '6ca287858b5594f3c87471310570583e') in 0.001 seconds [static and dynamic dependencies]. Details - ImportResultOutputID=37cafc533f996b3924f76ad17fdfe88e DependenciesID=bd8d855cccaa38bebd006632066687da StaticDependenciesID=f7d5a5654d5c081119faa1035f339927 
Number of updated asset objects reloaded before import = 0
Number of asset objects unloaded after import = 1
========================================================================
Received Import Request.
  Time of request: 2026-09-01T06:19:53.33167Z
  Time since last request: 0.000169458 seconds.
  importAddress: GUID: 85e28f5195854363a14503fe061ca813 - Path: Packages/com.unity.xr.arfoundation/Tests/Runtime/XRSimulation - Importer: ScriptedImporter/UnityEditor.QuickSearchModule:UnityEditor.Search:ASIAI0B
Importing 'GUID: 85e28f5195854363a14503fe061ca813 - Path: Packages/com.unity.xr.arfoundation/Tests/Runtime/XRSimulation - Importer: ScriptedImporter/UnityEditor.QuickSearchModule:UnityEditor.Search:ASIAI0B' with importer (ScriptedImporter : UnityEditor.QuickSearchModule:UnityEditor.Search:ASIAI0B)
Imported 'GUID: 85e28f5195854363a14503fe061ca813' -> (Import Result ID: 'b6c992a89d34f2af1b34f237df985e96') in 0.001 seconds [static and dynamic dependencies]. Details - ImportResultOutputID=28c3af3b1756fa284b5d5f8a12063cf6 DependenciesID=a9971c71c6c2670e7db33f39049f0f9c StaticDependenciesID=bbb6a2b13fef9520d18e8da3b678a38d 
Number of updated asset objects reloaded before import = 0
Number of asset objects unloaded after import = 1
========================================================================
Received Import Request.
  Time of request: 2026-09-01T06:19:53.332742Z
  Time since last request: 0.000176416 seconds.
  importAddress: GUID: a1c51b4123c7949d3b8ba460a8e6ffe2 - Path: Packages/com.unity.xr.arfoundation/Editor/Simulation/Analytics/Hooks/EnvironmentChangeHook.cs - Importer: ScriptedImporter/UnityEditor.QuickSearchModule:UnityEditor.Search:ASIAI0B
Importing 'GUID: a1c51b4123c7949d3b8ba460a8e6ffe2 - Path: Packages/com.unity.xr.arfoundation/Editor/Simulation/Analytics/Hooks/EnvironmentChangeHook.cs - Importer: ScriptedImporter/UnityEditor.QuickSearchModule:UnityEditor.Search:ASIAI0B' with importer (ScriptedImporter : UnityEditor.QuickSearchModule:UnityEditor.Search:ASIAI0B)
Imported 'GUID: a1c51b4123c7949d3b8ba460a8e6ffe2' -> (Import Result ID: '400a61e3fd39a33032fc75ee5d7e85b7') in 0.001 seconds [static and dynamic dependencies]. Details - ImportResultOutputID=2cee5d1fa17964985e5f1ae3e84a31ef DependenciesID=1d349a5dd85964fee988a7d120b7cdfb StaticDependenciesID=2dbbeea2b99b597834a00f555860eb84 
Number of updated asset objects reloaded before import = 0
Number of asset objects unloaded after import = 0
========================================================================
Received Import Request.
  Time of request: 2026-09-01T06:19:53.334044Z
  Time since last request: 0.000280541 seconds.
  importAddress: GUID: eaaf61d9ca370461ea22da8230668387 - Path: Packages/com.unity.xr.arfoundation/Editor/ARSubsystems/XRReferenceObjectLibraryExtensions.cs - Importer: ScriptedImporter/UnityEditor.QuickSearchModule:UnityEditor.Search:ASIAI0B
Importing 'GUID: eaaf61d9ca370461ea22da8230668387 - Path: Packages/com.unity.xr.arfoundation/Editor/ARSubsystems/XRReferenceObjectLibraryExtensions.cs - Importer: ScriptedImporter/UnityEditor.QuickSearchModule:UnityEditor.Search:ASIAI0B' with importer (ScriptedImporter : UnityEditor.QuickSearchModule:UnityEditor.Search:ASIAI0B)
Imported 'GUID: eaaf61d9ca370461ea22da8230668387' -> (Import Result ID: '5e41d53471d49cd17d6e49596891cb25') in 0.001 seconds [static and dynamic dependencies]. Details - ImportResultOutputID=efef7f8a3697cecaf424c8ff216b50f8 DependenciesID=ec431719033b3e72a77fce656e33a189 StaticDependenciesID=e7807db78cc420910e95b167992a74e1 
Number of updated asset objects reloaded before import = 0
Number of asset objects unloaded after import = 0
========================================================================
Received Import Request.
  Time of request: 2026-09-01T06:19:53.335237Z
  Time since last request: 0.000184958 seconds.
  importAddress: GUID: 05158dd2c9f3948bda09faa92280612a - Path: Packages/com.unity.xr.arfoundation/Runtime/ARSubsystems/Faces/XRFaceSubsystemDescriptor.cs - Importer: ScriptedImporter/UnityEditor.QuickSearchModule:UnityEditor.Search:ASIAI0B
Importing 'GUID: 05158dd2c9f3948bda09faa92280612a - Path: Packages/com.unity.xr.arfoundation/Runtime/ARSubsystems/Faces/XRFaceSubsystemDescriptor.cs - Importer: ScriptedImporter/UnityEditor.QuickSearchModule:UnityEditor.Search:ASIAI0B' with importer (ScriptedImporter : UnityEditor.QuickSearchModule:UnityEditor.Search:ASIAI0B)
Imported 'GUID: 05158dd2c9f3948bda09faa92280612a' -> (Import Result ID: 'dd72a3e7e2c087b0b51420213607e5cc') in 0.001 seconds [static and dynamic dependencies]. Details - ImportResultOutputID=83b4281d3ef91ef8264c1416dd9aae18 DependenciesID=fddfc19841ae29a6c0fde364411df2e3 StaticDependenciesID=80ac547b38d5cb386d61e3787d74ac75 
Number of updated asset objects reloaded before import = 0
Number of asset objects unloaded after import = 0
========================================================================
Received Import Request.
  Time of request: 2026-09-01T06:19:53.33643Z
  Time since last request: 0.000187792 seconds.
  importAddress: GUID: efba2958d892a4b9ba6a6015f6cd2d57 - Path: Packages/com.unity.xr.arkit/Runtime/NativeChanges.cs - Importer: ScriptedImporter/UnityEditor.QuickSearchModule:UnityEditor.Search:ASIAI0B
Importing 'GUID: efba2958d892a4b9ba6a6015f6cd2d57 - Path: Packages/com.unity.xr.arkit/Runtime/NativeChanges.cs - Importer: ScriptedImporter/UnityEditor.QuickSearchModule:UnityEditor.Search:ASIAI0B' with importer (ScriptedImporter : UnityEditor.QuickSearchModule:UnityEditor.Search:ASIAI0B)
Imported 'GUID: efba2958d892a4b9ba6a6015f6cd2d57' -> (Import Result ID: 'afde7320f545e266afafd66732dd9770') in 0.001 seconds [static and dynamic dependencies]. Details - ImportResultOutputID=5dca2fabd1d1ea184a3118f5ca34582f DependenciesID=b095fac84c4a9efede43a6c0d668469c StaticDependenciesID=9e96d2a65a4a31f184c98ae290282471 
Number of updated asset objects reloaded before import = 0
Number of asset objects unloaded after import = 0
========================================================================
Received Import Request.
  Time of request: 2026-09-01T06:19:53.337618Z
  Time since last request: 0.00020725 seconds.
  importAddress: GUID: 40d776247fd8419798f74b92567bf64f - Path: Packages/com.unity.xr.arfoundation/Editor/Simulation/XRSimulationSettingsEditor.cs - Importer: ScriptedImporter/UnityEditor.QuickSearchModule:UnityEditor.Search:ASIAI0B
Importing 'GUID: 40d776247fd8419798f74b92567bf64f - Path: Packages/com.unity.xr.arfoundation/Editor/Simulation/XRSimulationSettingsEditor.cs - Importer: ScriptedImporter/UnityEditor.QuickSearchModule:UnityEditor.Search:ASIAI0B' with importer (ScriptedImporter : UnityEditor.QuickSearchModule:UnityEditor.Search:ASIAI0B)
Imported 'GUID: 40d776247fd8419798f74b92567bf64f' -> (Import Result ID: 'bdd12b11f7398b5b32a4695b4047c7f2') in 0.001 seconds [static and dynamic dependencies]. Details - ImportResultOutputID=b54ed8a6f6db43d37310eb477e4a9305 DependenciesID=e3d4428a37d2e63b7aa66b22247ad144 StaticDependenciesID=b83ee88656acccbdd98b1d1189a1b20d 
Number of updated asset objects reloaded before import = 0
Number of asset objects unloaded after import = 0
========================================================================
Received Import Request.
  Time of request: 2026-09-01T06:19:53.3389Z
  Time since last request: 0.000181792 seconds.
  importAddress: GUID: 637e8c5c6bb5e194ea42f7ff10879fb3 - Path: Packages/com.unity.xr.arfoundation/Runtime/Simulation/Analytics/SimulationSubsystemAnalytics.cs - Importer: ScriptedImporter/UnityEditor.QuickSearchModule:UnityEditor.Search:ASIAI0B
Importing 'GUID: 637e8c5c6bb5e194ea42f7ff10879fb3 - Path: Packages/com.unity.xr.arfoundation/Runtime/Simulation/Analytics/SimulationSubsystemAnalytics.cs - Importer: ScriptedImporter/UnityEditor.QuickSearchModule:UnityEditor.Search:ASIAI0B' with importer (ScriptedImporter : UnityEditor.QuickSearchModule:UnityEditor.Search:ASIAI0B)
Imported 'GUID: 637e8c5c6bb5e194ea42f7ff10879fb3' -> (Import Result ID: '14aacc94a02af5def433bbe6c72f145e') in 0.001 seconds [static and dynamic dependencies]. Details - ImportResultOutputID=f651a02c84246b289755634cbf40f10c DependenciesID=c388bd89958b6df2026ad095117de959 StaticDependenciesID=7fd122e7ccf722a174d262b5186531f4 
Number of updated asset objects reloaded before import = 0
Number of asset objects unloaded after import = 0
========================================================================
Received Import Request.
  Time of request: 2026-09-01T06:19:53.34009Z
  Time since last request: 0.000173875 seconds.
  importAddress: GUID: 9ae4b873dc1804dc9a01bdd0dde11cef - Path: Packages/com.unity.xr.arfoundation/Runtime/Simulation/Subsystems/Plane/LayerPlaneData.cs - Importer: ScriptedImporter/UnityEditor.QuickSearchModule:UnityEditor.Search:ASIAI0B
Importing 'GUID: 9ae4b873dc1804dc9a01bdd0dde11cef - Path: Packages/com.unity.xr.arfoundation/Runtime/Simulation/Subsystems/Plane/LayerPlaneData.cs - Importer: ScriptedImporter/UnityEditor.QuickSearchModule:UnityEditor.Search:ASIAI0B' with importer (ScriptedImporter : UnityEditor.QuickSearchModule:UnityEditor.Search:ASIAI0B)
Imported 'GUID: 9ae4b873dc1804dc9a01bdd0dde11cef' -> (Import Result ID: 'd256c283025fe914b4a3b0ca75951c94') in 0.001 seconds [static and dynamic dependencies]. Details - ImportResultOutputID=528bd0ac991ca0afcd901e0340f5bee2 DependenciesID=b8ad1549ef6f7395bcf314c501641538 StaticDependenciesID=4624d5ec193353f15e816344d733f35d 
Number of updated asset objects reloaded before import = 0
Number of asset objects unloaded after import = 0
========================================================================
Received Import Request.
  Time of request: 2026-09-01T06:19:53.341192Z
  Time since last request: 0.000168166 seconds.
  importAddress: GUID: 561534891c03476a88625da2b3ea2e9d - Path: Packages/com.unity.xr.arfoundation/Runtime/VisualScripting/Units/Events/EventUnits/ARTrackedImagesChangedEventUnit.cs - Importer: ScriptedImporter/UnityEditor.QuickSearchModule:UnityEditor.Search:ASIAI0B
Importing 'GUID: 561534891c03476a88625da2b3ea2e9d - Path: Packages/com.unity.xr.arfoundation/Runtime/VisualScripting/Units/Events/EventUnits/ARTrackedImagesChangedEventUnit.cs - Importer: ScriptedImporter/UnityEditor.QuickSearchModule:UnityEditor.Search:ASIAI0B' with importer (ScriptedImporter : UnityEditor.QuickSearchModule:UnityEditor.Search:ASIAI0B)
Imported 'GUID: 561534891c03476a88625da2b3ea2e9d' -> (Import Result ID: '6e60993d200e9250ad317a863f562c8f') in 0.001 seconds [static and dynamic dependencies]. Details - ImportResultOutputID=7e5de3266d81aebf5cf55a7d60de9eb2 DependenciesID=9c97ea195dbd050befafe087fe6105ea StaticDependenciesID=bb80bc8c7516a65c683c36da0984aeaf 
Number of updated asset objects reloaded before import = 0
Number of asset objects unloaded after import = 0
========================================================================
Received Import Request.
  Time of request: 2026-09-01T06:19:53.342318Z
  Time since last request: 0.000174834 seconds.
  importAddress: GUID: 649ab2abdbbe40ab8e5c2642e655a926 - Path: Packages/com.unity.xr.arfoundation/Runtime/VisualScripting/Units/Events/MessageListeners/Deprecated - Importer: ScriptedImporter/UnityEditor.QuickSearchModule:UnityEditor.Search:ASIAI0B
Importing 'GUID: 649ab2abdbbe40ab8e5c2642e655a926 - Path: Packages/com.unity.xr.arfoundation/Runtime/VisualScripting/Units/Events/MessageListeners/Deprecated - Importer: ScriptedImporter/UnityEditor.QuickSearchModule:UnityEditor.Search:ASIAI0B' with importer (ScriptedImporter : UnityEditor.QuickSearchModule:UnityEditor.Search:ASIAI0B)
Imported 'GUID: 649ab2abdbbe40ab8e5c2642e655a926' -> (Import Result ID: '4148df4e10f37dbdc266b45fe8515b22') in 0.001 seconds [static and dynamic dependencies]. Details - ImportResultOutputID=20cd7f28cbdfb7fe4157453bb08d2194 DependenciesID=ad55f5703c7ddfd9ffbac2266ecc5712 StaticDependenciesID=18f905a75da9cc77e97dd9d1b381a1f1 
Number of updated asset objects reloaded before import = 0
Number of asset objects unloaded after import = 1
========================================================================
Received Import Request.
  Time of request: 2026-09-01T06:19:53.343424Z
  Time since last request: 0.000159041 seconds.
  importAddress: GUID: 4b47592f1ba914d699f412e4e66ba700 - Path: Packages/com.unity.xr.arkit/Runtime/ARKitEnvironmentProbeSubsystem.cs - Importer: ScriptedImporter/UnityEditor.QuickSearchModule:UnityEditor.Search:ASIAI0B
Importing 'GUID: 4b47592f1ba914d699f412e4e66ba700 - Path: Packages/com.unity.xr.arkit/Runtime/ARKitEnvironmentProbeSubsystem.cs - Importer: ScriptedImporter/UnityEditor.QuickSearchModule:UnityEditor.Search:ASIAI0B' with importer (ScriptedImporter : UnityEditor.QuickSearchModule:UnityEditor.Search:ASIAI0B)
Imported 'GUID: 4b47592f1ba914d699f412e4e66ba700' -> (Import Result ID: 'c6ed004683ba115c8ea4dc198544f6bc') in 0.001 seconds [static and dynamic dependencies]. Details - ImportResultOutputID=448428fb54155de3745978e2e763d2b1 DependenciesID=9e15b58c96bedbaeaae78ec4a8a8a953 StaticDependenciesID=fbb8cfbed1343e9906ef73a9b993ea88 
Number of updated asset objects reloaded before import = 0
Number of asset objects unloaded after import = 0
========================================================================
Received Import Request.
  Time of request: 2026-09-01T06:19:53.355986Z
  Time since last request: 0.011550875 seconds.
  importAddress: GUID: 01b019caa33e147829f48e2b15958f84 - Path: Packages/com.unity.xr.arfoundation/Runtime/ARFoundation/Session/ARCommandBufferSupportRendererFeature.cs - Importer: ScriptedImporter/UnityEditor.QuickSearchModule:UnityEditor.Search:ASIAI0B
Importing 'GUID: 01b019caa33e147829f48e2b15958f84 - Path: Packages/com.unity.xr.arfoundation/Runtime/ARFoundation/Session/ARCommandBufferSupportRendererFeature.cs - Importer: ScriptedImporter/UnityEditor.QuickSearchModule:UnityEditor.Search:ASIAI0B' with importer (ScriptedImporter : UnityEditor.QuickSearchModule:UnityEditor.Search:ASIAI0B)
Imported 'GUID: 01b019caa33e147829f48e2b15958f84' -> (Import Result ID: '2225896b4dd7e8951ade62491954500f') in 0.001 seconds [static and dynamic dependencies]. Details - ImportResultOutputID=4c11c3f730cd69a7d316faf4c7adb081 DependenciesID=4d60e4ca3dd31220855003dfdd4cd313 StaticDependenciesID=c037044e1860c0b882a698631353ba78 
Number of updated asset objects reloaded before import = 0
Number of asset objects unloaded after import = 0
========================================================================
Received Import Request.
  Time of request: 2026-09-01T06:19:53.357821Z
  Time since last request: 0.000287584 seconds.
  importAddress: GUID: 258d6b3b7d6d243709528ac1dee6fb39 - Path: Packages/com.unity.xr.arfoundation/Tests/Runtime/CodeSamples/ARMarkerSamples.cs - Importer: ScriptedImporter/UnityEditor.QuickSearchModule:UnityEditor.Search:ASIAI0B
Importing 'GUID: 258d6b3b7d6d243709528ac1dee6fb39 - Path: Packages/com.unity.xr.arfoundation/Tests/Runtime/CodeSamples/ARMarkerSamples.cs - Importer: ScriptedImporter/UnityEditor.QuickSearchModule:UnityEditor.Search:ASIAI0B' with importer (ScriptedImporter : UnityEditor.QuickSearchModule:UnityEditor.Search:ASIAI0B)
Imported 'GUID: 258d6b3b7d6d243709528ac1dee6fb39' -> (Import Result ID: 'b1cdd573aec11d03f813714ea9098f03') in 0.001 seconds [static and dynamic dependencies]. Details - ImportResultOutputID=187c2e4a0d8ba39405061d7ba5085854 DependenciesID=1f2ff62f98d0a6d9ba50f270f417c68d StaticDependenciesID=353cbcfbabe5d1272e82f2c134e017d8 
Number of updated asset objects reloaded before import = 0
Number of asset objects unloaded after import = 0
========================================================================
Received Import Request.
  Time of request: 2026-09-01T06:19:53.35926Z
  Time since last request: 0.000198834 seconds.
  importAddress: GUID: 9f21f4fc4079dd74c832341f79defee0 - Path: Packages/com.unity.xr.arkit/Runtime/ObjectTracking/ARKitXRObjectTrackingSubsystem.deprecated.cs - Importer: ScriptedImporter/UnityEditor.QuickSearchModule:UnityEditor.Search:ASIAI0B
Importing 'GUID: 9f21f4fc4079dd74c832341f79defee0 - Path: Packages/com.unity.xr.arkit/Runtime/ObjectTracking/ARKitXRObjectTrackingSubsystem.deprecated.cs - Importer: ScriptedImporter/UnityEditor.QuickSearchModule:UnityEditor.Search:ASIAI0B' with importer (ScriptedImporter : UnityEditor.QuickSearchModule:UnityEditor.Search:ASIAI0B)
Imported 'GUID: 9f21f4fc4079dd74c832341f79defee0' -> (Import Result ID: '60c802cafe39bd0bca4d7fa8601dcc2a') in 0.001 seconds [static and dynamic dependencies]. Details - ImportResultOutputID=b600ea7cbb966404a8640e4c5ab7cb07 DependenciesID=e04768182ae266d52d6d4755a72819b7 StaticDependenciesID=103196b9db675b3426871fa445a306d9 
Number of updated asset objects reloaded before import = 0
Number of asset objects unloaded after import = 0
========================================================================
Received Import Request.
  Time of request: 2026-09-01T06:19:53.360734Z
  Time since last request: 0.000177625 seconds.
  importAddress: GUID: 4fe0501fb16949c4cac977008dbed6e6 - Path: Packages/com.unity.xr.arfoundation/Editor/Icons/XREnvironment.png - Importer: ScriptedImporter/UnityEditor.QuickSearchModule:UnityEditor.Search:ASIAI0B
Importing 'GUID: 4fe0501fb16949c4cac977008dbed6e6 - Path: Packages/com.unity.xr.arfoundation/Editor/Icons/XREnvironment.png - Importer: ScriptedImporter/UnityEditor.QuickSearchModule:UnityEditor.Search:ASIAI0B' with importer (ScriptedImporter : UnityEditor.QuickSearchModule:UnityEditor.Search:ASIAI0B)
Imported 'GUID: 4fe0501fb16949c4cac977008dbed6e6' -> (Import Result ID: 'cf7524162de040e22bbc0b7c4284c074') in 0.003 seconds [static and dynamic dependencies]. Details - ImportResultOutputID=f5769b46e2a181051bcfef272b989b3a DependenciesID=8e5445983fcd02a4e2396dc2ccc9f74f StaticDependenciesID=f74ef7d719fe205245de91bd79bf8466 
Number of updated asset objects reloaded before import = 0
Number of asset objects unloaded after import = 1
========================================================================
Received Import Request.
  Time of request: 2026-09-01T06:19:53.363941Z
  Time since last request: 0.000183708 seconds.
  importAddress: GUID: f2729af45db1d4214b6d39f369f40725 - Path: Packages/com.unity.xr.arfoundation/Runtime/ARSubsystems/Camera/XRCameraBackgroundRenderingMode.cs - Importer: ScriptedImporter/UnityEditor.QuickSearchModule:UnityEditor.Search:ASIAI0B
Importing 'GUID: f2729af45db1d4214b6d39f369f40725 - Path: Packages/com.unity.xr.arfoundation/Runtime/ARSubsystems/Camera/XRCameraBackgroundRenderingMode.cs - Importer: ScriptedImporter/UnityEditor.QuickSearchModule:UnityEditor.Search:ASIAI0B' with importer (ScriptedImporter : UnityEditor.QuickSearchModule:UnityEditor.Search:ASIAI0B)
Imported 'GUID: f2729af45db1d4214b6d39f369f40725' -> (Import Result ID: 'cf00cefb613edc44af8314bd74ed0bf9') in 0.001 seconds [static and dynamic dependencies]. Details - ImportResultOutputID=4015aba470c0c303b810597223f962ce DependenciesID=5de5867229242c8368a7ff748744dab2 StaticDependenciesID=f0d6662ec14b3d701fb332a1576f8a93 
Number of updated asset objects reloaded before import = 0
Number of asset objects unloaded after import = 0
========================================================================
Received Import Request.
  Time of request: 2026-09-01T06:19:53.36521Z
  Time since last request: 0.000184417 seconds.
  importAddress: GUID: cdc44544569cf46ff95dcd3a00053007 - Path: Packages/com.unity.xr.arkit/Runtime/ARCollaborationDataBuilder.cs - Importer: ScriptedImporter/UnityEditor.QuickSearchModule:UnityEditor.Search:ASIAI0B
Importing 'GUID: cdc44544569cf46ff95dcd3a00053007 - Path: Packages/com.unity.xr.arkit/Runtime/ARCollaborationDataBuilder.cs - Importer: ScriptedImporter/UnityEditor.QuickSearchModule:UnityEditor.Search:ASIAI0B' with importer (ScriptedImporter : UnityEditor.QuickSearchModule:UnityEditor.Search:ASIAI0B)
Imported 'GUID: cdc44544569cf46ff95dcd3a00053007' -> (Import Result ID: '4f001d5ed7c78f9063a9e353c975861d') in 0.001 seconds [static and dynamic dependencies]. Details - ImportResultOutputID=2421785d7aba81e6565aa63529e9e4b3 DependenciesID=b48a5bdded5f59deb5987cb04162bf38 StaticDependenciesID=db5ced45a90b1c0af5b5f90d871e7e16 
Number of updated asset objects reloaded before import = 0
Number of asset objects unloaded after import = 0
========================================================================
Received Import Request.
  Time of request: 2026-09-01T06:19:53.366469Z
  Time since last request: 0.000203333 seconds.
  importAddress: GUID: 52fc21332efd1478f9bd006b5c9f1965 - Path: Packages/com.unity.xr.arfoundation/Runtime/ARFoundation/DebugMenu/ARDebugMenu.cs - Importer: ScriptedImporter/UnityEditor.QuickSearchModule:UnityEditor.Search:ASIAI0B
Importing 'GUID: 52fc21332efd1478f9bd006b5c9f1965 - Path: Packages/com.unity.xr.arfoundation/Runtime/ARFoundation/DebugMenu/ARDebugMenu.cs - Importer: ScriptedImporter/UnityEditor.QuickSearchModule:UnityEditor.Search:ASIAI0B' with importer (ScriptedImporter : UnityEditor.QuickSearchModule:UnityEditor.Search:ASIAI0B)
Imported 'GUID: 52fc21332efd1478f9bd006b5c9f1965' -> (Import Result ID: 'c241191130649065b3a956de44836fb6') in 0.001 seconds [static and dynamic dependencies]. Details - ImportResultOutputID=8d22d3c32c57af765352f9c03f106459 DependenciesID=52a72eecbb822f4776a364f9a54c7403 StaticDependenciesID=4c7e68002b884cd1d4676b085a223ac6 
Number of updated asset objects reloaded before import = 0
Number of asset objects unloaded after import = 0
========================================================================
Received Import Request.
  Time of request: 2026-09-01T06:19:53.367726Z
  Time since last request: 0.000190083 seconds.
  importAddress: GUID: 1df84bbde895f4dfe8bb75c6f597a5cc - Path: Packages/com.unity.xr.arfoundation/Runtime/ARSubsystems/Common/SerializableGuid.cs - Importer: ScriptedImporter/UnityEditor.QuickSearchModule:UnityEditor.Search:ASIAI0B
Importing 'GUID: 1df84bbde895f4dfe8bb75c6f597a5cc - Path: Packages/com.unity.xr.arfoundation/Runtime/ARSubsystems/Common/SerializableGuid.cs - Importer: ScriptedImporter/UnityEditor.QuickSearchModule:UnityEditor.Search:ASIAI0B' with importer (ScriptedImporter : UnityEditor.QuickSearchModule:UnityEditor.Search:ASIAI0B)
Imported 'GUID: 1df84bbde895f4dfe8bb75c6f597a5cc' -> (Import Result ID: '30873f9775730d9c232fc32175b89faa') in 0.001 seconds [static and dynamic dependencies]. Details - ImportResultOutputID=fb90851a749af3d62963c93c607719b5 DependenciesID=8eb9236f6718d43a84c9084cb25d2f43 StaticDependenciesID=d0610aaf03496b67974c19d206c032eb 
Number of updated asset objects reloaded before import = 0
Number of asset objects unloaded after import = 0
========================================================================
Received Import Request.
  Time of request: 2026-09-01T06:19:53.369014Z
  Time since last request: 0.000178583 seconds.
  importAddress: GUID: 3f27b2a57df34d84085c50efce511ffd - Path: Packages/com.unity.xr.arfoundation/Editor/Simulation/SimulationPackageMetadata.cs - Importer: ScriptedImporter/UnityEditor.QuickSearchModule:UnityEditor.Search:ASIAI0B
Importing 'GUID: 3f27b2a57df34d84085c50efce511ffd - Path: Packages/com.unity.xr.arfoundation/Editor/Simulation/SimulationPackageMetadata.cs - Importer: ScriptedImporter/UnityEditor.QuickSearchModule:UnityEditor.Search:ASIAI0B' with importer (ScriptedImporter : UnityEditor.QuickSearchModule:UnityEditor.Search:ASIAI0B)
Imported 'GUID: 3f27b2a57df34d84085c50efce511ffd' -> (Import Result ID: '3eb532661f1228fd85afcaed1cfd1cca') in 0.001 seconds [static and dynamic dependencies]. Details - ImportResultOutputID=57394b2678102ca2d9d0c8cb345a5e6d DependenciesID=bacf83b57c5d3bcf64f7addb7de1f16f StaticDependenciesID=a377a59fac386224c7f8940f81715b16 
Number of updated asset objects reloaded before import = 0
Number of asset objects unloaded after import = 0
========================================================================
Received Import Request.
  Time of request: 2026-09-01T06:19:53.370168Z
  Time since last request: 0.000169167 seconds.
  importAddress: GUID: ea5de4cce9d84ffd8feb8472a27d54c8 - Path: Packages/com.unity.xr.arkit/Runtime/Camera/ARKitFocusRange.cs - Importer: ScriptedImporter/UnityEditor.QuickSearchModule:UnityEditor.Search:ASIAI0B
Importing 'GUID: ea5de4cce9d84ffd8feb8472a27d54c8 - Path: Packages/com.unity.xr.arkit/Runtime/Camera/ARKitFocusRange.cs - Importer: ScriptedImporter/UnityEditor.QuickSearchModule:UnityEditor.Search:ASIAI0B' with importer (ScriptedImporter : UnityEditor.QuickSearchModule:UnityEditor.Search:ASIAI0B)
Imported 'GUID: ea5de4cce9d84ffd8feb8472a27d54c8' -> (Import Result ID: '0b5362e11493f10779928b3f1f3db87f') in 0.001 seconds [static and dynamic dependencies]. Details - ImportResultOutputID=70e9a4ca52507be4459d4656af298a5a DependenciesID=b1a3ce0ab084cae10d560ba5875e25b1 StaticDependenciesID=9ba1e00f3f2b7cac8c2d9aa739408996 
Number of updated asset objects reloaded before import = 0
Number of asset objects unloaded after import = 0
========================================================================
Received Import Request.
  Time of request: 2026-09-01T06:19:53.371322Z
  Time since last request: 0.00017925 seconds.
  importAddress: GUID: 95d3c24bbd7b345439d6d99e84768fd5 - Path: Packages/com.unity.xr.arfoundation/Editor/Simulation/Rendering/BakedLitGUI.cs - Importer: ScriptedImporter/UnityEditor.QuickSearchModule:UnityEditor.Search:ASIAI0B
Importing 'GUID: 95d3c24bbd7b345439d6d99e84768fd5 - Path: Packages/com.unity.xr.arfoundation/Editor/Simulation/Rendering/BakedLitGUI.cs - Importer: ScriptedImporter/UnityEditor.QuickSearchModule:UnityEditor.Search:ASIAI0B' with importer (ScriptedImporter : UnityEditor.QuickSearchModule:UnityEditor.Search:ASIAI0B)
Imported 'GUID: 95d3c24bbd7b345439d6d99e84768fd5' -> (Import Result ID: '4b6c8e29e644e4b7d1cf85ecd2ff72ee') in 0.001 seconds [static and dynamic dependencies]. Details - ImportResultOutputID=215b1ab7bbc8ba8b8c00f6921520cc55 DependenciesID=2746f0b11eb6680d8bad8924265d4384 StaticDependenciesID=a31ad6b1c6929ad170fde552f97da517 
Number of updated asset objects reloaded before import = 0
Number of asset objects unloaded after import = 0
========================================================================
Received Import Request.
  Time of request: 2026-09-01T06:19:53.372655Z
  Time since last request: 0.000186708 seconds.
  importAddress: GUID: 335f1dc1d76a4292a3176fd1e49fc4f6 - Path: Packages/com.unity.xr.arkit/Tests/Editor/ARObjectInfoTests.cs - Importer: ScriptedImporter/UnityEditor.QuickSearchModule:UnityEditor.Search:ASIAI0B
Importing 'GUID: 335f1dc1d76a4292a3176fd1e49fc4f6 - Path: Packages/com.unity.xr.arkit/Tests/Editor/ARObjectInfoTests.cs - Importer: ScriptedImporter/UnityEditor.QuickSearchModule:UnityEditor.Search:ASIAI0B' with importer (ScriptedImporter : UnityEditor.QuickSearchModule:UnityEditor.Search:ASIAI0B)
Imported 'GUID: 335f1dc1d76a4292a3176fd1e49fc4f6' -> (Import Result ID: 'ccf8abcb943fa5bb5f3c22268cf2b9df') in 0.002 seconds [static and dynamic dependencies]. Details - ImportResultOutputID=81eef5ea40cd2207d6ba6d240bb10123 DependenciesID=04c133cb8019f0040192f6922db12904 StaticDependenciesID=044a7cde0ce29c659b684e45fee726f5 
Number of updated asset objects reloaded before import = 0
Number of asset objects unloaded after import = 0
========================================================================
Received Import Request.
  Time of request: 2026-09-01T06:19:53.375541Z
  Time since last request: 0.000255 seconds.
  importAddress: GUID: 17beca6a82664d1ca149f5e3817312a4 - Path: Packages/com.unity.xr.arfoundation/Runtime/ARFoundation/Common/TrackingSubsystem/ITrackablesChanged.cs - Importer: ScriptedImporter/UnityEditor.QuickSearchModule:UnityEditor.Search:ASIAI0B
Importing 'GUID: 17beca6a82664d1ca149f5e3817312a4 - Path: Packages/com.unity.xr.arfoundation/Runtime/ARFoundation/Common/TrackingSubsystem/ITrackablesChanged.cs - Importer: ScriptedImporter/UnityEditor.QuickSearchModule:UnityEditor.Search:ASIAI0B' with importer (ScriptedImporter : UnityEditor.QuickSearchModule:UnityEditor.Search:ASIAI0B)
Imported 'GUID: 17beca6a82664d1ca149f5e3817312a4' -> (Import Result ID: '151a94c051bb4ec23a5278869fda8510') in 0.001 seconds [static and dynamic dependencies]. Details - ImportResultOutputID=c759104fcb77e8ff5b05fec387228d28 DependenciesID=251710361b8d556ccf9ad0a415c52115 StaticDependenciesID=132a9c8e62e8f6082c9b1760c7c64b39 
Number of updated asset objects reloaded before import = 0
Number of asset objects unloaded after import = 0
========================================================================
Received Import Request.
  Time of request: 2026-09-01T06:19:53.376832Z
  Time since last request: 0.000184917 seconds.
  importAddress: GUID: 7c037247edee440fa4a95ae4c9f9543f - Path: Packages/com.unity.xr.arfoundation/Editor/VisualScripting/ARAnchorsChangedEventUnitDescriptor.cs - Importer: ScriptedImporter/UnityEditor.QuickSearchModule:UnityEditor.Search:ASIAI0B
Importing 'GUID: 7c037247edee440fa4a95ae4c9f9543f - Path: Packages/com.unity.xr.arfoundation/Editor/VisualScripting/ARAnchorsChangedEventUnitDescriptor.cs - Importer: ScriptedImporter/UnityEditor.QuickSearchModule:UnityEditor.Search:ASIAI0B' with importer (ScriptedImporter : UnityEditor.QuickSearchModule:UnityEditor.Search:ASIAI0B)
Imported 'GUID: 7c037247edee440fa4a95ae4c9f9543f' -> (Import Result ID: 'cad591674cde3975f232e79d517e7c88') in 0.001 seconds [static and dynamic dependencies]. Details - ImportResultOutputID=c0783a0d520cad485f8ce59b92018c77 DependenciesID=0f3dc2e93508b23f4119a255ca45533a StaticDependenciesID=f1ba2e6e35386e30ecf5ae388fcc42d7 
Number of updated asset objects reloaded before import = 0
Number of asset objects unloaded after import = 0
========================================================================
Received Import Request.
  Time of request: 2026-09-01T06:19:53.37806Z
  Time since last request: 0.000202666 seconds.
  importAddress: GUID: 6dc976aaffba7494b9878f78e1b9ebe3 - Path: Packages/com.unity.xr.arkit/Runtime/Input - Importer: ScriptedImporter/UnityEditor.QuickSearchModule:UnityEditor.Search:ASIAI0B
Importing 'GUID: 6dc976aaffba7494b9878f78e1b9ebe3 - Path: Packages/com.unity.xr.arkit/Runtime/Input - Importer: ScriptedImporter/UnityEditor.QuickSearchModule:UnityEditor.Search:ASIAI0B' with importer (ScriptedImporter : UnityEditor.QuickSearchModule:UnityEditor.Search:ASIAI0B)
Imported 'GUID: 6dc976aaffba7494b9878f78e1b9ebe3' -> (Import Result ID: 'dfac320abb4294f15178f1ce54af9e42') in 0.001 seconds [static and dynamic dependencies]. Details - ImportResultOutputID=ca267e055c8c0a3bd20182594c35a732 DependenciesID=dbb249e277edc7f9d2595683f3f8c66b StaticDependenciesID=f5e1b70ae4b7a305343d1c78658e6d73 
Number of updated asset objects reloaded before import = 0
Number of asset objects unloaded after import = 1
========================================================================
Received Import Request.
  Time of request: 2026-09-01T06:19:53.379291Z
  Time since last request: 0.000177209 seconds.
  importAddress: GUID: 443bf05c80d74ac48298e43b31013e75 - Path: Packages/com.unity.xr.arfoundation/Runtime/VisualScripting/Units/Events/MessageListeners/ARTrackedObjectsChangedListener.cs - Importer: ScriptedImporter/UnityEditor.QuickSearchModule:UnityEditor.Search:ASIAI0B
Importing 'GUID: 443bf05c80d74ac48298e43b31013e75 - Path: Packages/com.unity.xr.arfoundation/Runtime/VisualScripting/Units/Events/MessageListeners/ARTrackedObjectsChangedListener.cs - Importer: ScriptedImporter/UnityEditor.QuickSearchModule:UnityEditor.Search:ASIAI0B' with importer (ScriptedImporter : UnityEditor.QuickSearchModule:UnityEditor.Search:ASIAI0B)
Imported 'GUID: 443bf05c80d74ac48298e43b31013e75' -> (Import Result ID: 'ddbdc98e542152f1cf8e453e832dfaf7') in 0.001 seconds [static and dynamic dependencies]. Details - ImportResultOutputID=5f270388572558b9f96bb5e83237a1b5 DependenciesID=60385c51c2a2b7b47a21010ce1250f93 StaticDependenciesID=5ab1bf0bc22bbc017f8a2602558aa8f5 
Number of updated asset objects reloaded before import = 0
Number of asset objects unloaded after import = 0
========================================================================
Received Import Request.
  Time of request: 2026-09-01T06:19:53.380545Z
  Time since last request: 0.000177334 seconds.
  importAddress: GUID: b701f254cdfef4480965c3cb332616f7 - Path: Packages/com.unity.xr.arfoundation/Runtime/ARSubsystems/Camera/XRCameraBackgroundRenderingParams.cs - Importer: ScriptedImporter/UnityEditor.QuickSearchModule:UnityEditor.Search:ASIAI0B
Importing 'GUID: b701f254cdfef4480965c3cb332616f7 - Path: Packages/com.unity.xr.arfoundation/Runtime/ARSubsystems/Camera/XRCameraBackgroundRenderingParams.cs - Importer: ScriptedImporter/UnityEditor.QuickSearchModule:UnityEditor.Search:ASIAI0B' with importer (ScriptedImporter : UnityEditor.QuickSearchModule:UnityEditor.Search:ASIAI0B)
Imported 'GUID: b701f254cdfef4480965c3cb332616f7' -> (Import Result ID: '7c7d080fb10d843572a46041b2c3ab07') in 0.001 seconds [static and dynamic dependencies]. Details - ImportResultOutputID=f1b80ad49697763e0d1bda2eedce77a0 DependenciesID=b84805ad8ba15f3dceb7e874cbc13b1b StaticDependenciesID=9aa23fdcb5122d3fdc8c81b2ef317589 
Number of updated asset objects reloaded before import = 0
Number of asset objects unloaded after import = 0
========================================================================
Received Import Request.
  Time of request: 2026-09-01T06:19:53.381747Z
  Time since last request: 0.00017975 seconds.
  importAddress: GUID: efb3f27a8673e4f58a1518daab38f4ec - Path: Packages/com.unity.xr.arfoundation/Editor/ARAnalytics/ARAnalyticsConstants.cs - Importer: ScriptedImporter/UnityEditor.QuickSearchModule:UnityEditor.Search:ASIAI0B
Importing 'GUID: efb3f27a8673e4f58a1518daab38f4ec - Path: Packages/com.unity.xr.arfoundation/Editor/ARAnalytics/ARAnalyticsConstants.cs - Importer: ScriptedImporter/UnityEditor.QuickSearchModule:UnityEditor.Search:ASIAI0B' with importer (ScriptedImporter : UnityEditor.QuickSearchModule:UnityEditor.Search:ASIAI0B)
Imported 'GUID: efb3f27a8673e4f58a1518daab38f4ec' -> (Import Result ID: '77b0ca8f322b882a5aa9bad773be956b') in 0.001 seconds [static and dynamic dependencies]. Details - ImportResultOutputID=654b2cd21753f1659b1d490bcc6b209b DependenciesID=3abbc9dbf4e544394459810dbec46c9e StaticDependenciesID=512d77aaa0fcb5a6c878b0cb3912f09a 
Number of updated asset objects reloaded before import = 0
Number of asset objects unloaded after import = 0
========================================================================
Received Import Request.
  Time of request: 2026-09-01T06:19:53.382887Z
  Time since last request: 0.000177416 seconds.
  importAddress: GUID: f6a6bfc2d68c4ae39b0e501f911f8ff9 - Path: Packages/com.unity.xr.arfoundation/Runtime/ARSubsystems/PointClouds/XRDepthSubsystemDescriptor.deprecated.cs - Importer: ScriptedImporter/UnityEditor.QuickSearchModule:UnityEditor.Search:ASIAI0B
Importing 'GUID: f6a6bfc2d68c4ae39b0e501f911f8ff9 - Path: Packages/com.unity.xr.arfoundation/Runtime/ARSubsystems/PointClouds/XRDepthSubsystemDescriptor.deprecated.cs - Importer: ScriptedImporter/UnityEditor.QuickSearchModule:UnityEditor.Search:ASIAI0B' with importer (ScriptedImporter : UnityEditor.QuickSearchModule:UnityEditor.Search:ASIAI0B)
Imported 'GUID: f6a6bfc2d68c4ae39b0e501f911f8ff9' -> (Import Result ID: '2cbe7a5e052f1d12ef4047342bd2c3ad') in 0.001 seconds [static and dynamic dependencies]. Details - ImportResultOutputID=aea1ed749d7740896ab9322e271b30cb DependenciesID=19b7dd89224777a1948792d1e9cb479b StaticDependenciesID=c17b457b9b54521b99f3924d6c6d46f5 
Number of updated asset objects reloaded before import = 0
Number of asset objects unloaded after import = 0
========================================================================
Received Import Request.
  Time of request: 2026-09-01T06:19:53.384021Z
  Time since last request: 0.000166792 seconds.
  importAddress: GUID: a23489f7f0d4e364c964361e900e4be6 - Path: Packages/com.unity.xr.arfoundation/Editor/Icons/d_ArrowCaretLeft@2x.png - Importer: ScriptedImporter/UnityEditor.QuickSearchModule:UnityEditor.Search:ASIAI0B
Importing 'GUID: a23489f7f0d4e364c964361e900e4be6 - Path: Packages/com.unity.xr.arfoundation/Editor/Icons/d_ArrowCaretLeft@2x.png - Importer: ScriptedImporter/UnityEditor.QuickSearchModule:UnityEditor.Search:ASIAI0B' with importer (ScriptedImporter : UnityEditor.QuickSearchModule:UnityEditor.Search:ASIAI0B)
Imported 'GUID: a23489f7f0d4e364c964361e900e4be6' -> (Import Result ID: 'c87cefc72f273ea5d5e524caa41bb452') in 0.003 seconds [static and dynamic dependencies]. Details - ImportResultOutputID=2e65896e37884531a5b33dd35c69068d DependenciesID=9be9980b41b10b3761fc5868c4a3de92 StaticDependenciesID=d7044f4e772a5b37f028e2a9a05359a6 
Number of updated asset objects reloaded before import = 0
Number of asset objects unloaded after import = 1
========================================================================
Received Import Request.
  Time of request: 2026-09-01T06:19:53.387005Z
  Time since last request: 0.000180125 seconds.
  importAddress: GUID: fc5af66096b44fcea4ae8a8012cffd44 - Path: Packages/com.unity.xr.arfoundation/Editor/Simulation/Analytics/SimulationSessionAnalyticsEvent.cs - Importer: ScriptedImporter/UnityEditor.QuickSearchModule:UnityEditor.Search:ASIAI0B
Importing 'GUID: fc5af66096b44fcea4ae8a8012cffd44 - Path: Packages/com.unity.xr.arfoundation/Editor/Simulation/Analytics/SimulationSessionAnalyticsEvent.cs - Importer: ScriptedImporter/UnityEditor.QuickSearchModule:UnityEditor.Search:ASIAI0B' with importer (ScriptedImporter : UnityEditor.QuickSearchModule:UnityEditor.Search:ASIAI0B)
Imported 'GUID: fc5af66096b44fcea4ae8a8012cffd44' -> (Import Result ID: '3ea04dbfa7db122fe3c3462c2e68d773') in 0.001 seconds [static and dynamic dependencies]. Details - ImportResultOutputID=d69cd55fccfeb3ca6dd2445440d3002a DependenciesID=b17df793aa2d4d5db3824de3b1bd0586 StaticDependenciesID=6700f6c00294f3a45dd9d34b01a475eb 
Number of updated asset objects reloaded before import = 0
Number of asset objects unloaded after import = 0
========================================================================
Received Import Request.
  Time of request: 2026-09-01T06:19:53.38817Z
  Time since last request: 0.000171625 seconds.
  importAddress: GUID: 3d0a155b49dc046819f41621b5a4e020 - Path: Packages/com.unity.xr.arkit/Runtime/Frameworks/ARKit/ARWorldAlignment.cs - Importer: ScriptedImporter/UnityEditor.QuickSearchModule:UnityEditor.Search:ASIAI0B
Importing 'GUID: 3d0a155b49dc046819f41621b5a4e020 - Path: Packages/com.unity.xr.arkit/Runtime/Frameworks/ARKit/ARWorldAlignment.cs - Importer: ScriptedImporter/UnityEditor.QuickSearchModule:UnityEditor.Search:ASIAI0B' with importer (ScriptedImporter : UnityEditor.QuickSearchModule:UnityEditor.Search:ASIAI0B)
Imported 'GUID: 3d0a155b49dc046819f41621b5a4e020' -> (Import Result ID: '7a0acbd688e9124203264bd9269ab178') in 0.001 seconds [static and dynamic dependencies]. Details - ImportResultOutputID=e0ce89746d9da303f7ecdcda3c9f5a86 DependenciesID=dbfa16acbe8f4a7ce97d448da9d1fb39 StaticDependenciesID=9cb72154a5d4372e16f00f41b84786f3 
Number of updated asset objects reloaded before import = 0
Number of asset objects unloaded after import = 0
========================================================================
Received Import Request.
  Time of request: 2026-09-01T06:19:53.389311Z
  Time since last request: 0.000175833 seconds.
  importAddress: GUID: f49292a5bc3c3413aa31eb043eb1e82c - Path: Packages/com.unity.xr.arfoundation/Runtime/VisualScripting/Units/GetTrackablesUnit.cs - Importer: ScriptedImporter/UnityEditor.QuickSearchModule:UnityEditor.Search:ASIAI0B
Importing 'GUID: f49292a5bc3c3413aa31eb043eb1e82c - Path: Packages/com.unity.xr.arfoundation/Runtime/VisualScripting/Units/GetTrackablesUnit.cs - Importer: ScriptedImporter/UnityEditor.QuickSearchModule:UnityEditor.Search:ASIAI0B' with importer (ScriptedImporter : UnityEditor.QuickSearchModule:UnityEditor.Search:ASIAI0B)
Imported 'GUID: f49292a5bc3c3413aa31eb043eb1e82c' -> (Import Result ID: '90d7cab14573f6e97d3dd037d6469647') in 0.001 seconds [static and dynamic dependencies]. Details - ImportResultOutputID=12d517e310450343f97dbc1313a1d355 DependenciesID=becf161241505b1e75c500294f434c7c StaticDependenciesID=4c7557c7ccbe0f85df3433563d194c56 
Number of updated asset objects reloaded before import = 0
Number of asset objects unloaded after import = 0
========================================================================
Received Import Request.
  Time of request: 2026-09-01T06:19:53.390426Z
  Time since last request: 0.000169292 seconds.
  importAddress: GUID: 273c2070e192649aeb382f382f869360 - Path: Packages/com.unity.xr.arkit/Editor/ARKitBuildHelper.cs - Importer: ScriptedImporter/UnityEditor.QuickSearchModule:UnityEditor.Search:ASIAI0B
Importing 'GUID: 273c2070e192649aeb382f382f869360 - Path: Packages/com.unity.xr.arkit/Editor/ARKitBuildHelper.cs - Importer: ScriptedImporter/UnityEditor.QuickSearchModule:UnityEditor.Search:ASIAI0B' with importer (ScriptedImporter : UnityEditor.QuickSearchModule:UnityEditor.Search:ASIAI0B)
Imported 'GUID: 273c2070e192649aeb382f382f869360' -> (Import Result ID: 'df00d29a858b8f7e3fe46543a75fe745') in 0.001 seconds [static and dynamic dependencies]. Details - ImportResultOutputID=3300598596c39304022d3b7a2b751a6d DependenciesID=57e999c9b9af87976bc3d8c597978f35 StaticDependenciesID=6afef9f3870cd7fecfaff4d0c0cf8fee 
Number of updated asset objects reloaded before import = 0
Number of asset objects unloaded after import = 0
========================================================================
Received Import Request.
  Time of request: 2026-09-01T06:19:53.391565Z
  Time since last request: 0.000219 seconds.
  importAddress: GUID: 426ec96995a2d2c4b90f4302caa19b32 - Path: Packages/com.unity.xr.arfoundation/Runtime/ARFoundation/Common/TrackingSubsystem/TrackableCollection.cs - Importer: ScriptedImporter/UnityEditor.QuickSearchModule:UnityEditor.Search:ASIAI0B
Importing 'GUID: 426ec96995a2d2c4b90f4302caa19b32 - Path: Packages/com.unity.xr.arfoundation/Runtime/ARFoundation/Common/TrackingSubsystem/TrackableCollection.cs - Importer: ScriptedImporter/UnityEditor.QuickSearchModule:UnityEditor.Search:ASIAI0B' with importer (ScriptedImporter : UnityEditor.QuickSearchModule:UnityEditor.Search:ASIAI0B)
Imported 'GUID: 426ec96995a2d2c4b90f4302caa19b32' -> (Import Result ID: 'd305093f80702fbfc71ad8da359cbb41') in 0.001 seconds [static and dynamic dependencies]. Details - ImportResultOutputID=2988767afb6a5b04cca1e56299bc52f1 DependenciesID=ae4109c5fe60aa5b4505dbef99bac61d StaticDependenciesID=133579c697b20f4f58ff40e781796b54 
Number of updated asset objects reloaded before import = 0
Number of asset objects unloaded after import = 1
========================================================================
Received Import Request.
  Time of request: 2026-09-01T06:19:53.392871Z
  Time since last request: 0.0001585 seconds.
  importAddress: GUID: 272eb2920c08840f2b237fc1698fcd15 - Path: Packages/com.unity.xr.arkit/Runtime/HumanBody - Importer: ScriptedImporter/UnityEditor.QuickSearchModule:UnityEditor.Search:ASIAI0B
Importing 'GUID: 272eb2920c08840f2b237fc1698fcd15 - Path: Packages/com.unity.xr.arkit/Runtime/HumanBody - Importer: ScriptedImporter/UnityEditor.QuickSearchModule:UnityEditor.Search:ASIAI0B' with importer (ScriptedImporter : UnityEditor.QuickSearchModule:UnityEditor.Search:ASIAI0B)
Imported 'GUID: 272eb2920c08840f2b237fc1698fcd15' -> (Import Result ID: 'de003897ce64d5916846d6b9ba4670c3') in 0.001 seconds [static and dynamic dependencies]. Details - ImportResultOutputID=0dbc1148648aa3964b5a8111427ca722 DependenciesID=abf91523d8bbbb901da94ac7aa531494 StaticDependenciesID=a731c7804797491a534acf783e824067 
Number of updated asset objects reloaded before import = 0
Number of asset objects unloaded after import = 1
========================================================================
Received Import Request.
  Time of request: 2026-09-01T06:19:53.393953Z
  Time since last request: 0.000156792 seconds.
  importAddress: GUID: 5f9073e9efe094868a3c6339b32b601b - Path: Packages/com.unity.xr.arkit/Runtime/FaceTracking/iOS/Xcode2600 - Importer: ScriptedImporter/UnityEditor.QuickSearchModule:UnityEditor.Search:ASIAI0B
Importing 'GUID: 5f9073e9efe094868a3c6339b32b601b - Path: Packages/com.unity.xr.arkit/Runtime/FaceTracking/iOS/Xcode2600 - Importer: ScriptedImporter/UnityEditor.QuickSearchModule:UnityEditor.Search:ASIAI0B' with importer (ScriptedImporter : UnityEditor.QuickSearchModule:UnityEditor.Search:ASIAI0B)
Imported 'GUID: 5f9073e9efe094868a3c6339b32b601b' -> (Import Result ID: '17b1641318721cf79b698b095025ba3a') in 0.001 seconds [static and dynamic dependencies]. Details - ImportResultOutputID=19e98c18dfec7136b1dd81187e431004 DependenciesID=7127c23831909bff6ac37454ec0cc2ff StaticDependenciesID=435d8eb4007681645b6adf87fd57c229 
Number of updated asset objects reloaded before import = 0
Number of asset objects unloaded after import = 1
========================================================================
Received Import Request.
  Time of request: 2026-09-01T06:19:53.395063Z
  Time since last request: 0.000196125 seconds.
  importAddress: GUID: 2cec9cedecca4f93adb3215db652e773 - Path: Packages/com.unity.xr.arfoundation/Runtime/Simulation/AssemblyInfo.cs - Importer: ScriptedImporter/UnityEditor.QuickSearchModule:UnityEditor.Search:ASIAI0B
Importing 'GUID: 2cec9cedecca4f93adb3215db652e773 - Path: Packages/com.unity.xr.arfoundation/Runtime/Simulation/AssemblyInfo.cs - Importer: ScriptedImporter/UnityEditor.QuickSearchModule:UnityEditor.Search:ASIAI0B' with importer (ScriptedImporter : UnityEditor.QuickSearchModule:UnityEditor.Search:ASIAI0B)
Imported 'GUID: 2cec9cedecca4f93adb3215db652e773' -> (Import Result ID: '9f720ae84ea843fbea6bb2e7147e7465') in 0.001 seconds [static and dynamic dependencies]. Details - ImportResultOutputID=fde09523cee209c1e8bd4be34cf8568e DependenciesID=982a2491c2831a18cd6d12e856907195 StaticDependenciesID=14fc08c775baf35a4607a98c693f2706 
Number of updated asset objects reloaded before import = 0
Number of asset objects unloaded after import = 0
========================================================================
Received Import Request.
  Time of request: 2026-09-01T06:19:53.396194Z
  Time since last request: 0.000187958 seconds.
  importAddress: GUID: ac10132e358b28947a35981268d3ca57 - Path: Packages/com.unity.xr.arfoundation/LICENSE.md - Importer: ScriptedImporter/UnityEditor.QuickSearchModule:UnityEditor.Search:ASIAI0B
Importing 'GUID: ac10132e358b28947a35981268d3ca57 - Path: Packages/com.unity.xr.arfoundation/LICENSE.md - Importer: ScriptedImporter/UnityEditor.QuickSearchModule:UnityEditor.Search:ASIAI0B' with importer (ScriptedImporter : UnityEditor.QuickSearchModule:UnityEditor.Search:ASIAI0B)
Imported 'GUID: ac10132e358b28947a35981268d3ca57' -> (Import Result ID: '5863501496eb9b857c42c4bdb18209ac') in 0.001 seconds [static and dynamic dependencies]. Details - ImportResultOutputID=2f7da240a616eb0c130e67e66a1fcf81 DependenciesID=8e2a15fc37b724cea88579d3bf84e81b StaticDependenciesID=205d6369faf0c4388a781dd3e504a675 
Number of updated asset objects reloaded before import = 0
Number of asset objects unloaded after import = 1
========================================================================
Received Import Request.
  Time of request: 2026-09-01T06:19:53.397412Z
  Time since last request: 0.0001695 seconds.
  importAddress: GUID: fbeb0a63c44b4483ebfae210dc016f0d - Path: Packages/com.unity.xr.arkit/Runtime/Frameworks/ARKit/ARCoachingGoal.cs - Importer: ScriptedImporter/UnityEditor.QuickSearchModule:UnityEditor.Search:ASIAI0B
Importing 'GUID: fbeb0a63c44b4483ebfae210dc016f0d - Path: Packages/com.unity.xr.arkit/Runtime/Frameworks/ARKit/ARCoachingGoal.cs - Importer: ScriptedImporter/UnityEditor.QuickSearchModule:UnityEditor.Search:ASIAI0B' with importer (ScriptedImporter : UnityEditor.QuickSearchModule:UnityEditor.Search:ASIAI0B)
Imported 'GUID: fbeb0a63c44b4483ebfae210dc016f0d' -> (Import Result ID: 'e68c7c54d2cd58959c66cc78af52157a') in 0.001 seconds [static and dynamic dependencies]. Details - ImportResultOutputID=5b7c5018e497d0bc06f8c2b9ee582cdf DependenciesID=c48d47a2842a883fc185febaf15eb920 StaticDependenciesID=f10cc486597a7fbd849a5679f7cc078d 
Number of updated asset objects reloaded before import = 0
Number of asset objects unloaded after import = 0
========================================================================
Received Import Request.
  Time of request: 2026-09-01T06:19:53.398681Z
  Time since last request: 0.000182708 seconds.
  importAddress: GUID: ceab03329b0864759bc28d09e9a6ed75 - Path: Packages/com.unity.xr.arfoundation/Runtime/ARFoundation/EnvironmentProbes/AREnvironmentProbePlacementType.cs - Importer: ScriptedImporter/UnityEditor.QuickSearchModule:UnityEditor.Search:ASIAI0B
Importing 'GUID: ceab03329b0864759bc28d09e9a6ed75 - Path: Packages/com.unity.xr.arfoundation/Runtime/ARFoundation/EnvironmentProbes/AREnvironmentProbePlacementType.cs - Importer: ScriptedImporter/UnityEditor.QuickSearchModule:UnityEditor.Search:ASIAI0B' with importer (ScriptedImporter : UnityEditor.QuickSearchModule:UnityEditor.Search:ASIAI0B)
Imported 'GUID: ceab03329b0864759bc28d09e9a6ed75' -> (Import Result ID: 'e191d825c88df59671a145976c6f2356') in 0.001 seconds [static and dynamic dependencies]. Details - ImportResultOutputID=2ebc0b4a3db8001b9ee44203f09f689c DependenciesID=ffafcca1f6fcbf428145378e884abb6c StaticDependenciesID=82533a0fc1f992772d523bfced3b4edb 
Number of updated asset objects reloaded before import = 0
Number of asset objects unloaded after import = 1
========================================================================
Received Import Request.
  Time of request: 2026-09-01T06:19:53.400104Z
  Time since last request: 0.000197208 seconds.
  importAddress: GUID: 1667cd4d181f4c38b2d409d10d3b341f - Path: Packages/com.unity.xr.arfoundation/Runtime/Simulation/Environment/SimulatedEnvironmentProbe.cs - Importer: ScriptedImporter/UnityEditor.QuickSearchModule:UnityEditor.Search:ASIAI0B
Importing 'GUID: 1667cd4d181f4c38b2d409d10d3b341f - Path: Packages/com.unity.xr.arfoundation/Runtime/Simulation/Environment/SimulatedEnvironmentProbe.cs - Importer: ScriptedImporter/UnityEditor.QuickSearchModule:UnityEditor.Search:ASIAI0B' with importer (ScriptedImporter : UnityEditor.QuickSearchModule:UnityEditor.Search:ASIAI0B)
Imported 'GUID: 1667cd4d181f4c38b2d409d10d3b341f' -> (Import Result ID: '7cd700ee992d83f21df36a8a074b4505') in 0.001 seconds [static and dynamic dependencies]. Details - ImportResultOutputID=0846c80d14bd6944d96ef375bb3f3ee1 DependenciesID=8ff1db9167e4a55e2906561556dae87c StaticDependenciesID=77eb725f04c2cc897a4483ad9f7b3ac6 
Number of updated asset objects reloaded before import = 0
Number of asset objects unloaded after import = 0
========================================================================
Received Import Request.
  Time of request: 2026-09-01T06:19:53.401419Z
  Time since last request: 0.000189167 seconds.
  importAddress: GUID: 8e420bc48b714c0c99cf02b2c10fa4cd - Path: Packages/com.unity.xr.arfoundation/Runtime/ARSubsystems/Anchors/XRAnchorSubsystemDescriptor.cs - Importer: ScriptedImporter/UnityEditor.QuickSearchModule:UnityEditor.Search:ASIAI0B
Importing 'GUID: 8e420bc48b714c0c99cf02b2c10fa4cd - Path: Packages/com.unity.xr.arfoundation/Runtime/ARSubsystems/Anchors/XRAnchorSubsystemDescriptor.cs - Importer: ScriptedImporter/UnityEditor.QuickSearchModule:UnityEditor.Search:ASIAI0B' with importer (ScriptedImporter : UnityEditor.QuickSearchModule:UnityEditor.Search:ASIAI0B)
Imported 'GUID: 8e420bc48b714c0c99cf02b2c10fa4cd' -> (Import Result ID: '91450a6d8d8544679f03abfeec6321f3') in 0.001 seconds [static and dynamic dependencies]. Details - ImportResultOutputID=6c1f4610821ec19ddefe72b44a492975 DependenciesID=d0d27efd377317f8557287c1f291e3c3 StaticDependenciesID=8888ae9cc911dc48936aafde96772410 
Number of updated asset objects reloaded before import = 0
Number of asset objects unloaded after import = 0
========================================================================
Received Import Request.
  Time of request: 2026-09-01T06:19:53.402674Z
  Time since last request: 0.000201917 seconds.
  importAddress: GUID: f9a30e9bb1aa482cb5c8560dfd92e075 - Path: Packages/com.unity.xr.arfoundation/Runtime/ARSubsystems/BoundingBoxes/XRBoundingBoxBuilder.cs - Importer: ScriptedImporter/UnityEditor.QuickSearchModule:UnityEditor.Search:ASIAI0B
Importing 'GUID: f9a30e9bb1aa482cb5c8560dfd92e075 - Path: Packages/com.unity.xr.arfoundation/Runtime/ARSubsystems/BoundingBoxes/XRBoundingBoxBuilder.cs - Importer: ScriptedImporter/UnityEditor.QuickSearchModule:UnityEditor.Search:ASIAI0B' with importer (ScriptedImporter : UnityEditor.QuickSearchModule:UnityEditor.Search:ASIAI0B)
Imported 'GUID: f9a30e9bb1aa482cb5c8560dfd92e075' -> (Import Result ID: '14c68777ad608007d42a143ef2d0264f') in 0.001 seconds [static and dynamic dependencies]. Details - ImportResultOutputID=80ccd4507c77c69ca5cb522f44d4bc81 DependenciesID=8efc66eb07a61ebbcfe1e39dbb04e8a8 StaticDependenciesID=1e24e40c8cc45c510bd9f248a456fa16 
Number of updated asset objects reloaded before import = 0
Number of asset objects unloaded after import = 0
========================================================================
Received Import Request.
  Time of request: 2026-09-01T06:19:53.403857Z
  Time since last request: 0.000186292 seconds.
  importAddress: GUID: 5573a38462d52344e933546406be7811 - Path: Packages/com.unity.xr.arfoundation/Runtime/ARFoundation/Common/TrackingSubsystem/ARTrackableManager.cs - Importer: ScriptedImporter/UnityEditor.QuickSearchModule:UnityEditor.Search:ASIAI0B
Importing 'GUID: 5573a38462d52344e933546406be7811 - Path: Packages/com.unity.xr.arfoundation/Runtime/ARFoundation/Common/TrackingSubsystem/ARTrackableManager.cs - Importer: ScriptedImporter/UnityEditor.QuickSearchModule:UnityEditor.Search:ASIAI0B' with importer (ScriptedImporter : UnityEditor.QuickSearchModule:UnityEditor.Search:ASIAI0B)
Imported 'GUID: 5573a38462d52344e933546406be7811' -> (Import Result ID: '439d3efa5f98b5d5c6f46c41de0c6bfc') in 0.001 seconds [static and dynamic dependencies]. Details - ImportResultOutputID=5d7a144d83301e1c219d82f810c663f8 DependenciesID=76c0f569e3ac6ed76a8a0c790b566758 StaticDependenciesID=6a2c440d9950a1581a9e7074879870cf 
Number of updated asset objects reloaded before import = 0
Number of asset objects unloaded after import = 1
========================================================================
Received Import Request.
  Time of request: 2026-09-01T06:19:53.405309Z
  Time since last request: 0.000189084 seconds.
  importAddress: GUID: f4cc3e6141404a9bbabdd569192115c9 - Path: Packages/com.unity.xr.arfoundation/Editor/VisualScripting/ARTrackedImagesChangedEventUnitDescriptor.cs - Importer: ScriptedImporter/UnityEditor.QuickSearchModule:UnityEditor.Search:ASIAI0B
Importing 'GUID: f4cc3e6141404a9bbabdd569192115c9 - Path: Packages/com.unity.xr.arfoundation/Editor/VisualScripting/ARTrackedImagesChangedEventUnitDescriptor.cs - Importer: ScriptedImporter/UnityEditor.QuickSearchModule:UnityEditor.Search:ASIAI0B' with importer (ScriptedImporter : UnityEditor.QuickSearchModule:UnityEditor.Search:ASIAI0B)
Imported 'GUID: f4cc3e6141404a9bbabdd569192115c9' -> (Import Result ID: 'a28b4c0842a7968e32545ca2b48672e4') in 0.001 seconds [static and dynamic dependencies]. Details - ImportResultOutputID=f0a69a304ce9da0c7ead6c4352eb14ce DependenciesID=45d7931fc356b5edeadd48fbc2731036 StaticDependenciesID=a0c15792de9076a4b03433a71a19a39a 
Number of updated asset objects reloaded before import = 0
Number of asset objects unloaded after import = 0
========================================================================
Received Import Request.
  Time of request: 2026-09-01T06:19:53.406626Z
  Time since last request: 0.000227833 seconds.
  importAddress: GUID: 090bb22628868b54d9e8b511a11c5b92 - Path: Packages/com.unity.xr.arfoundation/Runtime/ARSubsystems/Common/TrackingSubsystem/TrackingSubsystem.cs - Importer: ScriptedImporter/UnityEditor.QuickSearchModule:UnityEditor.Search:ASIAI0B
Importing 'GUID: 090bb22628868b54d9e8b511a11c5b92 - Path: Packages/com.unity.xr.arfoundation/Runtime/ARSubsystems/Common/TrackingSubsystem/TrackingSubsystem.cs - Importer: ScriptedImporter/UnityEditor.QuickSearchModule:UnityEditor.Search:ASIAI0B' with importer (ScriptedImporter : UnityEditor.QuickSearchModule:UnityEditor.Search:ASIAI0B)
Imported 'GUID: 090bb22628868b54d9e8b511a11c5b92' -> (Import Result ID: 'd4f82f2f737adb97f8419594379c8384') in 0.001 seconds [static and dynamic dependencies]. Details - ImportResultOutputID=13cb9b339a4687a51cbad9337c4bf9c4 DependenciesID=f20128c0f58e9287c8129a685a38f91b StaticDependenciesID=0f776757e8a3b106b036ca103e48f67a 
Number of updated asset objects reloaded before import = 0
Number of asset objects unloaded after import = 0
========================================================================
Received Import Request.
  Time of request: 2026-09-01T06:19:53.407857Z
  Time since last request: 0.000209333 seconds.
  importAddress: GUID: 50f5eb196c68410598a39e96b75d59b9 - Path: Packages/com.unity.xr.arfoundation/Editor/Simulation/XRSimulationPreferencesEditor.cs - Importer: ScriptedImporter/UnityEditor.QuickSearchModule:UnityEditor.Search:ASIAI0B
Importing 'GUID: 50f5eb196c68410598a39e96b75d59b9 - Path: Packages/com.unity.xr.arfoundation/Editor/Simulation/XRSimulationPreferencesEditor.cs - Importer: ScriptedImporter/UnityEditor.QuickSearchModule:UnityEditor.Search:ASIAI0B' with importer (ScriptedImporter : UnityEditor.QuickSearchModule:UnityEditor.Search:ASIAI0B)
Imported 'GUID: 50f5eb196c68410598a39e96b75d59b9' -> (Import Result ID: '6c77a370ab858548c29daf5013fccad7') in 0.001 seconds [static and dynamic dependencies]. Details - ImportResultOutputID=f59c45777de5ec2aa266fb9589e56398 DependenciesID=3608ca75cd0634f25ce3671b18b262c0 StaticDependenciesID=210d91a29c2eb98707f886fee9486b59 
Number of updated asset objects reloaded before import = 0
Number of asset objects unloaded after import = 0
========================================================================
Received Import Request.
  Time of request: 2026-09-01T06:19:53.409115Z
  Time since last request: 0.000203292 seconds.
  importAddress: GUID: 8b7dade4ad602435293bbfb6ea79fb1e - Path: Packages/com.unity.xr.arfoundation/Runtime/ARFoundation/Common/Textures/UpdatableTextureFactory.cs - Importer: ScriptedImporter/UnityEditor.QuickSearchModule:UnityEditor.Search:ASIAI0B
Importing 'GUID: 8b7dade4ad602435293bbfb6ea79fb1e - Path: Packages/com.unity.xr.arfoundation/Runtime/ARFoundation/Common/Textures/UpdatableTextureFactory.cs - Importer: ScriptedImporter/UnityEditor.QuickSearchModule:UnityEditor.Search:ASIAI0B' with importer (ScriptedImporter : UnityEditor.QuickSearchModule:UnityEditor.Search:ASIAI0B)
Imported 'GUID: 8b7dade4ad602435293bbfb6ea79fb1e' -> (Import Result ID: '9d534f83d85a036a334e1e7e44129877') in 0.001 seconds [static and dynamic dependencies]. Details - ImportResultOutputID=ecf064c2a77c3e1bd90a4d3745d9259a DependenciesID=c6304e1937de68466fef2534e95aaf32 StaticDependenciesID=e6540f9b8c2cc026a48dc602298ebfec 
Number of updated asset objects reloaded before import = 0
Number of asset objects unloaded after import = 0
========================================================================
Received Import Request.
  Time of request: 2026-09-01T06:19:53.410286Z
  Time since last request: 0.000184416 seconds.
  importAddress: GUID: 598e32ba36a2f0246a1155b30c54c4c6 - Path: Packages/com.unity.xr.arfoundation/Runtime/ARSubsystems/Images/XRTrackedImage.cs - Importer: ScriptedImporter/UnityEditor.QuickSearchModule:UnityEditor.Search:ASIAI0B
Importing 'GUID: 598e32ba36a2f0246a1155b30c54c4c6 - Path: Packages/com.unity.xr.arfoundation/Runtime/ARSubsystems/Images/XRTrackedImage.cs - Importer: ScriptedImporter/UnityEditor.QuickSearchModule:UnityEditor.Search:ASIAI0B' with importer (ScriptedImporter : UnityEditor.QuickSearchModule:UnityEditor.Search:ASIAI0B)
Imported 'GUID: 598e32ba36a2f0246a1155b30c54c4c6' -> (Import Result ID: '40740f7e17d8f9366e722e500f50a227') in 0.001 seconds [static and dynamic dependencies]. Details - ImportResultOutputID=7734c6c440a8e9c6cdc07c6c27279f64 DependenciesID=19a347b105edd5b64780e5435dc2d96f StaticDependenciesID=fafd27e820ed92cbb151ab55e1f28b4a 
Number of updated asset objects reloaded before import = 0
Number of asset objects unloaded after import = 0
========================================================================
Received Import Request.
  Time of request: 2026-09-01T06:19:53.411578Z
  Time since last request: 0.000242041 seconds.
  importAddress: GUID: 77a385bbd5450426f88d4f89e097fe21 - Path: Packages/com.unity.xr.arfoundation/Editor/VisualScripting/FaceUpdatedEventUnitDescriptor.cs - Importer: ScriptedImporter/UnityEditor.QuickSearchModule:UnityEditor.Search:ASIAI0B
Importing 'GUID: 77a385bbd5450426f88d4f89e097fe21 - Path: Packages/com.unity.xr.arfoundation/Editor/VisualScripting/FaceUpdatedEventUnitDescriptor.cs - Importer: ScriptedImporter/UnityEditor.QuickSearchModule:UnityEditor.Search:ASIAI0B' with importer (ScriptedImporter : UnityEditor.QuickSearchModule:UnityEditor.Search:ASIAI0B)
Imported 'GUID: 77a385bbd5450426f88d4f89e097fe21' -> (Import Result ID: 'bd06a77612fffcdde81b4cf7cc0dc902') in 0.001 seconds [static and dynamic dependencies]. Details - ImportResultOutputID=9bfd08231ac8973870d77744e4394c1b DependenciesID=5fd878e27134de0e54c69b53099ff716 StaticDependenciesID=cbb5f7a26b625fad8b40b18bab589ebc 
Number of updated asset objects reloaded before import = 0
Number of asset objects unloaded after import = 0
========================================================================
Received Import Request.
  Time of request: 2026-09-01T06:19:53.412702Z
  Time since last request: 0.000170583 seconds.
  importAddress: GUID: 2f1c15537ddcc41dd962995da6f13e22 - Path: Packages/com.unity.xr.arfoundation/Runtime/ARSubsystems/Common/Textures/ShaderKeywords.cs - Importer: ScriptedImporter/UnityEditor.QuickSearchModule:UnityEditor.Search:ASIAI0B
Importing 'GUID: 2f1c15537ddcc41dd962995da6f13e22 - Path: Packages/com.unity.xr.arfoundation/Runtime/ARSubsystems/Common/Textures/ShaderKeywords.cs - Importer: ScriptedImporter/UnityEditor.QuickSearchModule:UnityEditor.Search:ASIAI0B' with importer (ScriptedImporter : UnityEditor.QuickSearchModule:UnityEditor.Search:ASIAI0B)
Imported 'GUID: 2f1c15537ddcc41dd962995da6f13e22' -> (Import Result ID: '13b4af1ee8bed046d3fea3cb301fbc1e') in 0.001 seconds [static and dynamic dependencies]. Details - ImportResultOutputID=05beb21fd23550509813d55e02363b58 DependenciesID=6d5586220c49220a25f6483d04e8e04d StaticDependenciesID=585c5fcf10d9a73193970d945de6380e 
Number of updated asset objects reloaded before import = 0
Number of asset objects unloaded after import = 0
========================================================================
Received Import Request.
  Time of request: 2026-09-01T06:19:53.413863Z
  Time since last request: 0.000178334 seconds.
  importAddress: GUID: c3c0c9ecd280e4e39b124fd3f0e64266 - Path: Packages/com.unity.xr.arkit/Runtime/FaceTracking - Importer: ScriptedImporter/UnityEditor.QuickSearchModule:UnityEditor.Search:ASIAI0B
Importing 'GUID: c3c0c9ecd280e4e39b124fd3f0e64266 - Path: Packages/com.unity.xr.arkit/Runtime/FaceTracking - Importer: ScriptedImporter/UnityEditor.QuickSearchModule:UnityEditor.Search:ASIAI0B' with importer (ScriptedImporter : UnityEditor.QuickSearchModule:UnityEditor.Search:ASIAI0B)
Imported 'GUID: c3c0c9ecd280e4e39b124fd3f0e64266' -> (Import Result ID: 'a61131121431472d355e092fade31b20') in 0.001 seconds [static and dynamic dependencies]. Details - ImportResultOutputID=31b4081a3a212e50178cd1202a39ee66 DependenciesID=0b3835c737647526dfc8270c0801939f StaticDependenciesID=8af2362af445727b0e7782b4e38525fe 
Number of updated asset objects reloaded before import = 0
Number of asset objects unloaded after import = 1
========================================================================
Received Import Request.
  Time of request: 2026-09-01T06:19:53.414966Z
  Time since last request: 0.000212166 seconds.
  importAddress: GUID: b0616377ff5fd4eba875d448e8941d86 - Path: Packages/com.unity.xr.arfoundation/Runtime/VisualScripting/Units/GetPointCloudsUnit.cs - Importer: ScriptedImporter/UnityEditor.QuickSearchModule:UnityEditor.Search:ASIAI0B
Importing 'GUID: b0616377ff5fd4eba875d448e8941d86 - Path: Packages/com.unity.xr.arfoundation/Runtime/VisualScripting/Units/GetPointCloudsUnit.cs - Importer: ScriptedImporter/UnityEditor.QuickSearchModule:UnityEditor.Search:ASIAI0B' with importer (ScriptedImporter : UnityEditor.QuickSearchModule:UnityEditor.Search:ASIAI0B)
Imported 'GUID: b0616377ff5fd4eba875d448e8941d86' -> (Import Result ID: '78684f27ad84c1250fe9da068be349ca') in 0.001 seconds [static and dynamic dependencies]. Details - ImportResultOutputID=854f05ceef5825680ad25deb6ecfee7e DependenciesID=89f9c99dcd6bb4ffc9c924bd425bb128 StaticDependenciesID=500502bb0f012fc52e833214014c413f 
Number of updated asset objects reloaded before import = 0
Number of asset objects unloaded after import = 0
========================================================================
Received Import Request.
  Time of request: 2026-09-01T06:19:53.416156Z
  Time since last request: 0.000222417 seconds.
  importAddress: GUID: 6fb24465f68ef734296af85a26077ebf - Path: Packages/com.unity.xr.arfoundation/Runtime/Simulation/Plugins/windows-x64/XRSimulationSubsystem.dll - Importer: ScriptedImporter/UnityEditor.QuickSearchModule:UnityEditor.Search:ASIAI0B
Importing 'GUID: 6fb24465f68ef734296af85a26077ebf - Path: Packages/com.unity.xr.arfoundation/Runtime/Simulation/Plugins/windows-x64/XRSimulationSubsystem.dll - Importer: ScriptedImporter/UnityEditor.QuickSearchModule:UnityEditor.Search:ASIAI0B' with importer (ScriptedImporter : UnityEditor.QuickSearchModule:UnityEditor.Search:ASIAI0B)
Imported 'GUID: 6fb24465f68ef734296af85a26077ebf' -> (Import Result ID: 'fb5ebbeb1c95ea7b8dc93cf037e67acb') in 0.001 seconds [static and dynamic dependencies]. Details - ImportResultOutputID=520792380a31f5d9d96156b2ff44b65d DependenciesID=4b7936cb1a0d5d6095b08f7f07b6f56c StaticDependenciesID=064a0912a1ea14dd0554e2defc28d817 
Number of updated asset objects reloaded before import = 0
Number of asset objects unloaded after import = 0
========================================================================
Received Import Request.
  Time of request: 2026-09-01T06:19:53.417699Z
  Time since last request: 0.000183208 seconds.
  importAddress: GUID: 10bea3a8110274ebe8d025b98b75ab05 - Path: Packages/com.unity.xr.arfoundation/Runtime/Simulation/Subsystems/ImageTracking/SimulationTrackedImageDiscoverer.cs - Importer: ScriptedImporter/UnityEditor.QuickSearchModule:UnityEditor.Search:ASIAI0B
Importing 'GUID: 10bea3a8110274ebe8d025b98b75ab05 - Path: Packages/com.unity.xr.arfoundation/Runtime/Simulation/Subsystems/ImageTracking/SimulationTrackedImageDiscoverer.cs - Importer: ScriptedImporter/UnityEditor.QuickSearchModule:UnityEditor.Search:ASIAI0B' with importer (ScriptedImporter : UnityEditor.QuickSearchModule:UnityEditor.Search:ASIAI0B)
Imported 'GUID: 10bea3a8110274ebe8d025b98b75ab05' -> (Import Result ID: 'a7030fe9a026a3ce6e9672ee5a9ffffa') in 0.001 seconds [static and dynamic dependencies]. Details - ImportResultOutputID=a623f98576023ccdd1165fac7b477cfa DependenciesID=f9135208d7af6baf6c7d3a6805ed0d50 StaticDependenciesID=1b4d0a110b4385442327a696a3fd2f2d 
Number of updated asset objects reloaded before import = 0
Number of asset objects unloaded after import = 0
========================================================================
Received Import Request.
  Time of request: 2026-09-01T06:19:53.418891Z
  Time since last request: 0.000195791 seconds.
  importAddress: GUID: e11a1416a92045c495825aa1b9a1da3f - Path: Packages/com.unity.xr.arkit/Runtime/ARKitAnchorSubsystem.cs - Importer: ScriptedImporter/UnityEditor.QuickSearchModule:UnityEditor.Search:ASIAI0B
Importing 'GUID: e11a1416a92045c495825aa1b9a1da3f - Path: Packages/com.unity.xr.arkit/Runtime/ARKitAnchorSubsystem.cs - Importer: ScriptedImporter/UnityEditor.QuickSearchModule:UnityEditor.Search:ASIAI0B' with importer (ScriptedImporter : UnityEditor.QuickSearchModule:UnityEditor.Search:ASIAI0B)
Imported 'GUID: e11a1416a92045c495825aa1b9a1da3f' -> (Import Result ID: '8fe588eca2e55db56fd6a659accbc99b') in 0.001 seconds [static and dynamic dependencies]. Details - ImportResultOutputID=98f3fcbd770cda9ba672dbde6d1f36f1 DependenciesID=e61477994d1c77a418f6c477648aab02 StaticDependenciesID=ee16ee2de3e29b549800cf8f06fe3998 
Number of updated asset objects reloaded before import = 0
Number of asset objects unloaded after import = 0
========================================================================
Received Import Request.
  Time of request: 2026-09-01T06:19:53.420114Z
  Time since last request: 0.000185834 seconds.
  importAddress: GUID: 20f4bc8723a1d448bb1f33533dc9484c - Path: Packages/com.unity.xr.arfoundation/Tests/Runtime/CodeSamples/TrackedImageSamples.cs - Importer: ScriptedImporter/UnityEditor.QuickSearchModule:UnityEditor.Search:ASIAI0B
Importing 'GUID: 20f4bc8723a1d448bb1f33533dc9484c - Path: Packages/com.unity.xr.arfoundation/Tests/Runtime/CodeSamples/TrackedImageSamples.cs - Importer: ScriptedImporter/UnityEditor.QuickSearchModule:UnityEditor.Search:ASIAI0B' with importer (ScriptedImporter : UnityEditor.QuickSearchModule:UnityEditor.Search:ASIAI0B)
Imported 'GUID: 20f4bc8723a1d448bb1f33533dc9484c' -> (Import Result ID: '5a63e86d2e386268de41c9959c87aa8f') in 0.001 seconds [static and dynamic dependencies]. Details - ImportResultOutputID=b643bb36a8bfa8840fadbee4a9f376e2 DependenciesID=209bc51a60f9f82c5f212ffe21167780 StaticDependenciesID=e2a720d6e5634799970f669faf0ed688 
Number of updated asset objects reloaded before import = 0
Number of asset objects unloaded after import = 0
========================================================================
Received Import Request.
  Time of request: 2026-09-01T06:19:53.421434Z
  Time since last request: 0.000192583 seconds.
  importAddress: GUID: 331c0afeda2534f8ea53f18fae482808 - Path: Packages/com.unity.xr.arfoundation/Runtime/ARFoundation/EnvironmentProbes/AREnvironmentProbe.cs - Importer: ScriptedImporter/UnityEditor.QuickSearchModule:UnityEditor.Search:ASIAI0B
Importing 'GUID: 331c0afeda2534f8ea53f18fae482808 - Path: Packages/com.unity.xr.arfoundation/Runtime/ARFoundation/EnvironmentProbes/AREnvironmentProbe.cs - Importer: ScriptedImporter/UnityEditor.QuickSearchModule:UnityEditor.Search:ASIAI0B' with importer (ScriptedImporter : UnityEditor.QuickSearchModule:UnityEditor.Search:ASIAI0B)
Imported 'GUID: 331c0afeda2534f8ea53f18fae482808' -> (Import Result ID: '113b1c0ce3e7fa205e07b559aa2657bd') in 0.002 seconds [static and dynamic dependencies]. Details - ImportResultOutputID=e8f9b6a065b72099208fce914fb9f644 DependenciesID=cd276809a1e2c2f3880a688799290955 StaticDependenciesID=767bd6a96fbc91e5643c78e3f4a934bc 
Number of updated asset objects reloaded before import = 0
Number of asset objects unloaded after import = 1
========================================================================
Received Import Request.
  Time of request: 2026-09-01T06:19:53.42408Z
  Time since last request: 0.000190375 seconds.
  importAddress: GUID: 81d4f2236ad524396b05cef1499ced08 - Path: Packages/com.unity.xr.arfoundation/Tests/Runtime/CodeSamples/CpuImageSamples.cs - Importer: ScriptedImporter/UnityEditor.QuickSearchModule:UnityEditor.Search:ASIAI0B
Importing 'GUID: 81d4f2236ad524396b05cef1499ced08 - Path: Packages/com.unity.xr.arfoundation/Tests/Runtime/CodeSamples/CpuImageSamples.cs - Importer: ScriptedImporter/UnityEditor.QuickSearchModule:UnityEditor.Search:ASIAI0B' with importer (ScriptedImporter : UnityEditor.QuickSearchModule:UnityEditor.Search:ASIAI0B)
Imported 'GUID: 81d4f2236ad524396b05cef1499ced08' -> (Import Result ID: '0cdfb4c634b6a2e75e7b001fa44ffe7b') in 0.001 seconds [static and dynamic dependencies]. Details - ImportResultOutputID=e2547d374574a955ad4268a526a43544 DependenciesID=5931f2d8d76aa196d0edd1da33cf847b StaticDependenciesID=f403147c2f01f6f301f2b54e6d5ef908 
Number of updated asset objects reloaded before import = 0
Number of asset objects unloaded after import = 0
========================================================================
Received Import Request.
  Time of request: 2026-09-01T06:19:53.425383Z
  Time since last request: 0.00019 seconds.
  importAddress: GUID: 1ecdcdbe3d466473a9e30bcc89107788 - Path: Packages/com.unity.xr.arfoundation/Runtime/Simulation/Subsystems/Raycast/SimulationRaycastSubsystem.cs - Importer: ScriptedImporter/UnityEditor.QuickSearchModule:UnityEditor.Search:ASIAI0B
Importing 'GUID: 1ecdcdbe3d466473a9e30bcc89107788 - Path: Packages/com.unity.xr.arfoundation/Runtime/Simulation/Subsystems/Raycast/SimulationRaycastSubsystem.cs - Importer: ScriptedImporter/UnityEditor.QuickSearchModule:UnityEditor.Search:ASIAI0B' with importer (ScriptedImporter : UnityEditor.QuickSearchModule:UnityEditor.Search:ASIAI0B)
Imported 'GUID: 1ecdcdbe3d466473a9e30bcc89107788' -> (Import Result ID: 'f339cb3b721d180012f0c3abbb5fb5d2') in 0.001 seconds [static and dynamic dependencies]. Details - ImportResultOutputID=ed7b473442fb01039e23f00c60cbae32 DependenciesID=4b696afa7b2ffd2128bd22a58fc34a05 StaticDependenciesID=51c75b62544476a58beef976d2562047 
Number of updated asset objects reloaded before import = 0
Number of asset objects unloaded after import = 0
========================================================================
Received Import Request.
  Time of request: 2026-09-01T06:19:53.426847Z
  Time since last request: 0.000206958 seconds.
  importAddress: GUID: 4efd839d6ccf412582479aa18122f377 - Path: Packages/com.unity.xr.arkit/Runtime/Frameworks/Foundation/NSKeyedUnarchiver.cs - Importer: ScriptedImporter/UnityEditor.QuickSearchModule:UnityEditor.Search:ASIAI0B
Importing 'GUID: 4efd839d6ccf412582479aa18122f377 - Path: Packages/com.unity.xr.arkit/Runtime/Frameworks/Foundation/NSKeyedUnarchiver.cs - Importer: ScriptedImporter/UnityEditor.QuickSearchModule:UnityEditor.Search:ASIAI0B' with importer (ScriptedImporter : UnityEditor.QuickSearchModule:UnityEditor.Search:ASIAI0B)
Imported 'GUID: 4efd839d6ccf412582479aa18122f377' -> (Import Result ID: '5bdbce2eabb358fd712fddf95bac1511') in 0.001 seconds [static and dynamic dependencies]. Details - ImportResultOutputID=a5058d21cdae788ba2d0d6f169540fff DependenciesID=c80ee339e53fea40c679e14a53c53751 StaticDependenciesID=7126198604094f23b04bcb106e1c86f5 
Number of updated asset objects reloaded before import = 0
Number of asset objects unloaded after import = 0
========================================================================
Received Import Request.
  Time of request: 2026-09-01T06:19:53.428113Z
  Time since last request: 0.00019875 seconds.
  importAddress: GUID: fdfd7a2f688ba3447bb548e533391a6e - Path: Packages/com.unity.xr.arfoundation/Runtime/Simulation/Subsystems/CameraTextureProvider.cs - Importer: ScriptedImporter/UnityEditor.QuickSearchModule:UnityEditor.Search:ASIAI0B
Importing 'GUID: fdfd7a2f688ba3447bb548e533391a6e - Path: Packages/com.unity.xr.arfoundation/Runtime/Simulation/Subsystems/CameraTextureProvider.cs - Importer: ScriptedImporter/UnityEditor.QuickSearchModule:UnityEditor.Search:ASIAI0B' with importer (ScriptedImporter : UnityEditor.QuickSearchModule:UnityEditor.Search:ASIAI0B)
Imported 'GUID: fdfd7a2f688ba3447bb548e533391a6e' -> (Import Result ID: '85807e3c2d17edcf3f3390815d673673') in 0.001 seconds [static and dynamic dependencies]. Details - ImportResultOutputID=b8c7e559abbfdf206ab0f629594d48e2 DependenciesID=88fbae4ffb103b8e383afcf381b97aa2 StaticDependenciesID=ec3cb20318184db3508b68364b57c26c 
Number of updated asset objects reloaded before import = 0
Number of asset objects unloaded after import = 0
========================================================================
Received Import Request.
  Time of request: 2026-09-01T06:19:53.4297Z
  Time since last request: 0.0003335 seconds.
  importAddress: GUID: 2622419bbd8b348e2a94fe705710ba24 - Path: Packages/com.unity.xr.arkit/Tests/Runtime/OSVersionTests.cs - Importer: ScriptedImporter/UnityEditor.QuickSearchModule:UnityEditor.Search:ASIAI0B
Importing 'GUID: 2622419bbd8b348e2a94fe705710ba24 - Path: Packages/com.unity.xr.arkit/Tests/Runtime/OSVersionTests.cs - Importer: ScriptedImporter/UnityEditor.QuickSearchModule:UnityEditor.Search:ASIAI0B' with importer (ScriptedImporter : UnityEditor.QuickSearchModule:UnityEditor.Search:ASIAI0B)
Imported 'GUID: 2622419bbd8b348e2a94fe705710ba24' -> (Import Result ID: '5238876a163459ac3185a5e90e8ed0c5') in 0.002 seconds [static and dynamic dependencies]. Details - ImportResultOutputID=1882cfa9d0fda34df7edd6ad6101b0c0 DependenciesID=d482e938383faa56e4572ceeffdccd3a StaticDependenciesID=2632e1553f50cdbbe4c14de1a3201ebd 
Number of updated asset objects reloaded before import = 0
Number of asset objects unloaded after import = 0
========================================================================
Received Import Request.
  Time of request: 2026-09-01T06:19:53.432285Z
  Time since last request: 0.000309292 seconds.
  importAddress: GUID: aed1c555ccc3d4cc49fc88eb0153afc9 - Path: Packages/com.unity.xr.arfoundation/Runtime/VisualScripting/Units/Events/EventUnits/SessionStateChangedEventUnit.cs - Importer: ScriptedImporter/UnityEditor.QuickSearchModule:UnityEditor.Search:ASIAI0B
Importing 'GUID: aed1c555ccc3d4cc49fc88eb0153afc9 - Path: Packages/com.unity.xr.arfoundation/Runtime/VisualScripting/Units/Events/EventUnits/SessionStateChangedEventUnit.cs - Importer: ScriptedImporter/UnityEditor.QuickSearchModule:UnityEditor.Search:ASIAI0B' with importer (ScriptedImporter : UnityEditor.QuickSearchModule:UnityEditor.Search:ASIAI0B)
Imported 'GUID: aed1c555ccc3d4cc49fc88eb0153afc9' -> (Import Result ID: '6068da339973a519e0ba3e92f4f2dc39') in 0.001 seconds [static and dynamic dependencies]. Details - ImportResultOutputID=9aa30c9eb89b3f3b73479259523e663e DependenciesID=54f5942ef74d6f8c8ab0f4b3c65f3242 StaticDependenciesID=11297c4b520800f0adb209b27fb48f21 
Number of updated asset objects reloaded before import = 0
Number of asset objects unloaded after import = 0
========================================================================
Received Import Request.
  Time of request: 2026-09-01T06:19:53.43357Z
  Time since last request: 0.000201917 seconds.
  importAddress: GUID: 4ab54da639716e244ba47e096f0ccffd - Path: Packages/com.unity.xr.arkit/Runtime/ARKitRaycastSubsystem.cs - Importer: ScriptedImporter/UnityEditor.QuickSearchModule:UnityEditor.Search:ASIAI0B
Importing 'GUID: 4ab54da639716e244ba47e096f0ccffd - Path: Packages/com.unity.xr.arkit/Runtime/ARKitRaycastSubsystem.cs - Importer: ScriptedImporter/UnityEditor.QuickSearchModule:UnityEditor.Search:ASIAI0B' with importer (ScriptedImporter : UnityEditor.QuickSearchModule:UnityEditor.Search:ASIAI0B)
Imported 'GUID: 4ab54da639716e244ba47e096f0ccffd' -> (Import Result ID: '17065ee4606309003cdb52391506c157') in 0.001 seconds [static and dynamic dependencies]. Details - ImportResultOutputID=c13d1a300db9c1299f7af1c8c11e121a DependenciesID=68dd0715ad644594d52b979c22297a55 StaticDependenciesID=833e04a66662ecac28f90e5ea10bcfc0 
Number of updated asset objects reloaded before import = 0
Number of asset objects unloaded after import = 0
========================================================================
Received Import Request.
  Time of request: 2026-09-01T06:19:53.434889Z
  Time since last request: 0.000285375 seconds.
  importAddress: GUID: 1b3c6b4e84ee4949846c28f13e34cb66 - Path: Packages/com.unity.xr.arfoundation/Runtime/Simulation/Environment/XREnvironmentViewCamera.cs - Importer: ScriptedImporter/UnityEditor.QuickSearchModule:UnityEditor.Search:ASIAI0B
Importing 'GUID: 1b3c6b4e84ee4949846c28f13e34cb66 - Path: Packages/com.unity.xr.arfoundation/Runtime/Simulation/Environment/XREnvironmentViewCamera.cs - Importer: ScriptedImporter/UnityEditor.QuickSearchModule:UnityEditor.Search:ASIAI0B' with importer (ScriptedImporter : UnityEditor.QuickSearchModule:UnityEditor.Search:ASIAI0B)
Imported 'GUID: 1b3c6b4e84ee4949846c28f13e34cb66' -> (Import Result ID: '577064417efd9fc83b5ef11f7dbb3cea') in 0.001 seconds [static and dynamic dependencies]. Details - ImportResultOutputID=092a8e75ef838fc51c4346baf6b68741 DependenciesID=9d5d018d775e0a5e1016102d5b57ddd2 StaticDependenciesID=45e062bd16a134166b955ea4c0bf878c 
Number of updated asset objects reloaded before import = 0
Number of asset objects unloaded after import = 0
========================================================================
Received Import Request.
  Time of request: 2026-09-01T06:19:53.436268Z
  Time since last request: 0.000211625 seconds.
  importAddress: GUID: c0d870950fb1446c95b8e66b03eb8a0b - Path: Packages/com.unity.xr.arfoundation/Runtime/ARFoundation/Utils/LoaderUtility.cs - Importer: ScriptedImporter/UnityEditor.QuickSearchModule:UnityEditor.Search:ASIAI0B
Importing 'GUID: c0d870950fb1446c95b8e66b03eb8a0b - Path: Packages/com.unity.xr.arfoundation/Runtime/ARFoundation/Utils/LoaderUtility.cs - Importer: ScriptedImporter/UnityEditor.QuickSearchModule:UnityEditor.Search:ASIAI0B' with importer (ScriptedImporter : UnityEditor.QuickSearchModule:UnityEditor.Search:ASIAI0B)
Imported 'GUID: c0d870950fb1446c95b8e66b03eb8a0b' -> (Import Result ID: '8a8025a06e5054a87557d686d7484dfa') in 0.001 seconds [static and dynamic dependencies]. Details - ImportResultOutputID=c4f9ac04295278cfc1eaf5e9723ff157 DependenciesID=a76df93afc593636146f95a3945c8eec StaticDependenciesID=25d90a6b3ea0a82c2da3bcfc5e6896ad 
Number of updated asset objects reloaded before import = 0
Number of asset objects unloaded after import = 0
========================================================================
Received Import Request.
  Time of request: 2026-09-01T06:19:53.437605Z
  Time since last request: 0.000190708 seconds.
  importAddress: GUID: 7ab0e80cee9cc1d44928bfe488dd1e2d - Path: Packages/com.unity.xr.arfoundation/Runtime/ARFoundation/PointClouds/ARPointCloudManager.cs - Importer: ScriptedImporter/UnityEditor.QuickSearchModule:UnityEditor.Search:ASIAI0B
Importing 'GUID: 7ab0e80cee9cc1d44928bfe488dd1e2d - Path: Packages/com.unity.xr.arfoundation/Runtime/ARFoundation/PointClouds/ARPointCloudManager.cs - Importer: ScriptedImporter/UnityEditor.QuickSearchModule:UnityEditor.Search:ASIAI0B' with importer (ScriptedImporter : UnityEditor.QuickSearchModule:UnityEditor.Search:ASIAI0B)
Imported 'GUID: 7ab0e80cee9cc1d44928bfe488dd1e2d' -> (Import Result ID: 'b83a84c1c461845d4593a3d0d5c838de') in 0.001 seconds [static and dynamic dependencies]. Details - ImportResultOutputID=00d11536d1f40619a325353753829518 DependenciesID=a404848ff94635dcde64877f6d39d3af StaticDependenciesID=621d1328ad9559551d7adbc2b4884fb2 
Number of updated asset objects reloaded before import = 0
Number of asset objects unloaded after import = 1
========================================================================
Received Import Request.
  Time of request: 2026-09-01T06:19:53.439076Z
  Time since last request: 0.000173166 seconds.
  importAddress: GUID: 7a6259f8758264df9b2ebe8e164f5853 - Path: Packages/com.unity.xr.arkit/Runtime/ObjectTracking - Importer: ScriptedImporter/UnityEditor.QuickSearchModule:UnityEditor.Search:ASIAI0B
Importing 'GUID: 7a6259f8758264df9b2ebe8e164f5853 - Path: Packages/com.unity.xr.arkit/Runtime/ObjectTracking - Importer: ScriptedImporter/UnityEditor.QuickSearchModule:UnityEditor.Search:ASIAI0B' with importer (ScriptedImporter : UnityEditor.QuickSearchModule:UnityEditor.Search:ASIAI0B)
Imported 'GUID: 7a6259f8758264df9b2ebe8e164f5853' -> (Import Result ID: 'bea41113869aa9fcdc06d181742d1e76') in 0.001 seconds [static and dynamic dependencies]. Details - ImportResultOutputID=4e4d6c0b35758fcc0b1b9e6bb871ef14 DependenciesID=5132bd567e7246dd5d88d65274393774 StaticDependenciesID=543095da164791c4174e871d69849616 
Number of updated asset objects reloaded before import = 0
Number of asset objects unloaded after import = 1
========================================================================
Received Import Request.
  Time of request: 2026-09-01T06:19:53.440489Z
  Time since last request: 0.000202542 seconds.
  importAddress: GUID: 0d6acc2ca13354bb5b7f6481eb6da0cb - Path: Packages/com.unity.xr.arkit/Editor/ARReferenceImage.cs - Importer: ScriptedImporter/UnityEditor.QuickSearchModule:UnityEditor.Search:ASIAI0B
Importing 'GUID: 0d6acc2ca13354bb5b7f6481eb6da0cb - Path: Packages/com.unity.xr.arkit/Editor/ARReferenceImage.cs - Importer: ScriptedImporter/UnityEditor.QuickSearchModule:UnityEditor.Search:ASIAI0B' with importer (ScriptedImporter : UnityEditor.QuickSearchModule:UnityEditor.Search:ASIAI0B)
Imported 'GUID: 0d6acc2ca13354bb5b7f6481eb6da0cb' -> (Import Result ID: '4f92511466c760e6bcd087a83d033eff') in 0.001 seconds [static and dynamic dependencies]. Details - ImportResultOutputID=4f34eca5c3b4328380bc05d5ea23120b DependenciesID=9af8d0f10017003bc85c2ca1e63d69e5 StaticDependenciesID=d0b29371cc8d86cebba27ae01a85e672 
Number of updated asset objects reloaded before import = 0
Number of asset objects unloaded after import = 0
========================================================================
Received Import Request.
  Time of request: 2026-09-01T06:19:53.44177Z
  Time since last request: 0.000198334 seconds.
  importAddress: GUID: a94b4728953dc41c69668d3a4f592c98 - Path: Assets/XR/Settings - Importer: ScriptedImporter/UnityEditor.QuickSearchModule:UnityEditor.Search:ASIAI0B
Importing 'GUID: a94b4728953dc41c69668d3a4f592c98 - Path: Assets/XR/Settings - Importer: ScriptedImporter/UnityEditor.QuickSearchModule:UnityEditor.Search:ASIAI0B' with importer (ScriptedImporter : UnityEditor.QuickSearchModule:UnityEditor.Search:ASIAI0B)
Imported 'GUID: a94b4728953dc41c69668d3a4f592c98' -> (Import Result ID: '3d0c50cde881a27862e8ec0b274292ef') in 0.001 seconds [static and dynamic dependencies]. Details - ImportResultOutputID=9ea314f277dfbd82a5722c366cf5859e DependenciesID=4f238c1b7fd4c3623dfc80862eb1b031 StaticDependenciesID=af4f5e47abe35e6f4fc7585724bc7416 
Number of updated asset objects reloaded before import = 0
Number of asset objects unloaded after import = 1
========================================================================
Received Import Request.
  Time of request: 2026-09-01T06:19:53.443131Z
  Time since last request: 0.00018025 seconds.
  importAddress: GUID: f923722ef1cb33145b03f35e20f37370 - Path: Packages/com.unity.xr.arfoundation/Runtime/Simulation/Subsystems/Meshing - Importer: ScriptedImporter/UnityEditor.QuickSearchModule:UnityEditor.Search:ASIAI0B
Importing 'GUID: f923722ef1cb33145b03f35e20f37370 - Path: Packages/com.unity.xr.arfoundation/Runtime/Simulation/Subsystems/Meshing - Importer: ScriptedImporter/UnityEditor.QuickSearchModule:UnityEditor.Search:ASIAI0B' with importer (ScriptedImporter : UnityEditor.QuickSearchModule:UnityEditor.Search:ASIAI0B)
Imported 'GUID: f923722ef1cb33145b03f35e20f37370' -> (Import Result ID: 'cb95f4c1118678d8f6224011aeef4567') in 0.001 seconds [static and dynamic dependencies]. Details - ImportResultOutputID=418cd66c46f2dedf7c094877cdc3e4b8 DependenciesID=15a088fe0118b762d799ed2a4260c3e3 StaticDependenciesID=c3bdcc447b4d5fe2229a70bc80500067 
Number of updated asset objects reloaded before import = 0
Number of asset objects unloaded after import = 1
========================================================================
Received Import Request.
  Time of request: 2026-09-01T06:19:53.444267Z
  Time since last request: 0.000163375 seconds.
  importAddress: GUID: 4b229a1a9d8624f05b0bf4abcb4d779b - Path: Packages/com.unity.xr.arfoundation/Tests/Runtime/CodeSamples/ARTrackableManagerSamples.cs - Importer: ScriptedImporter/UnityEditor.QuickSearchModule:UnityEditor.Search:ASIAI0B
Importing 'GUID: 4b229a1a9d8624f05b0bf4abcb4d779b - Path: Packages/com.unity.xr.arfoundation/Tests/Runtime/CodeSamples/ARTrackableManagerSamples.cs - Importer: ScriptedImporter/UnityEditor.QuickSearchModule:UnityEditor.Search:ASIAI0B' with importer (ScriptedImporter : UnityEditor.QuickSearchModule:UnityEditor.Search:ASIAI0B)
Imported 'GUID: 4b229a1a9d8624f05b0bf4abcb4d779b' -> (Import Result ID: 'bab48484a3ecc1ccc1407c24d3644257') in 0.001 seconds [static and dynamic dependencies]. Details - ImportResultOutputID=597edcf6321c528f4ef40f42b06fad28 DependenciesID=60bbd01e3b49067e8c18115fa4bde936 StaticDependenciesID=b003cd2401f301d0c895c10f75845f60 
Number of updated asset objects reloaded before import = 0
Number of asset objects unloaded after import = 0
========================================================================
Received Import Request.
  Time of request: 2026-09-01T06:19:53.462675Z
  Time since last request: 0.017349125 seconds.
  importAddress: GUID: e475ed63c73f6449ea01de93a23d47f1 - Path: Packages/com.unity.xr.arkit/Runtime/FaceTracking/ARKitFaceSubsystem.cs - Importer: ScriptedImporter/UnityEditor.QuickSearchModule:UnityEditor.Search:ASIAI0B
Importing 'GUID: e475ed63c73f6449ea01de93a23d47f1 - Path: Packages/com.unity.xr.arkit/Runtime/FaceTracking/ARKitFaceSubsystem.cs - Importer: ScriptedImporter/UnityEditor.QuickSearchModule:UnityEditor.Search:ASIAI0B' with importer (ScriptedImporter : UnityEditor.QuickSearchModule:UnityEditor.Search:ASIAI0B)
Imported 'GUID: e475ed63c73f6449ea01de93a23d47f1' -> (Import Result ID: 'cae5a0c908f0120f41ba219919dcd844') in 0.001 seconds [static and dynamic dependencies]. Details - ImportResultOutputID=1ac222bb5edcccc884da5fa65437eb8c DependenciesID=a35f21bc7dd1a1e7d04935ee34b1a9f1 StaticDependenciesID=616e2ae3648b034b506a2c7eaab5a04f 
Number of updated asset objects reloaded before import = 0
Number of asset objects unloaded after import = 0
========================================================================
Received Import Request.
  Time of request: 2026-09-01T06:19:53.464796Z
  Time since last request: 0.000320708 seconds.
  importAddress: GUID: 8b3ef0ec71af45c284088eaf86370673 - Path: Packages/com.unity.xr.arfoundation/Editor/Simulation/SimulationSettingsBuildProcessor.cs - Importer: ScriptedImporter/UnityEditor.QuickSearchModule:UnityEditor.Search:ASIAI0B
Importing 'GUID: 8b3ef0ec71af45c284088eaf86370673 - Path: Packages/com.unity.xr.arfoundation/Editor/Simulation/SimulationSettingsBuildProcessor.cs - Importer: ScriptedImporter/UnityEditor.QuickSearchModule:UnityEditor.Search:ASIAI0B' with importer (ScriptedImporter : UnityEditor.QuickSearchModule:UnityEditor.Search:ASIAI0B)
Imported 'GUID: 8b3ef0ec71af45c284088eaf86370673' -> (Import Result ID: '5c301e134ec0107ab0e33a85a118ee9c') in 0.001 seconds [static and dynamic dependencies]. Details - ImportResultOutputID=38b4d49f73b718fb9fe8dfbed5fd0215 DependenciesID=3fded3113c72da091e9675393ae3ce90 StaticDependenciesID=38a06a5a75a88b5b807359733000c05f 
Number of updated asset objects reloaded before import = 0
Number of asset objects unloaded after import = 0
========================================================================
Received Import Request.
  Time of request: 2026-09-01T06:19:53.466405Z
  Time since last request: 0.000232375 seconds.
  importAddress: GUID: 06c1dd1bee2b2433bb655b523f5fc8a5 - Path: Packages/com.google.xr.cardboard/Runtime/Android/GfxPluginCardboard.aar - Importer: ScriptedImporter/UnityEditor.QuickSearchModule:UnityEditor.Search:ASIAI0B
Importing 'GUID: 06c1dd1bee2b2433bb655b523f5fc8a5 - Path: Packages/com.google.xr.cardboard/Runtime/Android/GfxPluginCardboard.aar - Importer: ScriptedImporter/UnityEditor.QuickSearchModule:UnityEditor.Search:ASIAI0B' with importer (ScriptedImporter : UnityEditor.QuickSearchModule:UnityEditor.Search:ASIAI0B)
Imported 'GUID: 06c1dd1bee2b2433bb655b523f5fc8a5' -> (Import Result ID: 'a9c551bd34b514e649709fda102cb068') in 0.001 seconds [static and dynamic dependencies]. Details - ImportResultOutputID=2c7d6663b4edb96c674b3fc314ddb22b DependenciesID=b57d9db5e019f8ca35686a15385ad77c StaticDependenciesID=3d05b7aac7ff748b76c67e9b7ec46f94 
Number of updated asset objects reloaded before import = 0
Number of asset objects unloaded after import = 0
========================================================================
Received Import Request.
  Time of request: 2026-09-01T06:19:53.468044Z
  Time since last request: 0.000184625 seconds.
  importAddress: GUID: cf05dd09a1b364579808ce97486a3a56 - Path: Packages/com.google.xr.cardboard/Runtime/iOS - Importer: ScriptedImporter/UnityEditor.QuickSearchModule:UnityEditor.Search:ASIAI0B
Importing 'GUID: cf05dd09a1b364579808ce97486a3a56 - Path: Packages/com.google.xr.cardboard/Runtime/iOS - Importer: ScriptedImporter/UnityEditor.QuickSearchModule:UnityEditor.Search:ASIAI0B' with importer (ScriptedImporter : UnityEditor.QuickSearchModule:UnityEditor.Search:ASIAI0B)
Imported 'GUID: cf05dd09a1b364579808ce97486a3a56' -> (Import Result ID: 'd3377e1d4852d6b66662ecaca72b8d0e') in 0.001 seconds [static and dynamic dependencies]. Details - ImportResultOutputID=46b4fd8d5d77496dc140f17f8363e921 DependenciesID=23a480a6a76420b596cacea2e1905498 StaticDependenciesID=e9b93c5c1974754a2fbbff8b42796c60 
Number of updated asset objects reloaded before import = 0
Number of asset objects unloaded after import = 1
========================================================================
Received Import Request.
  Time of request: 2026-09-01T06:19:53.469435Z
  Time since last request: 0.000158084 seconds.
  importAddress: GUID: 303be31e933ca47a5a7377924fe8bd76 - Path: Packages/com.google.xr.cardboard/Runtime/iOS/THIRD_PARTY_NOTICES.txt - Importer: ScriptedImporter/UnityEditor.QuickSearchModule:UnityEditor.Search:ASIAI0B
Importing 'GUID: 303be31e933ca47a5a7377924fe8bd76 - Path: Packages/com.google.xr.cardboard/Runtime/iOS/THIRD_PARTY_NOTICES.txt - Importer: ScriptedImporter/UnityEditor.QuickSearchModule:UnityEditor.Search:ASIAI0B' with importer (ScriptedImporter : UnityEditor.QuickSearchModule:UnityEditor.Search:ASIAI0B)
Imported 'GUID: 303be31e933ca47a5a7377924fe8bd76' -> (Import Result ID: '48fffc7d94bf1ef98d8f3106624d9ab4') in 0.001 seconds [static and dynamic dependencies]. Details - ImportResultOutputID=59365b8ac36d2077d8ffefe50faf8302 DependenciesID=babcceaaf5985dc80ae8efbd2f0f1b9b StaticDependenciesID=926677cd3f0a0f49f11cbe047271dcb1 
Number of updated asset objects reloaded before import = 0
Number of asset objects unloaded after import = 1
========================================================================
Received Import Request.
  Time of request: 2026-09-01T06:19:53.471034Z
  Time since last request: 0.000163958 seconds.
  importAddress: GUID: 263643a99b246486cbffaf3f10bc65a2 - Path: Packages/com.unity.xr.arfoundation/Runtime/ARSubsystems/HumanBodies/XRHumanBody.cs - Importer: ScriptedImporter/UnityEditor.QuickSearchModule:UnityEditor.Search:ASIAI0B
Importing 'GUID: 263643a99b246486cbffaf3f10bc65a2 - Path: Packages/com.unity.xr.arfoundation/Runtime/ARSubsystems/HumanBodies/XRHumanBody.cs - Importer: ScriptedImporter/UnityEditor.QuickSearchModule:UnityEditor.Search:ASIAI0B' with importer (ScriptedImporter : UnityEditor.QuickSearchModule:UnityEditor.Search:ASIAI0B)
Imported 'GUID: 263643a99b246486cbffaf3f10bc65a2' -> (Import Result ID: '119e2f9134635e7894fd674181159624') in 0.001 seconds [static and dynamic dependencies]. Details - ImportResultOutputID=09bae678b2bb346e10715ff4a0d5f29d DependenciesID=0dbd890c8f419421cfe72d0c56168cc9 StaticDependenciesID=60b01ce1adf0ad856204c58110f903c5 
Number of updated asset objects reloaded before import = 0
Number of asset objects unloaded after import = 0
========================================================================
Received Import Request.
  Time of request: 2026-09-01T06:19:53.47222Z
  Time since last request: 0.000179042 seconds.
  importAddress: GUID: b87a7e5c753cb443fb61bc39f76430ae - Path: Packages/com.google.xr.cardboard/Runtime/Android - Importer: ScriptedImporter/UnityEditor.QuickSearchModule:UnityEditor.Search:ASIAI0B
Importing 'GUID: b87a7e5c753cb443fb61bc39f76430ae - Path: Packages/com.google.xr.cardboard/Runtime/Android - Importer: ScriptedImporter/UnityEditor.QuickSearchModule:UnityEditor.Search:ASIAI0B' with importer (ScriptedImporter : UnityEditor.QuickSearchModule:UnityEditor.Search:ASIAI0B)
Imported 'GUID: b87a7e5c753cb443fb61bc39f76430ae' -> (Import Result ID: '9d42533151879b554cc75927722f6372') in 0.001 seconds [static and dynamic dependencies]. Details - ImportResultOutputID=91fbac27271f8e916b22936ef8188704 DependenciesID=116a3d115bab32253642cf31597de51f StaticDependenciesID=b8257722e58de57d7949f1eeb3792988 
Number of updated asset objects reloaded before import = 0
Number of asset objects unloaded after import = 1
========================================================================
Received Import Request.
  Time of request: 2026-09-01T06:19:53.473521Z
  Time since last request: 0.000159916 seconds.
  importAddress: GUID: 984c9592a7b12ff4d83c8f0faf9ff6ac - Path: Packages/com.unity.xr.arfoundation/Editor/Simulation/SimulationBuildProcessor.cs - Importer: ScriptedImporter/UnityEditor.QuickSearchModule:UnityEditor.Search:ASIAI0B
Importing 'GUID: 984c9592a7b12ff4d83c8f0faf9ff6ac - Path: Packages/com.unity.xr.arfoundation/Editor/Simulation/SimulationBuildProcessor.cs - Importer: ScriptedImporter/UnityEditor.QuickSearchModule:UnityEditor.Search:ASIAI0B' with importer (ScriptedImporter : UnityEditor.QuickSearchModule:UnityEditor.Search:ASIAI0B)
Imported 'GUID: 984c9592a7b12ff4d83c8f0faf9ff6ac' -> (Import Result ID: '6ca316c964b98f654b66e8086b0c1387') in 0.001 seconds [static and dynamic dependencies]. Details - ImportResultOutputID=d54ff817f789dd916fda6627de97d510 DependenciesID=3893da07d427961cea1ae4bb95ee9894 StaticDependenciesID=c3ac2cec6b397d824f7fa18c14d0a574 
Number of updated asset objects reloaded before import = 0
Number of asset objects unloaded after import = 0
========================================================================
Received Import Request.
  Time of request: 2026-09-01T06:19:53.474606Z
  Time since last request: 0.000165625 seconds.
  importAddress: GUID: cd9af5c8c3b9a4fc3bcc32a8d47f54fb - Path: Packages/com.google.xr.cardboard/Runtime/Shaders - Importer: ScriptedImporter/UnityEditor.QuickSearchModule:UnityEditor.Search:ASIAI0B
Importing 'GUID: cd9af5c8c3b9a4fc3bcc32a8d47f54fb - Path: Packages/com.google.xr.cardboard/Runtime/Shaders - Importer: ScriptedImporter/UnityEditor.QuickSearchModule:UnityEditor.Search:ASIAI0B' with importer (ScriptedImporter : UnityEditor.QuickSearchModule:UnityEditor.Search:ASIAI0B)
Imported 'GUID: cd9af5c8c3b9a4fc3bcc32a8d47f54fb' -> (Import Result ID: 'c055f3674b7bef0af24788d35e6b5ab7') in 0.001 seconds [static and dynamic dependencies]. Details - ImportResultOutputID=0fc41c78827a875bee82caeb947825fc DependenciesID=b0e019a5db9d7db0ed2ffeec58c2c0b6 StaticDependenciesID=e3d66e406cae8d76a29600cf2b3d3bd9 
Number of updated asset objects reloaded before import = 0
Number of asset objects unloaded after import = 1
========================================================================
Received Import Request.
  Time of request: 2026-09-01T06:19:53.475816Z
  Time since last request: 0.000169125 seconds.
  importAddress: GUID: c115b9962f01453d94162a96130f00d0 - Path: Packages/com.unity.xr.arfoundation/Runtime/ARFoundation/Common/Textures/FixedLengthSwapchainStrategy.cs - Importer: ScriptedImporter/UnityEditor.QuickSearchModule:UnityEditor.Search:ASIAI0B
Importing 'GUID: c115b9962f01453d94162a96130f00d0 - Path: Packages/com.unity.xr.arfoundation/Runtime/ARFoundation/Common/Textures/FixedLengthSwapchainStrategy.cs - Importer: ScriptedImporter/UnityEditor.QuickSearchModule:UnityEditor.Search:ASIAI0B' with importer (ScriptedImporter : UnityEditor.QuickSearchModule:UnityEditor.Search:ASIAI0B)
Imported 'GUID: c115b9962f01453d94162a96130f00d0' -> (Import Result ID: '4140e0002a2f9e09315497049552ab72') in 0.001 seconds [static and dynamic dependencies]. Details - ImportResultOutputID=3f3db8f7e4e1e608b594baea900942d3 DependenciesID=75b37a707c27ad4ff23779a4d187d491 StaticDependenciesID=bdf6d52ab7081f5a812ce9f883e6c626 
Number of updated asset objects reloaded before import = 0
Number of asset objects unloaded after import = 0
========================================================================
Received Import Request.
  Time of request: 2026-09-01T06:19:53.47692Z
  Time since last request: 0.000165166 seconds.
  importAddress: GUID: b3a6c2299125147da91a4a69a6cb0c33 - Path: Assets/XR/UserSimulationSettings/Resources - Importer: ScriptedImporter/UnityEditor.QuickSearchModule:UnityEditor.Search:ASIAI0B
Importing 'GUID: b3a6c2299125147da91a4a69a6cb0c33 - Path: Assets/XR/UserSimulationSettings/Resources - Importer: ScriptedImporter/UnityEditor.QuickSearchModule:UnityEditor.Search:ASIAI0B' with importer (ScriptedImporter : UnityEditor.QuickSearchModule:UnityEditor.Search:ASIAI0B)
Imported 'GUID: b3a6c2299125147da91a4a69a6cb0c33' -> (Import Result ID: '270f5268eddeaae8d6097f34ff515a63') in 0.001 seconds [static and dynamic dependencies]. Details - ImportResultOutputID=12a5ffeed76832aa43c0ee3befe16f50 DependenciesID=7b5c3a2a8509fa249baf0d5ccd13a877 StaticDependenciesID=fbec59b05af4459e0454d296015807e4 
Number of updated asset objects reloaded before import = 0
Number of asset objects unloaded after import = 1
========================================================================
Received Import Request.
  Time of request: 2026-09-01T06:19:53.478092Z
  Time since last request: 0.000161084 seconds.
  importAddress: GUID: 29ba80bdce5f74ec9b46699e492a6596 - Path: Packages/com.unity.xr.arfoundation/Runtime/VisualScripting/Units/GetHumanBodiesUnit.cs - Importer: ScriptedImporter/UnityEditor.QuickSearchModule:UnityEditor.Search:ASIAI0B
Importing 'GUID: 29ba80bdce5f74ec9b46699e492a6596 - Path: Packages/com.unity.xr.arfoundation/Runtime/VisualScripting/Units/GetHumanBodiesUnit.cs - Importer: ScriptedImporter/UnityEditor.QuickSearchModule:UnityEditor.Search:ASIAI0B' with importer (ScriptedImporter : UnityEditor.QuickSearchModule:UnityEditor.Search:ASIAI0B)
Imported 'GUID: 29ba80bdce5f74ec9b46699e492a6596' -> (Import Result ID: 'd4b200641303da61ec883b98c0572a7e') in 0.001 seconds [static and dynamic dependencies]. Details - ImportResultOutputID=1ff8226e5303af1a96a36a88fe2c8f71 DependenciesID=3304a6211d44ae493c86826080e52d59 StaticDependenciesID=c339feceb5d89b507eef9744c921d6e5 
Number of updated asset objects reloaded before import = 0
Number of asset objects unloaded after import = 0
========================================================================
Received Import Request.
  Time of request: 2026-09-01T06:19:53.47918Z
  Time since last request: 0.000163792 seconds.
  importAddress: GUID: c2cdf177d3aee4b8392c7e857662a321 - Path: Packages/com.google.xr.cardboard/LICENSE.md - Importer: ScriptedImporter/UnityEditor.QuickSearchModule:UnityEditor.Search:ASIAI0B
Importing 'GUID: c2cdf177d3aee4b8392c7e857662a321 - Path: Packages/com.google.xr.cardboard/LICENSE.md - Importer: ScriptedImporter/UnityEditor.QuickSearchModule:UnityEditor.Search:ASIAI0B' with importer (ScriptedImporter : UnityEditor.QuickSearchModule:UnityEditor.Search:ASIAI0B)
Imported 'GUID: c2cdf177d3aee4b8392c7e857662a321' -> (Import Result ID: '7dce22934eb45993fb2d7545804efeb9') in 0.001 seconds [static and dynamic dependencies]. Details - ImportResultOutputID=718404802d90539053db3e3a8b8ffef1 DependenciesID=02909d36514101060581ddaf6b271b10 StaticDependenciesID=797a4c35307b95fd03b9b064c3b96ceb 
Number of updated asset objects reloaded before import = 0
Number of asset objects unloaded after import = 1
========================================================================
Received Import Request.
  Time of request: 2026-09-01T06:19:53.480433Z
  Time since last request: 0.000161708 seconds.
  importAddress: GUID: 15fcd94adb15b48f7bb4a80622ae7046 - Path: Packages/com.google.xr.cardboard/Runtime/Prefabs/CardboardReticlePointer.prefab - Importer: ScriptedImporter/UnityEditor.QuickSearchModule:UnityEditor.Search:ASIAI0B
Importing 'GUID: 15fcd94adb15b48f7bb4a80622ae7046 - Path: Packages/com.google.xr.cardboard/Runtime/Prefabs/CardboardReticlePointer.prefab - Importer: ScriptedImporter/UnityEditor.QuickSearchModule:UnityEditor.Search:ASIAI0B' with importer (ScriptedImporter : UnityEditor.QuickSearchModule:UnityEditor.Search:ASIAI0B)
Imported 'GUID: 15fcd94adb15b48f7bb4a80622ae7046' -> (Import Result ID: 'e548a8ffa0a4b4562b710d772e66bcb6') in 0.003 seconds [static and dynamic dependencies]. Details - ImportResultOutputID=462b832c8b92e3d91c29894ddb5cec79 DependenciesID=30a35b9d50c9a022a7c82f1b99c83994 StaticDependenciesID=e5d80c4fc02ac99ea16327e3a4b3215c 
Number of updated asset objects reloaded before import = 0
Number of asset objects unloaded after import = 7
========================================================================
Received Import Request.
  Time of request: 2026-09-01T06:19:53.483685Z
  Time since last request: 0.000233917 seconds.
  importAddress: GUID: 1ba35afc9ee124883bc3277e249dec2a - Path: Packages/com.google.xr.cardboard/Resources/Cardboard/quantum_ic_settings_white_24.png - Importer: ScriptedImporter/UnityEditor.QuickSearchModule:UnityEditor.Search:ASIAI0B
Importing 'GUID: 1ba35afc9ee124883bc3277e249dec2a - Path: Packages/com.google.xr.cardboard/Resources/Cardboard/quantum_ic_settings_white_24.png - Importer: ScriptedImporter/UnityEditor.QuickSearchModule:UnityEditor.Search:ASIAI0B' with importer (ScriptedImporter : UnityEditor.QuickSearchModule:UnityEditor.Search:ASIAI0B)
Imported 'GUID: 1ba35afc9ee124883bc3277e249dec2a' -> (Import Result ID: '4133a78e30073f31721006a6a6f7513d') in 0.003 seconds [static and dynamic dependencies]. Details - ImportResultOutputID=14ce55b43ce2fcb4dc4ec41a35d2661a DependenciesID=8b4305651c5070f12e00116c83a92315 StaticDependenciesID=a7e0a6232340d615909640ac48f96ed6 
Number of updated asset objects reloaded before import = 0
Number of asset objects unloaded after import = 1
========================================================================
Received Import Request.
  Time of request: 2026-09-01T06:19:53.487073Z
  Time since last request: 0.000266458 seconds.
  importAddress: GUID: 380c4e39fd104553be91e4e054875b62 - Path: Packages/com.unity.xr.arfoundation/Runtime/ARSubsystems/Markers/XRMarkerType.cs - Importer: ScriptedImporter/UnityEditor.QuickSearchModule:UnityEditor.Search:ASIAI0B
Importing 'GUID: 380c4e39fd104553be91e4e054875b62 - Path: Packages/com.unity.xr.arfoundation/Runtime/ARSubsystems/Markers/XRMarkerType.cs - Importer: ScriptedImporter/UnityEditor.QuickSearchModule:UnityEditor.Search:ASIAI0B' with importer (ScriptedImporter : UnityEditor.QuickSearchModule:UnityEditor.Search:ASIAI0B)
Imported 'GUID: 380c4e39fd104553be91e4e054875b62' -> (Import Result ID: '3459d63de8a5800d1794cef7baadd9d6') in 0.001 seconds [static and dynamic dependencies]. Details - ImportResultOutputID=39a61c23b566178518d1e1a3a4ce97af DependenciesID=96407d7da9ce6e6ba880141ebd0a49ad StaticDependenciesID=a0fe558ea2724377afeb1a7303da4253 
Number of updated asset objects reloaded before import = 0
Number of asset objects unloaded after import = 0
========================================================================
Received Import Request.
  Time of request: 2026-09-01T06:19:53.488554Z
  Time since last request: 0.000171583 seconds.
  importAddress: GUID: 139aa5e4fbf87401c9823aa086fecc8d - Path: Packages/com.unity.xr.arfoundation/Runtime/VisualScripting/Units/GetRaycastsUnit.cs - Importer: ScriptedImporter/UnityEditor.QuickSearchModule:UnityEditor.Search:ASIAI0B
Importing 'GUID: 139aa5e4fbf87401c9823aa086fecc8d - Path: Packages/com.unity.xr.arfoundation/Runtime/VisualScripting/Units/GetRaycastsUnit.cs - Importer: ScriptedImporter/UnityEditor.QuickSearchModule:UnityEditor.Search:ASIAI0B' with importer (ScriptedImporter : UnityEditor.QuickSearchModule:UnityEditor.Search:ASIAI0B)
Imported 'GUID: 139aa5e4fbf87401c9823aa086fecc8d' -> (Import Result ID: '97c37e7d82dd9fd56d9c764d20407852') in 0.001 seconds [static and dynamic dependencies]. Details - ImportResultOutputID=1aa08881a470d3dba3f8155d72496f1f DependenciesID=c51e000d67dd8b4aa64dc86fb0c936a0 StaticDependenciesID=5e075bdf48fb1b7eb98c9ae304815ee0 
Number of updated asset objects reloaded before import = 0
Number of asset objects unloaded after import = 0
========================================================================
Received Import Request.
  Time of request: 2026-09-01T06:19:53.489834Z
  Time since last request: 0.000202959 seconds.
  importAddress: GUID: 630877fc8348a4e96b11f775cdf0f503 - Path: Assets/XR/UserSimulationSettings - Importer: ScriptedImporter/UnityEditor.QuickSearchModule:UnityEditor.Search:ASIAI0B
Importing 'GUID: 630877fc8348a4e96b11f775cdf0f503 - Path: Assets/XR/UserSimulationSettings - Importer: ScriptedImporter/UnityEditor.QuickSearchModule:UnityEditor.Search:ASIAI0B' with importer (ScriptedImporter : UnityEditor.QuickSearchModule:UnityEditor.Search:ASIAI0B)
Imported 'GUID: 630877fc8348a4e96b11f775cdf0f503' -> (Import Result ID: '527227ee30e0df1f0106383631a097b8') in 0.001 seconds [static and dynamic dependencies]. Details - ImportResultOutputID=8320f6c4a28d240b640c4918e62ec469 DependenciesID=37185dc50937e72c2240dca88d761363 StaticDependenciesID=e969ce707251fe1f45987086635639a1 
Number of updated asset objects reloaded before import = 0
Number of asset objects unloaded after import = 1
========================================================================
Received Import Request.
  Time of request: 2026-09-01T06:19:53.49098Z
  Time since last request: 0.000160333 seconds.
  importAddress: GUID: 2c19c9643d2cb4349ad0b0306c738264 - Path: Packages/com.unity.xr.arfoundation/Runtime/ARSubsystems/Camera/XRCameraSubsystemDescriptor.cs - Importer: ScriptedImporter/UnityEditor.QuickSearchModule:UnityEditor.Search:ASIAI0B
Importing 'GUID: 2c19c9643d2cb4349ad0b0306c738264 - Path: Packages/com.unity.xr.arfoundation/Runtime/ARSubsystems/Camera/XRCameraSubsystemDescriptor.cs - Importer: ScriptedImporter/UnityEditor.QuickSearchModule:UnityEditor.Search:ASIAI0B' with importer (ScriptedImporter : UnityEditor.QuickSearchModule:UnityEditor.Search:ASIAI0B)
Imported 'GUID: 2c19c9643d2cb4349ad0b0306c738264' -> (Import Result ID: '5904d7198b0a56eb969aedac8042b27c') in 0.001 seconds [static and dynamic dependencies]. Details - ImportResultOutputID=e221657ab40cc79d2ed7a3cee95a8ac0 DependenciesID=be974e96e4e3467fb9feee0849192fa3 StaticDependenciesID=830be15b547e95a373b4b02423ef4e6d 
Number of updated asset objects reloaded before import = 0
Number of asset objects unloaded after import = 0
========================================================================
Received Import Request.
  Time of request: 2026-09-01T06:19:53.492142Z
  Time since last request: 0.000165625 seconds.
  importAddress: GUID: bf7be6664c620428da6bf38bbc7b55eb - Path: Packages/com.google.xr.cardboard/README.md - Importer: ScriptedImporter/UnityEditor.QuickSearchModule:UnityEditor.Search:ASIAI0B
Importing 'GUID: bf7be6664c620428da6bf38bbc7b55eb - Path: Packages/com.google.xr.cardboard/README.md - Importer: ScriptedImporter/UnityEditor.QuickSearchModule:UnityEditor.Search:ASIAI0B' with importer (ScriptedImporter : UnityEditor.QuickSearchModule:UnityEditor.Search:ASIAI0B)
Imported 'GUID: bf7be6664c620428da6bf38bbc7b55eb' -> (Import Result ID: '94bdef434ddaa8e8325f360b1cc93b46') in 0.004 seconds [static and dynamic dependencies]. Details - ImportResultOutputID=2bd9870394dd38f8c40278cd39328bb6 DependenciesID=aed7ac008f5870d930018ab5353ea41e StaticDependenciesID=d78525ca4fd13bf372a987798c11d56e 
Number of updated asset objects reloaded before import = 0
Number of asset objects unloaded after import = 1
========================================================================
Received Import Request.
  Time of request: 2026-09-01T06:19:53.496305Z
  Time since last request: 0.000178792 seconds.
  importAddress: GUID: 6d945e7aa9c0415290daae7e8f28fff2 - Path: Packages/com.unity.xr.arkit/Runtime/Frameworks/ARKit/ARReferenceObject.cs - Importer: ScriptedImporter/UnityEditor.QuickSearchModule:UnityEditor.Search:ASIAI0B
Importing 'GUID: 6d945e7aa9c0415290daae7e8f28fff2 - Path: Packages/com.unity.xr.arkit/Runtime/Frameworks/ARKit/ARReferenceObject.cs - Importer: ScriptedImporter/UnityEditor.QuickSearchModule:UnityEditor.Search:ASIAI0B' with importer (ScriptedImporter : UnityEditor.QuickSearchModule:UnityEditor.Search:ASIAI0B)
Imported 'GUID: 6d945e7aa9c0415290daae7e8f28fff2' -> (Import Result ID: '88c23ab420045e881ca2e4eb06b49404') in 0.001 seconds [static and dynamic dependencies]. Details - ImportResultOutputID=8fefbd6f596adb9d49e8096ed334b6b0 DependenciesID=e4eafd8a8fb414279da8ac1738476f8d StaticDependenciesID=f26248f330bb4a11b43c36faf69205bf 
Number of updated asset objects reloaded before import = 0
Number of asset objects unloaded after import = 0
========================================================================
Received Import Request.
  Time of request: 2026-09-01T06:19:53.49748Z
  Time since last request: 0.000167584 seconds.
  importAddress: GUID: 6e366518851b84e339edfe873323348c - Path: Packages/com.google.xr.cardboard/Runtime/Android/generate_gfx_plugin_cardboard_aar.md - Importer: ScriptedImporter/UnityEditor.QuickSearchModule:UnityEditor.Search:ASIAI0B
Importing 'GUID: 6e366518851b84e339edfe873323348c - Path: Packages/com.google.xr.cardboard/Runtime/Android/generate_gfx_plugin_cardboard_aar.md - Importer: ScriptedImporter/UnityEditor.QuickSearchModule:UnityEditor.Search:ASIAI0B' with importer (ScriptedImporter : UnityEditor.QuickSearchModule:UnityEditor.Search:ASIAI0B)
Imported 'GUID: 6e366518851b84e339edfe873323348c' -> (Import Result ID: '7033105330b68d27c06b1985479d8dfc') in 0.001 seconds [static and dynamic dependencies]. Details - ImportResultOutputID=525ff0fc2373e84de3f7a21bfcce0437 DependenciesID=6daad7cbfc599106c90a9b9b0887bc14 StaticDependenciesID=f77fbe2b1b99e953e22eea530d469aab 
Number of updated asset objects reloaded before import = 0
Number of asset objects unloaded after import = 1
========================================================================
Received Import Request.
  Time of request: 2026-09-01T06:19:53.498858Z
  Time since last request: 0.000168417 seconds.
  importAddress: GUID: 58ef062a7c3e249538c36204fb550c63 - Path: Packages/com.google.xr.cardboard/Resources/Cardboard/quantum_ic_line_white_24.png - Importer: ScriptedImporter/UnityEditor.QuickSearchModule:UnityEditor.Search:ASIAI0B
Importing 'GUID: 58ef062a7c3e249538c36204fb550c63 - Path: Packages/com.google.xr.cardboard/Resources/Cardboard/quantum_ic_line_white_24.png - Importer: ScriptedImporter/UnityEditor.QuickSearchModule:UnityEditor.Search:ASIAI0B' with importer (ScriptedImporter : UnityEditor.QuickSearchModule:UnityEditor.Search:ASIAI0B)
Imported 'GUID: 58ef062a7c3e249538c36204fb550c63' -> (Import Result ID: 'e2d21751c9257f31af14a9d8543c5a48') in 0.003 seconds [static and dynamic dependencies]. Details - ImportResultOutputID=523a5144efec7e755d06f0f6ff156156 DependenciesID=f448877d3c4dd20e3f956fcb1d880069 StaticDependenciesID=7a68a82afacfdbde1d1060bf07bb3579 
Number of updated asset objects reloaded before import = 0
Number of asset objects unloaded after import = 1
========================================================================
Received Import Request.
  Time of request: 2026-09-01T06:19:53.502012Z
  Time since last request: 0.000244917 seconds.
  importAddress: GUID: 7b3736418a3da458ebb6d7f4bb77ffef - Path: Packages/com.google.xr.cardboard/Runtime - Importer: ScriptedImporter/UnityEditor.QuickSearchModule:UnityEditor.Search:ASIAI0B
Importing 'GUID: 7b3736418a3da458ebb6d7f4bb77ffef - Path: Packages/com.google.xr.cardboard/Runtime - Importer: ScriptedImporter/UnityEditor.QuickSearchModule:UnityEditor.Search:ASIAI0B' with importer (ScriptedImporter : UnityEditor.QuickSearchModule:UnityEditor.Search:ASIAI0B)
Imported 'GUID: 7b3736418a3da458ebb6d7f4bb77ffef' -> (Import Result ID: 'f1f956c712580fae393810dccd03ceba') in 0.001 seconds [static and dynamic dependencies]. Details - ImportResultOutputID=19aff5b42c695c3a8c76571cbd774157 DependenciesID=316f1be6c7dcb168e7343966c769db0d StaticDependenciesID=d1f8116de65845d071621ddbc8b05b54 
Number of updated asset objects reloaded before import = 0
Number of asset objects unloaded after import = 1
========================================================================
Received Import Request.
  Time of request: 2026-09-01T06:19:53.503203Z
  Time since last request: 0.000191083 seconds.
  importAddress: GUID: 21463f24df224b079249939303cc0ef8 - Path: Packages/com.unity.xr.arfoundation/Editor/Simulation/Analytics/SimulationUIAnalyticsEvent.cs - Importer: ScriptedImporter/UnityEditor.QuickSearchModule:UnityEditor.Search:ASIAI0B
Importing 'GUID: 21463f24df224b079249939303cc0ef8 - Path: Packages/com.unity.xr.arfoundation/Editor/Simulation/Analytics/SimulationUIAnalyticsEvent.cs - Importer: ScriptedImporter/UnityEditor.QuickSearchModule:UnityEditor.Search:ASIAI0B' with importer (ScriptedImporter : UnityEditor.QuickSearchModule:UnityEditor.Search:ASIAI0B)
Imported 'GUID: 21463f24df224b079249939303cc0ef8' -> (Import Result ID: 'a93571b989bccb35b546af965ec6360e') in 0.001 seconds [static and dynamic dependencies]. Details - ImportResultOutputID=2311d231f4de95c63d372ea8838a5240 DependenciesID=08d9b94c77ac9e626b2ca1fe0353bc11 StaticDependenciesID=b78fa1accfa997161962c8e4e9297ae5 
Number of updated asset objects reloaded before import = 0
Number of asset objects unloaded after import = 0
========================================================================
Received Import Request.
  Time of request: 2026-09-01T06:19:53.504392Z
  Time since last request: 0.000177958 seconds.
  importAddress: GUID: 5dfb5123a6a8c41489c67ebc1ecaa0bb - Path: Assets/XR/Settings/XRSimulationRuntimeSettings.asset - Importer: ScriptedImporter/UnityEditor.QuickSearchModule:UnityEditor.Search:ASIAI0B
Importing 'GUID: 5dfb5123a6a8c41489c67ebc1ecaa0bb - Path: Assets/XR/Settings/XRSimulationRuntimeSettings.asset - Importer: ScriptedImporter/UnityEditor.QuickSearchModule:UnityEditor.Search:ASIAI0B' with importer (ScriptedImporter : UnityEditor.QuickSearchModule:UnityEditor.Search:ASIAI0B)
Imported 'GUID: 5dfb5123a6a8c41489c67ebc1ecaa0bb' -> (Import Result ID: 'e169789256870509fd37008c39bf4515') in 0.004 seconds [static and dynamic dependencies]. Details - ImportResultOutputID=3bd9157918502af9d7f5b356c1766515 DependenciesID=6071c88055db59d6b4bd7a19ee4b80c3 StaticDependenciesID=52288614fd4d674e1e318e2f7b6df391 
Number of updated asset objects reloaded before import = 0
Number of asset objects unloaded after import = 1
========================================================================
Received Import Request.
  Time of request: 2026-09-01T06:19:53.508426Z
  Time since last request: 0.000197625 seconds.
  importAddress: GUID: 69aebe4e2e6934f7985f636a1687a6c6 - Path: Assets/XR/Loaders/SimulationLoader.asset - Importer: ScriptedImporter/UnityEditor.QuickSearchModule:UnityEditor.Search:ASIAI0B
Importing 'GUID: 69aebe4e2e6934f7985f636a1687a6c6 - Path: Assets/XR/Loaders/SimulationLoader.asset - Importer: ScriptedImporter/UnityEditor.QuickSearchModule:UnityEditor.Search:ASIAI0B' with importer (ScriptedImporter : UnityEditor.QuickSearchModule:UnityEditor.Search:ASIAI0B)
Imported 'GUID: 69aebe4e2e6934f7985f636a1687a6c6' -> (Import Result ID: '4ce7603a7b058c89dd501b9ef4c9327c') in 0.002 seconds [static and dynamic dependencies]. Details - ImportResultOutputID=0fdb33d6c6b5c2961fd49a81ad5000db DependenciesID=6410549dbf18acf2c6f3c82f81bdd310 StaticDependenciesID=b1d79d48cc77e67ec143328b870da817 
Number of updated asset objects reloaded before import = 0
Number of asset objects unloaded after import = 1
========================================================================
Received Import Request.
  Time of request: 2026-09-01T06:19:53.511001Z
  Time since last request: 0.000197542 seconds.
  importAddress: GUID: 07fee181ffab14930827f990c51f206f - Path: Packages/com.google.xr.cardboard/Resources/Cardboard/quantum_ic_close_white_24.png - Importer: ScriptedImporter/UnityEditor.QuickSearchModule:UnityEditor.Search:ASIAI0B
Importing 'GUID: 07fee181ffab14930827f990c51f206f - Path: Packages/com.google.xr.cardboard/Resources/Cardboard/quantum_ic_close_white_24.png - Importer: ScriptedImporter/UnityEditor.QuickSearchModule:UnityEditor.Search:ASIAI0B' with importer (ScriptedImporter : UnityEditor.QuickSearchModule:UnityEditor.Search:ASIAI0B)
Imported 'GUID: 07fee181ffab14930827f990c51f206f' -> (Import Result ID: '23dadb3c575a0d8e5da1cf54a406e733') in 0.003 seconds [static and dynamic dependencies]. Details - ImportResultOutputID=e775243719901ad4d44b26b2197bec35 DependenciesID=e162026f2120cf60ae91e27165d3b3d1 StaticDependenciesID=81a52405b89ac00f848c8e2506d6b1d5 
Number of updated asset objects reloaded before import = 0
Number of asset objects unloaded after import = 1
========================================================================
Received Import Request.
  Time of request: 2026-09-01T06:19:53.514312Z
  Time since last request: 0.000209334 seconds.
  importAddress: GUID: 9e9c438cdb5b74e53bf9f8abde7ccec9 - Path: Packages/com.unity.xr.arfoundation/Runtime/Simulation/Environment/SimulatedLight.cs - Importer: ScriptedImporter/UnityEditor.QuickSearchModule:UnityEditor.Search:ASIAI0B
Importing 'GUID: 9e9c438cdb5b74e53bf9f8abde7ccec9 - Path: Packages/com.unity.xr.arfoundation/Runtime/Simulation/Environment/SimulatedLight.cs - Importer: ScriptedImporter/UnityEditor.QuickSearchModule:UnityEditor.Search:ASIAI0B' with importer (ScriptedImporter : UnityEditor.QuickSearchModule:UnityEditor.Search:ASIAI0B)
Imported 'GUID: 9e9c438cdb5b74e53bf9f8abde7ccec9' -> (Import Result ID: '51fff15ce4f9e85feb6d7b055ef800fa') in 0.001 seconds [static and dynamic dependencies]. Details - ImportResultOutputID=50586e6f46d5481334b36436f07dde38 DependenciesID=998148e161c3ffc1028d28f1cb8027c3 StaticDependenciesID=ee90cab606f93bfd3758572eae937afb 
Number of updated asset objects reloaded before import = 0
Number of asset objects unloaded after import = 0
========================================================================
Received Import Request.
  Time of request: 2026-09-01T06:19:53.515532Z
  Time since last request: 0.000167542 seconds.
  importAddress: GUID: 3303698e954f940a29c2a74f81b82031 - Path: Packages/com.unity.xr.arfoundation/Runtime/ARFoundation/BoundingBoxes/BoundingBoxRaycaster.cs - Importer: ScriptedImporter/UnityEditor.QuickSearchModule:UnityEditor.Search:ASIAI0B
Importing 'GUID: 3303698e954f940a29c2a74f81b82031 - Path: Packages/com.unity.xr.arfoundation/Runtime/ARFoundation/BoundingBoxes/BoundingBoxRaycaster.cs - Importer: ScriptedImporter/UnityEditor.QuickSearchModule:UnityEditor.Search:ASIAI0B' with importer (ScriptedImporter : UnityEditor.QuickSearchModule:UnityEditor.Search:ASIAI0B)
Imported 'GUID: 3303698e954f940a29c2a74f81b82031' -> (Import Result ID: '50dbb7195144c54227a99faf5bf1a424') in 0.001 seconds [static and dynamic dependencies]. Details - ImportResultOutputID=05c2cd9f650df15fa1c02ac697c5147e DependenciesID=a05714ff0c7cea56d726cdb89ba5d808 StaticDependenciesID=850f72557b251bd88b283690b3fcb7fd 
Number of updated asset objects reloaded before import = 0
Number of asset objects unloaded after import = 0
========================================================================
Received Import Request.
  Time of request: 2026-09-01T06:19:53.51668Z
  Time since last request: 0.000167042 seconds.
  importAddress: GUID: f3068f7dc08c34e788155cc3c62b9f50 - Path: Packages/com.google.xr.cardboard/Runtime/Materials/CardboardReticlePointer.mat - Importer: ScriptedImporter/UnityEditor.QuickSearchModule:UnityEditor.Search:ASIAI0B
Importing 'GUID: f3068f7dc08c34e788155cc3c62b9f50 - Path: Packages/com.google.xr.cardboard/Runtime/Materials/CardboardReticlePointer.mat - Importer: ScriptedImporter/UnityEditor.QuickSearchModule:UnityEditor.Search:ASIAI0B' with importer (ScriptedImporter : UnityEditor.QuickSearchModule:UnityEditor.Search:ASIAI0B)
Imported 'GUID: f3068f7dc08c34e788155cc3c62b9f50' -> (Import Result ID: '966579fba8cd0ac48c100aef684029cc') in 0.001 seconds [static and dynamic dependencies]. Details - ImportResultOutputID=3c8358c5b855e116a95cd95b0c41cca4 DependenciesID=f45fc1ddb33c93cf74395e87928ab61a StaticDependenciesID=389822df0e2fbfeb39b4e894a2a8203b 
Number of updated asset objects reloaded before import = 0
Number of asset objects unloaded after import = 1
========================================================================
Received Import Request.
  Time of request: 2026-09-01T06:19:53.518098Z
  Time since last request: 0.000170333 seconds.
  importAddress: GUID: 7b0a8d6d63f1a40309e5994a70444ce6 - Path: Assets/XR/UserSimulationSettings/Resources/XRSimulationPreferences.asset - Importer: ScriptedImporter/UnityEditor.QuickSearchModule:UnityEditor.Search:ASIAI0B
Importing 'GUID: 7b0a8d6d63f1a40309e5994a70444ce6 - Path: Assets/XR/UserSimulationSettings/Resources/XRSimulationPreferences.asset - Importer: ScriptedImporter/UnityEditor.QuickSearchModule:UnityEditor.Search:ASIAI0B' with importer (ScriptedImporter : UnityEditor.QuickSearchModule:UnityEditor.Search:ASIAI0B)
Imported 'GUID: 7b0a8d6d63f1a40309e5994a70444ce6' -> (Import Result ID: '100d71b04533dc48469026b250daedfd') in 0.006 seconds [static and dynamic dependencies]. Details - ImportResultOutputID=6fb554a5a9d260e1436f97ed2d12a4f1 DependenciesID=d232a2d5cb110056cdb70b289965ada0 StaticDependenciesID=2780b2e2cb1aeeb0466e87903cfaadae 
Number of updated asset objects reloaded before import = 0
Number of asset objects unloaded after import = 67
========================================================================
Received Import Request.
  Time of request: 2026-09-01T06:19:53.524971Z
  Time since last request: 0.000179458 seconds.
  importAddress: GUID: 3e7a0244bf059440aba50af421abbf3d - Path: Packages/com.google.xr.cardboard/Runtime/Materials - Importer: ScriptedImporter/UnityEditor.QuickSearchModule:UnityEditor.Search:ASIAI0B
Importing 'GUID: 3e7a0244bf059440aba50af421abbf3d - Path: Packages/com.google.xr.cardboard/Runtime/Materials - Importer: ScriptedImporter/UnityEditor.QuickSearchModule:UnityEditor.Search:ASIAI0B' with importer (ScriptedImporter : UnityEditor.QuickSearchModule:UnityEditor.Search:ASIAI0B)
Imported 'GUID: 3e7a0244bf059440aba50af421abbf3d' -> (Import Result ID: 'fc82ca43657f02e504a148074fb67358') in 0.001 seconds [static and dynamic dependencies]. Details - ImportResultOutputID=1b4bb5fa22b8bf6669622d836129a750 DependenciesID=6781278bf18e5abc47cbf8c794074adc StaticDependenciesID=fe0ab47ff5de2991a657daa7bbfcfaab 
Number of updated asset objects reloaded before import = 0
Number of asset objects unloaded after import = 1
========================================================================
Received Import Request.
  Time of request: 2026-09-01T06:19:53.526457Z
  Time since last request: 0.00022825 seconds.
  importAddress: GUID: 018ca3e7818d740e6825dce7d1402171 - Path: Packages/com.unity.xr.arfoundation/Runtime/VisualScripting/Units/Events/MessageListeners/Deprecated/ARPlaneManagerListener.deprecated.cs - Importer: ScriptedImporter/UnityEditor.QuickSearchModule:UnityEditor.Search:ASIAI0B
Importing 'GUID: 018ca3e7818d740e6825dce7d1402171 - Path: Packages/com.unity.xr.arfoundation/Runtime/VisualScripting/Units/Events/MessageListeners/Deprecated/ARPlaneManagerListener.deprecated.cs - Importer: ScriptedImporter/UnityEditor.QuickSearchModule:UnityEditor.Search:ASIAI0B' with importer (ScriptedImporter : UnityEditor.QuickSearchModule:UnityEditor.Search:ASIAI0B)
Imported 'GUID: 018ca3e7818d740e6825dce7d1402171' -> (Import Result ID: 'b0b4fc33ed21ae9fee33e79f1b8a1c62') in 0.001 seconds [static and dynamic dependencies]. Details - ImportResultOutputID=eb43576f286ca4eff7443b841a9e26ad DependenciesID=52754c237bb86c628c06e9fcae8e40e4 StaticDependenciesID=ec58e57338392beeed488a3c64bb91c0 
Number of updated asset objects reloaded before import = 0
Number of asset objects unloaded after import = 0
========================================================================
Received Import Request.
  Time of request: 2026-09-01T06:19:53.527996Z
  Time since last request: 0.00018375 seconds.
  importAddress: GUID: 89939d63b9744df9a21a3df284c2a075 - Path: Packages/com.unity.xr.arfoundation/Runtime/ARSubsystems/Occlusion/XROcclusionFrame.cs - Importer: ScriptedImporter/UnityEditor.QuickSearchModule:UnityEditor.Search:ASIAI0B
Importing 'GUID: 89939d63b9744df9a21a3df284c2a075 - Path: Packages/com.unity.xr.arfoundation/Runtime/ARSubsystems/Occlusion/XROcclusionFrame.cs - Importer: ScriptedImporter/UnityEditor.QuickSearchModule:UnityEditor.Search:ASIAI0B' with importer (ScriptedImporter : UnityEditor.QuickSearchModule:UnityEditor.Search:ASIAI0B)
Imported 'GUID: 89939d63b9744df9a21a3df284c2a075' -> (Import Result ID: '75405617a2a2d8be00eaa727223fef51') in 0.001 seconds [static and dynamic dependencies]. Details - ImportResultOutputID=874ace31928a57146b868ed254996f12 DependenciesID=1a5877cf2fef187e5a4a77f2a4aa5725 StaticDependenciesID=b9a0c3680ba0e94fad06a5c4add8fa09 
Number of updated asset objects reloaded before import = 0
Number of asset objects unloaded after import = 0
========================================================================
Received Import Request.
  Time of request: 2026-09-01T06:19:53.52926Z
  Time since last request: 0.000170167 seconds.
  importAddress: GUID: 87bbfa7095c6940eabee3d3319962528 - Path: Assets/XR/Resources/XRSimulationRuntimeSettings.asset - Importer: ScriptedImporter/UnityEditor.QuickSearchModule:UnityEditor.Search:ASIAI0B
Importing 'GUID: 87bbfa7095c6940eabee3d3319962528 - Path: Assets/XR/Resources/XRSimulationRuntimeSettings.asset - Importer: ScriptedImporter/UnityEditor.QuickSearchModule:UnityEditor.Search:ASIAI0B' with importer (ScriptedImporter : UnityEditor.QuickSearchModule:UnityEditor.Search:ASIAI0B)
Imported 'GUID: 87bbfa7095c6940eabee3d3319962528' -> (Import Result ID: 'e1201aefed4ccbaf29c8acf9cae8ba94') in 0.003 seconds [static and dynamic dependencies]. Details - ImportResultOutputID=6185c9136fb93da6392ca4e8bbda5266 DependenciesID=b286a300213700c6e5ec06a359d1d943 StaticDependenciesID=17446b71fd7b77f02d4eef73512e92b1 
Number of updated asset objects reloaded before import = 0
Number of asset objects unloaded after import = 1
========================================================================
Received Import Request.
  Time of request: 2026-09-01T06:19:53.532702Z
  Time since last request: 0.000185417 seconds.
  importAddress: GUID: 3d7d9b687a85342a18e4bf7950f79d0c - Path: Packages/com.unity.xr.arfoundation/Tests/Runtime/ARFoundation/ARPlaneMeshGeneratorTests.cs - Importer: ScriptedImporter/UnityEditor.QuickSearchModule:UnityEditor.Search:ASIAI0B
Importing 'GUID: 3d7d9b687a85342a18e4bf7950f79d0c - Path: Packages/com.unity.xr.arfoundation/Tests/Runtime/ARFoundation/ARPlaneMeshGeneratorTests.cs - Importer: ScriptedImporter/UnityEditor.QuickSearchModule:UnityEditor.Search:ASIAI0B' with importer (ScriptedImporter : UnityEditor.QuickSearchModule:UnityEditor.Search:ASIAI0B)
Imported 'GUID: 3d7d9b687a85342a18e4bf7950f79d0c' -> (Import Result ID: '095949b69386e54351bab0e021272463') in 0.001 seconds [static and dynamic dependencies]. Details - ImportResultOutputID=0d2e2701b131494aa397780a7d172fa0 DependenciesID=8ce5e2c2b3196e64f139138eac01ff0e StaticDependenciesID=63edbea4aac05ce8648c044e5822c880 
Number of updated asset objects reloaded before import = 0
Number of asset objects unloaded after import = 0
========================================================================
Received Import Request.
  Time of request: 2026-09-01T06:19:53.533914Z
  Time since last request: 0.000172459 seconds.
  importAddress: GUID: 02f57c87af4ec4a029fc015e00dd90e6 - Path: Assets/XR/Resources - Importer: ScriptedImporter/UnityEditor.QuickSearchModule:UnityEditor.Search:ASIAI0B
Importing 'GUID: 02f57c87af4ec4a029fc015e00dd90e6 - Path: Assets/XR/Resources - Importer: ScriptedImporter/UnityEditor.QuickSearchModule:UnityEditor.Search:ASIAI0B' with importer (ScriptedImporter : UnityEditor.QuickSearchModule:UnityEditor.Search:ASIAI0B)
Imported 'GUID: 02f57c87af4ec4a029fc015e00dd90e6' -> (Import Result ID: '3e08d63dab1f5ba75774db6f785e489e') in 0.001 seconds [static and dynamic dependencies]. Details - ImportResultOutputID=0c9403c75c194b7cc3f33b034e9ba1b5 DependenciesID=1fc85b0b91bd47c35e977e5d2408d563 StaticDependenciesID=5cde46f34c9f0957f18e33095afced2d 
Number of updated asset objects reloaded before import = 0
Number of asset objects unloaded after import = 1
========================================================================
Received Import Request.
  Time of request: 2026-09-01T06:19:53.535011Z
  Time since last request: 0.000164208 seconds.
  importAddress: GUID: ab0755e91999f4e958a1a2fe02cba4cf - Path: Packages/com.unity.xr.arfoundation/Editor/ARAnalytics - Importer: ScriptedImporter/UnityEditor.QuickSearchModule:UnityEditor.Search:ASIAI0B
Importing 'GUID: ab0755e91999f4e958a1a2fe02cba4cf - Path: Packages/com.unity.xr.arfoundation/Editor/ARAnalytics - Importer: ScriptedImporter/UnityEditor.QuickSearchModule:UnityEditor.Search:ASIAI0B' with importer (ScriptedImporter : UnityEditor.QuickSearchModule:UnityEditor.Search:ASIAI0B)
Imported 'GUID: ab0755e91999f4e958a1a2fe02cba4cf' -> (Import Result ID: '353d1d5802593f8c6819c5a9a8558de7') in 0.001 seconds [static and dynamic dependencies]. Details - ImportResultOutputID=602a5ff893f06868850d2c585245b718 DependenciesID=a30d101c6e0c469f5950eec833e54194 StaticDependenciesID=3342f1ce18b23fb103dae620a0800542 
Number of updated asset objects reloaded before import = 0
Number of asset objects unloaded after import = 1
========================================================================
Received Import Request.
  Time of request: 2026-09-01T06:19:53.536047Z
  Time since last request: 0.000165042 seconds.
  importAddress: GUID: 34ea6112747e945eb92621286a3725b0 - Path: Packages/com.google.xr.cardboard/Runtime/Android/THIRD_PARTY_NOTICES.txt - Importer: ScriptedImporter/UnityEditor.QuickSearchModule:UnityEditor.Search:ASIAI0B
Importing 'GUID: 34ea6112747e945eb92621286a3725b0 - Path: Packages/com.google.xr.cardboard/Runtime/Android/THIRD_PARTY_NOTICES.txt - Importer: ScriptedImporter/UnityEditor.QuickSearchModule:UnityEditor.Search:ASIAI0B' with importer (ScriptedImporter : UnityEditor.QuickSearchModule:UnityEditor.Search:ASIAI0B)
Imported 'GUID: 34ea6112747e945eb92621286a3725b0' -> (Import Result ID: 'a41317cf13e441edbd92baf1d288ec0f') in 0.001 seconds [static and dynamic dependencies]. Details - ImportResultOutputID=4e77cc38fc1b2d2461aea85a6cde4d9c DependenciesID=e30bca0c0265303360eb7153610c802b StaticDependenciesID=fd8484bf2975a946e9da76134b4df265 
Number of updated asset objects reloaded before import = 0
Number of asset objects unloaded after import = 1
========================================================================
Received Import Request.
  Time of request: 2026-09-01T06:19:53.537186Z
  Time since last request: 0.0001655 seconds.
  importAddress: GUID: ebbf2d40118d44471b9c7f06b8561eb0 - Path: Packages/com.google.xr.cardboard/Runtime/Api.cs - Importer: ScriptedImporter/UnityEditor.QuickSearchModule:UnityEditor.Search:ASIAI0B
Importing 'GUID: ebbf2d40118d44471b9c7f06b8561eb0 - Path: Packages/com.google.xr.cardboard/Runtime/Api.cs - Importer: ScriptedImporter/UnityEditor.QuickSearchModule:UnityEditor.Search:ASIAI0B' with importer (ScriptedImporter : UnityEditor.QuickSearchModule:UnityEditor.Search:ASIAI0B)
Imported 'GUID: ebbf2d40118d44471b9c7f06b8561eb0' -> (Import Result ID: '1f90e510f0e75786782132f2c1a93c1b') in 0.001 seconds [static and dynamic dependencies]. Details - ImportResultOutputID=4f991d57ad61375d0e7c2ad211dd8948 DependenciesID=b1408da59da85d185235135c791ad9c5 StaticDependenciesID=978fa5236be91a5e0c8dc25212a6107f 
Number of updated asset objects reloaded before import = 0
Number of asset objects unloaded after import = 0
========================================================================
Received Import Request.
  Time of request: 2026-09-01T06:19:53.538341Z
  Time since last request: 0.000179167 seconds.
  importAddress: GUID: 91fd4af74c46d40d1ba9ef77bf5ec35f - Path: Packages/com.google.xr.cardboard/Editor/BuildPostProcessor.cs - Importer: ScriptedImporter/UnityEditor.QuickSearchModule:UnityEditor.Search:ASIAI0B
Importing 'GUID: 91fd4af74c46d40d1ba9ef77bf5ec35f - Path: Packages/com.google.xr.cardboard/Editor/BuildPostProcessor.cs - Importer: ScriptedImporter/UnityEditor.QuickSearchModule:UnityEditor.Search:ASIAI0B' with importer (ScriptedImporter : UnityEditor.QuickSearchModule:UnityEditor.Search:ASIAI0B)
Imported 'GUID: 91fd4af74c46d40d1ba9ef77bf5ec35f' -> (Import Result ID: 'df778efe37b64699818128f1a14fd5b2') in 0.001 seconds [static and dynamic dependencies]. Details - ImportResultOutputID=472b1ea33b2983e7055a4e397e506249 DependenciesID=1d72ad2cb640d598b04504b8f455ea33 StaticDependenciesID=2d4d675fa47fc4d4a5c938b2013e9a65 
Number of updated asset objects reloaded before import = 0
Number of asset objects unloaded after import = 0
========================================================================
Received Import Request.
  Time of request: 2026-09-01T06:19:53.539628Z
  Time since last request: 0.000187708 seconds.
  importAddress: GUID: 3a26a2d0f5d07468f91f2924e89f9125 - Path: Packages/com.google.xr.cardboard/Runtime/Prefabs - Importer: ScriptedImporter/UnityEditor.QuickSearchModule:UnityEditor.Search:ASIAI0B
Importing 'GUID: 3a26a2d0f5d07468f91f2924e89f9125 - Path: Packages/com.google.xr.cardboard/Runtime/Prefabs - Importer: ScriptedImporter/UnityEditor.QuickSearchModule:UnityEditor.Search:ASIAI0B' with importer (ScriptedImporter : UnityEditor.QuickSearchModule:UnityEditor.Search:ASIAI0B)
Imported 'GUID: 3a26a2d0f5d07468f91f2924e89f9125' -> (Import Result ID: 'baec6eade6e121824ebfd845d1a7f8dd') in 0.001 seconds [static and dynamic dependencies]. Details - ImportResultOutputID=2603d65cd0910907e726065506a461af DependenciesID=b550813dbaff54c2f671c776e1818081 StaticDependenciesID=28bb3d7c1b68651bb9cfe7605d18317b 
Number of updated asset objects reloaded before import = 0
Number of asset objects unloaded after import = 1
========================================================================
Received Import Request.
  Time of request: 2026-09-01T06:19:53.540732Z
  Time since last request: 0.000160334 seconds.
  importAddress: GUID: 67b08bbe82883494bafab1c674dc914b - Path: Assets/XR/UserSimulationSettings/SimulationEnvironmentAssetsManager.asset - Importer: ScriptedImporter/UnityEditor.QuickSearchModule:UnityEditor.Search:ASIAI0B
Importing 'GUID: 67b08bbe82883494bafab1c674dc914b - Path: Assets/XR/UserSimulationSettings/SimulationEnvironmentAssetsManager.asset - Importer: ScriptedImporter/UnityEditor.QuickSearchModule:UnityEditor.Search:ASIAI0B' with importer (ScriptedImporter : UnityEditor.QuickSearchModule:UnityEditor.Search:ASIAI0B)
Imported 'GUID: 67b08bbe82883494bafab1c674dc914b' -> (Import Result ID: 'ef576db1dc79a6ff1db26093883242e8') in 0.001 seconds [static and dynamic dependencies]. Details - ImportResultOutputID=0f35a393ed98149a2a00011a33df9ac8 DependenciesID=69c87ad473e08b5921dc535d29165e0e StaticDependenciesID=1b13454e6d3d6354b3f234ca693d357c 
Number of updated asset objects reloaded before import = 0
Number of asset objects unloaded after import = 1
========================================================================
Received Import Request.
  Time of request: 2026-09-01T06:19:53.542529Z
  Time since last request: 0.000209875 seconds.
  importAddress: GUID: 44820cf310472441e952b611b9f17c14 - Path: Packages/com.google.xr.cardboard/Runtime/XRLoader.cs - Importer: ScriptedImporter/UnityEditor.QuickSearchModule:UnityEditor.Search:ASIAI0B
Importing 'GUID: 44820cf310472441e952b611b9f17c14 - Path: Packages/com.google.xr.cardboard/Runtime/XRLoader.cs - Importer: ScriptedImporter/UnityEditor.QuickSearchModule:UnityEditor.Search:ASIAI0B' with importer (ScriptedImporter : UnityEditor.QuickSearchModule:UnityEditor.Search:ASIAI0B)
Imported 'GUID: 44820cf310472441e952b611b9f17c14' -> (Import Result ID: 'b6e16972a4ee265b473232634b75527a') in 0.001 seconds [static and dynamic dependencies]. Details - ImportResultOutputID=2bf2a2756cd4ccc08f5bc459fcc73b3e DependenciesID=30426a3a10f820d86e5b7d327363c3a5 StaticDependenciesID=33f509c61b15572a5e24b8ee93e7daf4 
Number of updated asset objects reloaded before import = 0
Number of asset objects unloaded after import = 0
========================================================================
Received Import Request.
  Time of request: 2026-09-01T06:19:53.543905Z
  Time since last request: 0.000170875 seconds.
  importAddress: GUID: 92428bd20508a4a2a93266facd4ba49a - Path: Assets/XR/Loaders/ARKitLoader.asset - Importer: ScriptedImporter/UnityEditor.QuickSearchModule:UnityEditor.Search:ASIAI0B
Importing 'GUID: 92428bd20508a4a2a93266facd4ba49a - Path: Assets/XR/Loaders/ARKitLoader.asset - Importer: ScriptedImporter/UnityEditor.QuickSearchModule:UnityEditor.Search:ASIAI0B' with importer (ScriptedImporter : UnityEditor.QuickSearchModule:UnityEditor.Search:ASIAI0B)
Imported 'GUID: 92428bd20508a4a2a93266facd4ba49a' -> (Import Result ID: 'ad79946dd7b1a85e3966f35c9496b464') in 0.001 seconds [static and dynamic dependencies]. Details - ImportResultOutputID=3716327d7228b12d7065e28a158f6754 DependenciesID=43062da0a7b618caafbcb7dc02789a4d StaticDependenciesID=e968e712b3e18f37ab86bcae495b18e3 
Number of updated asset objects reloaded before import = 0
Number of asset objects unloaded after import = 1
========================================================================
Received Import Request.
  Time of request: 2026-09-01T06:19:53.545726Z
  Time since last request: 0.000169375 seconds.
  importAddress: GUID: 399cb2cca9c0c4b92b795897e5d3db7a - Path: Packages/com.google.xr.cardboard/Runtime/UnitySubsystemsManifest.json - Importer: ScriptedImporter/UnityEditor.QuickSearchModule:UnityEditor.Search:ASIAI0B
Importing 'GUID: 399cb2cca9c0c4b92b795897e5d3db7a - Path: Packages/com.google.xr.cardboard/Runtime/UnitySubsystemsManifest.json - Importer: ScriptedImporter/UnityEditor.QuickSearchModule:UnityEditor.Search:ASIAI0B' with importer (ScriptedImporter : UnityEditor.QuickSearchModule:UnityEditor.Search:ASIAI0B)
Imported 'GUID: 399cb2cca9c0c4b92b795897e5d3db7a' -> (Import Result ID: '40d87a98983a0cbf905777feee68746e') in 0.001 seconds [static and dynamic dependencies]. Details - ImportResultOutputID=528102fdf9fabb5b15f824bcee386639 DependenciesID=39ab2e45722c9c317791109f6f03e05c StaticDependenciesID=2b0713d552c49f386467a7d30326aa54 
Number of updated asset objects reloaded before import = 0
Number of asset objects unloaded after import = 1
========================================================================
Received Import Request.
  Time of request: 2026-09-01T06:19:53.547153Z
  Time since last request: 0.000179125 seconds.
  importAddress: GUID: f94fc60edd0e7441e9150c4bbb8d1ab2 - Path: Packages/com.unity.xr.arfoundation/Runtime/VisualScripting/Units/Events/MessageListeners/Deprecated/AREnvironmentProbeManagerListener.deprecated.cs - Importer: ScriptedImporter/UnityEditor.QuickSearchModule:UnityEditor.Search:ASIAI0B
Importing 'GUID: f94fc60edd0e7441e9150c4bbb8d1ab2 - Path: Packages/com.unity.xr.arfoundation/Runtime/VisualScripting/Units/Events/MessageListeners/Deprecated/AREnvironmentProbeManagerListener.deprecated.cs - Importer: ScriptedImporter/UnityEditor.QuickSearchModule:UnityEditor.Search:ASIAI0B' with importer (ScriptedImporter : UnityEditor.QuickSearchModule:UnityEditor.Search:ASIAI0B)
Imported 'GUID: f94fc60edd0e7441e9150c4bbb8d1ab2' -> (Import Result ID: 'ed3aa305c3956a052825a3ba4b92717c') in 0.001 seconds [static and dynamic dependencies]. Details - ImportResultOutputID=9cdc9c03905f53487c278ab6ce2a0068 DependenciesID=c0accb1ae4802cbf03be1802ec88dcf6 StaticDependenciesID=3190c1e9ae58b934dbed2d83d205a2ef 
Number of updated asset objects reloaded before import = 0
Number of asset objects unloaded after import = 0
========================================================================
Received Import Request.
  Time of request: 2026-09-01T06:19:53.548401Z
  Time since last request: 0.000181208 seconds.
  importAddress: GUID: 5d9848fd2d870574eb8038ff36c7eea2 - Path: Packages/com.unity.xr.arfoundation/Assets/Shaders/SimulationLegacySynthetic.shader - Importer: ScriptedImporter/UnityEditor.QuickSearchModule:UnityEditor.Search:ASIAI0B
Importing 'GUID: 5d9848fd2d870574eb8038ff36c7eea2 - Path: Packages/com.unity.xr.arfoundation/Assets/Shaders/SimulationLegacySynthetic.shader - Importer: ScriptedImporter/UnityEditor.QuickSearchModule:UnityEditor.Search:ASIAI0B' with importer (ScriptedImporter : UnityEditor.QuickSearchModule:UnityEditor.Search:ASIAI0B)
Imported 'GUID: 5d9848fd2d870574eb8038ff36c7eea2' -> (Import Result ID: '763a9cc3b0e4a1b47fe849a50e31f39b') in 0.001 seconds [static and dynamic dependencies]. Details - ImportResultOutputID=0ea030a0589e611316903baf07086c2a DependenciesID=55d24dfe9ba8157ba9f2c1f9e3c6e410 StaticDependenciesID=d7cc586af77e2a73ed7f405b0bf9d39f 
Number of updated asset objects reloaded before import = 0
Number of asset objects unloaded after import = 1
========================================================================
Received Import Request.
  Time of request: 2026-09-01T06:19:53.550036Z
  Time since last request: 0.000202625 seconds.
  importAddress: GUID: 4cefe8ccf1ed430ea6e953f61dc7a65b - Path: Packages/com.unity.xr.arfoundation/Runtime/ARSubsystems/Markers/XRMarker.cs - Importer: ScriptedImporter/UnityEditor.QuickSearchModule:UnityEditor.Search:ASIAI0B
Importing 'GUID: 4cefe8ccf1ed430ea6e953f61dc7a65b - Path: Packages/com.unity.xr.arfoundation/Runtime/ARSubsystems/Markers/XRMarker.cs - Importer: ScriptedImporter/UnityEditor.QuickSearchModule:UnityEditor.Search:ASIAI0B' with importer (ScriptedImporter : UnityEditor.QuickSearchModule:UnityEditor.Search:ASIAI0B)
Imported 'GUID: 4cefe8ccf1ed430ea6e953f61dc7a65b' -> (Import Result ID: '707c2914cb8cc01daa9972cf0fb589c1') in 0.001 seconds [static and dynamic dependencies]. Details - ImportResultOutputID=ebe0bb355c69694d8b00a6f9afdc3c7d DependenciesID=cd6c938f37a3c19418d16dc3ce86dfa9 StaticDependenciesID=39baed888f309c2e3d0cd8046f16833d 
Number of updated asset objects reloaded before import = 0
Number of asset objects unloaded after import = 0
========================================================================
Received Import Request.
  Time of request: 2026-09-01T06:19:53.551191Z
  Time since last request: 0.000175708 seconds.
  importAddress: GUID: 3d6b5ad3915104da58aa307b011077af - Path: Packages/com.google.xr.cardboard/Resources/Cardboard - Importer: ScriptedImporter/UnityEditor.QuickSearchModule:UnityEditor.Search:ASIAI0B
Importing 'GUID: 3d6b5ad3915104da58aa307b011077af - Path: Packages/com.google.xr.cardboard/Resources/Cardboard - Importer: ScriptedImporter/UnityEditor.QuickSearchModule:UnityEditor.Search:ASIAI0B' with importer (ScriptedImporter : UnityEditor.QuickSearchModule:UnityEditor.Search:ASIAI0B)
Imported 'GUID: 3d6b5ad3915104da58aa307b011077af' -> (Import Result ID: '4210698b91edf1a1446b3260fac486d6') in 0.001 seconds [static and dynamic dependencies]. Details - ImportResultOutputID=52aac7f24a833c8b360fa3eee83c73be DependenciesID=c9ef000dbc550865d6b9e518f94ea559 StaticDependenciesID=ec289a65f581ec97c5c0086118822985 
Number of updated asset objects reloaded before import = 0
Number of asset objects unloaded after import = 1
========================================================================
Received Import Request.
  Time of request: 2026-09-01T06:19:53.552312Z
  Time since last request: 0.000163291 seconds.
  importAddress: GUID: d47c256de747d4e2eb14403dc30edae4 - Path: Packages/com.unity.xr.arfoundation/Runtime/VisualScripting/Units/GetPlanesUnit.cs - Importer: ScriptedImporter/UnityEditor.QuickSearchModule:UnityEditor.Search:ASIAI0B
Importing 'GUID: d47c256de747d4e2eb14403dc30edae4 - Path: Packages/com.unity.xr.arfoundation/Runtime/VisualScripting/Units/GetPlanesUnit.cs - Importer: ScriptedImporter/UnityEditor.QuickSearchModule:UnityEditor.Search:ASIAI0B' with importer (ScriptedImporter : UnityEditor.QuickSearchModule:UnityEditor.Search:ASIAI0B)
Imported 'GUID: d47c256de747d4e2eb14403dc30edae4' -> (Import Result ID: 'f87065332b3246d255791d324b1d2a0e') in 0.001 seconds [static and dynamic dependencies]. Details - ImportResultOutputID=af7c75409d92adcd17ad6bb1a23a633f DependenciesID=5e9222902e811b604ecabd5aeb6c861e StaticDependenciesID=0013de9ba5916cacf7706480b5d6ee62 
Number of updated asset objects reloaded before import = 0
Number of asset objects unloaded after import = 0
========================================================================
Received Import Request.
  Time of request: 2026-09-01T06:19:53.553434Z
  Time since last request: 0.000178875 seconds.
  importAddress: GUID: 266623f7369c41279c5eb30143182722 - Path: Packages/com.unity.xr.arfoundation/Editor/VisualScripting/ARPointCloudsChangedEventUnitDescriptor.cs - Importer: ScriptedImporter/UnityEditor.QuickSearchModule:UnityEditor.Search:ASIAI0B
Importing 'GUID: 266623f7369c41279c5eb30143182722 - Path: Packages/com.unity.xr.arfoundation/Editor/VisualScripting/ARPointCloudsChangedEventUnitDescriptor.cs - Importer: ScriptedImporter/UnityEditor.QuickSearchModule:UnityEditor.Search:ASIAI0B' with importer (ScriptedImporter : UnityEditor.QuickSearchModule:UnityEditor.Search:ASIAI0B)
Imported 'GUID: 266623f7369c41279c5eb30143182722' -> (Import Result ID: '236a1613a1d7223053ccafae623f9593') in 0.001 seconds [static and dynamic dependencies]. Details - ImportResultOutputID=47c0f6f9e0dc62d69d893015a7d6b348 DependenciesID=75340ea531cca49fdcf02bc197754332 StaticDependenciesID=8242f0d32026b47214ee88348930aa0e 
Number of updated asset objects reloaded before import = 0
Number of asset objects unloaded after import = 0
========================================================================
Received Import Request.
  Time of request: 2026-09-01T06:19:53.55458Z
  Time since last request: 0.000167333 seconds.
  importAddress: GUID: 62b279a859b57417fbec1b0eef13262c - Path: Assets/XR/Loaders - Importer: ScriptedImporter/UnityEditor.QuickSearchModule:UnityEditor.Search:ASIAI0B
Importing 'GUID: 62b279a859b57417fbec1b0eef13262c - Path: Assets/XR/Loaders - Importer: ScriptedImporter/UnityEditor.QuickSearchModule:UnityEditor.Search:ASIAI0B' with importer (ScriptedImporter : UnityEditor.QuickSearchModule:UnityEditor.Search:ASIAI0B)
Imported 'GUID: 62b279a859b57417fbec1b0eef13262c' -> (Import Result ID: 'a5a4bd554ee954351a6d7b669a82c3c6') in 0.001 seconds [static and dynamic dependencies]. Details - ImportResultOutputID=3a61f48ca4d25d865e563364a618e38e DependenciesID=f83559b48c26b269a3fd94b34cf2c37a StaticDependenciesID=74456ed7cbaa1298a0ed64bb5dac4e90 
Number of updated asset objects reloaded before import = 0
Number of asset objects unloaded after import = 1
========================================================================
Received Import Request.
  Time of request: 2026-09-01T06:19:53.555647Z
  Time since last request: 0.000184791 seconds.
  importAddress: GUID: 162c26fa7c30d4896a82948df5b9de5c - Path: Packages/com.google.xr.cardboard/Editor/CardboardMetadata.cs - Importer: ScriptedImporter/UnityEditor.QuickSearchModule:UnityEditor.Search:ASIAI0B
Importing 'GUID: 162c26fa7c30d4896a82948df5b9de5c - Path: Packages/com.google.xr.cardboard/Editor/CardboardMetadata.cs - Importer: ScriptedImporter/UnityEditor.QuickSearchModule:UnityEditor.Search:ASIAI0B' with importer (ScriptedImporter : UnityEditor.QuickSearchModule:UnityEditor.Search:ASIAI0B)
Imported 'GUID: 162c26fa7c30d4896a82948df5b9de5c' -> (Import Result ID: '5368d007305bdacb5e09118a60f975ed') in 0.001 seconds [static and dynamic dependencies]. Details - ImportResultOutputID=b59df9190eb0479f6b21b4124401997c DependenciesID=18e9f400e537c0681d21e6e38976c54d StaticDependenciesID=0291dcc1500aef829b72bb19bf528ba2 
Number of updated asset objects reloaded before import = 0
Number of asset objects unloaded after import = 0
========================================================================
Received Import Request.
  Time of request: 2026-09-01T06:19:53.556762Z
  Time since last request: 0.000162458 seconds.
  importAddress: GUID: fee0e9ae6c2944ab49cb0a2753414dcf - Path: Packages/com.google.xr.cardboard/Runtime/iOS/generate_gfx_plugin_cardboard_a.md - Importer: ScriptedImporter/UnityEditor.QuickSearchModule:UnityEditor.Search:ASIAI0B
Importing 'GUID: fee0e9ae6c2944ab49cb0a2753414dcf - Path: Packages/com.google.xr.cardboard/Runtime/iOS/generate_gfx_plugin_cardboard_a.md - Importer: ScriptedImporter/UnityEditor.QuickSearchModule:UnityEditor.Search:ASIAI0B' with importer (ScriptedImporter : UnityEditor.QuickSearchModule:UnityEditor.Search:ASIAI0B)
Imported 'GUID: fee0e9ae6c2944ab49cb0a2753414dcf' -> (Import Result ID: '5426abeb157ed35a3381fa3174274c2e') in 0.001 seconds [static and dynamic dependencies]. Details - ImportResultOutputID=6863c239d60aad4c9485782fe314110e DependenciesID=a1adb5bd40b656c3ca2805c4f19c678c StaticDependenciesID=1775f54b576df0d66bff3be59da7cd94 
Number of updated asset objects reloaded before import = 0
Number of asset objects unloaded after import = 1
========================================================================
Received Import Request.
  Time of request: 2026-09-01T06:19:53.55801Z
  Time since last request: 0.000171583 seconds.
  importAddress: GUID: 8733a4ec878ee4c25bf4a7f50e019d4b - Path: Packages/com.google.xr.cardboard/package.json - Importer: ScriptedImporter/UnityEditor.QuickSearchModule:UnityEditor.Search:ASIAI0B
Importing 'GUID: 8733a4ec878ee4c25bf4a7f50e019d4b - Path: Packages/com.google.xr.cardboard/package.json - Importer: ScriptedImporter/UnityEditor.QuickSearchModule:UnityEditor.Search:ASIAI0B' with importer (ScriptedImporter : UnityEditor.QuickSearchModule:UnityEditor.Search:ASIAI0B)
Imported 'GUID: 8733a4ec878ee4c25bf4a7f50e019d4b' -> (Import Result ID: '7c4678fdfdf7a6f82807559823422722') in 0.001 seconds [static and dynamic dependencies]. Details - ImportResultOutputID=76747bc77e02014cd4e24b9471a27b6e DependenciesID=9027126337a3dc80b4437d7f18bb9866 StaticDependenciesID=7da48ba06a27dc0cd9774bae5271e985 
Number of updated asset objects reloaded before import = 0
Number of asset objects unloaded after import = 1
========================================================================
Received Import Request.
  Time of request: 2026-09-01T06:19:53.559233Z
  Time since last request: 0.000174417 seconds.
  importAddress: GUID: 87cbd69796f9a45488488dbe3af82274 - Path: Packages/com.google.xr.cardboard/Runtime/CardboardReticlePointer.cs - Importer: ScriptedImporter/UnityEditor.QuickSearchModule:UnityEditor.Search:ASIAI0B
Importing 'GUID: 87cbd69796f9a45488488dbe3af82274 - Path: Packages/com.google.xr.cardboard/Runtime/CardboardReticlePointer.cs - Importer: ScriptedImporter/UnityEditor.QuickSearchModule:UnityEditor.Search:ASIAI0B' with importer (ScriptedImporter : UnityEditor.QuickSearchModule:UnityEditor.Search:ASIAI0B)
Imported 'GUID: 87cbd69796f9a45488488dbe3af82274' -> (Import Result ID: 'a8e45177f3697c18616bc678b9553da7') in 0.001 seconds [static and dynamic dependencies]. Details - ImportResultOutputID=fa3ede86fd296444a82ecada39b2a15f DependenciesID=90b2ad6fe125341411ef95f68e5669f5 StaticDependenciesID=7477889312f3d18819d073c4652109a6 
Number of updated asset objects reloaded before import = 0
Number of asset objects unloaded after import = 0
========================================================================
Received Import Request.
  Time of request: 2026-09-01T06:19:53.560446Z
  Time since last request: 0.000171292 seconds.
  importAddress: GUID: cfe580a07633842f1b03ed92055cb9d4 - Path: Packages/com.google.xr.cardboard/Runtime/iOS/GfxPluginCardboard.a - Importer: ScriptedImporter/UnityEditor.QuickSearchModule:UnityEditor.Search:ASIAI0B
Importing 'GUID: cfe580a07633842f1b03ed92055cb9d4 - Path: Packages/com.google.xr.cardboard/Runtime/iOS/GfxPluginCardboard.a - Importer: ScriptedImporter/UnityEditor.QuickSearchModule:UnityEditor.Search:ASIAI0B' with importer (ScriptedImporter : UnityEditor.QuickSearchModule:UnityEditor.Search:ASIAI0B)
Imported 'GUID: cfe580a07633842f1b03ed92055cb9d4' -> (Import Result ID: 'cd2300dc12f9021d3fdef6464327c480') in 0.001 seconds [static and dynamic dependencies]. Details - ImportResultOutputID=29e021198cd1ed27c5b01f8cd56acac1 DependenciesID=4e65e7a6fbb25606d5bc358eb2b23aef StaticDependenciesID=ff26887ca6aeb591b4a6e8abb6f332ee 
Number of updated asset objects reloaded before import = 0
Number of asset objects unloaded after import = 0
========================================================================
Received Import Request.
  Time of request: 2026-09-01T06:19:53.561902Z
  Time since last request: 0.00026925 seconds.
  importAddress: GUID: f9a757748aa34f95b291ee0cdf6c337e - Path: Packages/com.unity.xr.arfoundation/Editor/ARSubsystems/PreprocessBuildEventArgs.cs - Importer: ScriptedImporter/UnityEditor.QuickSearchModule:UnityEditor.Search:ASIAI0B
Importing 'GUID: f9a757748aa34f95b291ee0cdf6c337e - Path: Packages/com.unity.xr.arfoundation/Editor/ARSubsystems/PreprocessBuildEventArgs.cs - Importer: ScriptedImporter/UnityEditor.QuickSearchModule:UnityEditor.Search:ASIAI0B' with importer (ScriptedImporter : UnityEditor.QuickSearchModule:UnityEditor.Search:ASIAI0B)
Imported 'GUID: f9a757748aa34f95b291ee0cdf6c337e' -> (Import Result ID: 'd93986782460da5963625991db5eaf1d') in 0.001 seconds [static and dynamic dependencies]. Details - ImportResultOutputID=a939ea03e4712607e97c20f36389eca9 DependenciesID=7a6bd8d54d0ff913eae40b0cc2f8bd1b StaticDependenciesID=86b53c480eb6288e10ee0d4afd88f9e3 
Number of updated asset objects reloaded before import = 0
Number of asset objects unloaded after import = 0
========================================================================
Received Import Request.
  Time of request: 2026-09-01T06:19:53.563135Z
  Time since last request: 0.000183166 seconds.
  importAddress: GUID: 95af80d353d0c4a43b9f43572170861f - Path: Packages/com.google.xr.cardboard/Runtime/Shaders/CardboardReticlePointer.shader - Importer: ScriptedImporter/UnityEditor.QuickSearchModule:UnityEditor.Search:ASIAI0B
Importing 'GUID: 95af80d353d0c4a43b9f43572170861f - Path: Packages/com.google.xr.cardboard/Runtime/Shaders/CardboardReticlePointer.shader - Importer: ScriptedImporter/UnityEditor.QuickSearchModule:UnityEditor.Search:ASIAI0B' with importer (ScriptedImporter : UnityEditor.QuickSearchModule:UnityEditor.Search:ASIAI0B)
Imported 'GUID: 95af80d353d0c4a43b9f43572170861f' -> (Import Result ID: '19be2b2b0011bcdca36f48652f0c5c69') in 0.001 seconds [static and dynamic dependencies]. Details - ImportResultOutputID=4b942d18cfd57670a81b1429d84b88a9 DependenciesID=2fc437045d3ed897feb8f8f5b6fd9bad StaticDependenciesID=4460f8853be7ad229ee24baf59a7ff61 
Number of updated asset objects reloaded before import = 0
Number of asset objects unloaded after import = 1
========================================================================
Received Import Request.
  Time of request: 2026-09-01T06:19:53.564627Z
  Time since last request: 0.000180625 seconds.
  importAddress: GUID: aed612770682f404bba2db8bc8a2e79e - Path: Packages/com.google.xr.cardboard/CONTRIBUTING.md - Importer: ScriptedImporter/UnityEditor.QuickSearchModule:UnityEditor.Search:ASIAI0B
Importing 'GUID: aed612770682f404bba2db8bc8a2e79e - Path: Packages/com.google.xr.cardboard/CONTRIBUTING.md - Importer: ScriptedImporter/UnityEditor.QuickSearchModule:UnityEditor.Search:ASIAI0B' with importer (ScriptedImporter : UnityEditor.QuickSearchModule:UnityEditor.Search:ASIAI0B)
Imported 'GUID: aed612770682f404bba2db8bc8a2e79e' -> (Import Result ID: 'c416140728a819d6773df0afdbd252db') in 0.001 seconds [static and dynamic dependencies]. Details - ImportResultOutputID=41bbba317c573896e411e4c97d2e11a4 DependenciesID=bfc1abf8e986d09a979b8b2512f1a89d StaticDependenciesID=5732f1c90fd5fdbd842af3129137012b 
Number of updated asset objects reloaded before import = 0
Number of asset objects unloaded after import = 1
========================================================================
Received Import Request.
  Time of request: 2026-09-01T06:19:53.565954Z
  Time since last request: 0.00017425 seconds.
  importAddress: GUID: 9421d2ce3deaf45f390a84d593e75311 - Path: Packages/com.google.xr.cardboard/Resources - Importer: ScriptedImporter/UnityEditor.QuickSearchModule:UnityEditor.Search:ASIAI0B
Importing 'GUID: 9421d2ce3deaf45f390a84d593e75311 - Path: Packages/com.google.xr.cardboard/Resources - Importer: ScriptedImporter/UnityEditor.QuickSearchModule:UnityEditor.Search:ASIAI0B' with importer (ScriptedImporter : UnityEditor.QuickSearchModule:UnityEditor.Search:ASIAI0B)
Imported 'GUID: 9421d2ce3deaf45f390a84d593e75311' -> (Import Result ID: '947106a45cf49e97a8f4f8ab2543085a') in 0.001 seconds [static and dynamic dependencies]. Details - ImportResultOutputID=485dab414a1584b99d694fd9457c1292 DependenciesID=ebc1c90e0383f9af19edc998071eb2ef StaticDependenciesID=0481495c33c141cdd7e99394af9c0832 
Number of updated asset objects reloaded before import = 0
Number of asset objects unloaded after import = 1
========================================================================
Received Import Request.
  Time of request: 2026-09-01T06:19:53.567185Z
  Time since last request: 0.000253708 seconds.
  importAddress: GUID: 0e5236223a2de45d4972021f9137e13b - Path: Packages/com.unity.xr.arfoundation/Runtime/ARSubsystems/Common/Textures/XRCpuImage/Transformation.cs - Importer: ScriptedImporter/UnityEditor.QuickSearchModule:UnityEditor.Search:ASIAI0B
Importing 'GUID: 0e5236223a2de45d4972021f9137e13b - Path: Packages/com.unity.xr.arfoundation/Runtime/ARSubsystems/Common/Textures/XRCpuImage/Transformation.cs - Importer: ScriptedImporter/UnityEditor.QuickSearchModule:UnityEditor.Search:ASIAI0B' with importer (ScriptedImporter : UnityEditor.QuickSearchModule:UnityEditor.Search:ASIAI0B)
Imported 'GUID: 0e5236223a2de45d4972021f9137e13b' -> (Import Result ID: 'bc98f867012f050f3fd33a53cfcc54ff') in 0.001 seconds [static and dynamic dependencies]. Details - ImportResultOutputID=682f7dab86f932737208c666d23b7c88 DependenciesID=a8712d24a5bd679e5bf4a729c5b66df8 StaticDependenciesID=f4e30a61ce3692b129e3737802c89c2c 
Number of updated asset objects reloaded before import = 0
Number of asset objects unloaded after import = 0
========================================================================
Received Import Request.
  Time of request: 2026-09-01T06:19:53.575076Z
  Time since last request: 0.006788208 seconds.
  importAddress: GUID: ad91be1e774094f99afb64ef26c07397 - Path: Packages/com.google.xr.cardboard/Editor/Google.XR.Cardboard.Editor.asmdef - Importer: ScriptedImporter/UnityEditor.QuickSearchModule:UnityEditor.Search:ASIAI0B
Importing 'GUID: ad91be1e774094f99afb64ef26c07397 - Path: Packages/com.google.xr.cardboard/Editor/Google.XR.Cardboard.Editor.asmdef - Importer: ScriptedImporter/UnityEditor.QuickSearchModule:UnityEditor.Search:ASIAI0B' with importer (ScriptedImporter : UnityEditor.QuickSearchModule:UnityEditor.Search:ASIAI0B)
Imported 'GUID: ad91be1e774094f99afb64ef26c07397' -> (Import Result ID: '44687607b15e2bd410a44c1a2b0963a7') in 0.001 seconds [static and dynamic dependencies]. Details - ImportResultOutputID=110831ec5add0b6cefa3484b2bb5154d DependenciesID=23f590ac1275deb8f23e9a1c4e05753a StaticDependenciesID=d73ec3f89d73d56492f3a7b9a423ef85 
Number of updated asset objects reloaded before import = 0
Number of asset objects unloaded after import = 1
========================================================================
Received Import Request.
  Time of request: 2026-09-01T06:19:53.57662Z
  Time since last request: 0.000188791 seconds.
  importAddress: GUID: 52fbce1ec0ccb4879a4e3bc3619cc2a1 - Path: Packages/com.google.xr.cardboard/Runtime/iOS/sdk.bundle - Importer: ScriptedImporter/UnityEditor.QuickSearchModule:UnityEditor.Search:ASIAI0B
Importing 'GUID: 52fbce1ec0ccb4879a4e3bc3619cc2a1 - Path: Packages/com.google.xr.cardboard/Runtime/iOS/sdk.bundle - Importer: ScriptedImporter/UnityEditor.QuickSearchModule:UnityEditor.Search:ASIAI0B' with importer (ScriptedImporter : UnityEditor.QuickSearchModule:UnityEditor.Search:ASIAI0B)
Imported 'GUID: 52fbce1ec0ccb4879a4e3bc3619cc2a1' -> (Import Result ID: '57efa7b30392cb53b5c93918201cc793') in 0.001 seconds [static and dynamic dependencies]. Details - ImportResultOutputID=721b274443718001dada32c1fac435fa DependenciesID=b6213236a928bdd59d21fab9cf906794 StaticDependenciesID=a24bb14d946c87869922a1d6f61c9a05 
Number of updated asset objects reloaded before import = 0
Number of asset objects unloaded after import = 0
========================================================================
Received Import Request.
  Time of request: 2026-09-01T06:19:53.578054Z
  Time since last request: 0.000181875 seconds.
  importAddress: GUID: 2f52f0b6cfdc94464bcc067a11c8e1b6 - Path: Packages/com.google.xr.cardboard/Runtime/Google.XR.Cardboard.asmdef - Importer: ScriptedImporter/UnityEditor.QuickSearchModule:UnityEditor.Search:ASIAI0B
Importing 'GUID: 2f52f0b6cfdc94464bcc067a11c8e1b6 - Path: Packages/com.google.xr.cardboard/Runtime/Google.XR.Cardboard.asmdef - Importer: ScriptedImporter/UnityEditor.QuickSearchModule:UnityEditor.Search:ASIAI0B' with importer (ScriptedImporter : UnityEditor.QuickSearchModule:UnityEditor.Search:ASIAI0B)
Imported 'GUID: 2f52f0b6cfdc94464bcc067a11c8e1b6' -> (Import Result ID: '34d74bc856817bf4e84daad914c09755') in 0.001 seconds [static and dynamic dependencies]. Details - ImportResultOutputID=e4974c48440360ce6f4544c5e5b8ed90 DependenciesID=8fdd3bb1caf227f5a505c97f47679e45 StaticDependenciesID=4a3b407f42ec7c0e8bfab7e5335a5415 
Number of updated asset objects reloaded before import = 0
Number of asset objects unloaded after import = 1
========================================================================
Received Import Request.
  Time of request: 2026-09-01T06:19:53.579412Z
  Time since last request: 0.000163292 seconds.
  importAddress: GUID: 7ab675fb25945446aa25e3b0a4890185 - Path: Packages/com.google.xr.cardboard/Runtime/ApiConstants.cs - Importer: ScriptedImporter/UnityEditor.QuickSearchModule:UnityEditor.Search:ASIAI0B
Importing 'GUID: 7ab675fb25945446aa25e3b0a4890185 - Path: Packages/com.google.xr.cardboard/Runtime/ApiConstants.cs - Importer: ScriptedImporter/UnityEditor.QuickSearchModule:UnityEditor.Search:ASIAI0B' with importer (ScriptedImporter : UnityEditor.QuickSearchModule:UnityEditor.Search:ASIAI0B)
Imported 'GUID: 7ab675fb25945446aa25e3b0a4890185' -> (Import Result ID: '17cf2c8201dca19f831fbca541a16b1b') in 0.001 seconds [static and dynamic dependencies]. Details - ImportResultOutputID=93fe3db9a87f3cefa976b3bbd4627134 DependenciesID=3677cce9c6d21bd79fb1e89d08042167 StaticDependenciesID=453e28d7dfa06538fffddd813aa697e5 
Number of updated asset objects reloaded before import = 0
Number of asset objects unloaded after import = 0
========================================================================
Received Import Request.
  Time of request: 2026-09-01T06:19:53.580509Z
  Time since last request: 0.000158708 seconds.
  importAddress: GUID: 8f9643084e7b84786a72ba40c223a7fd - Path: Packages/com.google.xr.cardboard/Runtime/XRSettings.cs - Importer: ScriptedImporter/UnityEditor.QuickSearchModule:UnityEditor.Search:ASIAI0B
Importing 'GUID: 8f9643084e7b84786a72ba40c223a7fd - Path: Packages/com.google.xr.cardboard/Runtime/XRSettings.cs - Importer: ScriptedImporter/UnityEditor.QuickSearchModule:UnityEditor.Search:ASIAI0B' with importer (ScriptedImporter : UnityEditor.QuickSearchModule:UnityEditor.Search:ASIAI0B)
Imported 'GUID: 8f9643084e7b84786a72ba40c223a7fd' -> (Import Result ID: '1fab8e604a7695750e514e93832ceb98') in 0.001 seconds [static and dynamic dependencies]. Details - ImportResultOutputID=22c901f403650c8c50f0b5d28ce42aad DependenciesID=3915860b967b27b0b7aaa8b8d85cb5a9 StaticDependenciesID=2446ae99bf3cb29396b1ee128cc74875 
Number of updated asset objects reloaded before import = 0
Number of asset objects unloaded after import = 0
========================================================================
Received Import Request.
  Time of request: 2026-09-01T06:19:53.581635Z
  Time since last request: 0.000181875 seconds.
  importAddress: GUID: f1e076de859fa49d7bf78a294d512bd7 - Path: Packages/com.google.xr.cardboard/Editor - Importer: ScriptedImporter/UnityEditor.QuickSearchModule:UnityEditor.Search:ASIAI0B
Importing 'GUID: f1e076de859fa49d7bf78a294d512bd7 - Path: Packages/com.google.xr.cardboard/Editor - Importer: ScriptedImporter/UnityEditor.QuickSearchModule:UnityEditor.Search:ASIAI0B' with importer (ScriptedImporter : UnityEditor.QuickSearchModule:UnityEditor.Search:ASIAI0B)
Imported 'GUID: f1e076de859fa49d7bf78a294d512bd7' -> (Import Result ID: '3be53b7ce685c7d27079f600471c6c53') in 0.001 seconds [static and dynamic dependencies]. Details - ImportResultOutputID=046a28c8da6003f5f3dd1d3f1dc198e6 DependenciesID=fbf25589eba6380b386c79e879a61db5 StaticDependenciesID=3048fddca0d3b6c1bfa4726c9cd85bea 
Number of updated asset objects reloaded before import = 0
Number of asset objects unloaded after import = 1
========================================================================
Received Import Request.
  Time of request: 2026-09-01T06:19:53.582667Z
  Time since last request: 0.000155916 seconds.
  importAddress: GUID: c3a9aec884fdbfb1619641756e56aeda - Path: Packages/com.google.xr.cardboard - Importer: ScriptedImporter/UnityEditor.QuickSearchModule:UnityEditor.Search:ASIAI0B
Importing 'GUID: c3a9aec884fdbfb1619641756e56aeda - Path: Packages/com.google.xr.cardboard - Importer: ScriptedImporter/UnityEditor.QuickSearchModule:UnityEditor.Search:ASIAI0B' with importer (ScriptedImporter : UnityEditor.QuickSearchModule:UnityEditor.Search:ASIAI0B)
Imported 'GUID: c3a9aec884fdbfb1619641756e56aeda' -> (Import Result ID: '04f1528baae1eaf66f9dc60c1b141fc7') in 0.001 seconds [static and dynamic dependencies]. Details - ImportResultOutputID=7440b43940134df1965c48430f449683 DependenciesID=ce729ec9b20f5edc414f9b29aad3f2e5 StaticDependenciesID=6b21c75c6df3d947f843fcfdb7700be7 
Number of updated asset objects reloaded before import = 0
Number of asset objects unloaded after import = 1
========================================================================
Received Import Request.
  Time of request: 2026-09-01T06:19:53.583766Z
  Time since last request: 0.000168875 seconds.
  importAddress: GUID: 4de47e9d63c324ff889f465510a17763 - Path: Assets/XR/Loaders/XRLoader.asset - Importer: ScriptedImporter/UnityEditor.QuickSearchModule:UnityEditor.Search:ASIAI0B
Importing 'GUID: 4de47e9d63c324ff889f465510a17763 - Path: Assets/XR/Loaders/XRLoader.asset - Importer: ScriptedImporter/UnityEditor.QuickSearchModule:UnityEditor.Search:ASIAI0B' with importer (ScriptedImporter : UnityEditor.QuickSearchModule:UnityEditor.Search:ASIAI0B)
Imported 'GUID: 4de47e9d63c324ff889f465510a17763' -> (Import Result ID: 'c8ccf3124c43ea92214864f068c55ead') in 0.001 seconds [static and dynamic dependencies]. Details - ImportResultOutputID=ea8290af0b221b3e4fc2dca972f288a4 DependenciesID=756f1eff909f2bc3011dfe6d4209ce59 StaticDependenciesID=55c243deae35f18730ccb826d0da2dbd 
Number of updated asset objects reloaded before import = 0
Number of asset objects unloaded after import = 1
========================================================================
Received Import Request.
  Time of request: 2026-09-01T06:19:53.585199Z
  Time since last request: 0.00015375 seconds.
  importAddress: GUID: 351daef1e0b8c4187bb0ae16158f1e9c - Path: Packages/com.google.xr.cardboard/Runtime/Widget.cs - Importer: ScriptedImporter/UnityEditor.QuickSearchModule:UnityEditor.Search:ASIAI0B
Importing 'GUID: 351daef1e0b8c4187bb0ae16158f1e9c - Path: Packages/com.google.xr.cardboard/Runtime/Widget.cs - Importer: ScriptedImporter/UnityEditor.QuickSearchModule:UnityEditor.Search:ASIAI0B' with importer (ScriptedImporter : UnityEditor.QuickSearchModule:UnityEditor.Search:ASIAI0B)
Imported 'GUID: 351daef1e0b8c4187bb0ae16158f1e9c' -> (Import Result ID: '896ec218cad10de83d4daf7fbe538fa0') in 0.001 seconds [static and dynamic dependencies]. Details - ImportResultOutputID=f56744b3c162333e0511ee4ab38f5e32 DependenciesID=d82c8ee047c77ac3ff415d872773688d StaticDependenciesID=a26bb903b2cafd837f7c1a4a615b53d6 
Number of updated asset objects reloaded before import = 0
Number of asset objects unloaded after import = 0
========================================================================
Received Import Request.
  Time of request: 2026-09-01T06:19:53.586346Z
  Time since last request: 0.000170958 seconds.
  importAddress: GUID: 673a54e211f0a42c1b52ae7d78c30ece - Path: Packages/com.google.xr.cardboard/Runtime/iOS/GfxPluginCardboard.m - Importer: ScriptedImporter/UnityEditor.QuickSearchModule:UnityEditor.Search:ASIAI0B
Importing 'GUID: 673a54e211f0a42c1b52ae7d78c30ece - Path: Packages/com.google.xr.cardboard/Runtime/iOS/GfxPluginCardboard.m - Importer: ScriptedImporter/UnityEditor.QuickSearchModule:UnityEditor.Search:ASIAI0B' with importer (ScriptedImporter : UnityEditor.QuickSearchModule:UnityEditor.Search:ASIAI0B)
Imported 'GUID: 673a54e211f0a42c1b52ae7d78c30ece' -> (Import Result ID: 'e6f3f76f06a03b252ecbfcf316c7da96') in 0.001 seconds [static and dynamic dependencies]. Details - ImportResultOutputID=f0e7a864ee4933cba45f24d6b448b774 DependenciesID=ae1a3a9a660d2bcb96e045e40b9b08b9 StaticDependenciesID=ff0dd491cdafb0ced131c458c245b3fb 
Number of updated asset objects reloaded before import = 0
Number of asset objects unloaded after import = 0
========================================================================
Received Import Request.
  Time of request: 2026-09-01T06:19:53.587523Z
  Time since last request: 0.000172833 seconds.
  importAddress: GUID: 1e2b61470337d49b6b3b36c92396d80b - Path: Assets/_Recovery/0.unity - Importer: ScriptedImporter/UnityEditor.QuickSearchModule:UnityEditor.Search:ASIAI0B
Importing 'GUID: 1e2b61470337d49b6b3b36c92396d80b - Path: Assets/_Recovery/0.unity - Importer: ScriptedImporter/UnityEditor.QuickSearchModule:UnityEditor.Search:ASIAI0B' with importer (ScriptedImporter : UnityEditor.QuickSearchModule:UnityEditor.Search:ASIAI0B)
Imported 'GUID: 1e2b61470337d49b6b3b36c92396d80b' -> (Import Result ID: '9e83361324e0adcfd23e2b62af6193dc') in 0.001 seconds [static and dynamic dependencies]. Details - ImportResultOutputID=2c6970d0a2afbcd0dcb51ff9e3c0e93f DependenciesID=9869013c93266c74bfa4331c38191ca5 StaticDependenciesID=e2068eba7ac27bab2d987351cca22222 
Number of updated asset objects reloaded before import = 0
Number of asset objects unloaded after import = 1
========================================================================
Received Import Request.
  Time of request: 2026-09-01T06:19:53.589277Z
  Time since last request: 0.000214875 seconds.
  importAddress: GUID: 6a1c138f8d380477c8ff7d544a279ea2 - Path: Assets/XR/Settings/XRSettings.asset - Importer: ScriptedImporter/UnityEditor.QuickSearchModule:UnityEditor.Search:ASIAI0B
Importing 'GUID: 6a1c138f8d380477c8ff7d544a279ea2 - Path: Assets/XR/Settings/XRSettings.asset - Importer: ScriptedImporter/UnityEditor.QuickSearchModule:UnityEditor.Search:ASIAI0B' with importer (ScriptedImporter : UnityEditor.QuickSearchModule:UnityEditor.Search:ASIAI0B)
Imported 'GUID: 6a1c138f8d380477c8ff7d544a279ea2' -> (Import Result ID: '5076c636c25090ad689dbf8692abd52b') in 0.001 seconds [static and dynamic dependencies]. Details - ImportResultOutputID=c31448b1f4d6da64aee03925f7088aab DependenciesID=336536c71655671261cf968828cb93e1 StaticDependenciesID=ab6a955b2f6ac7a67f55e98aadb6112d 
Number of updated asset objects reloaded before import = 0
Number of asset objects unloaded after import = 1
========================================================================
Received Import Request.
  Time of request: 2026-09-01T06:19:53.590795Z
  Time since last request: 0.000162333 seconds.
  importAddress: GUID: 1c0f10ec8319e4672a69e49d1accb91d - Path: Assets/_Recovery - Importer: ScriptedImporter/UnityEditor.QuickSearchModule:UnityEditor.Search:ASIAI0B
Importing 'GUID: 1c0f10ec8319e4672a69e49d1accb91d - Path: Assets/_Recovery - Importer: ScriptedImporter/UnityEditor.QuickSearchModule:UnityEditor.Search:ASIAI0B' with importer (ScriptedImporter : UnityEditor.QuickSearchModule:UnityEditor.Search:ASIAI0B)
Imported 'GUID: 1c0f10ec8319e4672a69e49d1accb91d' -> (Import Result ID: 'af3cef1896fa6ef7335e7acd08be613d') in 0.002 seconds [static and dynamic dependencies]. Details - ImportResultOutputID=de3ae454dbc1d52b3d10ae7abe07a6a4 DependenciesID=262fd2cf942fb158055721da810a8c90 StaticDependenciesID=8b36655a1f6d7ccc0c081f313150bf80 
Number of updated asset objects reloaded before import = 0
Number of asset objects unloaded after import = 1
========================================================================
Received Prepare
AcceleratorClientConnectionCallback - disconnected - :0
WARNING: Shader Unsupported: 'Hidden/Simulation/URP/Synthetic' - All subshaders removed
WARNING: Shader Did you use #pragma only_renderers and omit this platform?
WARNING: Shader If subshaders removal was intentional, you may have forgotten turning Fallback off?
WARNING: Shader Unsupported: 'Simulation/URP/Room X-Ray' - All subshaders removed
WARNING: Shader Did you use #pragma only_renderers and omit this platform?
WARNING: Shader If subshaders removal was intentional, you may have forgotten turning Fallback off?
WARNING: Shader Unsupported: 'Simulation/Standard Lit' - All subshaders removed
WARNING: Shader Did you use #pragma only_renderers and omit this platform?
WARNING: Shader If subshaders removal was intentional, you may have forgotten turning Fallback off?
WARNING: Shader Unsupported: 'Simulation/URP/Lit' - All subshaders removed
WARNING: Shader Did you use #pragma only_renderers and omit this platform?
WARNING: Shader If subshaders removal was intentional, you may have forgotten turning Fallback off?
WARNING: Shader Unsupported: 'Hidden/Simulation/Synthetic Lit' - All subshaders removed
WARNING: Shader Did you use #pragma only_renderers and omit this platform?
WARNING: Shader If subshaders removal was intentional, you may have forgotten turning Fallback off?
WARNING: Shader Unsupported: 'Simulation/Room X-Ray' - All subshaders removed
WARNING: Shader Did you use #pragma only_renderers and omit this platform?
WARNING: Shader If subshaders removal was intentional, you may have forgotten turning Fallback off?
Refreshing native plugins compatible for Editor in 5.00 ms, found 3 plugins.
Unloading 6 Unused Serialized files (Serialized files now loaded: 0)
Unloading 537 unused Assets / (0.6 MB). Loaded Objects now: 6095.
Memory consumption went from 143.1 MB to 142.5 MB.
Total: 37.054333 ms (FindLiveObjects: 6.613625 ms CreateObjectMapping: 0.984709 ms MarkObjects: 27.646791 ms  DeleteObjects: 1.808958 ms)

Prepare: number of updated asset objects reloaded= 0
========================================================================
Received Import Request.
  Time of request: 2026-09-01T06:21:05.554965Z
  Time since last request: 71.961554791 seconds.
  importAddress: GUID: dc36b3fdc14f47ebb36fd484a67e268a - Path: Assets/TextMesh Pro/Examples & Extras/Resources/Fonts & Materials/Electronic Highway Sign SDF.asset - Importer: ScriptedImporter/UnityEditor.QuickSearchModule:UnityEditor.Search:ASIAI0B
Importing 'GUID: dc36b3fdc14f47ebb36fd484a67e268a - Path: Assets/TextMesh Pro/Examples & Extras/Resources/Fonts & Materials/Electronic Highway Sign SDF.asset - Importer: ScriptedImporter/UnityEditor.QuickSearchModule:UnityEditor.Search:ASIAI0B' with importer (ScriptedImporter : UnityEditor.QuickSearchModule:UnityEditor.Search:ASIAI0B)
Imported 'GUID: dc36b3fdc14f47ebb36fd484a67e268a' -> (Import Result ID: 'ab79d2656dc03b8b06868cd680bd8c87') in 0.035 seconds [static and dynamic dependencies]. Details - ImportResultOutputID=8a70395c1967fe2c3abe07667c3ac0d5 DependenciesID=74d5f1d22829ff29262223a9c1392607 StaticDependenciesID=34eaba6ee77a82516b9e507edffbe24e 
Number of updated asset objects reloaded before import = 0
Number of asset objects unloaded after import = 5
========================================================================
Received Prepare
AcceleratorClientConnectionCallback - disconnected - :0
WARNING: Shader Unsupported: 'Hidden/Simulation/URP/Synthetic' - All subshaders removed
WARNING: Shader Did you use #pragma only_renderers and omit this platform?
WARNING: Shader If subshaders removal was intentional, you may have forgotten turning Fallback off?
WARNING: Shader Unsupported: 'Simulation/URP/Room X-Ray' - All subshaders removed
WARNING: Shader Did you use #pragma only_renderers and omit this platform?
WARNING: Shader If subshaders removal was intentional, you may have forgotten turning Fallback off?
WARNING: Shader Unsupported: 'Simulation/Standard Lit' - All subshaders removed
WARNING: Shader Did you use #pragma only_renderers and omit this platform?
WARNING: Shader If subshaders removal was intentional, you may have forgotten turning Fallback off?
WARNING: Shader Unsupported: 'Simulation/URP/Lit' - All subshaders removed
WARNING: Shader Did you use #pragma only_renderers and omit this platform?
WARNING: Shader If subshaders removal was intentional, you may have forgotten turning Fallback off?
WARNING: Shader Unsupported: 'Hidden/Simulation/Synthetic Lit' - All subshaders removed
WARNING: Shader Did you use #pragma only_renderers and omit this platform?
WARNING: Shader If subshaders removal was intentional, you may have forgotten turning Fallback off?
WARNING: Shader Unsupported: 'Simulation/Room X-Ray' - All subshaders removed
WARNING: Shader Did you use #pragma only_renderers and omit this platform?
WARNING: Shader If subshaders removal was intentional, you may have forgotten turning Fallback off?
Unloading 6 Unused Serialized files (Serialized files now loaded: 0)
Unloading 6 unused Assets / (344.5 KB). Loaded Objects now: 6095.
Memory consumption went from 142.2 MB to 141.8 MB.
Total: 20.449125 ms (FindLiveObjects: 0.333041 ms CreateObjectMapping: 0.541208 ms MarkObjects: 19.396500 ms  DeleteObjects: 0.178125 ms)

Prepare: number of updated asset objects reloaded= 0
========================================================================
Received Import Request.
  Time of request: 2026-09-01T06:24:48.293282Z
  Time since last request: 222.69980970899999 seconds.
  importAddress: GUID: c85bf3e7afcc14a9e8a6925fd11aff0e - Path: Assets/BallPrefab.unity - Importer: ScriptedImporter/UnityEditor.QuickSearchModule:UnityEditor.Search:ASIAI0B
Importing 'GUID: c85bf3e7afcc14a9e8a6925fd11aff0e - Path: Assets/BallPrefab.unity - Importer: ScriptedImporter/UnityEditor.QuickSearchModule:UnityEditor.Search:ASIAI0B' with importer (ScriptedImporter : UnityEditor.QuickSearchModule:UnityEditor.Search:ASIAI0B)
Imported 'GUID: c85bf3e7afcc14a9e8a6925fd11aff0e' -> (Import Result ID: 'b3e09e2d05436703d24abe057415253b') in 0.013 seconds [static and dynamic dependencies]. Details - ImportResultOutputID=a3a589216b48b3329643efc141086d44 DependenciesID=7123394a779fbe0f6777060cb71324ea StaticDependenciesID=b9c49ec35273335aaee34b84e3ea58de 
Number of updated asset objects reloaded before import = 0
Number of asset objects unloaded after import = 1
========================================================================
Received Import Request.
  Time of request: 2026-09-01T06:25:20.259593Z
  Time since last request: 31.948541459 seconds.
  importAddress: GUID: c85bf3e7afcc14a9e8a6925fd11aff0e - Path: Assets/BallPrefab.unity - Importer: ScriptedImporter/UnityEditor.QuickSearchModule:UnityEditor.Search:ASIAI0B
Importing 'GUID: c85bf3e7afcc14a9e8a6925fd11aff0e - Path: Assets/BallPrefab.unity - Importer: ScriptedImporter/UnityEditor.QuickSearchModule:UnityEditor.Search:ASIAI0B' with importer (ScriptedImporter : UnityEditor.QuickSearchModule:UnityEditor.Search:ASIAI0B)
Imported 'GUID: c85bf3e7afcc14a9e8a6925fd11aff0e' -> (Import Result ID: 'ba3d95d43a5b4c5bd6cd23e032668193') in 0.007 seconds [static and dynamic dependencies]. Details - ImportResultOutputID=0a6a9f8dfe6a1cfb1a2a66c615049c34 DependenciesID=b4169d121cb77f7fff7c77077fce97ef StaticDependenciesID=55d5579925850fe8ac6ab0e4219ad3ea 
Number of updated asset objects reloaded before import = 0
Number of asset objects unloaded after import = 1
========================================================================
Received Prepare
AcceleratorClientConnectionCallback - disconnected - :0
WARNING: Shader Unsupported: 'Hidden/Simulation/URP/Synthetic' - All subshaders removed
WARNING: Shader Did you use #pragma only_renderers and omit this platform?
WARNING: Shader If subshaders removal was intentional, you may have forgotten turning Fallback off?
WARNING: Shader Unsupported: 'Simulation/URP/Room X-Ray' - All subshaders removed
WARNING: Shader Did you use #pragma only_renderers and omit this platform?
WARNING: Shader If subshaders removal was intentional, you may have forgotten turning Fallback off?
WARNING: Shader Unsupported: 'Simulation/Standard Lit' - All subshaders removed
WARNING: Shader Did you use #pragma only_renderers and omit this platform?
WARNING: Shader If subshaders removal was intentional, you may have forgotten turning Fallback off?
WARNING: Shader Unsupported: 'Simulation/URP/Lit' - All subshaders removed
WARNING: Shader Did you use #pragma only_renderers and omit this platform?
WARNING: Shader If subshaders removal was intentional, you may have forgotten turning Fallback off?
WARNING: Shader Unsupported: 'Hidden/Simulation/Synthetic Lit' - All subshaders removed
WARNING: Shader Did you use #pragma only_renderers and omit this platform?
WARNING: Shader If subshaders removal was intentional, you may have forgotten turning Fallback off?
WARNING: Shader Unsupported: 'Simulation/Room X-Ray' - All subshaders removed
WARNING: Shader Did you use #pragma only_renderers and omit this platform?
WARNING: Shader If subshaders removal was intentional, you may have forgotten turning Fallback off?
Unloading 6 Unused Serialized files (Serialized files now loaded: 0)
Unloading 6 unused Assets / (344.5 KB). Loaded Objects now: 6095.
Memory consumption went from 141.4 MB to 141.1 MB.
Total: 16.281708 ms (FindLiveObjects: 0.334958 ms CreateObjectMapping: 0.542500 ms MarkObjects: 15.196666 ms  DeleteObjects: 0.207125 ms)

Prepare: number of updated asset objects reloaded= 0
========================================================================
Received Prepare
AcceleratorClientConnectionCallback - disconnected - :0
WARNING: Shader Unsupported: 'Hidden/Simulation/URP/Synthetic' - All subshaders removed
WARNING: Shader Did you use #pragma only_renderers and omit this platform?
WARNING: Shader If subshaders removal was intentional, you may have forgotten turning Fallback off?
WARNING: Shader Unsupported: 'Simulation/URP/Room X-Ray' - All subshaders removed
WARNING: Shader Did you use #pragma only_renderers and omit this platform?
WARNING: Shader If subshaders removal was intentional, you may have forgotten turning Fallback off?
WARNING: Shader Unsupported: 'Simulation/Standard Lit' - All subshaders removed
WARNING: Shader Did you use #pragma only_renderers and omit this platform?
WARNING: Shader If subshaders removal was intentional, you may have forgotten turning Fallback off?
WARNING: Shader Unsupported: 'Simulation/URP/Lit' - All subshaders removed
WARNING: Shader Did you use #pragma only_renderers and omit this platform?
WARNING: Shader If subshaders removal was intentional, you may have forgotten turning Fallback off?
WARNING: Shader Unsupported: 'Hidden/Simulation/Synthetic Lit' - All subshaders removed
WARNING: Shader Did you use #pragma only_renderers and omit this platform?
WARNING: Shader If subshaders removal was intentional, you may have forgotten turning Fallback off?
WARNING: Shader Unsupported: 'Simulation/Room X-Ray' - All subshaders removed
WARNING: Shader Did you use #pragma only_renderers and omit this platform?
WARNING: Shader If subshaders removal was intentional, you may have forgotten turning Fallback off?
Unloading 6 Unused Serialized files (Serialized files now loaded: 0)
Unloading 6 unused Assets / (344.4 KB). Loaded Objects now: 6095.
Memory consumption went from 140.7 MB to 140.4 MB.
Total: 8.345084 ms (FindLiveObjects: 0.258834 ms CreateObjectMapping: 0.506875 ms MarkObjects: 7.361083 ms  DeleteObjects: 0.218083 ms)

Prepare: number of updated asset objects reloaded= 0
========================================================================
Received Import Request.
  Time of request: 2026-09-01T06:29:12.064277Z
  Time since last request: 231.79241999999999 seconds.
  importAddress: GUID: c85bf3e7afcc14a9e8a6925fd11aff0e - Path: Assets/BallPrefab.unity - Importer: ScriptedImporter/UnityEditor.QuickSearchModule:UnityEditor.Search:ASIAI0B
Importing 'GUID: c85bf3e7afcc14a9e8a6925fd11aff0e - Path: Assets/BallPrefab.unity - Importer: ScriptedImporter/UnityEditor.QuickSearchModule:UnityEditor.Search:ASIAI0B' with importer (ScriptedImporter : UnityEditor.QuickSearchModule:UnityEditor.Search:ASIAI0B)
Imported 'GUID: c85bf3e7afcc14a9e8a6925fd11aff0e' -> (Import Result ID: '7742432bd4eb5c16458071b678b4f2c5') in 0.009 seconds [static and dynamic dependencies]. Details - ImportResultOutputID=0eeb4c730f1422bb770e46e65fc29c12 DependenciesID=1a02ad1b9b76ab3955b3bda9d399b991 StaticDependenciesID=9f7d3ef5398f7b673c486cf90eb4439f 
Number of updated asset objects reloaded before import = 0
Number of asset objects unloaded after import = 1
========================================================================
Received Import Request.
  Time of request: 2026-09-01T06:29:52.787157Z
  Time since last request: 40.710452625 seconds.
  importAddress: GUID: c85bf3e7afcc14a9e8a6925fd11aff0e - Path: Assets/BallPrefab.unity - Importer: ScriptedImporter/UnityEditor.QuickSearchModule:UnityEditor.Search:ASIAI0B
Importing 'GUID: c85bf3e7afcc14a9e8a6925fd11aff0e - Path: Assets/BallPrefab.unity - Importer: ScriptedImporter/UnityEditor.QuickSearchModule:UnityEditor.Search:ASIAI0B' with importer (ScriptedImporter : UnityEditor.QuickSearchModule:UnityEditor.Search:ASIAI0B)
Imported 'GUID: c85bf3e7afcc14a9e8a6925fd11aff0e' -> (Import Result ID: '0d5b0af703a4ac41d8e5ccddab6129e8') in 0.003 seconds [static and dynamic dependencies]. Details - ImportResultOutputID=296097c78447b5fd0c6df9e38b11e9d1 DependenciesID=d755c99b649c255cde4e68a9d67e5dbc StaticDependenciesID=0509789085f4101ad9a319ebdeff7f1e 
Number of updated asset objects reloaded before import = 0
Number of asset objects unloaded after import = 1
========================================================================
Received Prepare
AcceleratorClientConnectionCallback - disconnected - :0
WARNING: Shader Unsupported: 'Hidden/Simulation/URP/Synthetic' - All subshaders removed
WARNING: Shader Did you use #pragma only_renderers and omit this platform?
WARNING: Shader If subshaders removal was intentional, you may have forgotten turning Fallback off?
WARNING: Shader Unsupported: 'Simulation/URP/Room X-Ray' - All subshaders removed
WARNING: Shader Did you use #pragma only_renderers and omit this platform?
WARNING: Shader If subshaders removal was intentional, you may have forgotten turning Fallback off?
WARNING: Shader Unsupported: 'Simulation/Standard Lit' - All subshaders removed
WARNING: Shader Did you use #pragma only_renderers and omit this platform?
WARNING: Shader If subshaders removal was intentional, you may have forgotten turning Fallback off?
WARNING: Shader Unsupported: 'Simulation/URP/Lit' - All subshaders removed
WARNING: Shader Did you use #pragma only_renderers and omit this platform?
WARNING: Shader If subshaders removal was intentional, you may have forgotten turning Fallback off?
WARNING: Shader Unsupported: 'Hidden/Simulation/Synthetic Lit' - All subshaders removed
WARNING: Shader Did you use #pragma only_renderers and omit this platform?
WARNING: Shader If subshaders removal was intentional, you may have forgotten turning Fallback off?
WARNING: Shader Unsupported: 'Simulation/Room X-Ray' - All subshaders removed
WARNING: Shader Did you use #pragma only_renderers and omit this platform?
WARNING: Shader If subshaders removal was intentional, you may have forgotten turning Fallback off?
Unloading 6 Unused Serialized files (Serialized files now loaded: 0)
Unloading 6 unused Assets / (344.5 KB). Loaded Objects now: 6095.
Memory consumption went from 140.0 MB to 139.7 MB.
Total: 16.670667 ms (FindLiveObjects: 0.398375 ms CreateObjectMapping: 0.603000 ms MarkObjects: 15.049542 ms  DeleteObjects: 0.619417 ms)

Prepare: number of updated asset objects reloaded= 0
========================================================================
Received Prepare
AcceleratorClientConnectionCallback - disconnected - :0
WARNING: Shader Unsupported: 'Hidden/Simulation/URP/Synthetic' - All subshaders removed
WARNING: Shader Did you use #pragma only_renderers and omit this platform?
WARNING: Shader If subshaders removal was intentional, you may have forgotten turning Fallback off?
WARNING: Shader Unsupported: 'Simulation/URP/Room X-Ray' - All subshaders removed
WARNING: Shader Did you use #pragma only_renderers and omit this platform?
WARNING: Shader If subshaders removal was intentional, you may have forgotten turning Fallback off?
WARNING: Shader Unsupported: 'Simulation/Standard Lit' - All subshaders removed
WARNING: Shader Did you use #pragma only_renderers and omit this platform?
WARNING: Shader If subshaders removal was intentional, you may have forgotten turning Fallback off?
WARNING: Shader Unsupported: 'Simulation/URP/Lit' - All subshaders removed
WARNING: Shader Did you use #pragma only_renderers and omit this platform?
WARNING: Shader If subshaders removal was intentional, you may have forgotten turning Fallback off?
WARNING: Shader Unsupported: 'Hidden/Simulation/Synthetic Lit' - All subshaders removed
WARNING: Shader Did you use #pragma only_renderers and omit this platform?
WARNING: Shader If subshaders removal was intentional, you may have forgotten turning Fallback off?
WARNING: Shader Unsupported: 'Simulation/Room X-Ray' - All subshaders removed
WARNING: Shader Did you use #pragma only_renderers and omit this platform?
WARNING: Shader If subshaders removal was intentional, you may have forgotten turning Fallback off?
Unloading 6 Unused Serialized files (Serialized files now loaded: 0)
Unloading 6 unused Assets / (344.6 KB). Loaded Objects now: 6095.
Memory consumption went from 139.3 MB to 138.9 MB.
Total: 8.943167 ms (FindLiveObjects: 0.250750 ms CreateObjectMapping: 0.497500 ms MarkObjects: 8.018959 ms  DeleteObjects: 0.175708 ms)

Prepare: number of updated asset objects reloaded= 0
[usbmuxd] Detached: 1 00008150-001110A60E62401C
