Unity Editor version:    6000.5.9f1 (b57deb96f08d)
Branch:                  6000.5/staging
Build type:              Release
Batch mode:              NO
macOS version:           Version 26.6.2 (Build 25G83)
Darwin version:          25.6.0
Architecture:            arm64
Running under Rosetta:   NO
Available memory:        16384 MB
Date:                    2026-09-01T06:02:08Z
[Licensing::Module] Trying to connect to existing licensing client channel...
[Licensing::IpcConnector] Successfully connected to: "LicenseClient-raghavarun" at "2026-09-01T06:02:08.673735Z"
[Licensing::Client] Error: HandshakeResponse reported an error:
	ResponseCode: 505
	ResponseStatus: Unsupported protocol version '1.18.3'.
[Licensing::Module] Error: Failed to handshake to channel: "LicenseClient-raghavarun"
[Licensing::IpcConnector] LicenseClient-raghavarun channel disconnected successfully.
[Licensing::IpcConnector] Channel LicenseClient-raghavarun-6000.5.9 doesn't exist
[Licensing::Module] Successfully launched the LicensingClient (PId: 6184)

COMMAND LINE ARGUMENTS:
/Applications/Unity/Hub/Editor/6000.5.9f1/Unity.app/Contents/MacOS/Unity
-projectpath
/Users/raghavarun/FirstCardboardExperience
-acceptSoftwareTermsForThisRunOnly
-useHub
-hubIPC
-cloudEnvironment
production
-licensingIpc
LicenseClient-raghavarun
-hubSessionId
50d48c70-ab26-4206-b0d0-288a250a1acd
-accessToken
gWIZEnwC1IMquOGMS1rccIajtig-kea_25ck1PF5H8I002f
Successfully changed project path to: /Users/raghavarun/FirstCardboardExperience
/Users/raghavarun/FirstCardboardExperience
[UnityMemory] Configuration Parameters - Can be set up in boot.config
    "memorysetup-temp-allocator-size-gi-baking-worker=262144"
    "memorysetup-temp-allocator-size-gi-baking-worker=262144"
    "memorysetup-temp-allocator-size-gi-baking-worker=262144"
    "memorysetup-temp-allocator-size-gi-baking-worker=262144"
    "memorysetup-temp-allocator-size-gi-baking-worker=262144"
    "memorysetup-temp-allocator-size-nav-mesh-worker=65536"
    "memorysetup-temp-allocator-size-audio-worker=65536"
    "memorysetup-temp-allocator-size-cloud-worker=32768"
    "memorysetup-allocator-temp-initial-block-size-main=262144"
    "memorysetup-allocator-temp-initial-block-size-worker=262144"
    "memorysetup-temp-allocator-size-preload-manager=33554432"
    "memorysetup-remapper-allocator-initial-capacity=32768"
    "memorysetup-temp-allocator-size-gfx=262144"
    "memorysetup-temp-allocator-size-background-worker=32768"
    "memorysetup-temp-allocator-size-job-worker=262144"
    "memorysetup-bucket-allocator-granularity=16"
    "memorysetup-bucket-allocator-bucket-count=8"
    "memorysetup-bucket-allocator-block-size=33554432"
    "memorysetup-bucket-allocator-block-count=8"
    "memorysetup-main-allocator-block-size=16777216"
    "memorysetup-thread-allocator-block-size=16777216"
    "memorysetup-main-allocator-mimalloc-enabled=0"
    "memorysetup-gfx-main-allocator-block-size=16777216"
    "memorysetup-gfx-thread-allocator-block-size=16777216"
    "memorysetup-cache-allocator-block-size=4194304"
    "memorysetup-typetree-allocator-block-size=2097152"
    "memorysetup-profiler-bucket-allocator-granularity=16"
    "memorysetup-profiler-bucket-allocator-bucket-count=8"
    "memorysetup-profiler-bucket-allocator-block-size=33554432"
    "memorysetup-profiler-bucket-allocator-block-count=8"
    "memorysetup-profiler-allocator-block-size=16777216"
    "memorysetup-profiler-editor-allocator-block-size=1048576"
    "memorysetup-temp-allocator-size-main=16777216"
    "memorysetup-job-temp-allocator-block-size=2097152"
    "memorysetup-job-temp-allocator-block-size-background=1048576"
    "memorysetup-job-temp-allocator-reduction-small-platforms=262144"
Player connection [8383504768]  Target information:

Player connection [8383504768]  * "[IP] 192.168.1.245 [Port] 55504 [Flags] 2 [Guid] 4015226876 [EditorId] 4015226876 [Version] 1048832 [Id] OSXEditor(0,Raghavs-MacBook-Air-6.local) [Debug] 1 [PackageName] OSXEditor [ProjectName] Editor" 

Player connection [8383504768]  * "[IP] 169.254.95.242 [Port] 55504 [Flags] 2 [Guid] 4015226876 [EditorId] 4015226876 [Version] 1048832 [Id] OSXEditor(0,Raghavs-MacBook-Air-6.local) [Debug] 1 [PackageName] OSXEditor [ProjectName] Editor" 

Player connection [8383504768] Host joined multi-casting on [225.0.0.222:54997]...
Player connection [8383504768] Host joined alternative multi-casting on [225.0.0.222:34997]...
Input System module state changed to: Initialized.
[Physics::Module] Initialized fallback backend.
[Physics::Module] Id: 0xdecafbad
[Package Manager] Connected to IPC stream "Upm-6183" after 0.2 seconds.
[Licensing::Module] Licensing is not yet initialized.
[Licensing::IpcConnector] Successfully connected to: "LicenseClient-raghavarun-6000.5.9" at "2026-09-01T06:02:09.882425Z"
[Licensing::Client] Handshaking with LicensingClient:
  Version:                 1.18.3+d7ffd15
  Session Id:              bbc96cd9cdcf435b8b3c68d30ebd3831
  Correlation Id:          c437f337561b0a95036a72c0dd70b710
  External correlation Id: 4517926742746602283
  Machine Id:              fkxImH8ZEJHnkoR+254FxgJakgw=
[Licensing::Module] Successfully connected to LicensingClient on channel: "LicenseClient-raghavarun-6000.5.9" (connect: 0.87s, validation: 0.04s, handshake: 0.29s)
[Licensing::IpcConnector] Successfully connected to: "LicenseClient-raghavarun-6000.5.9-notifications" at "2026-09-01T06:02:10.217882Z"
[Licensing::Module] Connected to LicensingClient (PId: 6184, launch time: 0.00, total connection time: 1.20s)
[Licensing::Client] Successfully updated the access token
[Licensing::Module] Successfully updated the access token gWIZEnwC1I...
[Licensing::Client] Successfully resolved entitlement details
[Licensing::Module] License group:
  Id: 2476031991391-UnityPersXXXX
  Product: Unity Personal
  Type: Assigned
  Expiration: Unlimited
[Licensing::Client] Successfully updated license, isAsync: True, time: 0.00
[Licensing::Client] Successfully resolved entitlement details
[Licensing::Module] Licensing Background thread has ended after 1.56s
[Licensing::Module] Licensing is initialized (took 0.40s).
[Licensing::Client] Successfully resolved entitlement details
Library Redirect Path: Library/
[Physics::Module] Selected backend.
[Physics::Module] Name: PhysX
[Physics::Module] Id: 0xf2b8ea05
[Physics::Module] SDK Version: 4.1.2
[Physics::Module] Integration Version: 1.0.0
[Physics::Module] Threading Mode: Multi-Threaded
Artifact Garbage Collection - Removed 655 unused hashed content files
[Licensing::Client] Successfully resolved entitlement details
Initialize engine version: 6000.5.9f1 (b57deb96f08d)
[Subsystems] Discovering subsystems at path /Applications/Unity/Hub/Editor/6000.5.9f1/Unity.app/Contents/Resources/UnitySubsystems
[Subsystems] Discovering subsystems at path /Users/raghavarun/FirstCardboardExperience/Assets
GfxDevice: creating device client; kGfxThreadingModeThreaded
 preferred device: Apple M2 (high power)
Metal devices available: 1
0: Apple M2 (high power)
Using device Apple M2 (high power)
Initializing Metal device caps: Apple M2
Mac GPU Family: 2
Apple GPU Family: 8
MSL Version: 3.0
Has Float MSAA: 1
Has Float Filtering: 1
ReadWrite Texture Tier: 2
Initialize mono
Mono path[0] = '/Applications/Unity/Hub/Editor/6000.5.9f1/Unity.app/Contents/Resources/Scripting/Managed'
Mono path[1] = '/Applications/Unity/Hub/Editor/6000.5.9f1/Unity.app/Contents/Resources/Scripting/BCLExtensions/runtime/netstandard2.1'
Mono path[2] = '/Applications/Unity/Hub/Editor/6000.5.9f1/Unity.app/Contents/Resources/Scripting/MonoBleedingEdge/lib/mono/unityjit-macos'
Mono config path = '/Applications/Unity/Hub/Editor/6000.5.9f1/Unity.app/Contents/Resources/Scripting/MonoBleedingEdge/etc'
Using monoOptions --debugger-agent=transport=dt_socket,embedding=1,server=y,suspend=n,address=127.0.0.1:56183
CodeReloadManager initialized
ImportWorker Server TCP listen port: 0
AcceleratorClientConnectionCallback - disconnected - :0
Begin MonoManager ReloadAssembly
Registering precompiled unity dll's ...
Register platform support module: /Applications/Unity/Hub/Editor/6000.5.9f1/PlaybackEngines/WebGLSupport/UnityEditor.WebGL.Extensions.dll
Register platform support module: /Applications/Unity/Hub/Editor/6000.5.9f1/PlaybackEngines/MacStandaloneSupport/UnityEditor.OSXStandalone.Extensions.dll
[Licensing::Client] Successfully resolved entitlement details
Register platform support module: /Applications/Unity/Hub/Editor/6000.5.9f1/PlaybackEngines/AndroidPlayer/UnityEditor.Android.Extensions.dll
Register platform support module: /Applications/Unity/Hub/Editor/6000.5.9f1/PlaybackEngines/iOSSupport/UnityEditor.iOS.Extensions.dll
Registered in 0.004219 seconds.
[usbmuxd] Start listen thread
[usbmuxd] Listen thread started
[usbmuxd] Send listen message
Native extension for iOS target not found
[usbmuxd] Attached: 1 00008150-001110A60E62401C
2026-09-01 02:02:11.881 Unity[6183:55116] [XcodeApplications] Expected com.apple.dt.Xcode CFBundleIdentifier but found com.microsoft.VSCode in /Applications/Visual Studio Code.app/Contents/Info.plist
Native extension for Android target not found
Native extension for OSXStandalone target not found
Native extension for WebGL target not found
Package Manager log level set to [2]
ScheduleIndexationOnStartup MainProcess:False IndexOnStartup:True
Mono: successfully reloaded assembly
- Finished resetting the current domain, in  1.178 seconds
Domain Reload Profiling: 1612ms
	BeginReloadAssembly (117ms)
		CreateAndSetChildDomain (9ms)
	RebuildCommonClasses (3ms)
	RebuildNativeTypeToScriptingClass (19ms)
	initialDomainReloadingComplete (51ms)
	LoadAllAssembliesAndSetupDomain (243ms)
		LoadAssemblies (109ms)
		AnalyzeDomain (185ms)
			TypeCache.Refresh (184ms)
				TypeCache.ScanAssembly (168ms)
	FinalizeReload (1179ms)
		SetupLoadedEditorAssemblies (0ms)
			InitializePlatformSupportModulesInManaged (132ms)
			BeforeProcessingInitializeOnLoad (51ms)
			ProcessInitializeOnLoadAttributes (69ms)
			ProcessInitializeOnLoadMethodAttributes (869ms)
[Licensing::Client] Successfully resolved entitlement details
[Licensing::Client] Successfully resolved entitlement details
2026-09-01 02:02:12.969 Unity[6183:55116] [XcodeApplications] Expected com.apple.dt.Xcode CFBundleIdentifier but found com.microsoft.VSCode in /Applications/Visual Studio Code.app/Contents/Info.plist
2026-09-01 02:02:12.974 Unity[6183:55116] [XcodeApplications] Expected com.apple.dt.Xcode CFBundleIdentifier but found com.microsoft.VSCode in /Applications/Visual Studio Code.app/Contents/Info.plist
Application.AssetDatabase Initial Refresh Start
[Package Manager] Restoring resolved packages state from cache
[Licensing::Client] Successfully resolved entitlement details
[Package Manager] Registered 58 packages:
  Packages from [https://packages.unity.com]:
    com.unity.collab-proxy@2.13.6 (location: /Users/raghavarun/FirstCardboardExperience/Library/PackageCache/com.unity.collab-proxy@4628d2ba6ea4)
    com.unity.inputsystem@1.20.0 (location: /Users/raghavarun/FirstCardboardExperience/Library/PackageCache/com.unity.inputsystem@7a4e1a2a8194)
    com.unity.timeline@1.8.12 (location: /Users/raghavarun/FirstCardboardExperience/Library/PackageCache/com.unity.timeline@8cd8509afae5)
    com.unity.visualscripting@1.9.12 (location: /Users/raghavarun/FirstCardboardExperience/Library/PackageCache/com.unity.visualscripting@4edfcc09512f)
    com.unity.xr.arkit@6.5.0 (location: /Users/raghavarun/FirstCardboardExperience/Library/PackageCache/com.unity.xr.arkit@f7ae96e6506f)
    com.unity.xr.management@4.7.0 (location: /Users/raghavarun/FirstCardboardExperience/Library/PackageCache/com.unity.xr.management@2ad85c7dd480)
    com.unity.xr.core-utils@2.6.0 (location: /Users/raghavarun/FirstCardboardExperience/Library/PackageCache/com.unity.xr.core-utils@a8b900321199)
    com.unity.xr.legacyinputhelpers@3.0.1 (location: /Users/raghavarun/FirstCardboardExperience/Library/PackageCache/com.unity.xr.legacyinputhelpers@3f62d634f63b)
    com.unity.xr.arfoundation@6.5.0 (location: /Users/raghavarun/FirstCardboardExperience/Library/PackageCache/com.unity.xr.arfoundation@13d2457b468b)
    com.unity.editorcoroutines@1.1.0 (location: /Users/raghavarun/FirstCardboardExperience/Library/PackageCache/com.unity.editorcoroutines@87a15ed012c2)
    com.unity.ide.visualstudio@2.0.26 (location: /Users/raghavarun/FirstCardboardExperience/Library/PackageCache/com.unity.ide.visualstudio@a99d56dec63f)
    com.unity.ide.rider@3.0.38 (location: /Users/raghavarun/FirstCardboardExperience/Library/PackageCache/com.unity.ide.rider@1f60b3138684)
    com.unity.performance.profile-analyzer@1.4.0 (location: /Users/raghavarun/FirstCardboardExperience/Library/PackageCache/com.unity.performance.profile-analyzer@2bb26871883c)
    com.unity.testtools.codecoverage@1.3.0 (location: /Users/raghavarun/FirstCardboardExperience/Library/PackageCache/com.unity.testtools.codecoverage@19a841221620)
    com.unity.settings-manager@2.1.1 (location: /Users/raghavarun/FirstCardboardExperience/Library/PackageCache/com.unity.settings-manager@0b8638c5ce86)
  Built-in packages:
    com.unity.feature.development@1.0.2 (location: /Users/raghavarun/FirstCardboardExperience/Library/PackageCache/com.unity.feature.development@767aadbc6eb7)
    com.unity.multiplayer.center@1.0.1 (location: /Users/raghavarun/FirstCardboardExperience/Library/PackageCache/com.unity.multiplayer.center@b860850997d0)
    com.unity.ugui@2.5.0 (location: /Users/raghavarun/FirstCardboardExperience/Library/PackageCache/com.unity.ugui@1c4864518158)
    com.unity.modules.accessibility@1.0.0 (location: /Users/raghavarun/FirstCardboardExperience/Library/PackageCache/com.unity.modules.accessibility)
    com.unity.modules.adaptiveperformance@1.0.0 (location: /Users/raghavarun/FirstCardboardExperience/Library/PackageCache/com.unity.modules.adaptiveperformance)
    com.unity.modules.ai@1.0.0 (location: /Users/raghavarun/FirstCardboardExperience/Library/PackageCache/com.unity.modules.ai)
    com.unity.modules.androidjni@1.0.0 (location: /Users/raghavarun/FirstCardboardExperience/Library/PackageCache/com.unity.modules.androidjni)
    com.unity.modules.animation@1.0.0 (location: /Users/raghavarun/FirstCardboardExperience/Library/PackageCache/com.unity.modules.animation)
    com.unity.modules.assetbundle@1.0.0 (location: /Users/raghavarun/FirstCardboardExperience/Library/PackageCache/com.unity.modules.assetbundle)
    com.unity.modules.audio@1.0.0 (location: /Users/raghavarun/FirstCardboardExperience/Library/PackageCache/com.unity.modules.audio)
    com.unity.modules.cloth@1.0.0 (location: /Users/raghavarun/FirstCardboardExperience/Library/PackageCache/com.unity.modules.cloth)
    com.unity.modules.director@1.0.0 (location: /Users/raghavarun/FirstCardboardExperience/Library/PackageCache/com.unity.modules.director)
    com.unity.modules.imageconversion@1.0.0 (location: /Users/raghavarun/FirstCardboardExperience/Library/PackageCache/com.unity.modules.imageconversion)
    com.unity.modules.imgui@1.0.0 (location: /Users/raghavarun/FirstCardboardExperience/Library/PackageCache/com.unity.modules.imgui)
    com.unity.modules.jsonserialize@1.0.0 (location: /Users/raghavarun/FirstCardboardExperience/Library/PackageCache/com.unity.modules.jsonserialize)
    com.unity.modules.particlesystem@1.0.0 (location: /Users/raghavarun/FirstCardboardExperience/Library/PackageCache/com.unity.modules.particlesystem)
    com.unity.modules.physics@1.0.0 (location: /Users/raghavarun/FirstCardboardExperience/Library/PackageCache/com.unity.modules.physics)
    com.unity.modules.physics2d@1.0.0 (location: /Users/raghavarun/FirstCardboardExperience/Library/PackageCache/com.unity.modules.physics2d)
    com.unity.modules.physicscore2d@1.0.0 (location: /Users/raghavarun/FirstCardboardExperience/Library/PackageCache/com.unity.modules.physicscore2d)
    com.unity.modules.screencapture@1.0.0 (location: /Users/raghavarun/FirstCardboardExperience/Library/PackageCache/com.unity.modules.screencapture)
    com.unity.modules.terrain@1.0.0 (location: /Users/raghavarun/FirstCardboardExperience/Library/PackageCache/com.unity.modules.terrain)
    com.unity.modules.terrainphysics@1.0.0 (location: /Users/raghavarun/FirstCardboardExperience/Library/PackageCache/com.unity.modules.terrainphysics)
    com.unity.modules.tilemap@1.0.0 (location: /Users/raghavarun/FirstCardboardExperience/Library/PackageCache/com.unity.modules.tilemap)
    com.unity.modules.ui@1.0.0 (location: /Users/raghavarun/FirstCardboardExperience/Library/PackageCache/com.unity.modules.ui)
    com.unity.modules.uielements@1.0.0 (location: /Users/raghavarun/FirstCardboardExperience/Library/PackageCache/com.unity.modules.uielements)
    com.unity.modules.umbra@1.0.0 (location: /Users/raghavarun/FirstCardboardExperience/Library/PackageCache/com.unity.modules.umbra)
    com.unity.modules.unityanalytics@1.0.0 (location: /Users/raghavarun/FirstCardboardExperience/Library/PackageCache/com.unity.modules.unityanalytics)
    com.unity.modules.unitywebrequest@1.0.0 (location: /Users/raghavarun/FirstCardboardExperience/Library/PackageCache/com.unity.modules.unitywebrequest)
    com.unity.modules.unitywebrequestassetbundle@1.0.0 (location: /Users/raghavarun/FirstCardboardExperience/Library/PackageCache/com.unity.modules.unitywebrequestassetbundle)
    com.unity.modules.unitywebrequestaudio@1.0.0 (location: /Users/raghavarun/FirstCardboardExperience/Library/PackageCache/com.unity.modules.unitywebrequestaudio)
    com.unity.modules.unitywebrequesttexture@1.0.0 (location: /Users/raghavarun/FirstCardboardExperience/Library/PackageCache/com.unity.modules.unitywebrequesttexture)
    com.unity.modules.unitywebrequestwww@1.0.0 (location: /Users/raghavarun/FirstCardboardExperience/Library/PackageCache/com.unity.modules.unitywebrequestwww)
    com.unity.modules.vectorgraphics@1.0.0 (location: /Users/raghavarun/FirstCardboardExperience/Library/PackageCache/com.unity.modules.vectorgraphics)
    com.unity.modules.vehicles@1.0.0 (location: /Users/raghavarun/FirstCardboardExperience/Library/PackageCache/com.unity.modules.vehicles)
    com.unity.modules.video@1.0.0 (location: /Users/raghavarun/FirstCardboardExperience/Library/PackageCache/com.unity.modules.video)
    com.unity.modules.wind@1.0.0 (location: /Users/raghavarun/FirstCardboardExperience/Library/PackageCache/com.unity.modules.wind)
    com.unity.modules.xr@1.0.0 (location: /Users/raghavarun/FirstCardboardExperience/Library/PackageCache/com.unity.modules.xr)
    com.unity.modules.subsystems@1.0.0 (location: /Users/raghavarun/FirstCardboardExperience/Library/PackageCache/com.unity.modules.subsystems)
    com.unity.modules.hierarchycore@1.0.0 (location: /Users/raghavarun/FirstCardboardExperience/Library/PackageCache/com.unity.modules.hierarchycore)
    com.unity.test-framework@1.7.0 (location: /Users/raghavarun/FirstCardboardExperience/Library/PackageCache/com.unity.test-framework@1405238725ab)
    com.unity.mathematics@1.4.0 (location: /Users/raghavarun/FirstCardboardExperience/Library/PackageCache/com.unity.mathematics@981956d94fb6)
    com.unity.ext.nunit@2.1.0 (location: /Users/raghavarun/FirstCardboardExperience/Library/PackageCache/com.unity.ext.nunit@44f7d31723bd)
  Git packages:
    com.google.xr.cardboard@https://github.com/googlevr/cardboard-xr-plugin.git (location: /Users/raghavarun/FirstCardboardExperience/Library/PackageCache/com.google.xr.cardboard@36ac9815b8f1)
[Subsystems] Looking for new subsystems at path /Users/raghavarun/FirstCardboardExperience/Library/PackageCache/com.google.xr.cardboard@36ac9815b8f1
[Subsystems] Novel subsystem found at Library/PackageCache/com.google.xr.cardboard@36ac9815b8f1/Runtime/UnitySubsystemsManifest.json
[Subsystems] Discovering subsystems at path /Applications/Unity/Hub/Editor/6000.5.9f1/Unity.app/Contents/Resources/UnitySubsystems
[Subsystems] Discovering subsystems at path /Users/raghavarun/FirstCardboardExperience/Assets
[Subsystems] Discovering subsystems at path /Users/raghavarun/FirstCardboardExperience/Library/PackageCache/com.google.xr.cardboard@36ac9815b8f1
[Subsystems] No descriptors matched for  examples in Library/PackageCache/com.google.xr.cardboard@36ac9815b8f1/Runtime/UnitySubsystemsManifest.json.
[Subsystems] 1 'inputs' descriptors matched in Library/PackageCache/com.google.xr.cardboard@36ac9815b8f1/Runtime/UnitySubsystemsManifest.json
[Subsystems] 1 'displays' descriptors matched in Library/PackageCache/com.google.xr.cardboard@36ac9815b8f1/Runtime/UnitySubsystemsManifest.json
[Subsystems] No descriptors matched for  meshings in Library/PackageCache/com.google.xr.cardboard@36ac9815b8f1/Runtime/UnitySubsystemsManifest.json.
[Subsystems] Discovering subsystems at path /Users/raghavarun/FirstCardboardExperience/Library/PackageCache/com.unity.xr.arfoundation@13d2457b468b
[Subsystems] No descriptors matched for  examples in Library/PackageCache/com.unity.xr.arfoundation@13d2457b468b/Runtime/UnitySubsystemsManifest.json.
[Subsystems] 1 'inputs' descriptors matched in Library/PackageCache/com.unity.xr.arfoundation@13d2457b468b/Runtime/UnitySubsystemsManifest.json
[Subsystems] No descriptors matched for  displays in Library/PackageCache/com.unity.xr.arfoundation@13d2457b468b/Runtime/UnitySubsystemsManifest.json.
[Subsystems] 1 'meshings' descriptors matched in Library/PackageCache/com.unity.xr.arfoundation@13d2457b468b/Runtime/UnitySubsystemsManifest.json
[Package Manager] Done registering packages in 0.01 seconds
info: Microsoft.Hosting.Lifetime[14]
      Now listening on: http://unix:/tmp/ilpp.sock-2d75b5f23b05f27aef9d08b6ea9a4025
info: Microsoft.Hosting.Lifetime[0]
      Application started. Press Ctrl+C to shut down.
info: Microsoft.Hosting.Lifetime[0]
      Hosting environment: Production
info: Microsoft.Hosting.Lifetime[0]
      Content root path: /Users/raghavarun/FirstCardboardExperience
info: Microsoft.AspNetCore.Hosting.Diagnostics[1]
      Request starting HTTP/2 POST http://ilpp/UnityILPP.PostProcessing/Ping - application/grpc -
info: Microsoft.AspNetCore.Routing.EndpointMiddleware[0]
      Executing endpoint 'gRPC - /UnityILPP.PostProcessing/Ping'
info: Microsoft.AspNetCore.Routing.EndpointMiddleware[1]
      Executed endpoint 'gRPC - /UnityILPP.PostProcessing/Ping'
info: Microsoft.AspNetCore.Hosting.Diagnostics[2]
      Request finished HTTP/2 POST http://ilpp/UnityILPP.PostProcessing/Ping - 200 - application/grpc 30.9698ms
Starting: /Applications/Unity/Hub/Editor/6000.5.9f1/Unity.app/Contents/Resources/BuildPipeline/bee_backend --ipc --defer-dag-verification --dagfile="Library/Bee/900b0aE.dag" --continue-on-failure --profile="Library/Bee/backend1.traceevents" ScriptAssemblies
WorkingDir: /Users/raghavarun/FirstCardboardExperience
ExitCode: 0 Duration: 0s134ms
*** Tundra build success (0.11 seconds), 0 items updated, 734 evaluated
AssetDatabase: script compilation time: 0.734515s
Total cache size 89434256
Begin MonoManager ReloadAssembly
Total cache size after purge 89434256, took 00:00:00.0941732
2026-09-01 02:02:14.146 Unity[6183:55116] [XcodeApplications] Expected com.apple.dt.Xcode CFBundleIdentifier but found com.microsoft.VSCode in /Applications/Visual Studio Code.app/Contents/Info.plist
Refreshing native plugins compatible for Editor in 5.36 ms, found 3 plugins.
Native extension for iOS target not found
2026-09-01 02:02:14.890 Unity[6183:55116] [XcodeApplications] Expected com.apple.dt.Xcode CFBundleIdentifier but found com.microsoft.VSCode in /Applications/Visual Studio Code.app/Contents/Info.plist
Native extension for Android target not found
Native extension for OSXStandalone target not found
Native extension for WebGL target not found
ScheduleIndexationOnStartup MainProcess:True IndexOnStartup:True
2026-09-01 02:02:15.216 Unity[6183:55116] [XcodeApplications] Expected com.apple.dt.Xcode CFBundleIdentifier but found com.microsoft.VSCode in /Applications/Visual Studio Code.app/Contents/Info.plist
Mono: successfully reloaded assembly
- Finished resetting the current domain, in  0.474 seconds
Domain Reload Profiling: 984ms
	BeginReloadAssembly (116ms)
		DisableScriptedObjects (14ms)
		CreateAndSetChildDomain (28ms)
	RebuildCommonClasses (6ms)
	RebuildNativeTypeToScriptingClass (12ms)
	initialDomainReloadingComplete (25ms)
	LoadAllAssembliesAndSetupDomain (351ms)
		LoadAssemblies (169ms)
		AnalyzeDomain (152ms)
			TypeCache.Refresh (118ms)
				TypeCache.ScanAssembly (105ms)
			BuildScriptInfoCaches (31ms)
	FinalizeReload (474ms)
		SetupLoadedEditorAssemblies (0ms)
			InitializePlatformSupportModulesInManaged (12ms)
			BeforeProcessingInitializeOnLoad (54ms)
			ProcessInitializeOnLoadAttributes (201ms)
			ProcessInitializeOnLoadMethodAttributes (58ms)
		AwakeInstancesAfterBackupRestoration (15ms)
Starting new worker id: 0 with log in /Users/raghavarun/FirstCardboardExperience/Logs/AssetImportWorkerHW0.log

Asset Pipeline Refresh (id=29117e42cadf6417c9bafdb4a39bbecd): Total: 2.472 seconds - Initiated by InitialRefreshV2(ForceSynchronousImport)
	(Values over 0.05ms)
	Summary:
		Imports: total=0 (actual=0, local cache=0, cache server=0)
		Asset DB Process Time: managed=0 ms, native=1136 ms
		Asset DB Callback time: managed=27 ms, native=11 ms
		Scripting: domain reloads=1, domain reload time=533 ms, compile time=736 ms, other=27 ms
		Project Asset Count: scripts=1144, non-scripts=1260
		Asset File Changes: new=0, changed=0, moved=0, deleted=0
		Scan Filter Count: 1
	InvokePackagesCallback: 12.314ms
	ApplyChangesToAssetFolders: 0.212ms
	Scan: 434.160ms
	Collect global state as custom dependencies: 4.838ms
	CategorizeScriptCompilationAssets: 43.392ms
	ProcessAssetsWithTransientArtifactChanges: 43.106ms
	CategorizeAssets: 18.767ms
	CompileScripts: 735.790ms
	ImportOutOfDateAssets: 502.467ms (489.981ms without children)
		UnloadImportedAssets: 0.230ms
		EnsureUptoDateAssetsAreRegisteredWithGuidPM: 0.336ms
		ImportSchedulerStart: 11.911ms
	PostProcessAllAssets: 27.289ms
		MonoPostProcessAllAssets: 27.247ms
			WindowAssetPostprocessingWatcher.OnPostprocessAllAssets 10.695ms
			SyncVS.PostprocessSyncProject 8.298ms
			EditModeScopePostprocessor.OnPostprocessAllAssets 1.107ms
			SpeedTree9Postprocessor.OnPostprocessAllAssets 0.456ms
			ReferencedClipsPostProcessor.OnPostprocessAllAssets 0.159ms
			InputActionAssetPostprocessor.OnPostprocessAllAssets 0.149ms
			TerrainToolbarOverlayPostProcessor.OnPostprocessAllAssets 0.121ms
			AssetDatabaseCallbacks.OnPostprocessAllAssets 0.093ms
			ProjectSettingsPostprocessor.OnPostprocessAllAssets 0.090ms
	UnloadStreamsBegin: 1.966ms
	PersistCurrentRevisions: 0.061ms
	GenerateScriptTypeHashes: 1.599ms
	GenerateScriptTypeSerializationHashes: 3.142ms
	Untracked: 645.813ms

Application.AssetDatabase Initial Refresh End
Launching external process: /Applications/Unity/Hub/Editor/6000.5.9f1/Unity.app/Contents/Helpers/UnityShaderCompiler
Launched and connected shader compiler UnityShaderCompiler after 0.13 seconds
Worker ready: AssetImportWorkerHW0 0
Scanning for USB devices : 0.107ms
Initializing Unity extensions:
[MODES] ModeService[none].Initialize
[MODES] ModeService[none].LoadModes
[MODES] Loading mode Default (0) for mode-current-id-FirstCardboardExperience
2026-09-01 02:02:20.880 Unity[6183:55116] NSEventModifierFlagFunction specified to -setKeyEquivalentModifierMask: for item <NSMenuItem: 0x9312b8e60 SDF, ke='Command-F12'>, but is only supported for system-provided menu items; will not be used
Unloading 12 Unused Serialized files (Serialized files now loaded: 0)
Loaded scene 'Assets/BallPrefab.unity'
	Deserialize:            14.201 ms
	Integration:            54.179 ms
	Integration of assets:  3.178 ms
	Thread Wait Time:       0.225 ms
	Total Operation Time:   71.783 ms
Unloading 5324 unused Assets / (5.8 MB). Loaded Objects now: 6231.
Memory consumption went from 218.3 MB to 212.5 MB.
Total: 11.305000 ms (FindLiveObjects: 0.399167 ms CreateObjectMapping: 1.855709 ms MarkObjects: 5.926541 ms  DeleteObjects: 3.118000 ms)

[LAYOUT] About to load UserSettings/Layouts/default-6000.dwlt, keepMainWindow=False
[LAYOUT] About to save layout /Users/raghavarun/FirstCardboardExperience/UserSettings/Layouts/default-6000.dwlt
[LAYOUT] About to save layout /Users/raghavarun/Library/Preferences/Unity/Editor-5.x/Layouts/current/default-6000.dwlt
[MODES] ModeService[default].InitializeCurrentMode
[MODES] ModeService[default].RaiseModeChanged(default, default)
[Project] Loading completed in 12.986 seconds
	Project init time: 				11.495 seconds
		Template init time: 		0.000 seconds
		Package Manager init time: 		0.629 seconds
		Asset Database init time: 		0.616 seconds
		Global illumination init time: 	0.001 seconds
		Assemblies load time: 			1.667 seconds
		Unity extensions init time: 	0.025 seconds
		Asset Database refresh time: 	2.475 seconds
	Scene opening time: 			0.841 seconds
##utp:{"type":"ProjectInfo","version":2,"phase":"Immediate","time":1788242541632,"processId":6183,"projectLoad":12.986403458,"projectInit":11.494871667,"templateInit":0.0,"packageManagerInit":0.628679792,"assetDatabaseInit":0.61629,"globalIlluminationInit":0.000796416,"assembliesLoad":1.66687425,"unityExtensionsInit":0.025495458,"assetDatabaseRefresh":2.474857417,"sceneOpening":0.8410615}
##utp:{"type":"EditorInfo","version":2,"phase":"Immediate","time":1788242541633,"processId":6183,"editorVersion":"6000.5.9f1 (b57deb96f08d)","branch":"6000.5/staging","buildType":"Release","platform":"OSX"}
Subscribe to USB device events
Scanning for USB devices : 0.129ms
ArgumentException: Cannot unschedule unknown scheduled function UnityEngine.UIElements.VisualElement+SimpleScheduledItem
  at UnityEngine.UIElements.TimerEventScheduler.Unschedule (UnityEngine.UIElements.ScheduledItem item) [0x0008c] in /Users/bokken/build/output/unity/unity/Modules/UIElements/Core/Scheduler.cs:302 
  at UnityEngine.UIElements.TimerEventScheduler.UpdateScheduledEvents () [0x0011a] in /Users/bokken/build/output/unity/unity/Modules/UIElements/Core/Scheduler.cs:403 
  at UnityEngine.UIElements.Panel.TickSchedulingUpdaters () [0x00018] in /Users/bokken/build/output/unity/unity/Modules/UIElements/Core/Panel.cs:1514 
  at UnityEngine.UIElements.UIElementsUtility.UpdateSchedulers () [0x0003a] in /Users/bokken/build/output/unity/unity/Modules/UIElements/Core/UIElementsUtility.cs:297 
  at UnityEditor.RetainedMode.UpdateSchedulers () [0x00000] in /Users/bokken/build/output/unity/unity/Modules/UIElementsEditor/RetainedMode.cs:43 

(Filename: /Users/bokken/build/output/unity/unity/Modules/UIElementsEditor/RetainedMode.cs Line: 43)

Created GICache directory at /Users/raghavarun/Library/Caches/com.unity3d.UnityEditor/GiCache. Took: 0.038s, timestamps: [14.382 - 14.420]
[Licensing::Client] Successfully resolved entitlement details
[Licensing::Client] Successfully resolved entitlement details
[Licensing::Client] Successfully updated the access token
[Licensing::Module] Successfully updated access token: "gWIZEnwC"... (expires: 2026-09-01T07:54:06Z)
[Licensing::Client] Successfully resolved entitlement details
[Licensing::Client] Successfully resolved entitlement details
[Licensing::Client] Successfully resolved entitlement details
UPID Received 'd35c4c8e-6878-458c-acd3-1c87f775f9e6'.
[Licensing::Client] Successfully resolved entitlement details
Android Extension - Scanning For ADB Devices 3620 ms
Android Extension - Scanning For ADB Devices 110 ms
Attempted to call .Dispose on an already disposed CancellationTokenSource
Android Extension - Scanning For ADB Devices 113 ms
Android Extension - Scanning For ADB Devices 107 ms
TrimDiskCacheJob: Current cache size 0mb
Asset Pipeline Refresh (id=c9544adc53a394cbaa836d5a49bf0990): Total: 0.289 seconds - Initiated by RefreshV2(AllowForceSynchronousImport)
Start Indexing on Editor startup
[Indexing] Starting Initial Indexing for Assets
[Licensing::Client] Successfully resolved entitlement details
[Licensing::Client] Successfully resolved entitlement details
Starting new worker id: 1 with log in /Users/raghavarun/FirstCardboardExperience/Logs/AssetImportWorkerHW1.log
[Worker0] Imported GUID: a8437ae6df3ab4de78c661f8e1148bbb - Path: Packages/com.unity.xr.management/package.json - Importer: ScriptedImporter/UnityEditor.QuickSearchModule:UnityEditor.Search:ASIAI0B -> (ImportResultId: 'adc4e59fdc94750f701656e172da0e3c') in 0.052603291 seconds
[Worker0] Imported GUID: 7870a2ee9789f42f180ed4aff3154d02 - Path: Packages/com.unity.xr.core-utils/Tests/Editor/XRCoreUtilities/Unity.XR.CoreUtils.Editor.Tests.asmdef - Importer: ScriptedImporter/UnityEditor.QuickSearchModule:UnityEditor.Search:ASIAI0B -> (ImportResultId: '095087f8ae5d7f9b6b7d2ebaa5cdb891') in 0.006909583 seconds
[Worker0] Imported GUID: ea786eac680c3452ab2eb44a28b99bd6 - Path: Packages/com.unity.xr.core-utils/Runtime/Extensions/TypeExtensions.cs - Importer: ScriptedImporter/UnityEditor.QuickSearchModule:UnityEditor.Search:ASIAI0B -> (ImportResultId: '705b7588f183682d34c7a1aa3a36b978') in 0.024164709 seconds
[Worker0] Imported GUID: 50398ca4cf0584f9c8380e117fa8108e - Path: Packages/com.unity.xr.core-utils/Runtime/ComponentUtils.cs - Importer: ScriptedImporter/UnityEditor.QuickSearchModule:UnityEditor.Search:ASIAI0B -> (ImportResultId: '2a04da7e9a840f2565a9f9ae29d7a643') in 0.002621208 seconds
[Worker0] Imported GUID: a2483b9bd782f9449a5972b61b7d51a9 - Path: Packages/com.unity.xr.legacyinputhelpers/Runtime/CameraOffset.cs - Importer: ScriptedImporter/UnityEditor.QuickSearchModule:UnityEditor.Search:ASIAI0B -> (ImportResultId: '0c16a08cb63a8a221d0587a60937bb1c') in 0.002228208 seconds
[Worker0] Imported GUID: f9035a4ac3e4ce042a1ee7dc14c7998e - Path: Packages/com.unity.xr.core-utils/Editor/Datums/DatumPropertyDrawer.cs - Importer: ScriptedImporter/UnityEditor.QuickSearchModule:UnityEditor.Search:ASIAI0B -> (ImportResultId: '4cce5edaea3f4c9b039c89c1f32f1a26') in 0.003332625 seconds
[Worker0] Imported GUID: 89c097ec5a9e1d0409a12d54380028f9 - Path: Packages/com.unity.xr.legacyinputhelpers/Editor/TrackedPoseDriver/TrackedPoseDriverEditor.cs - Importer: ScriptedImporter/UnityEditor.QuickSearchModule:UnityEditor.Search:ASIAI0B -> (ImportResultId: '3480c015ae107175e49de37e62d23456') in 0.002317625 seconds
[Worker0] Imported GUID: 6b80a2fa3f96045ef894f789045bf20b - Path: Packages/com.unity.xr.core-utils/Tests/Editor/CodeSamples/ScriptedCapabilityProfileSamples.cs - Importer: ScriptedImporter/UnityEditor.QuickSearchModule:UnityEditor.Search:ASIAI0B -> (ImportResultId: '9ea463f7efa4138bf984e3e3f4121e4e') in 0.001943 seconds
[Worker0] Imported GUID: dc36b3fdc14f47ebb36fd484a67e268a - Path: Assets/TextMesh Pro/Examples & Extras/Resources/Fonts & Materials/Electronic Highway Sign SDF.asset - Importer: ScriptedImporter/UnityEditor.QuickSearchModule:UnityEditor.Search:ASIAI0B -> (ImportResultId: 'a44c76899ba8d431911f5d737ec9dd61') in 0.035190209 seconds
[Worker0] Imported GUID: f5db190cfda014bd292cbb0202470485 - Path: Packages/com.unity.xr.core-utils/Runtime/ScriptableSettingsBase.cs - Importer: ScriptedImporter/UnityEditor.QuickSearchModule:UnityEditor.Search:ASIAI0B -> (ImportResultId: 'c699dd04ea127b5df43a60582da76e46') in 0.0018825 seconds
[Worker0] Imported GUID: bd37ccc84c2cb414eacfa2044d871820 - Path: Packages/com.unity.xr.core-utils/Runtime/Extensions/StringExtensions.cs - Importer: ScriptedImporter/UnityEditor.QuickSearchModule:UnityEditor.Search:ASIAI0B -> (ImportResultId: '1791a33b54b953925cd9838b6e2cb6f0') in 0.001788 seconds
[Worker0] Imported GUID: 28c8363a46afc475bb1a7901a0dd2ad2 - Path: Packages/com.unity.xr.management/Editor/TypeLoaderExtensions.cs - Importer: ScriptedImporter/UnityEditor.QuickSearchModule:UnityEditor.Search:ASIAI0B -> (ImportResultId: 'aae2b5230b279ac462d33d144ac532ab') in 0.002193375 seconds
[Worker0] Imported GUID: 007be4edd5e343b43ada0c16355e5543 - Path: Packages/com.unity.xr.core-utils/Editor/Analytics/CoreUtilsAnalytics/BuildingBlocksUsageEvent.cs - Importer: ScriptedImporter/UnityEditor.QuickSearchModule:UnityEditor.Search:ASIAI0B -> (ImportResultId: '869d0150816d9569a847970f8c93c418') in 0.002633583 seconds
[Worker0] Imported GUID: 44a4662640bd4279bc9e22498cf2b65e - Path: Packages/com.unity.xr.core-utils/Runtime/Collections/ReadOnlyListSpan.cs - Importer: ScriptedImporter/UnityEditor.QuickSearchModule:UnityEditor.Search:ASIAI0B -> (ImportResultId: 'f6a5a6f5d81cbe14ba49c06c7ab6ad21') in 0.002827958 seconds
[Worker0] Imported GUID: 3002446ae56064926a8c6ffbf0eeb963 - Path: Packages/com.unity.xr.core-utils/Runtime/NativeArrayUtils.cs - Importer: ScriptedImporter/UnityEditor.QuickSearchModule:UnityEditor.Search:ASIAI0B -> (ImportResultId: '03b7beea9b0e32085abc72fc3e6129b6') in 0.002084125 seconds
[Worker0] Imported GUID: 9d501258623f540488015bc406eac50e - Path: Packages/com.unity.xr.core-utils/Editor/AssemblyInfo.cs - Importer: ScriptedImporter/UnityEditor.QuickSearchModule:UnityEditor.Search:ASIAI0B -> (ImportResultId: '1baab39b704d254ef67e1b875608929d') in 0.001858834 seconds
[Worker0] Imported GUID: 1d40f8b653be8438ca441215b233c599 - Path: Assets/Scoreboard.cs - Importer: ScriptedImporter/UnityEditor.QuickSearchModule:UnityEditor.Search:ASIAI0B -> (ImportResultId: 'be42312fb1eceacf6fb34653582edc5d') in 0.001675042 seconds
[Worker0] Imported GUID: c85bf3e7afcc14a9e8a6925fd11aff0e - Path: Assets/BallPrefab.unity - Importer: ScriptedImporter/UnityEditor.QuickSearchModule:UnityEditor.Search:ASIAI0B -> (ImportResultId: 'e256cfdc6e0c522bafa37f294bb2e5b8') in 0.003091792 seconds
[Worker0] Imported GUID: 98015eb30108048a38465d5a383d574a - Path: Assets/TargetMovement.cs - Importer: ScriptedImporter/UnityEditor.QuickSearchModule:UnityEditor.Search:ASIAI0B -> (ImportResultId: 'ffe17d470aae79cae752bcd2b17220b7') in 0.001949458 seconds
[Worker0] Imported GUID: 11b7ddcb82a4003458b0b49ba21f3289 - Path: Packages/com.unity.xr.core-utils/Editor/Analytics/CoreUtilsAnalytics/CoreUtilsEditorAnalyticsEvent.cs - Importer: ScriptedImporter/UnityEditor.QuickSearchModule:UnityEditor.Search:ASIAI0B -> (ImportResultId: 'b6a56da5a2d127182bcb4f45d36d2051') in 0.002176042 seconds
[Worker0] Imported GUID: 013b7dbbc8ec54c4182940c05c060ee9 - Path: Packages/com.unity.xr.management/Tests/StandaloneSubsystem/StandaloneSubsystemDescriptor.cs - Importer: ScriptedImporter/UnityEditor.QuickSearchModule:UnityEditor.Search:ASIAI0B -> (ImportResultId: '060b8b58720905bdcfc9d4858d79bd40') in 0.001867709 seconds
[Worker0] Imported GUID: 239813eae45e14dad8d54b17f6d52e5b - Path: Packages/com.unity.xr.core-utils/Runtime/Extensions - Importer: ScriptedImporter/UnityEditor.QuickSearchModule:UnityEditor.Search:ASIAI0B -> (ImportResultId: '176b0736231dbf5a9df35487dc788bcb') in 0.00214975 seconds
[Worker0] Imported GUID: dcfbcd3f5f6514657924b8e122d97765 - Path: Packages/com.unity.xr.management/Editor - Importer: ScriptedImporter/UnityEditor.QuickSearchModule:UnityEditor.Search:ASIAI0B -> (ImportResultId: 'b599d8f44fcc0dc5899ae9404234c58e') in 0.001528875 seconds
[Worker0] Imported GUID: 9b8b61ec9cb92d1439beb03814dc2cb0 - Path: Packages/com.unity.xr.management/Tests/TestPackage/Runtime/Uniyt.XR.Management.TestPackage.asmdef - Importer: ScriptedImporter/UnityEditor.QuickSearchModule:UnityEditor.Search:ASIAI0B -> (ImportResultId: 'ba84568361a3adca003fd8a489912c50') in 0.003132209 seconds
[Worker0] Imported GUID: 9c0a719dddf9b4e17a284e56d381071d - Path: Packages/com.unity.xr.core-utils/Runtime/GeometryUtils.cs - Importer: ScriptedImporter/UnityEditor.QuickSearchModule:UnityEditor.Search:ASIAI0B -> (ImportResultId: '083b1d19a23181cbf3a99901b461ed54') in 0.002441416 seconds
[Worker0] Imported GUID: 125cb55b44b24c4393181402bc6200e6 - Path: Assets/TextMesh Pro/Examples & Extras/Resources/Fonts & Materials/Bangers SDF.asset - Importer: ScriptedImporter/UnityEditor.QuickSearchModule:UnityEditor.Search:ASIAI0B -> (ImportResultId: '0892d43dfeef218f07e05ccc0da427e3') in 0.008854708 seconds
[Worker0] Imported GUID: 5302535af1044152a457ed104f1f4b91 - Path: Assets/TextMesh Pro/Examples & Extras/Resources/Fonts & Materials/Roboto-Bold SDF.asset - Importer: ScriptedImporter/UnityEditor.QuickSearchModule:UnityEditor.Search:ASIAI0B -> (ImportResultId: '519550f6c16c37a5cbaecdfacc798d1f') in 0.008012666 seconds
[Worker0] Imported GUID: abd74e060b6444ffe880023f0bc02e10 - Path: Packages/com.unity.xr.management/LICENSE.md - Importer: ScriptedImporter/UnityEditor.QuickSearchModule:UnityEditor.Search:ASIAI0B -> (ImportResultId: 'f77ddb8661073bb1b829bc5ca8b9ee15') in 0.002253583 seconds
[Worker0] Imported GUID: 3b248a17b8a04d7ba8aa58b2a7793d52 - Path: Packages/com.unity.xr.core-utils/Tests/Editor/XRCoreUtilities/ReadOnlyListSpanTests.cs - Importer: ScriptedImporter/UnityEditor.QuickSearchModule:UnityEditor.Search:ASIAI0B -> (ImportResultId: 'e894d7fb80af69587e9faec9856998a5') in 0.001660625 seconds
[Worker0] Imported GUID: 8c9e419ebaf1f524baa492abf4fd09fa - Path: Packages/com.unity.xr.core-utils/Runtime/Datums/IntDatum.cs - Importer: ScriptedImporter/UnityEditor.QuickSearchModule:UnityEditor.Search:ASIAI0B -> (ImportResultId: 'a61384d73e00f599d7d78c755d164a16') in 0.002185084 seconds
[Worker0] Imported GUID: c62e52ceb3eed4ec994fd23ddb0a4609 - Path: Packages/com.unity.xr.core-utils/Runtime/EnumValues.cs - Importer: ScriptedImporter/UnityEditor.QuickSearchModule:UnityEditor.Search:ASIAI0B -> (ImportResultId: '5b7906c3a7644083ced68b11e2886945') in 0.001722042 seconds
[Worker0] Imported GUID: dc4741424d47f444c80f9c5a8774dab7 - Path: Packages/com.unity.xr.core-utils/Tests/Editor/XRCoreUtilities/GameObjectExtensionsTests.cs - Importer: ScriptedImporter/UnityEditor.QuickSearchModule:UnityEditor.Search:ASIAI0B -> (ImportResultId: '7843829b6b5e588ae505631ed93c0442') in 0.002752625 seconds
[Worker0] Imported GUID: ba171b3dd2a51234ab864770f99741a5 - Path: Packages/com.unity.xr.legacyinputhelpers/Runtime/TrackedPoseDriver/UnityEngine.SpatialTracking.asmdef - Importer: ScriptedImporter/UnityEditor.QuickSearchModule:UnityEditor.Search:ASIAI0B -> (ImportResultId: '8e265198cba79e45e3b4dfd9146c92bc') in 0.002751167 seconds
[Worker0] Imported GUID: c3ca8b668738d4c438b8005d898233a8 - Path: Packages/com.unity.xr.core-utils/Tests/Runtime/Scripts/CustomApproximatePerformanceTest.cs - Importer: ScriptedImporter/UnityEditor.QuickSearchModule:UnityEditor.Search:ASIAI0B -> (ImportResultId: 'b33de533331df07ec01253d56e8dab5a') in 0.001909542 seconds
[Worker0] Imported GUID: 1ed4e84183ad15c43b32a13aeca25b98 - Path: Packages/com.unity.xr.legacyinputhelpers/Runtime/ArmModels/ArmModel.cs - Importer: ScriptedImporter/UnityEditor.QuickSearchModule:UnityEditor.Search:ASIAI0B -> (ImportResultId: 'a9fcfa664f7dd939e8e30a4ed76ae01c') in 0.0019985 seconds
[Worker0] Imported GUID: 297beccc71164b5d846c0179e3691ff2 - Path: Packages/com.unity.xr.core-utils/Editor/BuildingBlocks/PrefabCreatorBuildingBlock.cs - Importer: ScriptedImporter/UnityEditor.QuickSearchModule:UnityEditor.Search:ASIAI0B -> (ImportResultId: 'c3051652d188672757f0941c9fca9958') in 0.002258792 seconds
[Worker0] Imported GUID: 14fc8b46bbbe44c8384c288cda0b3a64 - Path: Packages/com.unity.xr.core-utils/Tests/Runtime/Scenes/ConvexHullPerformanceTest.unity - Importer: ScriptedImporter/UnityEditor.QuickSearchModule:UnityEditor.Search:ASIAI0B -> (ImportResultId: '1469aa02c89c16595b8bc3d8a465c2e8') in 0.002150625 seconds
[Worker0] Imported GUID: 44e6ef670bba14ab2aa714579d266b1c - Path: Packages/com.unity.xr.core-utils/Runtime/CachedComponentFilter.cs - Importer: ScriptedImporter/UnityEditor.QuickSearchModule:UnityEditor.Search:ASIAI0B -> (ImportResultId: '955182488d4d3932c80b3214244f8c86') in 0.002051458 seconds
[Worker0] Imported GUID: 24772c9264eb4f3d8e1f026e3c3881b2 - Path: Packages/com.unity.xr.core-utils/ValidationExceptions.json - Importer: ScriptedImporter/UnityEditor.QuickSearchModule:UnityEditor.Search:ASIAI0B -> (ImportResultId: 'b75be99bc0889465401dd752d71981cd') in 0.002782 seconds
[Worker0] Imported GUID: 8443d3621b17161459d890b196695db3 - Path: Packages/com.unity.xr.management/xrmanifest.androidlib - Importer: ScriptedImporter/UnityEditor.QuickSearchModule:UnityEditor.Search:ASIAI0B -> (ImportResultId: 'e09e64a132a1750cdd04f027f57f699a') in 0.005401375 seconds
[Worker0] Imported GUID: 7933e59e06c3346c1bf7f1b0c943bef6 - Path: Packages/com.unity.xr.core-utils/Tests/Editor/CodeSamples/ScriptedBuildingBlockSample.cs - Importer: ScriptedImporter/UnityEditor.QuickSearchModule:UnityEditor.Search:ASIAI0B -> (ImportResultId: '2f2bde55097a735b3d725159083a679e') in 0.003571291 seconds
[Worker0] Imported GUID: 7ab8f828152c8463fb4814b55b59fa9c - Path: Packages/com.unity.xr.core-utils/Runtime/AssemblyInfo.cs - Importer: ScriptedImporter/UnityEditor.QuickSearchModule:UnityEditor.Search:ASIAI0B -> (ImportResultId: '84451d0cfa351ffab8d52966d5d6f861') in 0.001602459 seconds
[Worker0] Imported GUID: d6557a9db2cb4198a0f3fdafec2b533b - Path: Packages/com.unity.xr.core-utils/Runtime/Extensions/UnityEventExtensions.cs - Importer: ScriptedImporter/UnityEditor.QuickSearchModule:UnityEditor.Search:ASIAI0B -> (ImportResultId: '6a7d7979c7b9a2cd035f62b878de1c97') in 0.002404458 seconds
[Worker0] Imported GUID: c90dd1f3ec17d4f0a8381dfdd02572fa - Path: Packages/com.unity.xr.core-utils/Runtime/HashCodeUtil.cs - Importer: ScriptedImporter/UnityEditor.QuickSearchModule:UnityEditor.Search:ASIAI0B -> (ImportResultId: '02568fe1c7f6bcf467e0e2ac51481bb5') in 0.001742916 seconds
[Worker0] Imported GUID: e86550dadb60245419b14c8eb438c00a - Path: Packages/com.unity.xr.core-utils/CHANGELOG.md - Importer: ScriptedImporter/UnityEditor.QuickSearchModule:UnityEditor.Search:ASIAI0B -> (ImportResultId: 'd311834ad29568f966e2230e70c86fb2') in 0.002131834 seconds
[Worker0] Imported GUID: 2e498d1c8094910479dc3e1b768306a4 - Path: Assets/TextMesh Pro/Resources/Fonts & Materials/LiberationSans SDF - Fallback.asset - Importer: ScriptedImporter/UnityEditor.QuickSearchModule:UnityEditor.Search:ASIAI0B -> (ImportResultId: 'c590914224b7bc7b0febcfec3d615971') in 0.007998375 seconds
[Worker0] Imported GUID: e9daff4fe23774448a307aef3faeecfb - Path: Packages/com.unity.xr.core-utils/Tests/Runtime/Scripts/PerformanceComparisonTest.cs - Importer: ScriptedImporter/UnityEditor.QuickSearchModule:UnityEditor.Search:ASIAI0B -> (ImportResultId: '7d3364da96def72713c99ab44d09dc1f') in 0.002458875 seconds
[Worker0] Imported GUID: e9fe38c4546984d20972b92aae24104c - Path: Packages/com.unity.xr.core-utils/Runtime/Extensions/GameObjectExtensions.cs - Importer: ScriptedImporter/UnityEditor.QuickSearchModule:UnityEditor.Search:ASIAI0B -> (ImportResultId: '3525d767a3757458c434dc5881c945c8') in 0.001802625 seconds
[Worker0] Imported GUID: 5daaf8658cee34d98bc49e23809e3305 - Path: Packages/com.unity.xr.core-utils/Runtime/OnDestroyNotifier.cs - Importer: ScriptedImporter/UnityEditor.QuickSearchModule:UnityEditor.Search:ASIAI0B -> (ImportResultId: '24f8507fd8b6b665618b1927f87a9871') in 0.001894458 seconds
[Worker0] Imported GUID: aa503a6fc773346398bd8a96c8695179 - Path: Assets/Target.cs - Importer: ScriptedImporter/UnityEditor.QuickSearchModule:UnityEditor.Search:ASIAI0B -> (ImportResultId: '986a7198bbc5cc19211a84b70366a46b') in 0.001976042 seconds
[Worker0] Imported GUID: e1e933fc85b5d7444902c305f62c695a - Path: Packages/com.unity.xr.legacyinputhelpers/CHANGELOG.md - Importer: ScriptedImporter/UnityEditor.QuickSearchModule:UnityEditor.Search:ASIAI0B -> (ImportResultId: 'f7f7ce904934b276419fc74e9a2360d9') in 0.002580042 seconds
[Worker0] Imported GUID: 7c691f0ea17c03e47ac0c3d4c7125748 - Path: Packages/com.unity.xr.legacyinputhelpers/Runtime/TrackedPoseDriver - Importer: ScriptedImporter/UnityEditor.QuickSearchModule:UnityEditor.Search:ASIAI0B -> (ImportResultId: 'e25f1b1062fc97db5332a5437603b973') in 0.001890708 seconds
[Worker0] Imported GUID: 959729105aadc7641ad7824c190bf9a7 - Path: Packages/com.unity.xr.core-utils/Runtime/Datums/AnimationCurveDatumProperty.cs - Importer: ScriptedImporter/UnityEditor.QuickSearchModule:UnityEditor.Search:ASIAI0B -> (ImportResultId: '2ed6795fad125b5954f417d5dd970833') in 0.001864542 seconds
[Worker0] Imported GUID: 71c45f80bffdb9145ad2c456254c862e - Path: Packages/com.unity.collab-proxy/Editor/Assets/Images/d_iconlockedlocaloverlay.png - Importer: ScriptedImporter/UnityEditor.QuickSearchModule:UnityEditor.Search:ASIAI0B -> (ImportResultId: '292fa1740b9315867a743e6562382163') in 0.057241333 seconds
[Worker0] Imported GUID: c74ff79ae2bd54ff399dd059b20e955b - Path: Packages/com.unity.xr.core-utils/Runtime/Collections/ReadOnlyList.cs - Importer: ScriptedImporter/UnityEditor.QuickSearchModule:UnityEditor.Search:ASIAI0B -> (ImportResultId: '4c91e5d5883fe8c2d99931c89fcf3ec0') in 0.003147875 seconds
[Worker0] Imported GUID: 8533e922e0177449da62244d62b53da1 - Path: Packages/com.unity.xr.core-utils/Tests/Editor - Importer: ScriptedImporter/UnityEditor.QuickSearchModule:UnityEditor.Search:ASIAI0B -> (ImportResultId: '5e56cef31769fadd3f6168b427f41e49') in 0.002405458 seconds
[Worker0] Imported GUID: c077772b186f48118aed074774d1148e - Path: Packages/com.unity.xr.core-utils/Runtime/Datums - Importer: ScriptedImporter/UnityEditor.QuickSearchModule:UnityEditor.Search:ASIAI0B -> (ImportResultId: '27dc89b12a2aaf20cc7f566702756cd8') in 0.002567917 seconds
[Worker0] Imported GUID: fb57695f08fca444e833816572c9cb83 - Path: Packages/com.unity.xr.core-utils/Runtime/CapabilityProfile/Dictionary/CustomCapabilityKeyAttribute.cs - Importer: ScriptedImporter/UnityEditor.QuickSearchModule:UnityEditor.Search:ASIAI0B -> (ImportResultId: '20fa21497893229ec4799f1d9f12156d') in 0.001879459 seconds
[Worker0] Imported GUID: 15f789f4848004249b8e67d3fcf33a78 - Path: Packages/com.unity.xr.management/Editor/XRConstants.cs - Importer: ScriptedImporter/UnityEditor.QuickSearchModule:UnityEditor.Search:ASIAI0B -> (ImportResultId: '01abf3e0ee10827ab0b300e508a8007c') in 0.002150292 seconds
[Worker0] Imported GUID: ff2e0cd9f58c405bb6e9b217860eebca - Path: Packages/com.unity.xr.core-utils/Editor/Datums - Importer: ScriptedImporter/UnityEditor.QuickSearchModule:UnityEditor.Search:ASIAI0B -> (ImportResultId: 'fd079c09e327641c4f46783f01fe2839') in 0.00363175 seconds
[Worker0] Imported GUID: 8a89fa14b10d46a99122fd4f73fca9a2 - Path: Assets/TextMesh Pro/Examples & Extras/Resources/Fonts & Materials/Anton SDF.asset - Importer: ScriptedImporter/UnityEditor.QuickSearchModule:UnityEditor.Search:ASIAI0B -> (ImportResultId: '530b4a79f321a106eada35fac5e58ff8') in 0.006948542 seconds
[Worker0] Imported GUID: 4fe3c04927134484ea79de7138b541c9 - Path: Packages/com.unity.xr.core-utils/Editor/ScriptableSettingsProvider.cs - Importer: ScriptedImporter/UnityEditor.QuickSearchModule:UnityEditor.Search:ASIAI0B -> (ImportResultId: '4cd4694e3184f43a454e9f75ce63f7ac') in 0.002399292 seconds
[Worker0] Imported GUID: 6c3d3d09ebc374be3affa52024d1f644 - Path: Packages/com.unity.xr.core-utils/Runtime/Attributes/FlagsPropertyAttribute.cs - Importer: ScriptedImporter/UnityEditor.QuickSearchModule:UnityEditor.Search:ASIAI0B -> (ImportResultId: 'f7706c5b37558915e6d687579b760778') in 0.001799917 seconds
[Worker0] Imported GUID: 9ebb01c3a5ac7564d80fe780a7058df0 - Path: Packages/com.unity.xr.legacyinputhelpers/Editor/SeedXRInputBindings/SeedXRInputBindings.cs - Importer: ScriptedImporter/UnityEditor.QuickSearchModule:UnityEditor.Search:ASIAI0B -> (ImportResultId: '15bb71d00f849c2b183c4cff08906114') in 0.002970625 seconds
[Worker0] Imported GUID: f46fc3751c3e84133af5527f7c1abae5 - Path: Packages/com.unity.xr.management/Tests/Editor/Unity.XR.Management.EditorTests.asmdef - Importer: ScriptedImporter/UnityEditor.QuickSearchModule:UnityEditor.Search:ASIAI0B -> (ImportResultId: '49d0814777a4576d032c424ed55d5d7d') in 0.002572583 seconds
[Worker0] Imported GUID: 3e2f74c6408554b1c974e34fab0da678 - Path: Packages/com.unity.xr.core-utils/Tests/Editor/XRCoreUtilities/ReadOnlyListTests.cs - Importer: ScriptedImporter/UnityEditor.QuickSearchModule:UnityEditor.Search:ASIAI0B -> (ImportResultId: '4c44803996e7a0959365509efd9cecb0') in 0.003115041 seconds
[Worker0] Imported GUID: ad402f78648da2543942ac459d856573 - Path: Packages/com.unity.xr.management/Editor/Metadata/KnownPackages.cs - Importer: ScriptedImporter/UnityEditor.QuickSearchModule:UnityEditor.Search:ASIAI0B -> (ImportResultId: '49f3b52abe13f752e6d8be45398df15e') in 0.002605917 seconds
[Worker0] Imported GUID: ab121e37ba25f5549b3f70723f0587a2 - Path: Packages/com.unity.xr.management/Tests/TestPackage/Editor/TestPackage.cs - Importer: ScriptedImporter/UnityEditor.QuickSearchModule:UnityEditor.Search:ASIAI0B -> (ImportResultId: '0f8c1f4f3c7ddd9aa7e1a9430ecba0a1') in 0.002065959 seconds
[Worker0] Imported GUID: a84e8d6608ad27148aaa4b31158a0288 - Path: Packages/com.unity.xr.management/Editor/XRPluginManagementProjectValidation.cs - Importer: ScriptedImporter/UnityEditor.QuickSearchModule:UnityEditor.Search:ASIAI0B -> (ImportResultId: '979c79dce3de623945a9eebf78b008ce') in 0.00200575 seconds
[Worker0] Imported GUID: 0cb5ab924d5b50c498ffc64879877e86 - Path: Packages/com.unity.xr.legacyinputhelpers/Tests/Runtime/TrackedPoseDriver/TrackedPoseDriverTests.cs - Importer: ScriptedImporter/UnityEditor.QuickSearchModule:UnityEditor.Search:ASIAI0B -> (ImportResultId: '39baa0c5be7baa66ceccc36790baeb62') in 0.002050334 seconds
[Worker0] Imported GUID: d16ab7e2b2998ad4c9729d86bb9aa666 - Path: Packages/com.unity.xr.legacyinputhelpers/package.json - Importer: ScriptedImporter/UnityEditor.QuickSearchModule:UnityEditor.Search:ASIAI0B -> (ImportResultId: 'e7081ce362dd353ff2a7993f87195f45') in 0.002658083 seconds
[Worker0] Imported GUID: 7ebb72c361215e847825cb9b0a224f95 - Path: Packages/com.unity.xr.core-utils/Editor/Analytics/CoreUtilsAnalytics - Importer: ScriptedImporter/UnityEditor.QuickSearchModule:UnityEditor.Search:ASIAI0B -> (ImportResultId: 'f3f9094f09dd6f623218ad6c0ca7efc0') in 0.001978584 seconds
[Worker0] Imported GUID: 90e21806b8f84bedb947662baf96994e - Path: Packages/com.unity.xr.core-utils/Runtime/Collections - Importer: ScriptedImporter/UnityEditor.QuickSearchModule:UnityEditor.Search:ASIAI0B -> (ImportResultId: '1b5ba8479107b500a467759238d242c6') in 0.002070125 seconds
[Worker0] Imported GUID: b57ad971c794aac44b06caa8c9a8cf33 - Path: Packages/com.unity.xr.core-utils/Editor/BuildingBlocks/BuildingBlockManager.cs - Importer: ScriptedImporter/UnityEditor.QuickSearchModule:UnityEditor.Search:ASIAI0B -> (ImportResultId: '124575fab296bbc9e90a4ba41eefd468') in 0.001745917 seconds
[Worker0] Imported GUID: aa29f6b16faf667488069bc2272a9364 - Path: Packages/com.unity.xr.management/Editor/XRGeneralBuildProcessor.cs - Importer: ScriptedImporter/UnityEditor.QuickSearchModule:UnityEditor.Search:ASIAI0B -> (ImportResultId: '48ca804057ec07fceeb68fd1d3dcdf5e') in 0.002100666 seconds
[Worker0] Imported GUID: 215aa718ae432a2458439d4959fc9471 - Path: Packages/com.unity.xr.legacyinputhelpers/LICENSE.md - Importer: ScriptedImporter/UnityEditor.QuickSearchModule:UnityEditor.Search:ASIAI0B -> (ImportResultId: '3ae202b4c37beb0250648a47074445e3') in 0.002608667 seconds
[Worker0] Imported GUID: e7c5bc223371546e79a935a5fdca1cee - Path: Packages/com.unity.xr.core-utils/Tests/Editor/XRCoreUtilities/ScriptableSettingsTests.cs - Importer: ScriptedImporter/UnityEditor.QuickSearchModule:UnityEditor.Search:ASIAI0B -> (ImportResultId: '3240676e3cc912c97532846d5ca8b865') in 0.001674792 seconds
[Worker0] Imported GUID: bdda55d4c239b3f438a25afea4860171 - Path: Packages/com.unity.xr.management/Tests/TestPackage/Runtime/TestSettings.cs - Importer: ScriptedImporter/UnityEditor.QuickSearchModule:UnityEditor.Search:ASIAI0B -> (ImportResultId: '41b09a83e1f352077aa894d9aed7e68f') in 0.001413208 seconds
[Worker0] Imported GUID: 2123c8f818b44f8ba77edbede7fc25a8 - Path: Packages/com.unity.xr.core-utils/Runtime/Datums/StringDatum.cs - Importer: ScriptedImporter/UnityEditor.QuickSearchModule:UnityEditor.Search:ASIAI0B -> (ImportResultId: '1b686ea962c918319761322f0c84fde2') in 0.005315958 seconds
[Worker0] Imported GUID: cba647f3d99e54240836f357799fd1ad - Path: Packages/com.unity.xr.core-utils/Editor/GUI/EnumDisplayPropertyDrawer.cs - Importer: ScriptedImporter/UnityEditor.QuickSearchModule:UnityEditor.Search:ASIAI0B -> (ImportResultId: '078de96b00b68115b4d8962a3e22f04f') in 0.001909 seconds
[Worker0] Imported GUID: c11112540deeeb64aa1a24e1bd8793aa - Path: Packages/com.unity.xr.core-utils/Runtime/Bindings/Variables/BindableVariableTaskPredicate.cs - Importer: ScriptedImporter/UnityEditor.QuickSearchModule:UnityEditor.Search:ASIAI0B -> (ImportResultId: '2d1c3bba35e30984e9d6c761c9f9f03d') in 0.00187075 seconds
[Worker0] Imported GUID: 93492893b74ab764b83d940916a59b03 - Path: Packages/com.unity.xr.legacyinputhelpers/Runtime/ArmModels/TransitionArmModel.cs - Importer: ScriptedImporter/UnityEditor.QuickSearchModule:UnityEditor.Search:ASIAI0B -> (ImportResultId: '95632a8b1f2b6d5ba0806fcb4d072e5f') in 0.001831459 seconds
[Worker0] Imported GUID: 559bcbd55c770ea4d959cfdb857c39a5 - Path: Packages/com.unity.xr.legacyinputhelpers/Tests/Editor/UnityEditor.XR.LegacyInputHelpers.Tests.asmdef - Importer: ScriptedImporter/UnityEditor.QuickSearchModule:UnityEditor.Search:ASIAI0B -> (ImportResultId: 'ded38bc6c684548a0f4fe4f61cccf774') in 0.002234709 seconds
[Worker0] Imported GUID: e96b3142cde73414a8bb286718cacebd - Path: Packages/com.unity.xr.management/Editor/Metadata - Importer: ScriptedImporter/UnityEditor.QuickSearchModule:UnityEditor.Search:ASIAI0B -> (ImportResultId: 'bfd655016da5263439aff5bdd6eadf32') in 0.001540292 seconds
[Worker0] Imported GUID: 918a2ed9fc11fbe42982c69db3aa5dc9 - Path: Packages/com.unity.xr.management/Editor/BuildHelpers.cs - Importer: ScriptedImporter/UnityEditor.QuickSearchModule:UnityEditor.Search:ASIAI0B -> (ImportResultId: 'bccd6619676a15ca6383621d2d8a3555') in 0.001798833 seconds
[Worker0] Imported GUID: ee37b6842e73b46b5bfbc98bbb8d3c6a - Path: Packages/com.unity.xr.core-utils/Editor/ProjectValidation/PackageVersion.cs - Importer: ScriptedImporter/UnityEditor.QuickSearchModule:UnityEditor.Search:ASIAI0B -> (ImportResultId: '99ff6343220deb333a8d56c29afe74a9') in 0.001414958 seconds
[Worker0] Imported GUID: 7f3098a431eba6a4abbb32c7e344d73b - Path: Packages/com.unity.xr.legacyinputhelpers/Runtime/ArmModels - Importer: ScriptedImporter/UnityEditor.QuickSearchModule:UnityEditor.Search:ASIAI0B -> (ImportResultId: 'ffd217b69bed0b3c9f3e1a7968bcf904') in 0.001392625 seconds
[Worker0] Imported GUID: 05bccdb13ab63410bb91245419b1b4e8 - Path: Packages/com.unity.xr.management/Tests/Runtime - Importer: ScriptedImporter/UnityEditor.QuickSearchModule:UnityEditor.Search:ASIAI0B -> (ImportResultId: 'de354ebbdfa687e8f67ad7e6b5e48359') in 0.002166667 seconds
[Worker0] Imported GUID: b7946b77bfe414414b6b0db94b03943f - Path: Packages/com.unity.xr.core-utils/Tests/Editor/XRCoreUtilities/BoundsUtilsTests.cs - Importer: ScriptedImporter/UnityEditor.QuickSearchModule:UnityEditor.Search:ASIAI0B -> (ImportResultId: '2df5aabb213b709cd616dcf9b97a61c9') in 0.002218583 seconds
[Worker0] Imported GUID: 911a78dede4cd48149481a5b2b636d20 - Path: Packages/com.unity.xr.core-utils/Editor/ProjectValidation - Importer: ScriptedImporter/UnityEditor.QuickSearchModule:UnityEditor.Search:ASIAI0B -> (ImportResultId: '2c26f87cd60c20fada7359cd49abe8a8') in 0.001530666 seconds
[Worker0] Imported GUID: 219303ab0adbf4d9ba3c14ba722e7fff - Path: Packages/com.unity.xr.core-utils/Runtime/Extensions/StopwatchExtensions.cs - Importer: ScriptedImporter/UnityEditor.QuickSearchModule:UnityEditor.Search:ASIAI0B -> (ImportResultId: '416f3fcafb2edc5c3d8dab6d0223b8f2') in 0.001551167 seconds
[Worker0] Imported GUID: 6af6320c483042e49ec265b78b370087 - Path: Packages/com.unity.xr.core-utils/Runtime/Collections/ReadOnlyHashSet.cs - Importer: ScriptedImporter/UnityEditor.QuickSearchModule:UnityEditor.Search:ASIAI0B -> (ImportResultId: '2db9ecf75da2f992ef7680f772db82cc') in 0.002489958 seconds
[Worker0] Imported GUID: 199b1132f38d3f441aa719318365d5e9 - Path: Packages/com.unity.xr.management/Tests/Editor/BuildTests.cs - Importer: ScriptedImporter/UnityEditor.QuickSearchModule:UnityEditor.Search:ASIAI0B -> (ImportResultId: '25d7ba908b94cfc14639eedd335091ae') in 0.001422833 seconds
[Worker0] Imported GUID: f9b5ee52eeb698d449cdce3bd1d87a17 - Path: Packages/com.unity.xr.core-utils/Editor/ProjectValidation/SceneValidationUIUtils.cs - Importer: ScriptedImporter/UnityEditor.QuickSearchModule:UnityEditor.Search:ASIAI0B -> (ImportResultId: '8f829947e7e434613cdba605c831724b') in 0.00145525 seconds
[Worker0] Imported GUID: 43ecf40d317c4dc984148ad3608527f7 - Path: Packages/com.unity.xr.management/Tests/Editor/Utils.cs - Importer: ScriptedImporter/UnityEditor.QuickSearchModule:UnityEditor.Search:ASIAI0B -> (ImportResultId: 'c000fc63fc9b8d68b03fad698e51d05a') in 0.001415833 seconds
[Worker0] Imported GUID: d19006cf3476fe8418e1018605a8ef99 - Path: Packages/com.unity.xr.management/Editor/AndroidManifest/AndroidManifestBuildEventReceiver.cs - Importer: ScriptedImporter/UnityEditor.QuickSearchModule:UnityEditor.Search:ASIAI0B -> (ImportResultId: '1e81d3576bed46d4b76ebd889d389912') in 0.002026375 seconds
[Worker0] Imported GUID: d9ec7417c3cdb4a7abb3e7a0f8888196 - Path: Packages/com.unity.xr.core-utils/Editor/EditorUtils.cs - Importer: ScriptedImporter/UnityEditor.QuickSearchModule:UnityEditor.Search:ASIAI0B -> (ImportResultId: '71efab058c907e39098a0c1e3de036e7') in 0.001672875 seconds
[Worker0] Imported GUID: fef4fc329798c42f6b9acaee0f26768d - Path: Packages/com.unity.xr.core-utils/Tests/Runtime/Scripts/TestData.cs - Importer: ScriptedImporter/UnityEditor.QuickSearchModule:UnityEditor.Search:ASIAI0B -> (ImportResultId: '8d321e4d450ebe63b4661db7526b83fa') in 0.001700167 seconds
[Worker0] Imported GUID: 80ce73850af91a64db881df56edfb826 - Path: Packages/com.unity.xr.management/Tests/TestPackage/Runtime/TestLoaderTwo.cs - Importer: ScriptedImporter/UnityEditor.QuickSearchModule:UnityEditor.Search:ASIAI0B -> (ImportResultId: '95f5e85ab4bdf4f4dc7731b3b9e94d0c') in 0.003260333 seconds
[Worker0] Imported GUID: 9151ca8fd58644888a41255e61243e68 - Path: Packages/com.unity.xr.core-utils/Tests/Editor/XRCoreUtilities/GameObjectUtilsTests.cs - Importer: ScriptedImporter/UnityEditor.QuickSearchModule:UnityEditor.Search:ASIAI0B -> (ImportResultId: '815da739cf955bd2c7b9c9111420cd01') in 0.001671166 seconds
[Worker0] Imported GUID: dcdb7fd950b514fd0b408f6b6f677069 - Path: Packages/com.unity.xr.core-utils/Runtime/Collections/ReadOnlyStructSpan.cs - Importer: ScriptedImporter/UnityEditor.QuickSearchModule:UnityEditor.Search:ASIAI0B -> (ImportResultId: 'ba6c631497a068a38cc49173166b5f5f') in 0.001375583 seconds
[Worker0] Imported GUID: a401cbed40abb430895eec5ceb8b5353 - Path: Packages/com.unity.xr.core-utils/Tests/Runtime/Scenes/CustomApproximatelyPerformanceTest.unity - Importer: ScriptedImporter/UnityEditor.QuickSearchModule:UnityEditor.Search:ASIAI0B -> (ImportResultId: '03b5e2130c17319da8191519f69a29fb') in 0.001693167 seconds
[Worker0] Imported GUID: 995310d042f3f40cd9926d1bb8b08cc0 - Path: Packages/com.unity.xr.core-utils/Runtime/Extensions/LayerMaskExtensions.cs - Importer: ScriptedImporter/UnityEditor.QuickSearchModule:UnityEditor.Search:ASIAI0B -> (ImportResultId: '253692d7a61fec1891704daf5bc5c2a8') in 0.001220583 seconds
[Worker0] Imported GUID: 884ae4fe7305be74891d10cf05b91f0e - Path: Packages/com.unity.xr.core-utils/Editor/CapabilityProfile/CapabilityProfileSelection.cs - Importer: ScriptedImporter/UnityEditor.QuickSearchModule:UnityEditor.Search:ASIAI0B -> (ImportResultId: '59c6bac41462bb9bdb8c26c3810cfe2f') in 0.001217667 seconds
[Worker0] Imported GUID: 4f594677a2340704797934efc5ba0678 - Path: Packages/com.unity.xr.legacyinputhelpers/Editor/MenuUtils.cs - Importer: ScriptedImporter/UnityEditor.QuickSearchModule:UnityEditor.Search:ASIAI0B -> (ImportResultId: 'bf13f6ee2238df1058ca26d85305c894') in 0.001102959 seconds
[Worker0] Imported GUID: 4f9b2b17cfd02430b99d104616f45273 - Path: Packages/com.unity.xr.management/Runtime/XRConfigurationData.cs - Importer: ScriptedImporter/UnityEditor.QuickSearchModule:UnityEditor.Search:ASIAI0B -> (ImportResultId: '61ecab7306e02a795fb27988db84f361') in 0.001157292 seconds
[Worker0] Imported GUID: 5ba78bf6845c72b4685fe0ed8e9ef834 - Path: Packages/com.unity.xr.core-utils/Runtime/Datums/FloatDatum.cs - Importer: ScriptedImporter/UnityEditor.QuickSearchModule:UnityEditor.Search:ASIAI0B -> (ImportResultId: '53ec5dfe54af1714538ff19fe4d29021') in 0.001365791 seconds
[Worker0] Imported GUID: 46ccde6dd3204e59b7b370dee0d95ca1 - Path: Packages/com.unity.xr.management/Runtime/AssemblyInfo.cs - Importer: ScriptedImporter/UnityEditor.QuickSearchModule:UnityEditor.Search:ASIAI0B -> (ImportResultId: 'a02fba7dbe64e4a6db19462bec28c4db') in 0.00240075 seconds
[Worker0] Imported GUID: ae3d005fd595c0841ac79b5c0d7fcb35 - Path: Packages/com.unity.xr.management/Editor/XRLoaderInfoManager.cs - Importer: ScriptedImporter/UnityEditor.QuickSearchModule:UnityEditor.Search:ASIAI0B -> (ImportResultId: '69eca67a0c58d133fad806812750bf23') in 0.001404333 seconds
[Worker0] Imported GUID: 759b8a665f0e4234db4a1b9a1514aa1d - Path: Packages/com.unity.xr.legacyinputhelpers/Editor/ArmModels/SwingArmModelEditor.cs - Importer: ScriptedImporter/UnityEditor.QuickSearchModule:UnityEditor.Search:ASIAI0B -> (ImportResultId: 'd0e43fd1bce642736132d4d1f18116c2') in 0.001181209 seconds
[Worker0] Imported GUID: 4209e16f276e327468a3bba1ee24a3dd - Path: Packages/com.unity.xr.legacyinputhelpers/Editor/ArmModels - Importer: ScriptedImporter/UnityEditor.QuickSearchModule:UnityEditor.Search:ASIAI0B -> (ImportResultId: 'b66c4d855ba16e0361e8003bc9c4c036') in 0.001487083 seconds
[Worker0] Imported GUID: 264fc56f389a44bb8e057ee6584603ed - Path: Packages/com.unity.xr.core-utils/Tests/Editor/XRCoreUtilities/NativeArrayUtilsTests.cs - Importer: ScriptedImporter/UnityEditor.QuickSearchModule:UnityEditor.Search:ASIAI0B -> (ImportResultId: 'dfc36d7710ec0e9dd07fd5b0bbdd21a3') in 0.0015185 seconds
[Worker0] Imported GUID: f9fe0089ec81f4079af78eb2287a6163 - Path: Packages/com.unity.xr.management/Editor/Unity.XR.Management.Editor.asmdef - Importer: ScriptedImporter/UnityEditor.QuickSearchModule:UnityEditor.Search:ASIAI0B -> (ImportResultId: 'd3142f1801c80e6dc741d1d963a73b82') in 0.003744792 seconds
[Worker0] Imported GUID: c7f8f78ecf92489094dfb5edffd6a1f8 - Path: Packages/com.unity.xr.core-utils/Runtime/AwaitableUtils.cs - Importer: ScriptedImporter/UnityEditor.QuickSearchModule:UnityEditor.Search:ASIAI0B -> (ImportResultId: 'cebe45d2510a5e814847d62263c4c44b') in 0.003251667 seconds
[Worker0] Imported GUID: 448825531749b994e86774114faa299a - Path: Packages/com.unity.xr.core-utils/Runtime/Datums/FloatDatumProperty.cs - Importer: ScriptedImporter/UnityEditor.QuickSearchModule:UnityEditor.Search:ASIAI0B -> (ImportResultId: 'f856ecb67a12aef068fc8eaf5dbb962f') in 0.001903292 seconds
[Worker0] Imported GUID: 6a6688728f64a5d498cc40767d3c8ff2 - Path: Packages/com.unity.xr.core-utils/Editor/Datums/StringDatumPropertyDrawer.cs - Importer: ScriptedImporter/UnityEditor.QuickSearchModule:UnityEditor.Search:ASIAI0B -> (ImportResultId: '7a2f9b2ff878f2f77582cf6ddd25bf85') in 0.001614416 seconds
[Worker0] Imported GUID: 69dd6727f817cfd42a88eb2b632c436d - Path: Packages/com.unity.xr.management/Tests/Runtime/RuntimeTestSettings.cs - Importer: ScriptedImporter/UnityEditor.QuickSearchModule:UnityEditor.Search:ASIAI0B -> (ImportResultId: '64fdd478efe52aecf7371d946cabcac3') in 0.001983375 seconds
[Worker0] Imported GUID: d8780bc1cfd044fd58ba8e8c776e1db7 - Path: Packages/com.unity.xr.core-utils/Tests/Editor/XRCoreUtilities/PoseExtensionsTests.cs - Importer: ScriptedImporter/UnityEditor.QuickSearchModule:UnityEditor.Search:ASIAI0B -> (ImportResultId: 'c9b8d61f8174f0e942e95b6bf85451de') in 0.003167666 seconds
[Worker0] Imported GUID: 88d2132b5a4df4c659790dc2260104b3 - Path: Packages/com.unity.xr.management/README.md - Importer: ScriptedImporter/UnityEditor.QuickSearchModule:UnityEditor.Search:ASIAI0B -> (ImportResultId: 'd75c99f2a17cc93f88c07ff678909695') in 0.004721625 seconds
[Worker0] Imported GUID: 11a5cf454eec528428e2df5463d6a0ee - Path: Packages/com.unity.xr.legacyinputhelpers/Tests/Runtime - Importer: ScriptedImporter/UnityEditor.QuickSearchModule:UnityEditor.Search:ASIAI0B -> (ImportResultId: 'c19c4df1d5eb7ae6819598a99a94e0c8') in 0.00291675 seconds
[Worker0] Imported GUID: cb6c8be553d2743f793b078de11b5c31 - Path: Packages/com.unity.xr.core-utils/Runtime/GuidUtil.cs - Importer: ScriptedImporter/UnityEditor.QuickSearchModule:UnityEditor.Search:ASIAI0B -> (ImportResultId: '3e931bd436b19494df77dcb868fc5d33') in 0.003128917 seconds
[Worker0] Imported GUID: 575f7633d101095488b014272f40d6f7 - Path: Packages/com.unity.xr.management/Tests/StandaloneSubsystem/Unity.XR.Management.Tests.Standalone.asmdef - Importer: ScriptedImporter/UnityEditor.QuickSearchModule:UnityEditor.Search:ASIAI0B -> (ImportResultId: '033538d94dcc4fa630a1dfb74cbd40fe') in 0.002037167 seconds
[Worker0] Imported GUID: f4df83f3347dd498681ec72e93b47e9a - Path: Packages/com.unity.xr.core-utils/Runtime/Extensions/Vector2Extensions.cs - Importer: ScriptedImporter/UnityEditor.QuickSearchModule:UnityEditor.Search:ASIAI0B -> (ImportResultId: '96c4de6de63ee5f5c8517e83af16502f') in 0.001961542 seconds
[Worker0] Imported GUID: 5a8e2fc6e8e958443a0bf0c78e6e867d - Path: Packages/com.unity.xr.core-utils/Editor/GUI/EditorGUIUtils.cs - Importer: ScriptedImporter/UnityEditor.QuickSearchModule:UnityEditor.Search:ASIAI0B -> (ImportResultId: 'db940d22327ed692a8f551b812c99c89') in 0.002556375 seconds
[Worker0] Imported GUID: 5a5fb3c69ece94eadada0dacf019b141 - Path: Packages/com.unity.xr.management/ValidationExceptions.json - Importer: ScriptedImporter/UnityEditor.QuickSearchModule:UnityEditor.Search:ASIAI0B -> (ImportResultId: '48280b6c4967467430b06838aaae6c3e') in 0.0018855 seconds
[Worker0] Imported GUID: 99f4b9eeea3644938b85e2ac5221e6b7 - Path: Packages/com.unity.xr.core-utils/Runtime/Extensions/HashSetExtensions.cs - Importer: ScriptedImporter/UnityEditor.QuickSearchModule:UnityEditor.Search:ASIAI0B -> (ImportResultId: 'dcda72c3f18443a1e561f16794879475') in 0.001387875 seconds
[Worker0] Imported GUID: 4fb10c2185e1347c4bef41feca4a8845 - Path: Packages/com.unity.xr.management/Runtime - Importer: ScriptedImporter/UnityEditor.QuickSearchModule:UnityEditor.Search:ASIAI0B -> (ImportResultId: 'f6ed6e63419af43e9d441062a8541251') in 0.001316625 seconds
[Worker0] Imported GUID: 4caaaba15559d47f7b3f773241c999af - Path: Packages/com.unity.xr.core-utils/package.json - Importer: ScriptedImporter/UnityEditor.QuickSearchModule:UnityEditor.Search:ASIAI0B -> (ImportResultId: '6c93071d3df8634cfbf0648a27339c43') in 0.001529708 seconds
[Worker0] Imported GUID: e4a56a86cd4cad64dbb336df449f2412 - Path: Packages/com.unity.xr.core-utils/Editor/Datums/AnimationCurveDatumPropertyDrawer.cs - Importer: ScriptedImporter/UnityEditor.QuickSearchModule:UnityEditor.Search:ASIAI0B -> (ImportResultId: '87ea23275caf8a4bfd16d1b32493796a') in 0.002452375 seconds
[Worker0] Imported GUID: 69702e9e8a6e4a5780a3fc575847e88e - Path: Packages/com.unity.xr.core-utils/Runtime/Bindings/Variables/BindableVariableBase.cs - Importer: ScriptedImporter/UnityEditor.QuickSearchModule:UnityEditor.Search:ASIAI0B -> (ImportResultId: 'e7f81cf2f6a7cead53aee075a0fbd6e0') in 0.001794375 seconds
[Worker0] Imported GUID: e871fd23b6baf497c86228b141d7f67c - Path: Packages/com.unity.xr.core-utils/Editor/ProjectValidation/ProjectValidationDrawer.cs - Importer: ScriptedImporter/UnityEditor.QuickSearchModule:UnityEditor.Search:ASIAI0B -> (ImportResultId: 'e7b1de96c9807aab292a147e1e0b7313') in 0.003150291 seconds
[Worker0] Imported GUID: 9d946764bf264718a9549b8925a774f7 - Path: Packages/com.unity.xr.management/Editor/AssemblyInfo.cs - Importer: ScriptedImporter/UnityEditor.QuickSearchModule:UnityEditor.Search:ASIAI0B -> (ImportResultId: '4e4299f2dcae1a92d3ee9010288f57c5') in 0.001667958 seconds
[Worker0] Imported GUID: 4125b72fb8d964ddd9e2d704725a7cbc - Path: Packages/com.unity.xr.management/Tests/Runtime/RuntimeTests.cs - Importer: ScriptedImporter/UnityEditor.QuickSearchModule:UnityEditor.Search:ASIAI0B -> (ImportResultId: '6fbf7fa05da5eae225c0ee12f12fc194') in 0.001606416 seconds
[Worker0] Imported GUID: e0cb9aa70a22847b5925ee5f067c10a9 - Path: Packages/com.unity.xr.core-utils/Runtime/XROrigin.cs - Importer: ScriptedImporter/UnityEditor.QuickSearchModule:UnityEditor.Search:ASIAI0B -> (ImportResultId: '6fe24e028e2a925da920a2faab0fde65') in 0.001860917 seconds
[Worker0] Imported GUID: 8c1cd2953a621294593c8424a464d578 - Path: Packages/com.unity.xr.core-utils/Editor/CapabilityProfile/Dictionary/CapabilityKeysDefinition.cs - Importer: ScriptedImporter/UnityEditor.QuickSearchModule:UnityEditor.Search:ASIAI0B -> (ImportResultId: '817a43e5cc650ed01d180261142969b8') in 0.002359583 seconds
[Worker0] Imported GUID: 4006c03e10483472685ea4284f73055f - Path: Packages/com.unity.xr.core-utils/Editor/EditorPrefsUtils.cs - Importer: ScriptedImporter/UnityEditor.QuickSearchModule:UnityEditor.Search:ASIAI0B -> (ImportResultId: '29d449637557c1c3f5c52dcfb409eda4') in 0.003160666 seconds
[Worker0] Imported GUID: 77c19ca0f79b44f3f9676efea35425d1 - Path: Packages/com.unity.xr.core-utils/Runtime/Extensions/MonoBehaviourExtensions.cs - Importer: ScriptedImporter/UnityEditor.QuickSearchModule:UnityEditor.Search:ASIAI0B -> (ImportResultId: '670271804e42bd148aa84199ec97bc14') in 0.002771791 seconds
[Worker0] Imported GUID: 3985d44688bb0d44696a49e9c1f77074 - Path: Packages/com.unity.xr.core-utils/Runtime/CapabilityProfile - Importer: ScriptedImporter/UnityEditor.QuickSearchModule:UnityEditor.Search:ASIAI0B -> (ImportResultId: '5683a12e11526137168af8d18812c73a') in 0.002046958 seconds
[Worker0] Imported GUID: 003ef503999604566b6c94a6b9fa4e5f - Path: Packages/com.unity.xr.core-utils/Tests/Editor/XRCoreUtilities/QuaternionExtensionsTests.cs - Importer: ScriptedImporter/UnityEditor.QuickSearchModule:UnityEditor.Search:ASIAI0B -> (ImportResultId: '70a9be44fecf48a47b771685ea48eaf7') in 0.001599625 seconds
[Worker0] Imported GUID: dc2befcfbdba54cc1af22e20e1c4fb61 - Path: Packages/com.unity.xr.core-utils/Editor/Analytics/EditorAnalyticsEvent.cs - Importer: ScriptedImporter/UnityEditor.QuickSearchModule:UnityEditor.Search:ASIAI0B -> (ImportResultId: '63acdc0cbdd62b888c175f62af624051') in 0.001615833 seconds
[Worker0] Imported GUID: da06c8b7da54b44cfba8b42d206be064 - Path: Packages/com.unity.xr.core-utils/Editor/ProjectValidation/ProjectValidationSettingsProvider.cs - Importer: ScriptedImporter/UnityEditor.QuickSearchModule:UnityEditor.Search:ASIAI0B -> (ImportResultId: 'd123f5cdff4c140f0662d2d935209d95') in 0.002647125 seconds
[Worker0] Imported GUID: 3ff8e099033239542a4d9e3d3b4d21ab - Path: Packages/com.unity.xr.management/Tests/TestPackage - Importer: ScriptedImporter/UnityEditor.QuickSearchModule:UnityEditor.Search:ASIAI0B -> (ImportResultId: '43a4c76e09d4bcdd3e0d3e7eb55552b3') in 0.002052667 seconds
[Worker0] Imported GUID: 2347e1b1823e47c08eff7191fda9e354 - Path: Packages/com.unity.xr.core-utils/Runtime/Bindings/EventBinding.cs - Importer: ScriptedImporter/UnityEditor.QuickSearchModule:UnityEditor.Search:ASIAI0B -> (ImportResultId: 'acac5c16ca12a6840103cbf11f9244b7') in 0.001605125 seconds
[Worker0] Imported GUID: 3b34a109dca7f438ba5b953052547fa0 - Path: Packages/com.unity.xr.core-utils/Editor - Importer: ScriptedImporter/UnityEditor.QuickSearchModule:UnityEditor.Search:ASIAI0B -> (ImportResultId: '5d94e7b630b6b62cd7e4a3b67d2361a7') in 0.001491459 seconds
[Worker0] Imported GUID: 174dd372073128d46a2d10d2daaf414f - Path: Packages/com.unity.xr.management/Tests/TestTooling/Unity.XR.TestSupport.asmdef - Importer: ScriptedImporter/UnityEditor.QuickSearchModule:UnityEditor.Search:ASIAI0B -> (ImportResultId: 'c0a6329e87b07895a28c10ae29acf731') in 0.002037875 seconds
[Worker0] Imported GUID: b054e4ef38291b542aed12bfba2ddf07 - Path: Packages/com.unity.xr.core-utils/Runtime/CapabilityProfile/Dictionary/CapabilityDictionary.cs - Importer: ScriptedImporter/UnityEditor.QuickSearchModule:UnityEditor.Search:ASIAI0B -> (ImportResultId: 'c5c99762da9db397b9b1742511ee34ba') in 0.001518416 seconds
[Worker0] Imported GUID: af3eeb05b5023df4f9a0c43e69c89318 - Path: Packages/com.unity.xr.core-utils/Runtime/CapabilityProfile/CapabilityProfile.cs - Importer: ScriptedImporter/UnityEditor.QuickSearchModule:UnityEditor.Search:ASIAI0B -> (ImportResultId: 'c641d68cbb0d1131758a638ec06d6cb3') in 0.001402083 seconds
[Worker0] Imported GUID: f054bb8325ac45040b14bf8bd85066f2 - Path: Packages/com.unity.xr.management/Tests/Editor/PackageManagementTests.cs - Importer: ScriptedImporter/UnityEditor.QuickSearchModule:UnityEditor.Search:ASIAI0B -> (ImportResultId: 'b9720428cc7869917134e852b1c204e0') in 0.002489333 seconds
[Worker0] Imported GUID: 8fe979d5973bf424080cd97a9917fb53 - Path: Packages/com.unity.xr.management/Editor/XRCustomLoaderUIManager.cs - Importer: ScriptedImporter/UnityEditor.QuickSearchModule:UnityEditor.Search:ASIAI0B -> (ImportResultId: '59ddcba6d12c4402677e435fcec6e839') in 0.001729458 seconds
[Worker0] Imported GUID: b37f1a0baeea04f6d847fe737e1f6b7b - Path: Packages/com.unity.xr.core-utils/Tests/Editor/XRCoreUtilities/TypeExtensionsTests.cs - Importer: ScriptedImporter/UnityEditor.QuickSearchModule:UnityEditor.Search:ASIAI0B -> (ImportResultId: '65ce7d32fba833fc04e7ca560b01b112') in 0.001545125 seconds
[Worker0] Imported GUID: 0ed2122ec3d57864e862de5fb40f7eae - Path: Packages/com.unity.xr.legacyinputhelpers/Tests/Runtime/TrackedPoseDriver/UnityEngine.SpatialTracking.Tests.asmdef - Importer: ScriptedImporter/UnityEditor.QuickSearchModule:UnityEditor.Search:ASIAI0B -> (ImportResultId: '6aa0345729f05cec66bcb951111602b0') in 0.002394917 seconds
[Worker0] Imported GUID: fe5c30c1d5f39024cb890d87f6eea1a6 - Path: Packages/com.unity.xr.legacyinputhelpers/Editor/TrackedPoseDriver - Importer: ScriptedImporter/UnityEditor.QuickSearchModule:UnityEditor.Search:ASIAI0B -> (ImportResultId: 'f20967f904d28c8d5e630217114d2c20') in 0.001580125 seconds
[Worker0] Imported GUID: 512b5ce46e6094261b398793e1efd1ff - Path: Packages/com.unity.xr.core-utils/Tests/Runtime/Scripts - Importer: ScriptedImporter/UnityEditor.QuickSearchModule:UnityEditor.Search:ASIAI0B -> (ImportResultId: '4eca89f1ab1c03ee1221a25e29613f0d') in 0.001206334 seconds
[Worker0] Imported GUID: fdb486bdadc974172af71a77878d57c7 - Path: Packages/com.unity.xr.core-utils/Runtime/TextureUtils.cs - Importer: ScriptedImporter/UnityEditor.QuickSearchModule:UnityEditor.Search:ASIAI0B -> (ImportResultId: 'b3d53cb7058adbf4a5912dc8dd897334') in 0.001777125 seconds
[Worker0] Imported GUID: 9e7ca530b84ee45eeb6a93e76c89135c - Path: Packages/com.unity.xr.core-utils/Runtime/Extensions/CameraExtensions.cs - Importer: ScriptedImporter/UnityEditor.QuickSearchModule:UnityEditor.Search:ASIAI0B -> (ImportResultId: '98c93c5f5393eaa5b22710d49d56e6a4') in 0.00213175 seconds
[Worker0] Imported GUID: c0a94b5e5b3401d40984b1aff6cb2e14 - Path: Packages/com.unity.xr.core-utils/Editor/Datums/IntDatumPropertyDrawer.cs - Importer: ScriptedImporter/UnityEditor.QuickSearchModule:UnityEditor.Search:ASIAI0B -> (ImportResultId: '03fb9e16056fe969233ca0f36207fd98') in 0.001455292 seconds
[Worker0] Imported GUID: dc960734dc080426fa6612f1c5fe95f3 - Path: Packages/com.unity.xr.core-utils/Runtime/Unity.XR.CoreUtils.asmdef - Importer: ScriptedImporter/UnityEditor.QuickSearchModule:UnityEditor.Search:ASIAI0B -> (ImportResultId: '079c3a61c027536847db906b68c6dfa3') in 0.001758666 seconds
[Worker0] Imported GUID: 902f21a0d518a402d89f7bb511532e2f - Path: Packages/com.unity.xr.core-utils/Runtime/Extensions/BoundsExtensions.cs - Importer: ScriptedImporter/UnityEditor.QuickSearchModule:UnityEditor.Search:ASIAI0B -> (ImportResultId: 'a8b98c9a3f9a37611c8ba425cb807967') in 0.001592417 seconds
[Worker0] Imported GUID: f2052235d412b9845bcb42de2b6ec306 - Path: Packages/com.unity.xr.management/Editor/XRGeneralSettingsUpgrade.cs - Importer: ScriptedImporter/UnityEditor.QuickSearchModule:UnityEditor.Search:ASIAI0B -> (ImportResultId: '0f9f2c3e48e7527e704beeadebe06915') in 0.00121175 seconds
[Worker0] Imported GUID: 81b4aa850da6b0e47be8180dfdbca4f6 - Path: Packages/com.unity.xr.management/Editor/XRCustomLoaderUI.cs - Importer: ScriptedImporter/UnityEditor.QuickSearchModule:UnityEditor.Search:ASIAI0B -> (ImportResultId: 'c992eb505e19d6004d5e48754a75da36') in 0.001210125 seconds
[Worker0] Imported GUID: 7070354fd57a74c118e1ca1a5be0ddbd - Path: Packages/com.unity.xr.core-utils/Tests - Importer: ScriptedImporter/UnityEditor.QuickSearchModule:UnityEditor.Search:ASIAI0B -> (ImportResultId: '83d45e9057b1c0e019110d97770df621') in 0.001240792 seconds
[Worker0] Imported GUID: c270717213d3f48f59cfd8b720bedecf - Path: Packages/com.unity.xr.core-utils/Runtime/GUI - Importer: ScriptedImporter/UnityEditor.QuickSearchModule:UnityEditor.Search:ASIAI0B -> (ImportResultId: '80180e65e2a7dd3256e7e979915dfe4f') in 0.001317875 seconds
[Worker0] Imported GUID: 5214b96c71282412dbc95a42b13d6226 - Path: Packages/com.unity.xr.core-utils/Editor/GUI/FlagsPropertyDrawer.cs - Importer: ScriptedImporter/UnityEditor.QuickSearchModule:UnityEditor.Search:ASIAI0B -> (ImportResultId: 'e9a031426fa867b745f5e475a2bb6763') in 0.002349958 seconds
[Worker0] Imported GUID: baf06bf299ee548a2a569f8ba13c9bcd - Path: Packages/com.unity.xr.core-utils/Runtime/Attributes/ScriptableSettingsPathAttribute.cs - Importer: ScriptedImporter/UnityEditor.QuickSearchModule:UnityEditor.Search:ASIAI0B -> (ImportResultId: 'd95d9b2e66cbd4804d0b3864a88dea85') in 0.001800541 seconds
[Worker0] Imported GUID: 673fc24707a94c16b0680813a80b298a - Path: Packages/com.unity.xr.core-utils/Runtime/Bindings - Importer: ScriptedImporter/UnityEditor.QuickSearchModule:UnityEditor.Search:ASIAI0B -> (ImportResultId: '42ee4c2c0a4e33447bbefce4d070b3a5') in 0.001627584 seconds
[Worker0] Imported GUID: 52c867deb3832554c84dc4202bd47258 - Path: Packages/com.unity.xr.legacyinputhelpers/Editor/UnityEditor.XR.LegacyInputHelpers.asmdef - Importer: ScriptedImporter/UnityEditor.QuickSearchModule:UnityEditor.Search:ASIAI0B -> (ImportResultId: 'fdbd448c214d68fa934725b55d4880d7') in 0.001827833 seconds
[Worker0] Imported GUID: 0a2131d7629b4e90b187ef2249434178 - Path: Packages/com.unity.xr.core-utils/Runtime/Bindings/Variables - Importer: ScriptedImporter/UnityEditor.QuickSearchModule:UnityEditor.Search:ASIAI0B -> (ImportResultId: '294a6fe5b1240460ed76a68a63bda0c4') in 0.001353292 seconds
[Worker0] Imported GUID: 5e9f162077efb1f47999f145871d9097 - Path: Packages/com.unity.xr.core-utils/Runtime/CapabilityProfile/Dictionary - Importer: ScriptedImporter/UnityEditor.QuickSearchModule:UnityEditor.Search:ASIAI0B -> (ImportResultId: '7970eaca4d0f54f3ae7c666a5da07baf') in 0.001477208 seconds
[Worker0] Imported GUID: 3091c54c6bc1d4d5f84fef874bd22c5a - Path: Packages/com.unity.xr.core-utils/Runtime/ARTrackablesParentTransformChangedEventArgs.cs - Importer: ScriptedImporter/UnityEditor.QuickSearchModule:UnityEditor.Search:ASIAI0B -> (ImportResultId: 'deeb119373c6eb19bfbd2a2555c372d7') in 0.001400917 seconds
[Worker0] Imported GUID: f5020ebb9f8898c40a3b02af96a06b0a - Path: Packages/com.unity.xr.management/Tests/Runtime/RuntimeLoaderTests.cs - Importer: ScriptedImporter/UnityEditor.QuickSearchModule:UnityEditor.Search:ASIAI0B -> (ImportResultId: '09e00fb0603e4d51b9504bd5c538e327') in 0.00158875 seconds
[Worker0] Imported GUID: e5ec5f9a418bb4b48b411b4ad9c0d26a - Path: Packages/com.unity.xr.core-utils/Runtime/MathUtility.cs - Importer: ScriptedImporter/UnityEditor.QuickSearchModule:UnityEditor.Search:ASIAI0B -> (ImportResultId: '18f5d79226c340425caf9d288f5b249c') in 0.0013775 seconds
[Worker0] Imported GUID: d9619e68605d1439eb49319b2d076662 - Path: Packages/com.unity.xr.core-utils/Tests/Runtime/Unity.XR.CoreUtils.Tests.asmdef - Importer: ScriptedImporter/UnityEditor.QuickSearchModule:UnityEditor.Search:ASIAI0B -> (ImportResultId: '1aeeb5e17347f8e881b3ae6a0bced106') in 0.00210775 seconds
[Worker0] Imported GUID: c853c94f681311649b0271cf8533db45 - Path: Packages/com.unity.xr.core-utils/Editor/Analytics/CoreUtilsAnalytics/CoreUtilsAnalytics.cs - Importer: ScriptedImporter/UnityEditor.QuickSearchModule:UnityEditor.Search:ASIAI0B -> (ImportResultId: '4caae7b73a8eca5891db75ebaec5b65f') in 0.001972167 seconds
[Worker0] Imported GUID: 9e7df4d0693d3c849843e2ab19c172cb - Path: Packages/com.unity.xr.core-utils/Runtime/Datums/Datum.cs - Importer: ScriptedImporter/UnityEditor.QuickSearchModule:UnityEditor.Search:ASIAI0B -> (ImportResultId: '17468e6853c2895e4b6d1c296dd332a4') in 0.001595 seconds
[Worker0] Imported GUID: a4f5a6cbd6c24c82af4b4ea747b76ef4 - Path: Packages/com.unity.xr.core-utils/Tests/Editor/XRCoreUtilities/PackageVersionTests.cs - Importer: ScriptedImporter/UnityEditor.QuickSearchModule:UnityEditor.Search:ASIAI0B -> (ImportResultId: '245ef221b4e0d0fcd8d0a3d8ac2c67ff') in 0.001306416 seconds
[Worker0] Imported GUID: 10f0a397e079845a386e3374b2cdb655 - Path: Packages/com.unity.xr.core-utils/Editor/GUI - Importer: ScriptedImporter/UnityEditor.QuickSearchModule:UnityEditor.Search:ASIAI0B -> (ImportResultId: 'b8c4a3d3ea8ddc1d7cc0b0fc53cb868c') in 0.001303458 seconds
[Worker0] Imported GUID: 4c784d820354d455f9061b21127468b2 - Path: Packages/com.unity.xr.core-utils/Tests/Runtime/Scenes - Importer: ScriptedImporter/UnityEditor.QuickSearchModule:UnityEditor.Search:ASIAI0B -> (ImportResultId: '51a7dcf6f56497cf856109763e5a7257') in 0.001161542 seconds
[Worker0] Imported GUID: b86fcb497e00a403cb7ff203982f7ff3 - Path: Packages/com.unity.xr.core-utils/Runtime/Extensions/QuaternionExtensions.cs - Importer: ScriptedImporter/UnityEditor.QuickSearchModule:UnityEditor.Search:ASIAI0B -> (ImportResultId: '287816fab476690ef88f3ed95294e19b') in 0.001296 seconds
[Worker0] Imported GUID: a01285314f691c540930d22a6a820b09 - Path: Packages/com.unity.xr.management/Editor/XRPackageInitializationSettings.cs - Importer: ScriptedImporter/UnityEditor.QuickSearchModule:UnityEditor.Search:ASIAI0B -> (ImportResultId: '6c5ceeb63aa923df6a81968e9f899060') in 0.001427291 seconds
[Worker0] Imported GUID: ced37f4c4700b454da463e2fb217245e - Path: Packages/com.unity.xr.core-utils/Editor/XROriginEditor.cs - Importer: ScriptedImporter/UnityEditor.QuickSearchModule:UnityEditor.Search:ASIAI0B -> (ImportResultId: 'a41c22e3319fb11b1454b4e34ed3b623') in 0.001264625 seconds
[Worker0] Imported GUID: 5e1b36135b33c425a967edf024cf0128 - Path: Packages/com.unity.xr.core-utils/Tests/Runtime/Scripts/TestImage.cs - Importer: ScriptedImporter/UnityEditor.QuickSearchModule:UnityEditor.Search:ASIAI0B -> (ImportResultId: 'f0a3717b921a262ef4e5e90592c01c92') in 0.002037792 seconds
[Worker0] Imported GUID: 2950d57dafc0eed449fa54e88bc8146c - Path: Packages/com.unity.xr.legacyinputhelpers/Runtime/ArmModels/SwingArmModel.cs - Importer: ScriptedImporter/UnityEditor.QuickSearchModule:UnityEditor.Search:ASIAI0B -> (ImportResultId: '7699b406cb5f3d6d44d5e86b92501c20') in 0.001983458 seconds
[Worker0] Imported GUID: 4d449e9c40fa7439d89b63d0b37ee141 - Path: Packages/com.unity.xr.core-utils/Runtime/Attributes - Importer: ScriptedImporter/UnityEditor.QuickSearchModule:UnityEditor.Search:ASIAI0B -> (ImportResultId: '984be29dd0ba45781f6d7a26e8ba3798') in 0.002514583 seconds
[Worker0] Imported GUID: 51ae3ecff34f5444c9a3c6ba55b9354d - Path: Packages/com.unity.xr.core-utils/Runtime/Extensions/DictionaryExtensions.cs - Importer: ScriptedImporter/UnityEditor.QuickSearchModule:UnityEditor.Search:ASIAI0B -> (ImportResultId: '4b5b442c063463114f4130579933ebcc') in 0.001399708 seconds
[Worker0] Imported GUID: 0396fcddcf52f4628b25b5b25d1ed4cd - Path: Packages/com.unity.xr.core-utils/Editor/GUI/ReadOnlyPropertyDrawer.cs - Importer: ScriptedImporter/UnityEditor.QuickSearchModule:UnityEditor.Search:ASIAI0B -> (ImportResultId: 'ab317f2ee2de07e35bf13542268ed200') in 0.001279792 seconds
[Worker0] Imported GUID: 3d53ee15b96134ef5aa193409bc3d4c0 - Path: Packages/com.unity.xr.core-utils/Tests/Editor/CodeSamples/Unity.XR.CoreUtils.CodeSamples.Tests.asmdef - Importer: ScriptedImporter/UnityEditor.QuickSearchModule:UnityEditor.Search:ASIAI0B -> (ImportResultId: '2044c2d54b2ed014ed1e0946c4b949ea') in 0.002249666 seconds
[Worker0] Imported GUID: ef7880c5c5f2841328a530d7262878cd - Path: Packages/com.unity.xr.core-utils/Editor/EditorScriptableSettings.cs - Importer: ScriptedImporter/UnityEditor.QuickSearchModule:UnityEditor.Search:ASIAI0B -> (ImportResultId: '3a7192925dbd83b467ee663085a95c4a') in 0.001926584 seconds
[Worker0] Imported GUID: b13a1d1dfb13f1b489a0ff5612f36f29 - Path: Packages/com.unity.xr.legacyinputhelpers/Editor/TrackedPoseDriver/UnityEditor.SpatialTracking.asmdef - Importer: ScriptedImporter/UnityEditor.QuickSearchModule:UnityEditor.Search:ASIAI0B -> (ImportResultId: '911d85f88f83af8a09d43bc37af78999') in 0.001633666 seconds
[Worker0] Imported GUID: b6932ac5787dd42bb8e93d6d261efe36 - Path: Packages/com.unity.xr.core-utils/Editor/BuildingBlocks/BuildingBlockUtils.cs - Importer: ScriptedImporter/UnityEditor.QuickSearchModule:UnityEditor.Search:ASIAI0B -> (ImportResultId: 'ce4f29144dc8a8bec1a98485d3952e01') in 0.002698416 seconds
[Worker0] Imported GUID: 98e0dda43eb244fd9830176651582100 - Path: Packages/com.unity.xr.core-utils/Runtime/MaterialUtils.cs - Importer: ScriptedImporter/UnityEditor.QuickSearchModule:UnityEditor.Search:ASIAI0B -> (ImportResultId: '47f4661c49c869d1052154927ce30af1') in 0.001516375 seconds
[Worker0] Imported GUID: b944e5884aa75f549a87606d9950c438 - Path: Packages/com.unity.xr.core-utils/Editor/Datums/FloatDatumPropertyDrawer.cs - Importer: ScriptedImporter/UnityEditor.QuickSearchModule:UnityEditor.Search:ASIAI0B -> (ImportResultId: 'e956437682d3dae4fb16cb850cdcf541') in 0.001377458 seconds
[Worker0] Imported GUID: af95304551284402e88c3572cb79adff - Path: Packages/com.unity.xr.core-utils/Tests/Editor/XRCoreUtilities/MaterialUtilsTests.cs - Importer: ScriptedImporter/UnityEditor.QuickSearchModule:UnityEditor.Search:ASIAI0B -> (ImportResultId: '5df15665addb241cf2a2e2d9b612fecd') in 0.001339209 seconds
[Worker0] Imported GUID: 03211554c2123f14daed283df080d9e3 - Path: Packages/com.unity.xr.core-utils/Tests/Runtime/Scripts/HashSetListTests.cs - Importer: ScriptedImporter/UnityEditor.QuickSearchModule:UnityEditor.Search:ASIAI0B -> (ImportResultId: '7129a6b1150b7b7dc8c89c59e4a00734') in 0.0020745 seconds
[Worker0] Imported GUID: 7c10d3b41bac78a469f53bbd88046bdb - Path: Packages/com.unity.xr.management/Tests/StandaloneSubsystem - Importer: ScriptedImporter/UnityEditor.QuickSearchModule:UnityEditor.Search:ASIAI0B -> (ImportResultId: 'c07cfd0412b219cab503884b127cf3a2') in 0.001429209 seconds
[Worker0] Imported GUID: 7bd4bb5117474fa5bce248555c318af2 - Path: Packages/com.unity.xr.core-utils/Runtime/Collections/IReadOnlySet.cs - Importer: ScriptedImporter/UnityEditor.QuickSearchModule:UnityEditor.Search:ASIAI0B -> (ImportResultId: '9008b5ddd16af0da9801dc2cb2476e36') in 0.001497417 seconds
[Worker0] Imported GUID: 3c59c7f9122b542d39513f74f86943b2 - Path: Packages/com.unity.xr.core-utils/Runtime/SerializableGuidUtil.cs - Importer: ScriptedImporter/UnityEditor.QuickSearchModule:UnityEditor.Search:ASIAI0B -> (ImportResultId: 'ee763775995d33c548295fae2a89e2de') in 0.001477375 seconds
[Worker0] Imported GUID: 2c6a33a196c8460f8670e80691015a1f - Path: Packages/com.unity.xr.core-utils/Runtime/Collections/HashSetList.cs - Importer: ScriptedImporter/UnityEditor.QuickSearchModule:UnityEditor.Search:ASIAI0B -> (ImportResultId: '1dde2e5290e4c1ca9fa9d95dd469f367') in 0.001451166 seconds
[Worker0] Imported GUID: 45e5e12ffcaf7fe4181677c973b8e373 - Path: Packages/com.unity.xr.core-utils/Editor/BuildingBlocks/BuildingBlockOverlay.uss - Importer: ScriptedImporter/UnityEditor.QuickSearchModule:UnityEditor.Search:ASIAI0B -> (ImportResultId: '79dec08378513f30e939d625bfac83a7') in 0.007661459 seconds
[Worker0] Imported GUID: b1bd9a41ba8a9a840b5ecfef864b9be0 - Path: Packages/com.unity.xr.legacyinputhelpers/Third Party Notices.md - Importer: ScriptedImporter/UnityEditor.QuickSearchModule:UnityEditor.Search:ASIAI0B -> (ImportResultId: '7799220251ddd1367f0491abbee5da4d') in 0.00196725 seconds
[Worker0] Imported GUID: 5b22507be13dc4c168717c2a2e46ac6e - Path: Packages/com.unity.xr.core-utils/Runtime/Extensions/CollectionExtensions.cs - Importer: ScriptedImporter/UnityEditor.QuickSearchModule:UnityEditor.Search:ASIAI0B -> (ImportResultId: '2ff17a6e8b18a9cdc69843ea079b8e6e') in 0.001631666 seconds
[Worker0] Imported GUID: 61d17e67f4e2b47498af48d245ce19e9 - Path: Packages/com.unity.xr.core-utils/Editor/Analytics/CoreUtilsAnalytics/ProjectValidationUsageEvent.cs - Importer: ScriptedImporter/UnityEditor.QuickSearchModule:UnityEditor.Search:ASIAI0B -> (ImportResultId: '038caa3ca25a94556f1879c1851c3cea') in 0.002188125 seconds
[Worker0] Imported GUID: d4a077986e7084c04907c52d6532eeb9 - Path: Packages/com.unity.xr.core-utils/Tests/Runtime/Scripts/PerformanceTestBase.cs - Importer: ScriptedImporter/UnityEditor.QuickSearchModule:UnityEditor.Search:ASIAI0B -> (ImportResultId: '8b0648fb43445261d61588abc8e24351') in 0.00192725 seconds
[Worker0] Imported GUID: 0a731f4d44d04439bb291bdbaa8cb9fc - Path: Packages/com.unity.xr.management/Tests/Runtime/Unity.XR.Management.Tests.asmdef - Importer: ScriptedImporter/UnityEditor.QuickSearchModule:UnityEditor.Search:ASIAI0B -> (ImportResultId: 'db1db4a14e71a9016be1b427df3caeac') in 0.001954334 seconds
[Worker0] Imported GUID: f2ea711be2d6a448c96a11e2f28c469b - Path: Packages/com.unity.xr.core-utils/Runtime/GUI/ScreenGUIUtils.cs - Importer: ScriptedImporter/UnityEditor.QuickSearchModule:UnityEditor.Search:ASIAI0B -> (ImportResultId: '77612a389fa1a68913ea51aa0ffe4987') in 0.001661125 seconds
[Worker0] Imported GUID: 3103627535e89f24bba53cdf46fd3c03 - Path: Packages/com.unity.xr.management/Tests/TestPackage/Runtime - Importer: ScriptedImporter/UnityEditor.QuickSearchModule:UnityEditor.Search:ASIAI0B -> (ImportResultId: '731419c7910be4605ee27c5b3f9604e4') in 0.001514375 seconds
[Worker0] Imported GUID: b9305ba4c18ed014ca21b12059ff734a - Path: Packages/com.unity.xr.legacyinputhelpers/Editor/SeedXRInputBindings - Importer: ScriptedImporter/UnityEditor.QuickSearchModule:UnityEditor.Search:ASIAI0B -> (ImportResultId: '0450d7d8365d49e55f19ad6cd693cfc8') in 0.001442041 seconds
[Worker0] Imported GUID: 76cdf9ab732c34a4dabcb0135fccbd6e - Path: Packages/com.unity.xr.core-utils/Tests/Runtime/Scripts/PointInPolygonPerformanceTest.cs - Importer: ScriptedImporter/UnityEditor.QuickSearchModule:UnityEditor.Search:ASIAI0B -> (ImportResultId: '9f80dd9a3057d6934455772e8ce481a3') in 0.001542541 seconds
[Worker0] Imported GUID: 38ca4053ebf8da44daa4736081117489 - Path: Packages/com.unity.xr.management/Tests/TestPackage/Editor/TestPackageMetadata.cs - Importer: ScriptedImporter/UnityEditor.QuickSearchModule:UnityEditor.Search:ASIAI0B -> (ImportResultId: 'd896b38673fe78649a70459a503aa1a5') in 0.001682583 seconds
[Worker0] Imported GUID: 29567b47ec8ab4bee8ade2c315334efc - Path: Packages/com.unity.xr.core-utils/Tests/Editor/XRCoreUtilities/MonoBehaviourExtensionsTests.cs - Importer: ScriptedImporter/UnityEditor.QuickSearchModule:UnityEditor.Search:ASIAI0B -> (ImportResultId: '9de54e9c43520a7ffc0f14e596e633d5') in 0.001428584 seconds
[Worker0] Imported GUID: 4a77633e6daf24a45994d8aae1b52268 - Path: Packages/com.unity.xr.legacyinputhelpers/Runtime/TrackedPoseDriver/AssemblyInfo.cs - Importer: ScriptedImporter/UnityEditor.QuickSearchModule:UnityEditor.Search:ASIAI0B -> (ImportResultId: 'edce6c7a421514a1cbbfffd4ea2623a3') in 0.001379375 seconds
[Worker0] Imported GUID: 560173b5d82fe47609630b6772250a14 - Path: Packages/com.unity.xr.core-utils/Runtime/GameObjectUtils.cs - Importer: ScriptedImporter/UnityEditor.QuickSearchModule:UnityEditor.Search:ASIAI0B -> (ImportResultId: '47f35c78aad1c58639bfeabd2e78031d') in 0.001546125 seconds
[Worker0] Imported GUID: 6c0033d55de8fca468f3e4fb9a2a0858 - Path: Packages/com.unity.xr.core-utils/Editor/CapabilityProfile - Importer: ScriptedImporter/UnityEditor.QuickSearchModule:UnityEditor.Search:ASIAI0B -> (ImportResultId: '613cbd025e060af6913601b1c6d453ff') in 0.00123225 seconds
[Worker0] Imported GUID: a65c6d9b4fa97644c896e9382fe5226f - Path: Packages/com.unity.xr.management/Runtime/XRManagementAnalytics.cs - Importer: ScriptedImporter/UnityEditor.QuickSearchModule:UnityEditor.Search:ASIAI0B -> (ImportResultId: '615eb49aa838b293bbb9817a26f9fc68') in 0.001215084 seconds
[Worker0] Imported GUID: a672fde8855a47ed910e013b2e514e7f - Path: Packages/com.unity.xr.core-utils/Tests/Runtime/BindableVariablesTests.cs - Importer: ScriptedImporter/UnityEditor.QuickSearchModule:UnityEditor.Search:ASIAI0B -> (ImportResultId: 'cf68c586c54a741d9818760a6e22ce31') in 0.001290958 seconds
[Worker0] Imported GUID: a500e1fea16b2fa43b644ddf59175b68 - Path: Packages/com.unity.xr.management/Tests/TestTooling/ManagementTestSetup.cs - Importer: ScriptedImporter/UnityEditor.QuickSearchModule:UnityEditor.Search:ASIAI0B -> (ImportResultId: '023a5c13fbc49dfc6c88072bf0b11e54') in 0.00114525 seconds
[Worker0] Imported GUID: 977e9b8021ded4d3da55f15496808190 - Path: Packages/com.unity.xr.core-utils/Runtime/UndoBlock.cs - Importer: ScriptedImporter/UnityEditor.QuickSearchModule:UnityEditor.Search:ASIAI0B -> (ImportResultId: '31fc6e035121b3760c574a1103cd87bb') in 0.001006625 seconds
[Worker0] Imported GUID: 80f13ca010bb8b94c8ba3e12c0cb4420 - Path: Packages/com.unity.xr.core-utils/Editor/CapabilityProfile/Dictionary/Drawers - Importer: ScriptedImporter/UnityEditor.QuickSearchModule:UnityEditor.Search:ASIAI0B -> (ImportResultId: '0187100383d7d629bda78bf7cd373d91') in 0.002441458 seconds
[Worker0] Imported GUID: 9827676ef5f18a44e878c6754e9ea67a - Path: Packages/com.unity.xr.management/Tests/TestPackage/Runtime/TestLoaderOne.cs - Importer: ScriptedImporter/UnityEditor.QuickSearchModule:UnityEditor.Search:ASIAI0B -> (ImportResultId: 'e935ebe1981bd42235af5926354472fb') in 0.001655209 seconds
[Worker0] Imported GUID: a6b025db892bd1c45836749411bbb6f2 - Path: Packages/com.unity.xr.management/Tests/TestTooling - Importer: ScriptedImporter/UnityEditor.QuickSearchModule:UnityEditor.Search:ASIAI0B -> (ImportResultId: '0fc7994c00f6e51f1fa24b5034188744') in 0.001337792 seconds
[Worker0] Imported GUID: 67414a882cddb8f43a0c083553468ae4 - Path: Packages/com.unity.xr.legacyinputhelpers/README.md - Importer: ScriptedImporter/UnityEditor.QuickSearchModule:UnityEditor.Search:ASIAI0B -> (ImportResultId: '08f613c1b06c0890704d01727e291a68') in 0.001431667 seconds
[Worker0] Imported GUID: 2bfa55239903b4b579b791c9a165a7a7 - Path: Packages/com.unity.xr.core-utils/Runtime/DebugDraw.cs - Importer: ScriptedImporter/UnityEditor.QuickSearchModule:UnityEditor.Search:ASIAI0B -> (ImportResultId: '12896601492ed2c9dc275bcd59b1503e') in 0.001336667 seconds
[Worker0] Imported GUID: b84b417cbb144b6e9ed1893717f2a7b5 - Path: Packages/com.unity.xr.core-utils/Runtime/Bindings/BindingsGroup.cs - Importer: ScriptedImporter/UnityEditor.QuickSearchModule:UnityEditor.Search:ASIAI0B -> (ImportResultId: '40515a680ad6a2ff2e484f01a6e3c334') in 0.001363292 seconds
[Worker0] Imported GUID: 4ddd23ea56a3a40f0aa0036d1624a53e - Path: Packages/com.unity.xr.core-utils/Editor/Unity.XR.CoreUtils.Editor.asmdef - Importer: ScriptedImporter/UnityEditor.QuickSearchModule:UnityEditor.Search:ASIAI0B -> (ImportResultId: 'f3de9639ceb0243502563b35b9917c11') in 0.002383583 seconds
[Worker0] Imported GUID: fac60b1ea386ed14da6c50ad574e0ab0 - Path: Packages/com.unity.xr.management/Editor/AndroidManifest/ManifestRequirement.cs - Importer: ScriptedImporter/UnityEditor.QuickSearchModule:UnityEditor.Search:ASIAI0B -> (ImportResultId: '51fe876b50801962fc3685b71223c6c8') in 0.0017365 seconds
[Worker0] Imported GUID: fd661411ada16794aa7015ddf3778407 - Path: Packages/com.unity.xr.legacyinputhelpers/Editor/ArmModels/ArmModelEditor.cs - Importer: ScriptedImporter/UnityEditor.QuickSearchModule:UnityEditor.Search:ASIAI0B -> (ImportResultId: '3a07cc105b40d1d28a7fce792b0ea7a0') in 0.001470625 seconds
[Worker0] Imported GUID: 92fc3e16f6ad64d1ea2e2e1dafaa094e - Path: Packages/com.unity.xr.core-utils/Tests/Editor/XRCoreUtilities/ComponentUtilsTests.cs - Importer: ScriptedImporter/UnityEditor.QuickSearchModule:UnityEditor.Search:ASIAI0B -> (ImportResultId: 'ae3507814451ef39c249cafdfee4de20') in 0.0012385 seconds
[Worker0] Imported GUID: ca05aff1f90b74f429ab1a0c98f36a37 - Path: Packages/com.unity.xr.legacyinputhelpers/Prefabs - Importer: ScriptedImporter/UnityEditor.QuickSearchModule:UnityEditor.Search:ASIAI0B -> (ImportResultId: 'b1492d84935fa5fe3a3d6142ec54e51a') in 0.001188625 seconds
[Worker0] Imported GUID: d469f69adcddc4b1a91654a826f73b4d - Path: Packages/com.unity.xr.core-utils/Tests/Runtime/Scenes/PointInPolygonPerformanceTest.unity - Importer: ScriptedImporter/UnityEditor.QuickSearchModule:UnityEditor.Search:ASIAI0B -> (ImportResultId: 'd7d04bc8b2ab13b8c818c8e8dd49505f') in 0.001681791 seconds
[Worker0] Imported GUID: 101cdf2d24ab75f4cb29ac9cb47e8209 - Path: Packages/com.unity.xr.management/Editor/AndroidManifest/ManifestElement.cs - Importer: ScriptedImporter/UnityEditor.QuickSearchModule:UnityEditor.Search:ASIAI0B -> (ImportResultId: 'b3fb7e0bc85b90d65d6473a209429b32') in 0.001495583 seconds
[Worker0] Imported GUID: 6895f8ad07949c64f847ed31c87af951 - Path: Packages/com.unity.xr.management/Editor/EditorUtilities.cs - Importer: ScriptedImporter/UnityEditor.QuickSearchModule:UnityEditor.Search:ASIAI0B -> (ImportResultId: '032192821a2ac3d930212d0996cf2ab8') in 0.00123975 seconds
[Worker0] Imported GUID: e40ba710768534012815d3193fa296cb - Path: Packages/com.unity.xr.management/Runtime/Unity.XR.Management.asmdef - Importer: ScriptedImporter/UnityEditor.QuickSearchModule:UnityEditor.Search:ASIAI0B -> (ImportResultId: '28ae34ed5e35955770cd8fe3e6542256') in 0.001558875 seconds
[Worker0] Imported GUID: c82dfa8da12c2485bbc2188e8ba88887 - Path: Packages/com.unity.xr.core-utils/Runtime/Attributes/ReadOnlyAttribute.cs - Importer: ScriptedImporter/UnityEditor.QuickSearchModule:UnityEditor.Search:ASIAI0B -> (ImportResultId: '974a5a194d07ea1aaf93fcb5251c3ea3') in 0.001263167 seconds
[Worker0] Imported GUID: 1a5dbf4215504e2aa854bc3fbd443536 - Path: Packages/com.unity.xr.core-utils/Runtime/Bindings/Variables/BindableVariable.cs - Importer: ScriptedImporter/UnityEditor.QuickSearchModule:UnityEditor.Search:ASIAI0B -> (ImportResultId: '63c149b35231871cf1681a41e8cdcbf7') in 0.001503541 seconds
[Worker0] Imported GUID: 7cbb6fca93034d44a8826718d09db887 - Path: Packages/com.unity.xr.management/Tests/TestPackage/Runtime/TestLoaderThree.cs - Importer: ScriptedImporter/UnityEditor.QuickSearchModule:UnityEditor.Search:ASIAI0B -> (ImportResultId: '96210b97a86a98d8de15f2eade04295e') in 0.001214292 seconds
[Worker0] Imported GUID: eaa9e7576528a487897f3b21f331719e - Path: Packages/com.unity.xr.core-utils/Tests/Editor/XRCoreUtilities/MathUtilityTests.cs - Importer: ScriptedImporter/UnityEditor.QuickSearchModule:UnityEditor.Search:ASIAI0B -> (ImportResultId: 'cba9db052a3ea61be49afc37f35b3142') in 0.001361417 seconds
[Worker0] Imported GUID: 98f5e129a3cd69847bae7685c22fd39b - Path: Packages/com.unity.xr.management/Tests/StandaloneSubsystem/StandaloneLoader.cs - Importer: ScriptedImporter/UnityEditor.QuickSearchModule:UnityEditor.Search:ASIAI0B -> (ImportResultId: '487c63c8674ddce534998d35358e26df') in 0.001326458 seconds
[Worker0] Imported GUID: 321da6f97f3044995bd9c8d4f55e847a - Path: Packages/com.unity.xr.core-utils/Tests/Editor/XRCoreUtilities/UnityObjectUtilsTests.cs - Importer: ScriptedImporter/UnityEditor.QuickSearchModule:UnityEditor.Search:ASIAI0B -> (ImportResultId: 'd3132a4a2c2fee02d21d2f596537d94b') in 0.001255333 seconds
[Worker0] Imported GUID: e42439f4b5dbd1947a2161c0c2969508 - Path: Packages/com.unity.xr.legacyinputhelpers/Editor/CameraOffsetEditor.cs - Importer: ScriptedImporter/UnityEditor.QuickSearchModule:UnityEditor.Search:ASIAI0B -> (ImportResultId: '5451eddd584fd0ae173d3afa207f2e99') in 0.00139175 seconds
[Worker0] Imported GUID: 730faf1c9a6ee8845a923cd20b8c4521 - Path: Packages/com.unity.xr.management/Tests/TestPackage/Editor - Importer: ScriptedImporter/UnityEditor.QuickSearchModule:UnityEditor.Search:ASIAI0B -> (ImportResultId: '407806d15ab912ba16bd8ed7b5c5a5c6') in 0.001348083 seconds
[Worker0] Imported GUID: 1aeaeae5ea31643f89c63fb687563e05 - Path: Packages/com.unity.xr.management/CHANGELOG.md - Importer: ScriptedImporter/UnityEditor.QuickSearchModule:UnityEditor.Search:ASIAI0B -> (ImportResultId: 'c2ad419f08d237331efdc02365a14703') in 0.002325166 seconds
[Worker0] Imported GUID: 3398181587d0cb642a3e1e93d8d1c7b8 - Path: Packages/com.unity.xr.core-utils/Tests/Runtime/Scripts/ListExtensionTests.cs - Importer: ScriptedImporter/UnityEditor.QuickSearchModule:UnityEditor.Search:ASIAI0B -> (ImportResultId: '4fb1c16db3e7aacebee553da81edbc58') in 0.001435125 seconds
[Worker0] Imported GUID: cdbbaacae9c2a9b4ba09caf34ba4ad5e - Path: Packages/com.unity.xr.legacyinputhelpers/Editor - Importer: ScriptedImporter/UnityEditor.QuickSearchModule:UnityEditor.Search:ASIAI0B -> (ImportResultId: '778021cae62d939812174e0f975d9e1b') in 0.001537958 seconds
[Worker0] Imported GUID: 67c6b20ab8216514ba5aedd7898dc1ac - Path: Packages/com.unity.xr.management/Tests/Editor/MetadataTests.cs - Importer: ScriptedImporter/UnityEditor.QuickSearchModule:UnityEditor.Search:ASIAI0B -> (ImportResultId: '4afa0ba22048959ca212e122b5b7763c') in 0.0013085 seconds
[Worker0] Imported GUID: 24f65cd604fa73e4e9dbaa12d1b335e9 - Path: Packages/com.unity.xr.management/Tests/StandaloneSubsystem/StandaloneSubsystem.cs - Importer: ScriptedImporter/UnityEditor.QuickSearchModule:UnityEditor.Search:ASIAI0B -> (ImportResultId: 'a60892d66d9c6c0dfd355099184b11f9') in 0.001895 seconds
[Worker0] Imported GUID: ea5c7c3e409a74fe38cd2a72dea3daa9 - Path: Packages/com.unity.xr.core-utils/Runtime - Importer: ScriptedImporter/UnityEditor.QuickSearchModule:UnityEditor.Search:ASIAI0B -> (ImportResultId: '231ac432a2335e4d4000ab5d5af4c30b') in 0.001512334 seconds
[Worker0] Imported GUID: b4b282a8df6f7e24cbe7c4866f7eb6f8 - Path: Packages/com.unity.xr.management/Tests/Editor/DomainReloadTests.cs - Importer: ScriptedImporter/UnityEditor.QuickSearchModule:UnityEditor.Search:ASIAI0B -> (ImportResultId: '3deb3ada609b378b0ca4ca749fb00d39') in 0.001261 seconds
[Worker0] Imported GUID: b36ce56e013f54ead8c1e0b003430c09 - Path: Packages/com.unity.xr.core-utils/Runtime/BoundsUtils.cs - Importer: ScriptedImporter/UnityEditor.QuickSearchModule:UnityEditor.Search:ASIAI0B -> (ImportResultId: 'a2f3c79a9804c51e8d619d5588a0be8b') in 0.003435625 seconds
[Worker0] Imported GUID: eca7ba6d7e1b88845960a98f39f5d381 - Path: Packages/com.unity.xr.management/Editor/XRLoaderInfo.cs - Importer: ScriptedImporter/UnityEditor.QuickSearchModule:UnityEditor.Search:ASIAI0B -> (ImportResultId: 'a0404bb1577c847b994bf3cfada748dc') in 0.002387333 seconds
[Worker0] Imported GUID: 8227b7d99b019a14e9c7252c25cfcdc2 - Path: Packages/com.unity.xr.management/Tests/Editor/StandaloneSubsystemTests.cs - Importer: ScriptedImporter/UnityEditor.QuickSearchModule:UnityEditor.Search:ASIAI0B -> (ImportResultId: '52822e2a3489f7d975f3fe09bf07fdef') in 0.001552166 seconds
[Worker0] Imported GUID: aec4152e292274c7c92643fd0ef552f5 - Path: Packages/com.unity.xr.core-utils/Editor/ProjectValidation/PackageVersionUtility.cs - Importer: ScriptedImporter/UnityEditor.QuickSearchModule:UnityEditor.Search:ASIAI0B -> (ImportResultId: '147474500fa493365a7eb92040154b3c') in 0.0014375 seconds
[Worker0] Imported GUID: 5a2a9c34df4095f47b9ca8f975175f5b - Path: Packages/com.unity.xr.legacyinputhelpers/Runtime/TrackedPoseDriver/TrackedPoseDriver.cs - Importer: ScriptedImporter/UnityEditor.QuickSearchModule:UnityEditor.Search:ASIAI0B -> (ImportResultId: '2e1476394e6a8e8c2001d4bbe45ef7fd') in 0.001188625 seconds
[Worker0] Imported GUID: e29fc012294464dad877219a81ae9883 - Path: Packages/com.unity.xr.core-utils/Runtime/ScriptableSettings.cs - Importer: ScriptedImporter/UnityEditor.QuickSearchModule:UnityEditor.Search:ASIAI0B -> (ImportResultId: '82b7798ee8d483963ce1ed363338134c') in 0.001209292 seconds
[Worker0] Imported GUID: 7e06b1f10d7442fbbaacbcc6721da784 - Path: Packages/com.unity.xr.core-utils/Runtime/Bindings/Variables/IReadOnlyBindableVariable.cs - Importer: ScriptedImporter/UnityEditor.QuickSearchModule:UnityEditor.Search:ASIAI0B -> (ImportResultId: 'be68490711f7c8e7e390f0d2efd59ea0') in 0.002156209 seconds
[Worker0] Imported GUID: df87b8ca952c4237a56616db9c1b221e - Path: Packages/com.unity.xr.core-utils/Tests/Editor/XRCoreUtilities/AwaitableUtilsTests.cs - Importer: ScriptedImporter/UnityEditor.QuickSearchModule:UnityEditor.Search:ASIAI0B -> (ImportResultId: '6f3ba898abba6489ddeb0948b432e3f6') in 0.002698208 seconds
[Worker0] Imported GUID: 49bf9b7d6604b4cbdb67024401d5f989 - Path: Packages/com.unity.xr.core-utils/Runtime/Extensions/GuidExtensions.cs - Importer: ScriptedImporter/UnityEditor.QuickSearchModule:UnityEditor.Search:ASIAI0B -> (ImportResultId: '5ab0f662ae552e2620505d3898e44571') in 0.001588042 seconds
[Worker0] Imported GUID: 6e14fd328a15a4657bcbc6d62e1adc53 - Path: Packages/com.unity.xr.core-utils/Editor/ProjectValidation/BuildValidator.cs - Importer: ScriptedImporter/UnityEditor.QuickSearchModule:UnityEditor.Search:ASIAI0B -> (ImportResultId: '9d3d2b2ddeddc27b19fc1c1c5baab615') in 0.001798667 seconds
[Worker0] Imported GUID: 9b5a7485d962543458963dd97c8ecc9d - Path: Packages/com.unity.xr.core-utils/LICENSE.md - Importer: ScriptedImporter/UnityEditor.QuickSearchModule:UnityEditor.Search:ASIAI0B -> (ImportResultId: '467ec2f43cf5de34d5ab2d2d509324e5') in 0.00213975 seconds
[Worker0] Imported GUID: e9fff71d49846721fca967fcfc0b2e26 - Path: Packages/com.unity.xr.core-utils - Importer: ScriptedImporter/UnityEditor.QuickSearchModule:UnityEditor.Search:ASIAI0B -> (ImportResultId: 'e59ddad25092ea4d68630a7410ea91be') in 0.001405417 seconds
[Worker0] Imported GUID: af901acbad676d84db5d87585f0dbf1e - Path: Packages/com.unity.xr.core-utils/Editor/CapabilityProfile/Dictionary/Drawers/CapabilityDictionaryDrawer.cs - Importer: ScriptedImporter/UnityEditor.QuickSearchModule:UnityEditor.Search:ASIAI0B -> (ImportResultId: 'e983bd5076d0d50b939f02ebb5f0a508') in 0.001383917 seconds
[Worker0] Imported GUID: 75c1c810e05bd3543ad1cbdeb096a547 - Path: Packages/com.unity.xr.core-utils/Runtime/CapabilityProfile/Dictionary/ICapabilityModifier.cs - Importer: ScriptedImporter/UnityEditor.QuickSearchModule:UnityEditor.Search:ASIAI0B -> (ImportResultId: 'ccd94e1a434113464f33c923fb4c55cf') in 0.001430458 seconds
[Worker0] Imported GUID: 1e8316be06fc14de489df8224106f81a - Path: Packages/com.unity.xr.core-utils/Tests/Runtime/Scripts/ConvexHullPerformanceTest.cs - Importer: ScriptedImporter/UnityEditor.QuickSearchModule:UnityEditor.Search:ASIAI0B -> (ImportResultId: '05b86e1759f5bfe52a890719c87893c7') in 0.001555208 seconds
[Worker0] Imported GUID: d0771c912c4d7c841b238a454ec571cb - Path: Packages/com.unity.xr.legacyinputhelpers/Editor/ArmModels/TransitionArmModelEditor.cs - Importer: ScriptedImporter/UnityEditor.QuickSearchModule:UnityEditor.Search:ASIAI0B -> (ImportResultId: '5f0cfeb18a65011a75417b158b82e6dc') in 0.001528708 seconds
[Worker0] Imported GUID: 7f37fcba894f29247b7b54db297180da - Path: Packages/com.unity.xr.core-utils/Runtime/Datums/StringDatumProperty.cs - Importer: ScriptedImporter/UnityEditor.QuickSearchModule:UnityEditor.Search:ASIAI0B -> (ImportResultId: '6f058db55ea782bf944e9f7a0099c695') in 0.001221667 seconds
[Worker0] Imported GUID: 61ff693bbf35149d684ae1e0be75e26f - Path: Packages/com.unity.xr.management/Runtime/XRLoader.cs - Importer: ScriptedImporter/UnityEditor.QuickSearchModule:UnityEditor.Search:ASIAI0B -> (ImportResultId: 'e3749e609db682ddf41c6303b20e37c5') in 0.0025365 seconds
[Worker0] Imported GUID: 65d557884ba0048c1b1d6b3c5f28659f - Path: Packages/com.unity.xr.core-utils/Tests/Editor/XRCoreUtilities/EditorPrefsUtilsTests.cs - Importer: ScriptedImporter/UnityEditor.QuickSearchModule:UnityEditor.Search:ASIAI0B -> (ImportResultId: '7a571508e96388ea15bdbd4b18626a9f') in 0.001480708 seconds
[Worker0] Imported GUID: 984d307c8bd75054a9c744cd23efc845 - Path: Packages/com.unity.xr.core-utils/Runtime/Datums/DatumProperty.cs - Importer: ScriptedImporter/UnityEditor.QuickSearchModule:UnityEditor.Search:ASIAI0B -> (ImportResultId: '554851d47a6242a4f961e4c4f4a76671') in 0.00144075 seconds
[Worker0] Imported GUID: 002ffe0877a03b443a74a3358a79b7c3 - Path: Packages/com.unity.xr.core-utils/Runtime/Datums/IntDatumProperty.cs - Importer: ScriptedImporter/UnityEditor.QuickSearchModule:UnityEditor.Search:ASIAI0B -> (ImportResultId: 'ce94cbbf92ed05618a6fbc14bf4a5e8c') in 0.001535834 seconds
[Worker0] Imported GUID: 0bcb0a0c70d1bbe419964a5935a83745 - Path: Packages/com.unity.xr.legacyinputhelpers/Tests/Editor/SeedXRInputBindings/SeedXRInputBindingsTests.cs - Importer: ScriptedImporter/UnityEditor.QuickSearchModule:UnityEditor.Search:ASIAI0B -> (ImportResultId: 'c823b64ff2b1a484f2679836c8128d9e') in 0.001231 seconds
[Worker0] Imported GUID: 28c5e819ece8a0746abb16dc5aa91f44 - Path: Packages/com.unity.xr.legacyinputhelpers/Runtime/UnityEngine.XR.LegacyInputHelpers.asmdef - Importer: ScriptedImporter/UnityEditor.QuickSearchModule:UnityEditor.Search:ASIAI0B -> (ImportResultId: 'be3407e94c2fb82d618a9858a71a44aa') in 0.001424542 seconds
[Worker0] Imported GUID: b515c4e6a4ca71643b0e830024fe733f - Path: Packages/com.unity.xr.legacyinputhelpers/Tests/Runtime/TrackedPoseDriver - Importer: ScriptedImporter/UnityEditor.QuickSearchModule:UnityEditor.Search:ASIAI0B -> (ImportResultId: 'db077184465905c17ad08cb86750dc71') in 0.002307917 seconds
[Worker0] Imported GUID: f9facd22a8f5b48648dab827bbd89ab7 - Path: Packages/com.unity.xr.core-utils/Runtime/SerializableGuid.cs - Importer: ScriptedImporter/UnityEditor.QuickSearchModule:UnityEditor.Search:ASIAI0B -> (ImportResultId: 'cf71ad340f17d8ec84392ce1d49f6f85') in 0.00177425 seconds
[Worker0] Imported GUID: b7d676d740a0644c0870d6d689136546 - Path: Packages/com.unity.xr.management/Editor/XRSettingsManager.cs - Importer: ScriptedImporter/UnityEditor.QuickSearchModule:UnityEditor.Search:ASIAI0B -> (ImportResultId: 'cef37967aab21cec136f8673c2a6248f') in 0.001516792 seconds
[Worker0] Imported GUID: a5d4a182a315c1e499859f6879113727 - Path: Packages/com.unity.xr.legacyinputhelpers/Runtime - Importer: ScriptedImporter/UnityEditor.QuickSearchModule:UnityEditor.Search:ASIAI0B -> (ImportResultId: '4e5d636242f20e8144dbaeb0d39e7dff') in 0.001306042 seconds
[Worker0] Imported GUID: 67a68ebc4eeae4a34a9879d0a2a39af0 - Path: Packages/com.unity.xr.core-utils/Tests/Runtime/Scripts/PerformanceTest.cs - Importer: ScriptedImporter/UnityEditor.QuickSearchModule:UnityEditor.Search:ASIAI0B -> (ImportResultId: '1f365dcfbbe0c573ed8306b93b872b83') in 0.001564166 seconds
[Worker0] Imported GUID: f577664f1ba8434a876fdf9f2a2f9edc - Path: Packages/com.unity.xr.core-utils/Runtime/Bindings/IEventBinding.cs - Importer: ScriptedImporter/UnityEditor.QuickSearchModule:UnityEditor.Search:ASIAI0B -> (ImportResultId: '5d691546db69989376217e02af305484') in 0.001292833 seconds
[Worker0] Imported GUID: aa70bf7c71d21fb49a07d18b125201cf - Path: Packages/com.unity.xr.core-utils/Runtime/Datums/AnimationCurveDatum.cs - Importer: ScriptedImporter/UnityEditor.QuickSearchModule:UnityEditor.Search:ASIAI0B -> (ImportResultId: 'd685cda8e45bafabd33546c0530aa25e') in 0.001282667 seconds
[Worker0] Imported GUID: c536cb714a8a9e84cb16ecf0330eea40 - Path: Packages/com.unity.xr.management/Tests/TestPackage/Editor/Uniyt.XR.Management.TestPackage.Editor.asmdef - Importer: ScriptedImporter/UnityEditor.QuickSearchModule:UnityEditor.Search:ASIAI0B -> (ImportResultId: '19716f04fe1f454c3a3d666647ea177f') in 0.002279167 seconds
[Worker0] Imported GUID: 3b45a81d07011564297a01edd9f8bbfb - Path: Packages/com.unity.xr.management/Editor/AndroidManifest/IAndroidManifestRequirementProvider.cs - Importer: ScriptedImporter/UnityEditor.QuickSearchModule:UnityEditor.Search:ASIAI0B -> (ImportResultId: 'af35823e10a5d48e0c5cf40401a2b0b7') in 0.001395958 seconds
[Worker0] Imported GUID: 42e3aee306e61d04e86b1f31768ef309 - Path: Packages/com.unity.xr.management/Tests/TestPackage/Editor/TestSettingsEditor.cs - Importer: ScriptedImporter/UnityEditor.QuickSearchModule:UnityEditor.Search:ASIAI0B -> (ImportResultId: '9e26f86616814b247f4ec095f927054a') in 0.001866375 seconds
[Worker0] Imported GUID: b0982f2bf87a64f6cb14b6dcfaf98172 - Path: Packages/com.unity.xr.core-utils/Runtime/Attributes/EnumDisplayAttribute.cs - Importer: ScriptedImporter/UnityEditor.QuickSearchModule:UnityEditor.Search:ASIAI0B -> (ImportResultId: '0c32ac9cff72929b23b01ccbb1b65d72') in 0.001412084 seconds
[Worker0] Imported GUID: 098853f3489c04278bef1a06822fe5fa - Path: Packages/com.unity.xr.core-utils/Tests/Editor/XRCoreUtilities/Vector2ExtensionsTests.cs - Importer: ScriptedImporter/UnityEditor.QuickSearchModule:UnityEditor.Search:ASIAI0B -> (ImportResultId: 'f4c4a4262c8471af0bac19c8916c515b') in 0.001453917 seconds
[Worker0] Imported GUID: c508ce3f09190004f9ac23ebb52be024 - Path: Packages/com.unity.xr.core-utils/Editor/CapabilityProfile/Dictionary - Importer: ScriptedImporter/UnityEditor.QuickSearchModule:UnityEditor.Search:ASIAI0B -> (ImportResultId: '90ab5d0ebe401ac9b1abc63fe919a24d') in 0.001236542 seconds
[Worker0] Imported GUID: 53934dfb266064225a96fe928fdcd3b3 - Path: Packages/com.unity.xr.management/Tests/Runtime/DummyLoader.cs - Importer: ScriptedImporter/UnityEditor.QuickSearchModule:UnityEditor.Search:ASIAI0B -> (ImportResultId: 'b9971037ad659376b9c75245d1480c66') in 0.001275708 seconds
[Worker0] Imported GUID: c0846fda49134663b02573c8f4a18a82 - Path: Packages/com.unity.xr.core-utils/Tests/Runtime/AssemblyInfo.cs - Importer: ScriptedImporter/UnityEditor.QuickSearchModule:UnityEditor.Search:ASIAI0B -> (ImportResultId: 'dc6f063aadabdfe65d95b3a2bda55f3a') in 0.001954916 seconds
[Worker0] Imported GUID: f0305cc2e0f5149e3827573007028c6a - Path: Packages/com.unity.xr.core-utils/Tests/Editor/XRCoreUtilities/TransformExtensionsTests.cs - Importer: ScriptedImporter/UnityEditor.QuickSearchModule:UnityEditor.Search:ASIAI0B -> (ImportResultId: '9f947ffa7a4496e3d5e30e8cf9e4a75a') in 0.001586958 seconds
[Worker0] Imported GUID: 137bb8f5b17af48ffa9ae0d2b21004fb - Path: Packages/com.unity.xr.core-utils/Tests/Editor/XRCoreUtilities - Importer: ScriptedImporter/UnityEditor.QuickSearchModule:UnityEditor.Search:ASIAI0B -> (ImportResultId: '264563b99c28f2efd07715790cdcbbdd') in 0.001642708 seconds
[Worker0] Imported GUID: 57a021d9ff05c6f4588567ea353dee33 - Path: Packages/com.unity.xr.management/Tests/TestTooling/LoaderTestSetup.cs - Importer: ScriptedImporter/UnityEditor.QuickSearchModule:UnityEditor.Search:ASIAI0B -> (ImportResultId: '2864a8ab0be858c87abf81115bfa195f') in 0.001422417 seconds
[Worker0] Imported GUID: dda6a4ae198ab2643bd0c72cb8b3f51c - Path: Packages/com.unity.xr.management/Tests/TestPackage/Runtime/TestLoaderBase.cs - Importer: ScriptedImporter/UnityEditor.QuickSearchModule:UnityEditor.Search:ASIAI0B -> (ImportResultId: '09186ad6dd569b27c545054779032635') in 0.001665417 seconds
[Worker0] Imported GUID: c116b7497ab8ca34c9188965d4295e27 - Path: Packages/com.unity.xr.legacyinputhelpers/Prefabs/XRRig.prefab - Importer: ScriptedImporter/UnityEditor.QuickSearchModule:UnityEditor.Search:ASIAI0B -> (ImportResultId: 'f7580d586c18323f0a67dcf586e74e38') in 0.009337708 seconds
[Worker0] Imported GUID: 0d622ec83e4f54b6596923435a4bba8b - Path: Packages/com.unity.xr.management/Editor/XRManagerEditor.cs - Importer: ScriptedImporter/UnityEditor.QuickSearchModule:UnityEditor.Search:ASIAI0B -> (ImportResultId: '7563119a2abf37a905a0ce8fb2414f6a') in 0.001602208 seconds
[Worker0] Imported GUID: de630d32a5256c747a7c22715ff7e160 - Path: Packages/com.unity.xr.core-utils/Editor/Analytics - Importer: ScriptedImporter/UnityEditor.QuickSearchModule:UnityEditor.Search:ASIAI0B -> (ImportResultId: 'b3a5d8212cd30d1eb5f87a960fcf89ad') in 0.001678416 seconds
[Worker0] Imported GUID: 15419879c32f35149b150d58e2d47a6f - Path: Packages/com.unity.xr.management/Tests/TestPackage/Runtime/Constants.cs - Importer: ScriptedImporter/UnityEditor.QuickSearchModule:UnityEditor.Search:ASIAI0B -> (ImportResultId: '56eff097896273520305ab8bde766346') in 0.001387041 seconds
[Worker0] Imported GUID: 7a4a436f8d8c5c341958531231759e0d - Path: Packages/com.unity.xr.legacyinputhelpers/Tests/Editor - Importer: ScriptedImporter/UnityEditor.QuickSearchModule:UnityEditor.Search:ASIAI0B -> (ImportResultId: '3d8ad13b887046c53658a062eb022735') in 0.001341083 seconds
[Worker0] Imported GUID: ff87f0a7c0d94af1b68b379110f0b118 - Path: Packages/com.unity.xr.core-utils/Runtime/Bindings/Variables/BindableVariableAlloc.cs - Importer: ScriptedImporter/UnityEditor.QuickSearchModule:UnityEditor.Search:ASIAI0B -> (ImportResultId: '0852e8de8bf78f661a90d905b2265ffe') in 0.001353 seconds
[Worker0] Imported GUID: c773312b91dcc48f0b9f75f606ae77bb - Path: Packages/com.unity.xr.core-utils/Runtime/Extensions/Vector3Extensions.cs - Importer: ScriptedImporter/UnityEditor.QuickSearchModule:UnityEditor.Search:ASIAI0B -> (ImportResultId: '4d4cdf66d5cefc283423faa7eba95077') in 0.001333291 seconds
[Worker0] Imported GUID: 8a0b161efcd8b074a826ab7d34fcfa43 - Path: Packages/com.unity.xr.management/Editor/Metadata/XRPackageMetadataStore.cs - Importer: ScriptedImporter/UnityEditor.QuickSearchModule:UnityEditor.Search:ASIAI0B -> (ImportResultId: 'c531df07eacb75172dab455ca3bd0da2') in 0.001359084 seconds
[Worker0] Imported GUID: 6aa6d601429b42c5afe67682df857d61 - Path: Packages/com.unity.xr.legacyinputhelpers - Importer: ScriptedImporter/UnityEditor.QuickSearchModule:UnityEditor.Search:ASIAI0B -> (ImportResultId: '69d7754cf5c456068da4ad34e382665f') in 0.001201792 seconds
[Worker0] Imported GUID: 5aa2f9fc26d0dfd4fbb8b05af12e8bd2 - Path: Packages/com.unity.xr.core-utils/Editor/CapabilityProfile/Dictionary/Drawers/CapabilityDictionaryItemDrawer.cs - Importer: ScriptedImporter/UnityEditor.QuickSearchModule:UnityEditor.Search:ASIAI0B -> (ImportResultId: '9402e69303df85454e48d8530f03e854') in 0.001246167 seconds
[Worker0] Imported GUID: 648ae6b7a0ee84c2d94869858c29707c - Path: Packages/com.unity.xr.core-utils/Runtime/ReflectionUtils.cs - Importer: ScriptedImporter/UnityEditor.QuickSearchModule:UnityEditor.Search:ASIAI0B -> (ImportResultId: '453976020a01e04b3be0c5c10d96e788') in 0.002189834 seconds
[Worker0] Imported GUID: 5adc47bd1fcb64ec5a52cb81db2bf452 - Path: Packages/com.unity.xr.core-utils/Tests/Editor/XRCoreUtilities/GeometryUtilsTests.cs - Importer: ScriptedImporter/UnityEditor.QuickSearchModule:UnityEditor.Search:ASIAI0B -> (ImportResultId: '52c3d6536f8b1ded76e28c5c963eb6c4') in 0.001696208 seconds
[Worker0] Imported GUID: a1d3d423453f7094a9219647aa8700d4 - Path: Packages/com.unity.xr.management/Editor/XRPackageInitialization.cs - Importer: ScriptedImporter/UnityEditor.QuickSearchModule:UnityEditor.Search:ASIAI0B -> (ImportResultId: 'ea70615ead9a07fa809db2fb3551c44e') in 0.001545333 seconds
[Worker0] Imported GUID: 3ec69189e1a72224ca68e605cf102a78 - Path: Packages/com.unity.xr.core-utils/Editor/BuildingBlocks/BuildingBlockElements.cs - Importer: ScriptedImporter/UnityEditor.QuickSearchModule:UnityEditor.Search:ASIAI0B -> (ImportResultId: 'd88bd37a6ef52adf9c049b0a525a28f5') in 0.001345959 seconds
[Worker0] Imported GUID: d6f437f0fc6615149b6deb8b3f522046 - Path: Packages/com.unity.xr.core-utils/Runtime/CapabilityProfile/Dictionary/StandardCapabilityKeys.cs - Importer: ScriptedImporter/UnityEditor.QuickSearchModule:UnityEditor.Search:ASIAI0B -> (ImportResultId: 'a0f69a746b79898fef63902bc24bcdb2') in 0.001430542 seconds
[Worker0] Imported GUID: bccbda266429046579998fb24465c146 - Path: Packages/com.unity.xr.core-utils/Runtime/Extensions/TransformExtensions.cs - Importer: ScriptedImporter/UnityEditor.QuickSearchModule:UnityEditor.Search:ASIAI0B -> (ImportResultId: '6ae507b69cbb73ea14b1a007ba7c0e6f') in 0.001282417 seconds
[Worker0] Imported GUID: 2fc27a69db60e4ea6933e06fb5d04f98 - Path: Packages/com.unity.xr.core-utils/Tests/Editor/XRCoreUtilities/ReadOnlyHashSetTests.cs - Importer: ScriptedImporter/UnityEditor.QuickSearchModule:UnityEditor.Search:ASIAI0B -> (ImportResultId: '1c5b7db7c63512b1dee668c0a9ccaca0') in 0.0025 seconds
[Worker0] Imported GUID: 4fadb9d2c47be4b2587eec5da859310c - Path: Packages/com.unity.xr.management/Tests - Importer: ScriptedImporter/UnityEditor.QuickSearchModule:UnityEditor.Search:ASIAI0B -> (ImportResultId: 'dc87b95b1c0ee3fe86474a15d749dd10') in 0.0021325 seconds
[Worker0] Imported GUID: 7754b2a3cfd01774c9b7d715d3dbdc48 - Path: Packages/com.unity.xr.management/Editor/Metadata/XRPackageMetadata.cs - Importer: ScriptedImporter/UnityEditor.QuickSearchModule:UnityEditor.Search:ASIAI0B -> (ImportResultId: '747d8cb3125b59237aaff6b49faa2e3c') in 0.001576791 seconds
[Worker0] Imported GUID: 14d574e5b7017aa4c9d81c9a958101d6 - Path: Packages/com.unity.xr.core-utils/Editor/BuildingBlocks/BuildingBlockOverlay.cs - Importer: ScriptedImporter/UnityEditor.QuickSearchModule:UnityEditor.Search:ASIAI0B -> (ImportResultId: 'c0cc4286c9b0f2ca7de0c744d3209511') in 0.001619917 seconds
[Worker0] Imported GUID: 573bb802f55a06c4fb7f19db9a003f62 - Path: Packages/com.unity.xr.management/Editor/XRSupportedBuildTargetAttribute.cs - Importer: ScriptedImporter/UnityEditor.QuickSearchModule:UnityEditor.Search:ASIAI0B -> (ImportResultId: 'b1c917d664f0f500e048c46269f4214b') in 0.0013455 seconds
[Worker0] Imported GUID: dad8cc712738148529d2e07d00e2eb35 - Path: Packages/com.unity.xr.core-utils/Tests/Runtime - Importer: ScriptedImporter/UnityEditor.QuickSearchModule:UnityEditor.Search:ASIAI0B -> (ImportResultId: 'f2f5c3c5eac6a5830245145b8c026929') in 0.001250417 seconds
[Worker0] Imported GUID: a1797bfd7905e844ab00f68dca3ed050 - Path: Packages/com.unity.xr.management/Editor/AndroidManifest/AndroidManifestProcessor.cs - Importer: ScriptedImporter/UnityEditor.QuickSearchModule:UnityEditor.Search:ASIAI0B -> (ImportResultId: '5c32da6cc85bcc7ac65c139f885d4560') in 0.001534334 seconds
[Worker0] Imported GUID: af8356832995e4297849f40d1dc03e82 - Path: Packages/com.unity.xr.core-utils/Tests/Editor/XRCoreUtilities/LayerMaskTests.cs - Importer: ScriptedImporter/UnityEditor.QuickSearchModule:UnityEditor.Search:ASIAI0B -> (ImportResultId: '4a72d170849300ee31ca9b6381ff978a') in 0.001520375 seconds
[Worker0] Imported GUID: 83e5e574dc5d9854e9133734661c04de - Path: Packages/com.unity.xr.management/Editor/XRBuildProcessorHelper.cs - Importer: ScriptedImporter/UnityEditor.QuickSearchModule:UnityEditor.Search:ASIAI0B -> (ImportResultId: '89690e9d0d760de22324b8e28fc6fc42') in 0.0013435 seconds
[Worker0] Imported GUID: d236b7d11115f2143951f1e14045df39 - Path: Packages/com.unity.xr.management/Runtime/XRGeneralSettings.cs - Importer: ScriptedImporter/UnityEditor.QuickSearchModule:UnityEditor.Search:ASIAI0B -> (ImportResultId: '6e174ea9132043b02008612c23a80481') in 0.001933166 seconds
[Worker0] Imported GUID: 7928452df125f6b4383b4691b9aec342 - Path: Packages/com.unity.xr.legacyinputhelpers/Tests - Importer: ScriptedImporter/UnityEditor.QuickSearchModule:UnityEditor.Search:ASIAI0B -> (ImportResultId: '30859eb728a757e988432fd65cffd809') in 0.001778167 seconds
[Worker0] Imported GUID: 280b4d58d27987248b1d07c8d70e0784 - Path: Packages/com.unity.xr.management/Editor/Metadata/XRPackage.cs - Importer: ScriptedImporter/UnityEditor.QuickSearchModule:UnityEditor.Search:ASIAI0B -> (ImportResultId: '5df994514fb7103141dadafa9ab85a03') in 0.001417459 seconds
[Worker0] Imported GUID: 3642aed4b4ade4a759cfa78a5a493012 - Path: Packages/com.unity.xr.management/Tests/Editor - Importer: ScriptedImporter/UnityEditor.QuickSearchModule:UnityEditor.Search:ASIAI0B -> (ImportResultId: '2f42d8e8ef2e30100d6555816a61456f') in 0.001330125 seconds
[Worker0] Imported GUID: be3ab30eaceed4c68b4bc810ab3b60d3 - Path: Packages/com.unity.xr.core-utils/Runtime/Extensions/ListExtensions.cs - Importer: ScriptedImporter/UnityEditor.QuickSearchModule:UnityEditor.Search:ASIAI0B -> (ImportResultId: '44ae3fd00175c8eae7f2eff79396ab4b') in 0.001897541 seconds
[Worker0] Imported GUID: 731806369f8c24ec3bfee6ac9f820f6a - Path: Packages/com.unity.xr.management/Tests/Editor/EditorTests.cs - Importer: ScriptedImporter/UnityEditor.QuickSearchModule:UnityEditor.Search:ASIAI0B -> (ImportResultId: '0c53a9ae4f3b0f6fb81ab1b4524d789f') in 0.001857458 seconds
[Worker0] Imported GUID: 155fb79913e46e546926a3cad34ee561 - Path: Packages/com.unity.xr.management/Editor/AndroidManifest/AndroidManifestDocument.cs - Importer: ScriptedImporter/UnityEditor.QuickSearchModule:UnityEditor.Search:ASIAI0B -> (ImportResultId: 'e86b2e232dc196c42d1e513b1794b205') in 0.001384333 seconds
[Worker0] Imported GUID: f960cd2a35c7d4536aef2a5807e0672c - Path: Packages/com.unity.xr.core-utils/Tests/Editor/XRCoreUtilities/Vector3ExtensionsTests.cs - Importer: ScriptedImporter/UnityEditor.QuickSearchModule:UnityEditor.Search:ASIAI0B -> (ImportResultId: 'fd86b20e8012aa680f3d47034af7c753') in 0.001909917 seconds
[Worker0] Imported GUID: d2dc886499c26824283350fa532d087d - Path: Packages/com.unity.xr.management/Editor/XRGeneralSettingsPerBuildTarget.cs - Importer: ScriptedImporter/UnityEditor.QuickSearchModule:UnityEditor.Search:ASIAI0B -> (ImportResultId: 'ec22e2425c41d290506088d0c7e1b5fb') in 0.00245775 seconds
[Worker0] Imported GUID: 3b75e34543b4f473fbc307f8b39b90e9 - Path: Packages/com.unity.xr.core-utils/Tests/Editor/CodeSamples - Importer: ScriptedImporter/UnityEditor.QuickSearchModule:UnityEditor.Search:ASIAI0B -> (ImportResultId: 'fdcc8ac06d46c82b2f1629aec2a01c7d') in 0.001545959 seconds
[Worker0] Imported GUID: c19e7899c693d4818a638f5d4ea2e995 - Path: Packages/com.unity.xr.arfoundation/Runtime/ARFoundation/Images/MutableRuntimeReferenceImageLibraryExtensions.cs - Importer: ScriptedImporter/UnityEditor.QuickSearchModule:UnityEditor.Search:ASIAI0B -> (ImportResultId: 'f17ca70a37bb83110dc5b07518c8a511') in 0.001784583 seconds
[Worker0] Imported GUID: fdb1d409e9083354e829d5669fe6f6ad - Path: Packages/com.unity.xr.management/Runtime/IXRLoaderPreInit.cs - Importer: ScriptedImporter/UnityEditor.QuickSearchModule:UnityEditor.Search:ASIAI0B -> (ImportResultId: '528c1a61271568e53b15456f3e4d7c00') in 0.001561292 seconds
[Worker0] Imported GUID: 3efd62d71f934db2ad0fad928548e190 - Path: Packages/com.unity.xr.arfoundation/Runtime/VisualScripting/Units/Events/MessageListeners/ARTrackableManagerListener.cs - Importer: ScriptedImporter/UnityEditor.QuickSearchModule:UnityEditor.Search:ASIAI0B -> (ImportResultId: '43fbde4ef76cf0904651582197ff423d') in 0.001510042 seconds
[Worker0] Imported GUID: df83f61781a2d4393bf924c388c7b024 - Path: Packages/com.unity.xr.core-utils/README.md - Importer: ScriptedImporter/UnityEditor.QuickSearchModule:UnityEditor.Search:ASIAI0B -> (ImportResultId: 'b4ec3f8e05643756904b18fbfa6ec03c') in 0.001494667 seconds
[Worker0] Imported GUID: 8d28a628911c34c58a40cb9ef2ea4b31 - Path: Packages/com.unity.xr.management/Runtime/XRLoaderHelper.cs - Importer: ScriptedImporter/UnityEditor.QuickSearchModule:UnityEditor.Search:ASIAI0B -> (ImportResultId: '6001e7064fd372c1c41b5a5d285d9a2f') in 0.00129025 seconds
[Worker0] Imported GUID: c125d437138f54ca1b9697c827120aad - Path: Packages/com.unity.xr.core-utils/Runtime/UnityObjectUtils.cs - Importer: ScriptedImporter/UnityEditor.QuickSearchModule:UnityEditor.Search:ASIAI0B -> (ImportResultId: 'b2fe7a06ca5f9e9e7d484e77c38eb938') in 0.001748417 seconds
[Worker0] Imported GUID: 9858b8d6bc5e649ca94c5830ec79be14 - Path: Packages/com.unity.xr.arfoundation/Assets/Textures/UnityLogoWhiteRGB.png - Importer: ScriptedImporter/UnityEditor.QuickSearchModule:UnityEditor.Search:ASIAI0B -> (ImportResultId: '81c4dd06847f42fe8d698a0c271dc399') in 0.004958917 seconds
[Worker0] Imported GUID: 72e49688ed3163345a92dc911c55b078 - Path: Packages/com.unity.xr.arkit/Runtime/ARWorldMapRequestStatus.cs - Importer: ScriptedImporter/UnityEditor.QuickSearchModule:UnityEditor.Search:ASIAI0B -> (ImportResultId: 'b0106c1b6702bc6f9ff83a8258152eea') in 0.002807417 seconds
[Worker0] Imported GUID: e626a1eec7776ce4797c6ef00c47bf23 - Path: Packages/com.unity.xr.management/Editor/XRLoaderOrderUI.cs - Importer: ScriptedImporter/UnityEditor.QuickSearchModule:UnityEditor.Search:ASIAI0B -> (ImportResultId: 'aa72110be9a73e5c63b91c93ae87134d') in 0.0015415 seconds
[Worker0] Imported GUID: fe69636be56b48041abf9fd83457a282 - Path: Packages/com.unity.xr.management/Tests/Editor/AndroidManifestTests.cs - Importer: ScriptedImporter/UnityEditor.QuickSearchModule:UnityEditor.Search:ASIAI0B -> (ImportResultId: '73d6e74fc2ed1166dff9617bba2cd878') in 0.001491833 seconds
[Worker0] Imported GUID: a78ab592bbf6d4a668a9ac5f7af9c924 - Path: Packages/com.unity.xr.arfoundation/Runtime/VisualScripting/Units/Events/MessageListeners - Importer: ScriptedImporter/UnityEditor.QuickSearchModule:UnityEditor.Search:ASIAI0B -> (ImportResultId: '414cfe7dd120e0266f9fa967827e34a0') in 0.001585625 seconds
[Worker0] Imported GUID: 6be7b41b0e976514cad47f3eb7b2b6a1 - Path: Packages/com.unity.xr.arfoundation/Editor/Icons/ArrowCaretLeft.png - Importer: ScriptedImporter/UnityEditor.QuickSearchModule:UnityEditor.Search:ASIAI0B -> (ImportResultId: '99e7322043579e6e6c06dc8bc0734c48') in 0.003743375 seconds
[Worker0] Imported GUID: c1782cb5ceba4109befe9ec9de659aa8 - Path: Packages/com.unity.xr.arfoundation/Runtime/ARSubsystems/Faces - Importer: ScriptedImporter/UnityEditor.QuickSearchModule:UnityEditor.Search:ASIAI0B -> (ImportResultId: 'b1e4e9ba28f70b27c6de4a70b305c02e') in 0.0017645 seconds
[Worker0] Imported GUID: 6c267745db420b642bf89df9573f8a27 - Path: Packages/com.unity.xr.arfoundation/Runtime/ARSubsystems/Raycasts/XRRaycastHit.cs - Importer: ScriptedImporter/UnityEditor.QuickSearchModule:UnityEditor.Search:ASIAI0B -> (ImportResultId: '248073805c1396ebd5775ad77c10be02') in 0.00158075 seconds
[Worker0] Imported GUID: 53f4fa13cedbdb9499fe40ffe30c61cd - Path: Packages/com.unity.xr.arfoundation/Assets/Shaders/DepthCopy.shader - Importer: ScriptedImporter/UnityEditor.QuickSearchModule:UnityEditor.Search:ASIAI0B -> (ImportResultId: '354ec742028ecb05284ea51a8d42ac53') in 0.006112042 seconds
[Worker0] Imported GUID: 3702d8640881467da6b46badf6de7469 - Path: Packages/com.unity.xr.core-utils/Runtime/Bindings/Variables/BindableEnum.cs - Importer: ScriptedImporter/UnityEditor.QuickSearchModule:UnityEditor.Search:ASIAI0B -> (ImportResultId: '9003f927e52e2e62f9443ef66a266bdf') in 0.002213917 seconds
[Worker0] Imported GUID: aa594ee3912e5429a872a3d5fa058642 - Path: Packages/com.unity.xr.arfoundation/Runtime/Simulation/Subsystems/ImageTracking/SimulationImageTrackingSubsystem.cs - Importer: ScriptedImporter/UnityEditor.QuickSearchModule:UnityEditor.Search:ASIAI0B -> (ImportResultId: '28e48a22505afbfd6fb2cfba013d0188') in 0.002514583 seconds
[Worker0] Imported GUID: 5156a74693edbf246b786f0ebfc54f7c - Path: Packages/com.unity.xr.core-utils/Runtime/Collections/SerializableDictionary.cs - Importer: ScriptedImporter/UnityEditor.QuickSearchModule:UnityEditor.Search:ASIAI0B -> (ImportResultId: '18ee2ce06605aa74abcaf7788a4e6082') in 0.001744583 seconds
[Worker0] Imported GUID: fede4934f2594da19e45283d89355e5a - Path: Packages/com.unity.xr.arfoundation/Runtime/ARFoundation/BoundingBoxes/ARBoundingBox.cs - Importer: ScriptedImporter/UnityEditor.QuickSearchModule:UnityEditor.Search:ASIAI0B -> (ImportResultId: '9750001e703f013ceab2fb5d3c45d8f6') in 0.001619334 seconds
[Worker0] Imported GUID: 378fb4eec0f59ac4c95c0d5b227aa85e - Path: Packages/com.unity.xr.arfoundation/Editor/Simulation/SimulationEnvironmentAssetsManager.cs - Importer: ScriptedImporter/UnityEditor.QuickSearchModule:UnityEditor.Search:ASIAI0B -> (ImportResultId: '8051c9e2c0d40915fddaed9d682ef2d4') in 0.001709958 seconds
[Worker0] Imported GUID: 841253094c20d4bdb8e614eb9dee50eb - Path: Packages/com.unity.xr.core-utils/Runtime/ObjectPool.cs - Importer: ScriptedImporter/UnityEditor.QuickSearchModule:UnityEditor.Search:ASIAI0B -> (ImportResultId: '35788163f27c58e482757b309d416456') in 0.001667333 seconds
[Worker0] Imported GUID: 5e9b9ed043ee9ae4895b473cc3d1f6f7 - Path: Packages/com.unity.xr.arfoundation/Runtime/Simulation/Environment/XRayRegion.cs - Importer: ScriptedImporter/UnityEditor.QuickSearchModule:UnityEditor.Search:ASIAI0B -> (ImportResultId: '5b53ce597080716af43673b2efcf136e') in 0.002907958 seconds
[Worker0] Imported GUID: 06177c8680ea415c88d4b29d40a79cec - Path: Packages/com.unity.xr.management/Editor/PackageNotificationUtils.cs - Importer: ScriptedImporter/UnityEditor.QuickSearchModule:UnityEditor.Search:ASIAI0B -> (ImportResultId: '05effc45402b386734e3d4b554222eb8') in 0.001524708 seconds
[Worker0] Imported GUID: f4c3631f5e58749a59194e0cf6baf6d5 - Path: Packages/com.unity.xr.management/Runtime/XRManagerSettings.cs - Importer: ScriptedImporter/UnityEditor.QuickSearchModule:UnityEditor.Search:ASIAI0B -> (ImportResultId: '7c604ef7d2c897c1f45ec0fc8e000d62') in 0.001659875 seconds
[Worker0] Imported GUID: d91ae87510586cd4ab236f6b9af3fcfc - Path: Packages/com.unity.xr.arfoundation/Runtime/Simulation/Plugins/windows-arm64 - Importer: ScriptedImporter/UnityEditor.QuickSearchModule:UnityEditor.Search:ASIAI0B -> (ImportResultId: '85ec3a0bd61d5b26fbb0d27d585863ef') in 0.001530791 seconds
[Worker0] Imported GUID: 7bd6dcbafb015a6459bdfe85af7b5719 - Path: Packages/com.unity.xr.arfoundation/Runtime/Simulation/Subsystems/Meshing/SimulationMesh.cs - Importer: ScriptedImporter/UnityEditor.QuickSearchModule:UnityEditor.Search:ASIAI0B -> (ImportResultId: '64ab86dfe19577b05f91e350c561b47e') in 0.001262125 seconds
[Worker0] Imported GUID: bf131654a9d657a408f7db40058a8720 - Path: Packages/com.unity.xr.core-utils/Editor/BuildingBlocks - Importer: ScriptedImporter/UnityEditor.QuickSearchModule:UnityEditor.Search:ASIAI0B -> (ImportResultId: 'b9442d81e7d1903a5f6c6acc192dae9b') in 0.001255541 seconds
[Worker0] Imported GUID: f4c04b269c8d4c01bb470e964e84685b - Path: Packages/com.unity.xr.arfoundation/Runtime/ARFoundation/Common/Textures/NoSwapchainStrategy.cs - Importer: ScriptedImporter/UnityEditor.QuickSearchModule:UnityEditor.Search:ASIAI0B -> (ImportResultId: 'c2147a2748df573b6def1838258c18dd') in 0.0014645 seconds
[Worker0] Imported GUID: 743dbe898e46f4e27b435f79a524f27b - Path: Packages/com.unity.xr.arfoundation/Assets/Materials/YAxis.mat - Importer: ScriptedImporter/UnityEditor.QuickSearchModule:UnityEditor.Search:ASIAI0B -> (ImportResultId: '586962faa945fe96814ea42057fdb259') in 0.006165084 seconds
[Worker0] Imported GUID: f55c8aa2f418fae4693a0db0739d4b7a - Path: Packages/com.unity.xr.legacyinputhelpers/Tests/Editor/SeedXRInputBindings - Importer: ScriptedImporter/UnityEditor.QuickSearchModule:UnityEditor.Search:ASIAI0B -> (ImportResultId: '99a53606b0fac7585b77f158d77446ec') in 0.00202025 seconds
[Worker0] Imported GUID: ae3a8318ae541d645a747de20dced0e9 - Path: Packages/com.unity.xr.arfoundation/Runtime/ARFoundation/Common/SubsystemLifecycleManager.cs - Importer: ScriptedImporter/UnityEditor.QuickSearchModule:UnityEditor.Search:ASIAI0B -> (ImportResultId: '940a89dc13e1565098ee82640c147dae') in 0.001632083 seconds
[Worker0] Imported GUID: 01ab1845bcca46128e22f913068bb450 - Path: Packages/com.unity.xr.arfoundation/Runtime/ARFoundation/Camera/CameraBackgroundRenderingMode.cs - Importer: ScriptedImporter/UnityEditor.QuickSearchModule:UnityEditor.Search:ASIAI0B -> (ImportResultId: 'ef8d8c4a9d7bf7c1d1cb80299a12f473') in 0.001514417 seconds
[Worker0] Imported GUID: 44ea4f699730f4b1a93b7ea24a2319c5 - Path: Packages/com.unity.xr.management/Editor/XRConfigurationProvider.cs - Importer: ScriptedImporter/UnityEditor.QuickSearchModule:UnityEditor.Search:ASIAI0B -> (ImportResultId: '9d61d1f85c9a66175c4874d4b97f9320') in 0.001574125 seconds
[Worker0] Imported GUID: f3498462954f485a8cf87f9315b6f768 - Path: Packages/com.unity.xr.arkit/Runtime/iOS/UnityARKit.m - Importer: ScriptedImporter/UnityEditor.QuickSearchModule:UnityEditor.Search:ASIAI0B -> (ImportResultId: '4f792af139df90bcf5c0603e36771f74') in 0.00183775 seconds
[Worker0] Imported GUID: 9929f402f52107c41b499ab15a75c8b2 - Path: Packages/com.unity.xr.arfoundation/Editor/InternalUtils - Importer: ScriptedImporter/UnityEditor.QuickSearchModule:UnityEditor.Search:ASIAI0B -> (ImportResultId: 'c21e61b26735bf918a3091d9cd018a9a') in 0.001353958 seconds
[Worker0] Imported GUID: cea632371f07c48d788675fe6bad88d3 - Path: Assets/XR/XRGeneralSettingsPerBuildTarget.asset - Importer: ScriptedImporter/UnityEditor.QuickSearchModule:UnityEditor.Search:ASIAI0B -> (ImportResultId: '72f9287821c31a53ee3341271684d85e') in 0.002957667 seconds
[Worker0] Imported GUID: 78be84f5d3a3c41f9ab0093b3f712a4e - Path: Packages/com.unity.xr.arfoundation/Assets/Prefabs/OriginTransform.prefab - Importer: ScriptedImporter/UnityEditor.QuickSearchModule:UnityEditor.Search:ASIAI0B -> (ImportResultId: '8fc66a425bbfea9d827d8fa0c29fd059') in 0.014784541 seconds
[Worker0] Imported GUID: cb701899f95d49628fabe23c4a9a32e0 - Path: Packages/com.unity.xr.arfoundation/Runtime/ARSubsystems/Markers/XRMarkerSubsystemDescriptor.cs - Importer: ScriptedImporter/UnityEditor.QuickSearchModule:UnityEditor.Search:ASIAI0B -> (ImportResultId: 'aa018d0f0bf4be3fb05954702f1504c5') in 0.001792791 seconds
[Worker0] Imported GUID: ac66162cba61743f19bd559e6b242571 - Path: Packages/com.unity.xr.core-utils/Editor/ScriptableSettingsInitializer.cs - Importer: ScriptedImporter/UnityEditor.QuickSearchModule:UnityEditor.Search:ASIAI0B -> (ImportResultId: 'd7c2923cbdd6a2c6445abcc15b268c63') in 0.001687209 seconds
[Worker0] Imported GUID: 8e2be246181a74c078bb384c2fad960a - Path: Packages/com.unity.xr.arfoundation/Editor/VisualScripting/GetEnvironmentProbesUnitDescriptor.cs - Importer: ScriptedImporter/UnityEditor.QuickSearchModule:UnityEditor.Search:ASIAI0B -> (ImportResultId: 'a381b2dc59db8b8f96b27b970471f247') in 0.002659834 seconds
[Worker0] Imported GUID: 35c2e5ef40a7a44a3be75615f2480887 - Path: Packages/com.unity.xr.core-utils/Runtime/CollectionPool.cs - Importer: ScriptedImporter/UnityEditor.QuickSearchModule:UnityEditor.Search:ASIAI0B -> (ImportResultId: '87cbcda5b8a5d86ff3b734c3db7cdab3') in 0.001794875 seconds
[Worker0] Imported GUID: 2639ecd12f662460dbef5f85267fb8b1 - Path: Packages/com.unity.xr.arfoundation/Runtime/VisualScripting/Units/Events/MessageListeners/Deprecated/ARParticipantManagerListener.deprecated.cs - Importer: ScriptedImporter/UnityEditor.QuickSearchModule:UnityEditor.Search:ASIAI0B -> (ImportResultId: '948d04c0733718372fb3e6512f636ef7') in 0.001506958 seconds
[Worker0] Imported GUID: 9c5cb477607df401e941044d364eb49d - Path: Packages/com.unity.xr.core-utils/Runtime/Extensions/PoseExtensions.cs - Importer: ScriptedImporter/UnityEditor.QuickSearchModule:UnityEditor.Search:ASIAI0B -> (ImportResultId: '297641faff7ddb7759ebc2560a28de08') in 0.001277958 seconds
[Worker0] Imported GUID: 7b5d7db14748d4c87ac0f11077962afe - Path: Packages/com.unity.xr.core-utils/Runtime/XRLoggingUtils.cs - Importer: ScriptedImporter/UnityEditor.QuickSearchModule:UnityEditor.Search:ASIAI0B -> (ImportResultId: '51b3be9738fc45ca46ef50264be82a4d') in 0.001270875 seconds
[Worker0] Imported GUID: 551b91e6f4eb24cd9b2940efeaf9e616 - Path: Assets/XR - Importer: ScriptedImporter/UnityEditor.QuickSearchModule:UnityEditor.Search:ASIAI0B -> (ImportResultId: '8a63fa8e8603be3a07ef3a3cc9ca3061') in 0.001170291 seconds
[Worker0] Imported GUID: b3fa6a1e43ae4ca480e022af312fa4f9 - Path: Packages/com.unity.xr.arkit/Runtime/Frameworks/ObjCRuntime - Importer: ScriptedImporter/UnityEditor.QuickSearchModule:UnityEditor.Search:ASIAI0B -> (ImportResultId: 'c1da9179c488303f65d71f9ca41a1b89') in 0.001176417 seconds
[Worker0] Imported GUID: 4f4808ab7959f4746b4a91cd7a13299d - Path: Packages/com.unity.xr.arfoundation/Runtime/ARFoundation/Camera/ARLightEstimationData.cs - Importer: ScriptedImporter/UnityEditor.QuickSearchModule:UnityEditor.Search:ASIAI0B -> (ImportResultId: '81956330611ca20613268f40b989d0bd') in 0.001728875 seconds
[Worker0] Imported GUID: 5f66da7470dce8f4d821d71dd2b1d4ac - Path: Packages/com.unity.xr.arfoundation/Runtime/ARFoundation/Planes/ARPlane.cs - Importer: ScriptedImporter/UnityEditor.QuickSearchModule:UnityEditor.Search:ASIAI0B -> (ImportResultId: 'cc249127bc02fbc9de87ca6e5ac69f24') in 0.001566625 seconds
[Worker0] Imported GUID: 0ca48ab3377070648a3ae6ac8a2b3320 - Path: Packages/com.unity.xr.arfoundation/Runtime/ARSubsystems/Session/SessionAvailability.cs - Importer: ScriptedImporter/UnityEditor.QuickSearchModule:UnityEditor.Search:ASIAI0B -> (ImportResultId: 'df3f6b1a151d7329f2f55708761696d2') in 0.001376584 seconds
[Worker0] Imported GUID: 496de26ee3351d5448e0fb3ca46cfc46 - Path: Packages/com.unity.xr.arfoundation/Runtime/Simulation/Subsystems/CameraFPSModeHandler.cs - Importer: ScriptedImporter/UnityEditor.QuickSearchModule:UnityEditor.Search:ASIAI0B -> (ImportResultId: 'cfe4647c53b037582634117eec04c37b') in 0.001183375 seconds
[Worker0] Imported GUID: aa96b4d255b4b9f4da4c77ce337393ec - Path: Packages/com.unity.xr.legacyinputhelpers/Runtime/TrackedPoseDriver/BasePoseProvider.cs - Importer: ScriptedImporter/UnityEditor.QuickSearchModule:UnityEditor.Search:ASIAI0B -> (ImportResultId: '36ddbd7856ef42c4da297ea775993f8c') in 0.001387125 seconds
[Worker0] Imported GUID: 581c44bafc8864eec9701b94b0d25e5e - Path: Packages/com.unity.xr.arfoundation/Runtime/ARFoundation/Participants - Importer: ScriptedImporter/UnityEditor.QuickSearchModule:UnityEditor.Search:ASIAI0B -> (ImportResultId: '0340b44e2e27fea371906f0d5e851ec4') in 0.001266709 seconds
[Worker0] Imported GUID: b9cb6c329becc42b7bcdfbc6039c196a - Path: Packages/com.unity.xr.arfoundation/Runtime/ARSubsystems/Utils/ScopedProfiler.cs - Importer: ScriptedImporter/UnityEditor.QuickSearchModule:UnityEditor.Search:ASIAI0B -> (ImportResultId: 'a538a80bc1ebe746e8e8c499b083a2f3') in 0.001419166 seconds
[Worker0] Imported GUID: a75dfb606df804868bf37a93ec52a694 - Path: Packages/com.unity.xr.core-utils/Editor/ProjectValidation/BuildValidationRule.cs - Importer: ScriptedImporter/UnityEditor.QuickSearchModule:UnityEditor.Search:ASIAI0B -> (ImportResultId: 'c191e017c48af9f45863fb096a3ed340') in 0.002677625 seconds
[Worker0] Imported GUID: 6422827c20034724a804803686698524 - Path: Packages/com.unity.xr.arfoundation/Editor/ARFoundation/SceneUtils.cs - Importer: ScriptedImporter/UnityEditor.QuickSearchModule:UnityEditor.Search:ASIAI0B -> (ImportResultId: '23db728f23bd96428a0c41e6274829cf') in 0.001509708 seconds
[Worker0] Imported GUID: 2254374c9407c02439ac76a9931081cd - Path: Packages/com.unity.xr.management/Tests/Editor/PackageInitSettingsTests.cs - Importer: ScriptedImporter/UnityEditor.QuickSearchModule:UnityEditor.Search:ASIAI0B -> (ImportResultId: '1ae1299bef59998838a917a0e51a0c8e') in 0.001491416 seconds
[Worker0] Imported GUID: 3a47807dd6374452fae3d104888a7c3a - Path: Packages/com.unity.xr.core-utils/Tests/Editor/XRCoreUtilities/ReadOnlyStructSpanTests.cs - Importer: ScriptedImporter/UnityEditor.QuickSearchModule:UnityEditor.Search:ASIAI0B -> (ImportResultId: '077bffe2f913d61435531ca878270f16') in 0.001689541 seconds
[Worker0] Imported GUID: 5d9964ab255daca9bcbdcd3c7faebbb8 - Path: Packages/com.unity.mathematics - Importer: ScriptedImporter/UnityEditor.QuickSearchModule:UnityEditor.Search:ASIAI0B -> (ImportResultId: '61dff8add15747f7b4a3487217ac24dd') in 0.001215917 seconds
[Worker0] Imported GUID: f94b533f106a041aa9db4fe43a501e47 - Path: Packages/com.unity.xr.arkit/Editor/GuidExtensions.cs - Importer: ScriptedImporter/UnityEditor.QuickSearchModule:UnityEditor.Search:ASIAI0B -> (ImportResultId: '28d4b87b260f5b0313873c70fcbf4a6c') in 0.002446542 seconds
[Worker0] Imported GUID: 4a045098e0a88ee20e4d171ff00f3ebf - Path: Packages/com.unity.xr.management - Importer: ScriptedImporter/UnityEditor.QuickSearchModule:UnityEditor.Search:ASIAI0B -> (ImportResultId: 'dcc2ebd55c079937f918afb9c0806ff2') in 0.001730084 seconds
[Worker0] Imported GUID: 7ab74fff4fadf1841820ded42d6ecd4c - Path: Packages/com.unity.xr.management/Editor/AndroidManifest - Importer: ScriptedImporter/UnityEditor.QuickSearchModule:UnityEditor.Search:ASIAI0B -> (ImportResultId: '4b49f6958f37ce752afb5f57f1aa0643') in 0.001514 seconds
[Worker0] Imported GUID: dcdfbfcd67fcb41c8a0c193550cb2ab8 - Path: Packages/com.unity.xr.arfoundation/Runtime/ARSubsystems/Occlusion/XROcclusionSubsystem.cs - Importer: ScriptedImporter/UnityEditor.QuickSearchModule:UnityEditor.Search:ASIAI0B -> (ImportResultId: 'a92d9706f5292fea5a5cbe6852d760eb') in 0.001886667 seconds
[Worker0] Imported GUID: 13c6427c3a54844069ef1c91b0119277 - Path: Packages/com.unity.xr.arfoundation/Editor/VisualScripting/Deprecated/PointCloudsChangedEventUnitDescriptor.deprecated.cs - Importer: ScriptedImporter/UnityEditor.QuickSearchModule:UnityEditor.Search:ASIAI0B -> (ImportResultId: 'f0454736b099b5cef0ba31ab4929a193') in 0.002554458 seconds
[Worker0] Imported GUID: 75b9e21a555114e7aacc6a9fb06e7a2b - Path: Packages/com.unity.xr.arfoundation/Runtime/ARSubsystems/Meshing - Importer: ScriptedImporter/UnityEditor.QuickSearchModule:UnityEditor.Search:ASIAI0B -> (ImportResultId: 'f162a8b3e58e51fef504d50138e313b7') in 0.001894917 seconds
[Worker0] Imported GUID: 0497231d45cdc094f8d310d20605a8f9 - Path: Packages/com.unity.xr.arfoundation/Runtime/Simulation/Plugins/windows-arm64/XRSimulationSubsystem.pdb - Importer: ScriptedImporter/UnityEditor.QuickSearchModule:UnityEditor.Search:ASIAI0B -> (ImportResultId: 'cddf2bc9a1098103afb74fadcf5e0dff') in 0.001406084 seconds
[Worker0] Imported GUID: d34d0af25c21141a98c0cf3c0066444f - Path: Packages/com.unity.mathematics/package.json - Importer: ScriptedImporter/UnityEditor.QuickSearchModule:UnityEditor.Search:ASIAI0B -> (ImportResultId: '7a5158f4446f8a99b8cb93791c988de5') in 0.003121792 seconds
[Worker0] Imported GUID: 816b289ef451e094f9ae174fb4cf8db0 - Path: Packages/com.unity.xr.arfoundation/Runtime/ARFoundation/Camera/ARCameraBackground.cs - Importer: ScriptedImporter/UnityEditor.QuickSearchModule:UnityEditor.Search:ASIAI0B -> (ImportResultId: '6cdd4324301d12e127e9b8b5e6680bbe') in 0.001889959 seconds
[Worker0] Imported GUID: 9192b8bc16cc149b196952f3aa199751 - Path: Packages/com.unity.xr.arfoundation/Editor/VisualScripting/SessionStateChangedEventUnitDescriptor.cs - Importer: ScriptedImporter/UnityEditor.QuickSearchModule:UnityEditor.Search:ASIAI0B -> (ImportResultId: 'db7d98c3799bf9cbb51c000eb8f75cff') in 0.00125225 seconds
[Worker0] Imported GUID: 1a493a0bf9a9413a951a6e2e1821f446 - Path: Packages/com.unity.xr.arfoundation/Runtime/ARFoundation/Common/TrackingSubsystem/TrackableSpawner - Importer: ScriptedImporter/UnityEditor.QuickSearchModule:UnityEditor.Search:ASIAI0B -> (ImportResultId: 'a411eb9962da2c483c50d0e0ae20dbe7') in 0.00126125 seconds
[Worker0] Imported GUID: 728ad7fae8e460a4ba41265c7308d757 - Path: Packages/com.unity.xr.arfoundation/Runtime/ARFoundation/Anchors/ARAnchorManager.cs - Importer: ScriptedImporter/UnityEditor.QuickSearchModule:UnityEditor.Search:ASIAI0B -> (ImportResultId: 'b5408e66670d977e31f9938d573a1fe3') in 0.001434334 seconds
[Worker0] Imported GUID: b9143184be23d4de294860e128bfd21e - Path: Packages/com.unity.xr.arfoundation/Runtime/ARSubsystems/Common/Textures/XRCpuImage/ConversionParams.cs - Importer: ScriptedImporter/UnityEditor.QuickSearchModule:UnityEditor.Search:ASIAI0B -> (ImportResultId: '2b99a85ea99cef65c893f2123a40dc22') in 0.002235 seconds
[Worker0] Imported GUID: ea6ca4ff726b4b8aa89718dba0cb59c8 - Path: Packages/com.unity.xr.arfoundation/Runtime/ARFoundation/Markers/ARMarker.cs - Importer: ScriptedImporter/UnityEditor.QuickSearchModule:UnityEditor.Search:ASIAI0B -> (ImportResultId: '0b2cd613f229c1560b57f8ef59045023') in 0.001389542 seconds
[Worker0] Imported GUID: cc366b3dc5c8474baaa56a1522735650 - Path: Packages/com.unity.xr.arfoundation/Editor/ARFoundation/ARShaderOcclusionEditor.cs - Importer: ScriptedImporter/UnityEditor.QuickSearchModule:UnityEditor.Search:ASIAI0B -> (ImportResultId: '22da264131af2439eaf209631555ea78') in 0.001179667 seconds
[Worker0] Imported GUID: 8ff041822cbde3c46909aff3f597997d - Path: Packages/com.unity.xr.arfoundation/Editor/ARSubsystems/BuildAssetBundlesWindow.cs - Importer: ScriptedImporter/UnityEditor.QuickSearchModule:UnityEditor.Search:ASIAI0B -> (ImportResultId: 'fd48df6e3b157dbeb756ee2412e3540b') in 0.001512416 seconds
[Worker0] Imported GUID: a79cdaaff3d104f50b2fc11462d088fb - Path: Packages/com.unity.xr.arkit/Runtime/FaceTracking/ARKitBlendShapeCoefficient.cs - Importer: ScriptedImporter/UnityEditor.QuickSearchModule:UnityEditor.Search:ASIAI0B -> (ImportResultId: '24c88b3908ffb55d618f44c8bdb7c59c') in 0.001940333 seconds
[Worker0] Imported GUID: 0df24d87adab545848ae59e261520c0c - Path: Packages/com.unity.xr.arfoundation/Tests/Editor/ARSubsystems/ARSubsystemEditorTests.cs - Importer: ScriptedImporter/UnityEditor.QuickSearchModule:UnityEditor.Search:ASIAI0B -> (ImportResultId: 'c9edb6897c791091af676990d6c97bce') in 0.001604083 seconds
[Worker0] Imported GUID: 6ea1dd653921f44908a72e58ecbcaddb - Path: Packages/com.unity.xr.arfoundation/Assets/Prefabs - Importer: ScriptedImporter/UnityEditor.QuickSearchModule:UnityEditor.Search:ASIAI0B -> (ImportResultId: '4c7ac5b87fa2ed3eb9cd9c39ca9dee89') in 0.001086458 seconds
[Worker0] Imported GUID: b3739f5eb340449fb9bdd2b36385f9c6 - Path: Packages/com.unity.xr.arfoundation/Runtime/ARSubsystems/Common - Importer: ScriptedImporter/UnityEditor.QuickSearchModule:UnityEditor.Search:ASIAI0B -> (ImportResultId: 'b0de4d47f9745bb5e77277596ad53a9a') in 0.001138209 seconds
[Worker0] Imported GUID: bbf71863e730a43eea3325c1d7905951 - Path: Packages/com.unity.xr.arfoundation/Tests/Runtime/XRSimulation/SimulationTestSceneManager.cs - Importer: ScriptedImporter/UnityEditor.QuickSearchModule:UnityEditor.Search:ASIAI0B -> (ImportResultId: '592c7b975365147f554fd109e801fcf7') in 0.001347167 seconds
[Worker0] Imported GUID: 33e98a5830d474542920c0e16999cf8a - Path: Packages/com.unity.xr.arkit/Runtime/Camera/ARKitLockedCamera.cs - Importer: ScriptedImporter/UnityEditor.QuickSearchModule:UnityEditor.Search:ASIAI0B -> (ImportResultId: 'ac5d203004952513d9c384c8aedc68a2') in 0.001596584 seconds
[Worker0] Imported GUID: 2438662eb337d47fc95c624370b09496 - Path: Packages/com.unity.xr.arfoundation/Runtime/Simulation/Plugins/macos/XRSimulationSubsystem.bundle - Importer: ScriptedImporter/UnityEditor.QuickSearchModule:UnityEditor.Search:ASIAI0B -> (ImportResultId: 'a42ac6ce9c2af9537a390af12fe1af92') in 0.002052917 seconds
[Worker0] Imported GUID: a9d3dc17d9fd144f8a25f9dcb60b6fcd - Path: Packages/com.unity.xr.arfoundation/Runtime/Simulation/Subsystems/PointCloud - Importer: ScriptedImporter/UnityEditor.QuickSearchModule:UnityEditor.Search:ASIAI0B -> (ImportResultId: 'ced67b11ead012327e39da079dbdecb7') in 0.001383834 seconds
[Worker0] Imported GUID: 74f5d2c25a154afaa82e56ff7423450f - Path: Packages/com.unity.xr.arfoundation/Runtime/VisualScripting/Units/Events/EventUnits/ARAnchorsChangedEventUnit.cs - Importer: ScriptedImporter/UnityEditor.QuickSearchModule:UnityEditor.Search:ASIAI0B -> (ImportResultId: 'b091e4e571cb85f7e975911321ce6432') in 0.001370833 seconds
[Worker0] Imported GUID: 5ac13ab6c33fd4ea59be0438c4aa9283 - Path: Packages/com.unity.xr.arkit/Runtime/ImageTracking/ManagedImageReference.cs - Importer: ScriptedImporter/UnityEditor.QuickSearchModule:UnityEditor.Search:ASIAI0B -> (ImportResultId: '4a15a29f59777ccd7033ff65fbc881a6') in 0.001327875 seconds
[Worker0] Imported GUID: 4c350a90c3de445bf8a5857e28b77f5c - Path: Packages/com.unity.xr.arkit/Runtime/Camera/ARKitCameraSubsystem.cs - Importer: ScriptedImporter/UnityEditor.QuickSearchModule:UnityEditor.Search:ASIAI0B -> (ImportResultId: '751a07323744a0cfbf67e86244f2bff6') in 0.001153792 seconds
[Worker0] Imported GUID: aaee0c9e7d614adc815a6bb1b52ec928 - Path: Packages/com.unity.xr.arfoundation/Editor/Simulation/SampleEnvironmentsHelper.cs - Importer: ScriptedImporter/UnityEditor.QuickSearchModule:UnityEditor.Search:ASIAI0B -> (ImportResultId: '6f401555697ee86b2e4381c98d76a22e') in 0.001159916 seconds
[Worker0] Imported GUID: 133d01df6c33946d5bc2175989a08818 - Path: Packages/com.unity.xr.arfoundation/Tests/Editor/ARFoundation/XROriginCreateUtilTests.cs - Importer: ScriptedImporter/UnityEditor.QuickSearchModule:UnityEditor.Search:ASIAI0B -> (ImportResultId: '0a424ee184315b10f137170c4f3222f9') in 0.001571375 seconds
[Worker0] Imported GUID: 890fec15058014daf809f4d3613bd884 - Path: Packages/com.unity.xr.arkit/Tests/Runtime/CodeSamples - Importer: ScriptedImporter/UnityEditor.QuickSearchModule:UnityEditor.Search:ASIAI0B -> (ImportResultId: '7e395aa4924dfa0b8c2739bc47faafc6') in 0.001345666 seconds
[Worker0] Imported GUID: e6a2a99e72b5d4b1786a98127522385f - Path: Packages/com.unity.xr.arfoundation/Editor/Simulation/ProjectValidation - Importer: ScriptedImporter/UnityEditor.QuickSearchModule:UnityEditor.Search:ASIAI0B -> (ImportResultId: '3bcb195387aea39fd61063c4065f5e1d') in 0.001372 seconds
[Worker0] Imported GUID: d1e28bbff00034614a9dad4ba25c4281 - Path: Packages/com.unity.xr.arfoundation/Runtime/Simulation/Subsystems/Raycast/IRaycaster.cs - Importer: ScriptedImporter/UnityEditor.QuickSearchModule:UnityEditor.Search:ASIAI0B -> (ImportResultId: '6b894d7a94e3f591ecbc44c3efaa9785') in 0.001787 seconds
[Worker0] Imported GUID: 35bd980c8f2234e3d8b640e25a677d65 - Path: Packages/com.unity.xr.arfoundation/Assets/Materials/DebugFace.mat - Importer: ScriptedImporter/UnityEditor.QuickSearchModule:UnityEditor.Search:ASIAI0B -> (ImportResultId: '61c737d9f9edddd384adcc92539fa8dd') in 0.011724834 seconds
[Worker0] Imported GUID: bd28778dc5884685ae673d4cbea2a1ef - Path: Packages/com.unity.xr.arfoundation/Runtime/ARFoundation/Occlusion - Importer: ScriptedImporter/UnityEditor.QuickSearchModule:UnityEditor.Search:ASIAI0B -> (ImportResultId: '10b7ab722097cfa52c418a623255c558') in 0.001727584 seconds
[Worker0] Imported GUID: b12941e02f2a4447599e7a365f4328ae - Path: Packages/com.unity.xr.arkit/Runtime/Frameworks/Foundation/NSObject.cs - Importer: ScriptedImporter/UnityEditor.QuickSearchModule:UnityEditor.Search:ASIAI0B -> (ImportResultId: '842722e2237c6ef5c354a4fe88a6c906') in 0.001573833 seconds
[Worker0] Imported GUID: 3fb79659a1271364f8030126dcdad135 - Path: Packages/com.unity.xr.arfoundation/Runtime/ARSubsystems/Images/XRImageTrackingSubsystemDescriptor.cs - Importer: ScriptedImporter/UnityEditor.QuickSearchModule:UnityEditor.Search:ASIAI0B -> (ImportResultId: '8550852cdb780f5831cfbdd34228cdc6') in 0.001724875 seconds
[Worker0] Imported GUID: 12d8a1161d987fa4eab8946e7c6a2707 - Path: Packages/com.unity.xr.arfoundation/Editor/Simulation/Unity.XR.Simulation.Editor.asmdef - Importer: ScriptedImporter/UnityEditor.QuickSearchModule:UnityEditor.Search:ASIAI0B -> (ImportResultId: '02e6ca11985ad4e1dff54fc72497d436') in 0.00185725 seconds
[Worker0] Imported GUID: f56bff5cb88204e1a93f0cb0f47e6656 - Path: Packages/com.unity.xr.arkit/Runtime/OSVersion.cs - Importer: ScriptedImporter/UnityEditor.QuickSearchModule:UnityEditor.Search:ASIAI0B -> (ImportResultId: '54f8ca64817c85aa7aedb39b0b9969dd') in 0.001343167 seconds
[Worker0] Imported GUID: 3e157be2a77444a3d923ef4ab98b10b0 - Path: Packages/com.unity.xr.arfoundation/Editor/ARAnalytics/Unity.XR.ARAnalytics.Editor.asmdef - Importer: ScriptedImporter/UnityEditor.QuickSearchModule:UnityEditor.Search:ASIAI0B -> (ImportResultId: '4d9901115d1942eb398c22b31da75c38') in 0.0015895 seconds
[Worker0] Imported GUID: a78f9ebc81dd33745a312d08443d3e3d - Path: Packages/com.unity.xr.arfoundation/Editor/Simulation - Importer: ScriptedImporter/UnityEditor.QuickSearchModule:UnityEditor.Search:ASIAI0B -> (ImportResultId: '5c2973c90ca084fba92dda698308f714') in 0.001254459 seconds
[Worker0] Imported GUID: fa850fbd5b8aded44846f96e35f1a9f5 - Path: Packages/com.unity.xr.arfoundation/Runtime/ARFoundation/Input/ARInputManager.cs - Importer: ScriptedImporter/UnityEditor.QuickSearchModule:UnityEditor.Search:ASIAI0B -> (ImportResultId: '1955222a6bc00619ee63c6dd24d906d7') in 0.0014655 seconds
[Worker0] Imported GUID: 8570d5d29d91f4efaac0d6193c71e49d - Path: Packages/com.unity.xr.arkit/Runtime/SerializedARCollaborationData.cs - Importer: ScriptedImporter/UnityEditor.QuickSearchModule:UnityEditor.Search:ASIAI0B -> (ImportResultId: '8a8ff76faffd6a2b7085251e966aa4c5') in 0.00143275 seconds
[Worker0] Imported GUID: a2889641c981244b39376a6745fb9fa9 - Path: Packages/com.unity.xr.arkit/Runtime/Frameworks/ARKit/ARWorldMappingStatus.cs - Importer: ScriptedImporter/UnityEditor.QuickSearchModule:UnityEditor.Search:ASIAI0B -> (ImportResultId: '863fa182f8aeeb9385a1467e7303ebcb') in 0.001585541 seconds
[Worker0] Imported GUID: 52b079e6f4dd4e40a87331a9aed75f6a - Path: Packages/com.unity.xr.arfoundation/Runtime/ARFoundation/Planes/ARPlaneMeshGenerator.cs - Importer: ScriptedImporter/UnityEditor.QuickSearchModule:UnityEditor.Search:ASIAI0B -> (ImportResultId: '9cf4220e6ce9a32e09a9e34ea0dca0fe') in 0.002233791 seconds
[Worker0] Imported GUID: 2fa37e7785fc437bb8c4cc7df1aa9e19 - Path: Packages/com.unity.xr.arfoundation/Tests/Runtime/ARFoundation/ARFoundationTests.cs - Importer: ScriptedImporter/UnityEditor.QuickSearchModule:UnityEditor.Search:ASIAI0B -> (ImportResultId: '548ee13036a8b6bf03e17d183c5251ef') in 0.001526125 seconds
[Worker0] Imported GUID: 916ac1e5ec7f24b7988d29461efc6dba - Path: Packages/com.unity.xr.arfoundation/Runtime/VisualScripting/Units/Events/MessageListeners/Deprecated/ARFaceManagerListener.deprecated.cs - Importer: ScriptedImporter/UnityEditor.QuickSearchModule:UnityEditor.Search:ASIAI0B -> (ImportResultId: '39f8a25b1d5ffe9f1e99296406c2d125') in 0.001339917 seconds
[Worker0] Imported GUID: b50c35d88216452084f2479e33ed55d5 - Path: Packages/com.unity.xr.arfoundation/Runtime/ARSubsystems/Anchors - Importer: ScriptedImporter/UnityEditor.QuickSearchModule:UnityEditor.Search:ASIAI0B -> (ImportResultId: '202565d4ba89ff39814baa9582d0f061') in 0.001351041 seconds
[Worker0] Imported GUID: e83b3414d8bc7544e8bb4b0ed40c1e5e - Path: Packages/com.unity.xr.arkit/Runtime/PlaneTracking/ARKitXRPlaneSubsystem.deprecated.cs - Importer: ScriptedImporter/UnityEditor.QuickSearchModule:UnityEditor.Search:ASIAI0B -> (ImportResultId: '1c13531dd430ed1a2c55e87b0c25bd92') in 0.001261042 seconds
[Worker0] Imported GUID: 5c279d37d86d24255abd007f5c74ead5 - Path: Packages/com.unity.xr.arfoundation/Tests/Runtime/ARFoundation/CameraSubsystem - Importer: ScriptedImporter/UnityEditor.QuickSearchModule:UnityEditor.Search:ASIAI0B -> (ImportResultId: '88ed9810195fce95ae9ebd31a64b8873') in 0.001131875 seconds
[Worker0] Imported GUID: 6ad831300d83840e2867fc6500806509 - Path: Packages/com.unity.xr.arfoundation/Runtime/ARSubsystems/Common/Textures - Importer: ScriptedImporter/UnityEditor.QuickSearchModule:UnityEditor.Search:ASIAI0B -> (ImportResultId: '5be26b3410fb4b29b3749efb2f92dfdc') in 0.001098584 seconds
[Worker0] Imported GUID: 0eb754913c9e435380c55ccc8efdc405 - Path: Packages/com.unity.xr.arkit/CHANGELOG.md - Importer: ScriptedImporter/UnityEditor.QuickSearchModule:UnityEditor.Search:ASIAI0B -> (ImportResultId: '366761eb5bd363cab1c942321576006c') in 0.001562292 seconds
[Worker0] Imported GUID: 8631b0a8157c4cc8a3bbbff29ee21640 - Path: Packages/com.unity.xr.arfoundation/Editor/Simulation/XRSimulationRuntimeSettingsEditor.cs - Importer: ScriptedImporter/UnityEditor.QuickSearchModule:UnityEditor.Search:ASIAI0B -> (ImportResultId: '24472b301563683348f6236093268252') in 0.001226958 seconds
[Worker0] Imported GUID: 3bdd7457c03d749c18d130bda2fa8ec2 - Path: Packages/com.unity.xr.arfoundation/Tests/Runtime/CodeSamples/Unity.XR.ARFoundation.CodeSamples.Tests.asmdef - Importer: ScriptedImporter/UnityEditor.QuickSearchModule:UnityEditor.Search:ASIAI0B -> (ImportResultId: 'd3747def75c17138e3e48f531eebc654') in 0.001347125 seconds
[Worker0] Imported GUID: f9b1d59e4d5b4e7ebf47071cab850760 - Path: Packages/com.unity.xr.arfoundation/Tests/Editor/XRSimulation/SimulationPreferencesTests.cs - Importer: ScriptedImporter/UnityEditor.QuickSearchModule:UnityEditor.Search:ASIAI0B -> (ImportResultId: '40d52c34e99f5c7e0754569fc96bbac1') in 0.001660792 seconds
[Worker0] Imported GUID: 5f4dfae7ac993dc4da50093fc8cc1569 - Path: Packages/com.unity.xr.arfoundation/Runtime/ARSubsystems/Planes/PlaneDetectionMode.cs - Importer: ScriptedImporter/UnityEditor.QuickSearchModule:UnityEditor.Search:ASIAI0B -> (ImportResultId: 'cf6d00b4f5051c2b1cefbe7deaa29683') in 0.00200975 seconds
[Worker0] Imported GUID: 59e67c33e83748d3a89645ee54222cbb - Path: Packages/com.unity.xr.arfoundation/Runtime/VisualScripting/Units/Events/EventUnits/ARParticipantsChangedEventUnit.cs - Importer: ScriptedImporter/UnityEditor.QuickSearchModule:UnityEditor.Search:ASIAI0B -> (ImportResultId: '26c7bb98f71961e1ced951e163aaa233') in 0.002404834 seconds
[Worker0] Imported GUID: f11a7efe40adf44d385d9121d68a792b - Path: Packages/com.unity.xr.arfoundation/Runtime/ARSubsystems/HumanBodies - Importer: ScriptedImporter/UnityEditor.QuickSearchModule:UnityEditor.Search:ASIAI0B -> (ImportResultId: '805831ae19c619259c68b9ae5a34fb50') in 0.001458917 seconds
[Worker0] Imported GUID: 02e205ff33f442d2b2a75a85a915850b - Path: Packages/com.unity.xr.arkit/Runtime/iOS - Importer: ScriptedImporter/UnityEditor.QuickSearchModule:UnityEditor.Search:ASIAI0B -> (ImportResultId: '4801821ccc40064df01a849bb5ad4ae8') in 0.001351375 seconds
[Worker0] Imported GUID: 5f27140884daf8a43af9434fd8028de9 - Path: Packages/com.unity.xr.arfoundation/Editor/InternalUtils/Unity.XR.ARFoundation.InternalUtils.Editor.asmdef - Importer: ScriptedImporter/UnityEditor.QuickSearchModule:UnityEditor.Search:ASIAI0B -> (ImportResultId: 'b2834be54e4e89bd79b210136041001c') in 0.00151975 seconds
[Worker0] Imported GUID: a23d1b0dc553640f682d502af95e7789 - Path: Packages/com.unity.xr.arfoundation/Assets/Materials/XAxis.mat - Importer: ScriptedImporter/UnityEditor.QuickSearchModule:UnityEditor.Search:ASIAI0B -> (ImportResultId: '0313fe5b5db5c8ac2bdd66e426124d33') in 0.002135875 seconds
[Worker0] Imported GUID: e703842cdceb04cfdb853aa00f267e5f - Path: Packages/com.unity.xr.arfoundation/Runtime/VisualScripting/Units/Events/MessageListeners/Deprecated/ARHumanBodyManagerListener.deprecated.cs - Importer: ScriptedImporter/UnityEditor.QuickSearchModule:UnityEditor.Search:ASIAI0B -> (ImportResultId: 'c981ce38a8fa3fd906ce6304a7c1510f') in 0.00189825 seconds
[Worker0] Imported GUID: 2e41dde7cb62a4049b7d4fd79f07ed33 - Path: Packages/com.unity.xr.arfoundation/Editor/Simulation/Rendering/LitGUI.cs - Importer: ScriptedImporter/UnityEditor.QuickSearchModule:UnityEditor.Search:ASIAI0B -> (ImportResultId: '9b0c09cf9754c0b26bb2d0e394d7eea5') in 0.001478083 seconds
[Worker0] Imported GUID: cb09035d41f4b43b7bd4f62030163d77 - Path: Packages/com.unity.xr.arfoundation/Assets/Textures/FeaturePoint.png - Importer: ScriptedImporter/UnityEditor.QuickSearchModule:UnityEditor.Search:ASIAI0B -> (ImportResultId: 'a196d25753f4c2cd817001e03883a601') in 0.004456833 seconds
[Worker0] Imported GUID: f5e025c0533d99b408564a320a19900a - Path: Packages/com.unity.xr.arfoundation/Tests/Runtime/ARFoundation/SessionSubsystem/XRSessionSubsystemTests.cs - Importer: ScriptedImporter/UnityEditor.QuickSearchModule:UnityEditor.Search:ASIAI0B -> (ImportResultId: 'fece4fbcf038d9041bd8773320d5c90f') in 0.001642333 seconds
[Worker0] Imported GUID: 6e3c44306fb1e439a9f18b2212b8ab70 - Path: Packages/com.unity.xr.arfoundation/Runtime/ARFoundation/Deprecated/ARPoseDriver.cs - Importer: ScriptedImporter/UnityEditor.QuickSearchModule:UnityEditor.Search:ASIAI0B -> (ImportResultId: '04ffc9062eecd0d5716321690aa56189') in 0.001580958 seconds
[Worker0] Imported GUID: c7d5cb690d080436d9657cbee5fd90bd - Path: Packages/com.unity.xr.arfoundation/Tests/Runtime/ARFoundation/CameraSubsystem/XRCameraSubsystemTests.cs - Importer: ScriptedImporter/UnityEditor.QuickSearchModule:UnityEditor.Search:ASIAI0B -> (ImportResultId: '4826484da2c28f70902e2784533f9a27') in 0.001643125 seconds
[Worker0] Imported GUID: 0dc084e9b75f348499790f56de88d510 - Path: Packages/com.unity.xr.arfoundation/Runtime/ARSubsystems/Participants/XRParticipant.cs - Importer: ScriptedImporter/UnityEditor.QuickSearchModule:UnityEditor.Search:ASIAI0B -> (ImportResultId: 'a120eb3f5be02783ad77f4451899dd39') in 0.001233583 seconds
[Worker0] Imported GUID: f5f4089786819437b834a6924d39a109 - Path: Packages/com.unity.xr.arfoundation/Runtime/Simulation/Subsystems/SimulationEnvironmentScanner.cs - Importer: ScriptedImporter/UnityEditor.QuickSearchModule:UnityEditor.Search:ASIAI0B -> (ImportResultId: 'cd110b5c97f48bee7a94cbde074d051b') in 0.002059125 seconds
[Worker0] Imported GUID: 997dc9a8a3fff4c99a1519ef9d1b44a6 - Path: Packages/com.unity.xr.arfoundation/Editor/VisualScripting/Deprecated/FacesChangedEventUnitDescriptor.deprecated.cs - Importer: ScriptedImporter/UnityEditor.QuickSearchModule:UnityEditor.Search:ASIAI0B -> (ImportResultId: '9990a7752b3149745e6f346ae28db60c') in 0.001519833 seconds
[Worker0] Imported GUID: ecf37a8efcd4b49439089b24b303dd3d - Path: Packages/com.unity.xr.arkit/Tests/Editor/Assets - Importer: ScriptedImporter/UnityEditor.QuickSearchModule:UnityEditor.Search:ASIAI0B -> (ImportResultId: '677032e01bcef627a4acc635d73e2f59') in 0.001551125 seconds
[Worker0] Imported GUID: 97677fe9d6364b829817f6852deb1ada - Path: Packages/com.unity.xr.arfoundation/Runtime/Simulation/Subsystems/CameraTextureFrameEventArgs.cs - Importer: ScriptedImporter/UnityEditor.QuickSearchModule:UnityEditor.Search:ASIAI0B -> (ImportResultId: '34adf66577af3906ca5da613a464e9bc') in 0.0014545 seconds
[Worker0] Imported GUID: c9f6f6395054465eb9a312f8c4ec4c52 - Path: Packages/com.unity.xr.arfoundation/Tests/Runtime/CodeSamples/ARPlaneManagerSamples.cs - Importer: ScriptedImporter/UnityEditor.QuickSearchModule:UnityEditor.Search:ASIAI0B -> (ImportResultId: '9549270984d828b214da789ac043342f') in 0.001494084 seconds
[Worker0] Imported GUID: 29341e3cec688724c89620641473c512 - Path: Packages/com.unity.xr.arfoundation/Runtime/Simulation/Environment/SimulatedBoundedPlane.cs - Importer: ScriptedImporter/UnityEditor.QuickSearchModule:UnityEditor.Search:ASIAI0B -> (ImportResultId: '8a476e4c0f1b4dac4b2f560c47ee012c') in 0.001721458 seconds
[Worker0] Imported GUID: 456ee314af1d1d54382d261501af72dc - Path: Packages/com.unity.xr.arfoundation/Runtime/Simulation/Environment/SimulationRenderSettings.cs - Importer: ScriptedImporter/UnityEditor.QuickSearchModule:UnityEditor.Search:ASIAI0B -> (ImportResultId: '9e455e1dc935f99898ee125a2c1a0af6') in 0.001425375 seconds
[Worker0] Imported GUID: da24fabe68b584b7db4ef705632ef878 - Path: Packages/com.unity.xr.arfoundation/Runtime/ARSubsystems/Raycasts/XRRaycast.cs - Importer: ScriptedImporter/UnityEditor.QuickSearchModule:UnityEditor.Search:ASIAI0B -> (ImportResultId: '75b4697674481d0ecea255b2a70db0c9') in 0.001743209 seconds
[Worker0] Imported GUID: 6241addbda9044c56883a791e5531603 - Path: Packages/com.unity.xr.arkit/Runtime/Frameworks/Foundation/NSMutableString.cs - Importer: ScriptedImporter/UnityEditor.QuickSearchModule:UnityEditor.Search:ASIAI0B -> (ImportResultId: '612394e9b614d15f9145e4d50d16edc0') in 0.001623167 seconds
[Worker0] Imported GUID: c60f5a0d0fc924ace85e45c318e892fa - Path: Packages/com.unity.xr.arfoundation/Runtime/ARFoundation/Deprecated/ARHumanBodiesChangedEventArgs.deprecated.cs - Importer: ScriptedImporter/UnityEditor.QuickSearchModule:UnityEditor.Search:ASIAI0B -> (ImportResultId: '53bc5d2fa111886863c838503f4b2682') in 0.002461334 seconds
[Worker0] Imported GUID: be3223a3b86e91e7f7070cdb95cec4b2 - Path: Packages/com.unity.xr.arkit - Importer: ScriptedImporter/UnityEditor.QuickSearchModule:UnityEditor.Search:ASIAI0B -> (ImportResultId: '7d17a25750c27c784b114cb9eb9a1da7') in 0.0018065 seconds
[Worker0] Imported GUID: 472ce4a31295e4f1eb38d08b55758cbf - Path: Packages/com.unity.xr.arfoundation/Runtime/VisualScripting/Units/Events - Importer: ScriptedImporter/UnityEditor.QuickSearchModule:UnityEditor.Search:ASIAI0B -> (ImportResultId: '3a1337fea1936bc46c9768508469ccf1') in 0.001673042 seconds
[Worker0] Imported GUID: c9aba62b4aee3476786dfb1ce0bc00f2 - Path: Packages/com.unity.xr.arfoundation/Editor/ARFoundation/AROcclusionManagerEditor.cs - Importer: ScriptedImporter/UnityEditor.QuickSearchModule:UnityEditor.Search:ASIAI0B -> (ImportResultId: '58ab343333d9933e10edfad7595145c9') in 0.002077625 seconds
[Worker0] Imported GUID: 8ab692b01a46c49e78989b02132d9023 - Path: Packages/com.unity.xr.arkit/Tests/Editor/Unity.XR.ARKit.Editor.Tests.asmdef - Importer: ScriptedImporter/UnityEditor.QuickSearchModule:UnityEditor.Search:ASIAI0B -> (ImportResultId: 'a93231127af9baecdcb6afea7cbc28df') in 0.003556667 seconds
[Worker0] Imported GUID: 77a580c22685a413bae27e82780d1ccf - Path: Packages/com.unity.xr.arkit/Runtime/Frameworks/Foundation/NSEnumerator.cs - Importer: ScriptedImporter/UnityEditor.QuickSearchModule:UnityEditor.Search:ASIAI0B -> (ImportResultId: '6d450a5ae7303f38fcb7ceb2712f0d69') in 0.001533958 seconds
[Worker0] Imported GUID: 1cdb22b8d7ceee34ca2eaf46eeb1976b - Path: Packages/com.unity.xr.arfoundation/Runtime/ARSubsystems/Input - Importer: ScriptedImporter/UnityEditor.QuickSearchModule:UnityEditor.Search:ASIAI0B -> (ImportResultId: '6adb9993d2767352de9809f2d3ad20f8') in 0.00117675 seconds
[Worker0] Imported GUID: 9b8a823e4e6d94e08b5fb19b44eaa855 - Path: Packages/com.unity.xr.arkit/Runtime/Frameworks/ARKit/ARCollaborationDataPriority.cs - Importer: ScriptedImporter/UnityEditor.QuickSearchModule:UnityEditor.Search:ASIAI0B -> (ImportResultId: '6f0ea3a1b2a8f067116a4c9d7e9f3ff2') in 0.001303875 seconds
[Worker0] Imported GUID: 2cef72746adcf4c2da2ce53709772c74 - Path: Packages/com.unity.xr.arfoundation/Runtime/VisualScripting/Units/Events/EventUnits/Deprecated/FacesChangedEventUnit.deprecated.cs - Importer: ScriptedImporter/UnityEditor.QuickSearchModule:UnityEditor.Search:ASIAI0B -> (ImportResultId: '91eb21f191ebdd5a0a536a1bf614220f') in 0.001393625 seconds
[Worker0] Imported GUID: 7bc777e5b3333442482e92386d873548 - Path: Packages/com.unity.xr.arfoundation/Runtime/Simulation/Subsystems/Plane/PlaneVoxel.cs - Importer: ScriptedImporter/UnityEditor.QuickSearchModule:UnityEditor.Search:ASIAI0B -> (ImportResultId: '4712ab797438717d581358153f0cde41') in 0.00162425 seconds
[Worker0] Imported GUID: adca0934a0c49394d9937a75b8617d61 - Path: Packages/com.unity.xr.arfoundation/Runtime/Simulation/SimulationConstants.cs - Importer: ScriptedImporter/UnityEditor.QuickSearchModule:UnityEditor.Search:ASIAI0B -> (ImportResultId: 'c531967b9f0fbae8dcc917702405a62e') in 0.001539791 seconds
[Worker0] Imported GUID: b8127697bc5a1f746ba144b876362d91 - Path: Packages/com.unity.xr.arfoundation/Editor/Simulation/XREnvironmentToolbarOverlay.cs - Importer: ScriptedImporter/UnityEditor.QuickSearchModule:UnityEditor.Search:ASIAI0B -> (ImportResultId: '2da3422cb31712936a567169ef6b1707') in 0.001360375 seconds
[Worker0] Imported GUID: 735ab448bda81490bac50b756bc317a8 - Path: Packages/com.unity.xr.arfoundation/Assets/Textures/Gear@2x.png - Importer: ScriptedImporter/UnityEditor.QuickSearchModule:UnityEditor.Search:ASIAI0B -> (ImportResultId: '457885a16929d9c3209dc927a72d54ab') in 0.008117708 seconds
[Worker0] Imported GUID: 3c0962c9799dc4866b11df781bfce8b2 - Path: Packages/com.unity.xr.arfoundation/Editor/Simulation/EnvironmentProbeParamsPropertyDrawer.cs - Importer: ScriptedImporter/UnityEditor.QuickSearchModule:UnityEditor.Search:ASIAI0B -> (ImportResultId: '7984bf8c53bc5bb7b1a9f19b62df55f8') in 0.001619667 seconds
[Worker0] Imported GUID: b9608c209a20a4f8c8aa5b99521017d2 - Path: Packages/com.unity.xr.arfoundation/Editor/Simulation/Analytics/AREditorAnalytics.cs - Importer: ScriptedImporter/UnityEditor.QuickSearchModule:UnityEditor.Search:ASIAI0B -> (ImportResultId: '3dea128774d1099e1ee9738821015ac5') in 0.001388 seconds
[Worker0] Imported GUID: 0278a7cea84b4ee2a00b9768118d7848 - Path: Packages/com.unity.xr.arfoundation/Runtime/Simulation/Subsystems/ISimulationSessionResetHandler.cs - Importer: ScriptedImporter/UnityEditor.QuickSearchModule:UnityEditor.Search:ASIAI0B -> (ImportResultId: 'c0dd5e42058c46c43afed536b010d727') in 0.00213725 seconds
[Worker0] Imported GUID: 8a512234959c84f759a00b7053a0169b - Path: Packages/com.unity.mathematics/Tests - Importer: ScriptedImporter/UnityEditor.QuickSearchModule:UnityEditor.Search:ASIAI0B -> (ImportResultId: 'afeabebf61df3bd6fe16b48d1052a8e9') in 0.001755292 seconds
[Worker0] Imported GUID: 1f7d60d5005d54711ae9f45a3a393185 - Path: Packages/com.unity.xr.arkit/Runtime/Frameworks/Foundation/NSStringEncoding.cs - Importer: ScriptedImporter/UnityEditor.QuickSearchModule:UnityEditor.Search:ASIAI0B -> (ImportResultId: '7fe8801eea7a24eb3b14d9cd6ffbc727') in 0.001641667 seconds
[Worker0] Imported GUID: 347b921b688a64eceb83167dc021ac23 - Path: Packages/com.unity.xr.arfoundation/Runtime/ARSubsystems/Planes/PlaneClassifications.cs - Importer: ScriptedImporter/UnityEditor.QuickSearchModule:UnityEditor.Search:ASIAI0B -> (ImportResultId: 'fd256b4a948191f02544f0374ce95176') in 0.0013605 seconds
[Worker0] Imported GUID: 6eb6dad3a10d34f428dc7939ecab6d53 - Path: Packages/com.unity.xr.arfoundation/Editor/VisualScripting - Importer: ScriptedImporter/UnityEditor.QuickSearchModule:UnityEditor.Search:ASIAI0B -> (ImportResultId: '050b98eebea4d7883a2f66817424b33c') in 0.001217583 seconds
[Worker0] Imported GUID: 5c8d4a86cd0a24d8d866bd949b72c646 - Path: Packages/com.unity.xr.arfoundation/Runtime/VisualScripting/Units/Events/EventUnits/CameraFrameReceivedEventUnit.cs - Importer: ScriptedImporter/UnityEditor.QuickSearchModule:UnityEditor.Search:ASIAI0B -> (ImportResultId: 'e239fbb9d835d43490948c33fe884f32') in 0.001687084 seconds
[Worker0] Imported GUID: 7f3fc6616b71a4f29a6f0a7d9e38d9c7 - Path: Packages/com.unity.xr.arfoundation/Editor/VisualScripting/GetRaycastsUnitDescriptor.cs - Importer: ScriptedImporter/UnityEditor.QuickSearchModule:UnityEditor.Search:ASIAI0B -> (ImportResultId: 'ce6d5746cade6e8752eaf8423bde07ba') in 0.001698625 seconds
[Worker0] Imported GUID: e63a1a8c41a734581823094a33417369 - Path: Packages/com.unity.xr.arkit/Runtime/Frameworks/Foundation/NSString.cs - Importer: ScriptedImporter/UnityEditor.QuickSearchModule:UnityEditor.Search:ASIAI0B -> (ImportResultId: '6daaf9e9c273c969d34ad0d6098f9142') in 0.001332167 seconds
[Worker0] Imported GUID: 950042044eb8b45cfb957653439b0be7 - Path: Packages/com.unity.xr.arfoundation/Assets/Materials/SimulationLitGray.mat - Importer: ScriptedImporter/UnityEditor.QuickSearchModule:UnityEditor.Search:ASIAI0B -> (ImportResultId: '8f1f58f8848f2a4dc6f8b976c7a60a8c') in 0.003254709 seconds
[Worker0] Imported GUID: db365322c56084dd7b6acc2cc8b331f6 - Path: Packages/com.unity.xr.arfoundation/Runtime/ARFoundation/Objects - Importer: ScriptedImporter/UnityEditor.QuickSearchModule:UnityEditor.Search:ASIAI0B -> (ImportResultId: 'f5c32c8f6dc84310851fa7bb6128ca3f') in 0.002145292 seconds
[Worker0] Imported GUID: 1ff7e79fd64f7469a96dff1e97f179a9 - Path: Packages/com.unity.xr.arfoundation/Assets/Materials/FeaturePointMat.mat - Importer: ScriptedImporter/UnityEditor.QuickSearchModule:UnityEditor.Search:ASIAI0B -> (ImportResultId: '2a91e108b3e10dc985b631d7f9f89f5b') in 0.00293325 seconds
[Worker0] Imported GUID: 5bb79ccef52fc424b9a0fdc6412fca8c - Path: Packages/com.unity.xr.arfoundation/Assets/Shaders/SimulationSyntheticLit.shader - Importer: ScriptedImporter/UnityEditor.QuickSearchModule:UnityEditor.Search:ASIAI0B -> (ImportResultId: 'fd01eeb3f551532086f08fbb06c2fdbf') in 0.005432875 seconds
[Worker0] Imported GUID: ecaa53a930f98bb44872ac2989fabc18 - Path: Packages/com.unity.xr.arfoundation/Editor/Icons/d_NoViewEnvironment.png - Importer: ScriptedImporter/UnityEditor.QuickSearchModule:UnityEditor.Search:ASIAI0B -> (ImportResultId: '6f32313cd95ad5034636ed0aa47f1fbb') in 0.00427725 seconds
[Worker0] Imported GUID: fefc6742a83d14e0fa0e566721f132c0 - Path: Packages/com.unity.xr.arfoundation/Tests/Runtime/CodeSamples/ARTrackedImageManagerSamples.cs - Importer: ScriptedImporter/UnityEditor.QuickSearchModule:UnityEditor.Search:ASIAI0B -> (ImportResultId: 'cb8f37510b0bcdb21363855efa059672') in 0.002508917 seconds
[Worker0] Imported GUID: 286108a95f30b401bb0555389fcef8aa - Path: Packages/com.unity.xr.arfoundation/Runtime/VisualScripting/Units/Events/EventUnits - Importer: ScriptedImporter/UnityEditor.QuickSearchModule:UnityEditor.Search:ASIAI0B -> (ImportResultId: 'b8ed8c3aa098820210d8f9131223f19d') in 0.001535875 seconds
[Worker0] Imported GUID: 60c46c2b2958c4c97bc32b601aa82b4e - Path: Packages/com.unity.xr.arkit/Editor/XcodeAssetCatalog.cs - Importer: ScriptedImporter/UnityEditor.QuickSearchModule:UnityEditor.Search:ASIAI0B -> (ImportResultId: '06b215fa1cdbf0628fc9ef1a9a2622b8') in 0.001624834 seconds
[Worker0] Imported GUID: 25b1b44544824591a184434de65bbd3c - Path: Packages/com.unity.xr.arfoundation/Runtime/ARFoundation/Common/Textures/IUpdatableTexture.cs - Importer: ScriptedImporter/UnityEditor.QuickSearchModule:UnityEditor.Search:ASIAI0B -> (ImportResultId: '875794f337b76f90a603b2c60877393e') in 0.0018695 seconds
[Worker0] Imported GUID: 0508574958194d07ad241a5074b55fe4 - Path: Packages/com.unity.xr.arfoundation/Runtime/VisualScripting/Units/Events/EventUnits/ARHumanBodiesChangedEventUnit.cs - Importer: ScriptedImporter/UnityEditor.QuickSearchModule:UnityEditor.Search:ASIAI0B -> (ImportResultId: '9ecf137d032967eb57485b587c2ed526') in 0.001835833 seconds
[Worker0] Imported GUID: 790b8f63850834d56afcba83a89c105a - Path: Packages/com.unity.xr.arfoundation/Editor/Simulation/ProjectValidation/SimulationValidationRules.cs - Importer: ScriptedImporter/UnityEditor.QuickSearchModule:UnityEditor.Search:ASIAI0B -> (ImportResultId: 'b5cb3895bf6ce2346e64d6f4a20d26f2') in 0.001943042 seconds
[Worker0] Imported GUID: 9d3db31bbb5403849881c1de3f2f5d59 - Path: Packages/com.unity.xr.arfoundation/Runtime/ARFoundation/Images/ARTrackedImage.cs - Importer: ScriptedImporter/UnityEditor.QuickSearchModule:UnityEditor.Search:ASIAI0B -> (ImportResultId: 'f4a87420ec16977002b72d12e94b7644') in 0.001813916 seconds
[Worker0] Imported GUID: cf175f1725ba94a63898a4a8c0c187e0 - Path: Packages/com.unity.xr.arkit/Runtime/ARKitMeshSubsystemExtensions.cs - Importer: ScriptedImporter/UnityEditor.QuickSearchModule:UnityEditor.Search:ASIAI0B -> (ImportResultId: 'cd0b607820b205a9a3113f36da054e89') in 0.001474584 seconds
[Worker0] Imported GUID: 999a41e6c0c15455cbc9ea898cb83153 - Path: Packages/com.unity.xr.arkit/Editor/ARKitPackageMetadata.cs - Importer: ScriptedImporter/UnityEditor.QuickSearchModule:UnityEditor.Search:ASIAI0B -> (ImportResultId: 'd8924ce505cd2ecdf2043a5ff379a941') in 0.001412208 seconds
[Worker0] Imported GUID: 89183701efb84489da4667b464ae9ce2 - Path: Packages/com.unity.xr.arfoundation/Editor/ARSubsystems/XRReferenceImageLibraryEditor.cs - Importer: ScriptedImporter/UnityEditor.QuickSearchModule:UnityEditor.Search:ASIAI0B -> (ImportResultId: '2fc41a6d6b097085c51205364432bbc4') in 0.002351542 seconds
[Worker0] Imported GUID: 4a24be5f08c7043598d9640be92ff978 - Path: Packages/com.unity.xr.arfoundation/Runtime/Simulation/Subsystems/Plane/PlaneFindingParams.cs - Importer: ScriptedImporter/UnityEditor.QuickSearchModule:UnityEditor.Search:ASIAI0B -> (ImportResultId: '56b0b48dc903b7172864c1e193f4e1d6') in 0.002013291 seconds
[Worker0] Imported GUID: 524976ce97844c598e25e14dce5d3067 - Path: Packages/com.unity.xr.arkit/LICENSE.md - Importer: ScriptedImporter/UnityEditor.QuickSearchModule:UnityEditor.Search:ASIAI0B -> (ImportResultId: '08a756751375677f3077a510e76e2026') in 0.002011708 seconds
[Worker0] Imported GUID: 131c4f47312954998bd2a03e22b74113 - Path: Packages/com.unity.xr.arfoundation/Tests/Runtime/ARFoundation/PointCloudSubsystem - Importer: ScriptedImporter/UnityEditor.QuickSearchModule:UnityEditor.Search:ASIAI0B -> (ImportResultId: 'f3f8214690341ac138bdcbe22c3259d4') in 0.001604084 seconds
[Worker0] Imported GUID: 807ec905f0cff4b3ea39a5044119c195 - Path: Packages/com.unity.xr.arfoundation/Tests/Editor/XRTestTooling/AssemblyInfo.cs - Importer: ScriptedImporter/UnityEditor.QuickSearchModule:UnityEditor.Search:ASIAI0B -> (ImportResultId: '3036a250eabde44706889c083120c4c3') in 0.001303541 seconds
[Worker0] Imported GUID: f674d8841b5c74e4791c6f1c90888637 - Path: Packages/com.unity.xr.arfoundation/Editor/ARFoundation/ARSceneValidator.cs - Importer: ScriptedImporter/UnityEditor.QuickSearchModule:UnityEditor.Search:ASIAI0B -> (ImportResultId: '65f613397549421f1e32312365ac2f33') in 0.002083708 seconds
[Worker0] Imported GUID: 9221cd441c9f4e7b84fb4afc006ac05f - Path: Packages/com.unity.xr.arfoundation/Runtime/ARFoundation/Occlusion/AROcclusionSources.cs - Importer: ScriptedImporter/UnityEditor.QuickSearchModule:UnityEditor.Search:ASIAI0B -> (ImportResultId: '0344e16fbd8ef477094a6f0641a3b481') in 0.001490583 seconds
[Worker0] Imported GUID: 30a89e6ba963248cf85628ef0bbdab27 - Path: Packages/com.unity.mathematics/Tests/Editor/BasicTestSuite.cs - Importer: ScriptedImporter/UnityEditor.QuickSearchModule:UnityEditor.Search:ASIAI0B -> (ImportResultId: '7fc78b03729a7b2e5718f381961b2c87') in 0.001319125 seconds
[Worker0] Imported GUID: a59bbbc7cf37f8646aa59b673b9360d2 - Path: Packages/com.unity.xr.arfoundation/Editor/Simulation/Rendering/MaterialInspector.cs - Importer: ScriptedImporter/UnityEditor.QuickSearchModule:UnityEditor.Search:ASIAI0B -> (ImportResultId: '507a889a3bda258c9dc7793155143b39') in 0.001311416 seconds
[Worker0] Imported GUID: bf84f93bece6046529e7fc72790a441b - Path: Packages/com.unity.xr.arfoundation/Runtime/VisualScripting/Units/Events/MessageListeners/Deprecated/TrackableManagerListener.deprecated.cs - Importer: ScriptedImporter/UnityEditor.QuickSearchModule:UnityEditor.Search:ASIAI0B -> (ImportResultId: '466ac99aec12febcbbc39001e83aa9df') in 0.001817167 seconds
[Worker0] Imported GUID: 14b97d93227b4458689fe84ac6b19037 - Path: Packages/com.unity.xr.arfoundation/Runtime/ARSubsystems/Participants - Importer: ScriptedImporter/UnityEditor.QuickSearchModule:UnityEditor.Search:ASIAI0B -> (ImportResultId: 'c4908001511c6c9170c5fc7b0fc7c601') in 0.001368 seconds
[Worker0] Imported GUID: 51d3d9771c63408fae8d36ace8613815 - Path: Packages/com.unity.xr.arfoundation/Runtime/ARSubsystems/EnvironmentProbes - Importer: ScriptedImporter/UnityEditor.QuickSearchModule:UnityEditor.Search:ASIAI0B -> (ImportResultId: '65c66ea85e4c0d8f0d8270174b202ace') in 0.001296542 seconds
[Worker0] Imported GUID: 319ddbac80c34d378ff0912871be3eb1 - Path: Packages/com.unity.xr.arfoundation/Runtime/ARFoundation/Utils/RenderingUtility.cs - Importer: ScriptedImporter/UnityEditor.QuickSearchModule:UnityEditor.Search:ASIAI0B -> (ImportResultId: '6bb5fe285fbdecb9bdd2369eca0747a8') in 0.002387875 seconds
[Worker0] Imported GUID: 6f96e4b9bbe444c8f88d51ae10a2b75e - Path: Packages/com.unity.mathematics/Tests/Editor/Unity.Mathematics.Editor.Tests.asmdef - Importer: ScriptedImporter/UnityEditor.QuickSearchModule:UnityEditor.Search:ASIAI0B -> (ImportResultId: '64b4345c7958b532acfbdc8e845bddc6') in 0.003437959 seconds
[Worker0] Imported GUID: 158c59ce7c9f4202b598c5fb7887c0ac - Path: Packages/com.unity.xr.arfoundation/Runtime/ARFoundation/Common/Textures/ISwapchainStrategy.cs - Importer: ScriptedImporter/UnityEditor.QuickSearchModule:UnityEditor.Search:ASIAI0B -> (ImportResultId: '3d978341d5c4fc01061992f7b5dfde66') in 0.001767042 seconds
[Worker0] Imported GUID: cd1deff5bdbeb89408b7b67befb680f2 - Path: Packages/com.unity.xr.arfoundation/Editor/Icons/ArrowCaretRight.png - Importer: ScriptedImporter/UnityEditor.QuickSearchModule:UnityEditor.Search:ASIAI0B -> (ImportResultId: 'd0bf509a43571e9a2ddb649ba22a7734') in 0.00363675 seconds
[Worker0] Imported GUID: 88d13c9a606ca4ca894adc96f5e0be08 - Path: Packages/com.unity.xr.arfoundation/Runtime/ARSubsystems/Common/Textures/XRCpuImage - Importer: ScriptedImporter/UnityEditor.QuickSearchModule:UnityEditor.Search:ASIAI0B -> (ImportResultId: '99caaff78f737c34b870b50ccd50d0ef') in 0.001402542 seconds
[Worker0] Imported GUID: 5fab0d74d4d31754180a351f20d1dd72 - Path: Packages/com.unity.xr.arfoundation/Tests/Editor/CodeSamples/Unity.XR.ARFoundation.CodeSamples.Editor.Tests.asmdef - Importer: ScriptedImporter/UnityEditor.QuickSearchModule:UnityEditor.Search:ASIAI0B -> (ImportResultId: '300d035d0b21af763c5ab8306c49d364') in 0.001868625 seconds
[Worker0] Imported GUID: c7b92c392902f4043a03a64032c02fe1 - Path: Packages/com.unity.xr.arfoundation/Assets/Prefabs/DefaultSimulationEnvironment.prefab - Importer: ScriptedImporter/UnityEditor.QuickSearchModule:UnityEditor.Search:ASIAI0B -> (ImportResultId: '06a4fab284634f550f762f4a4cc8ef87') in 0.018529 seconds
[Worker0] Imported GUID: f9b38eefd33214e6fabdddc517a829c3 - Path: Packages/com.unity.xr.arfoundation/Editor/VisualScripting/Deprecated/AnchorsChangedEventUnitDescriptor.deprecated.cs - Importer: ScriptedImporter/UnityEditor.QuickSearchModule:UnityEditor.Search:ASIAI0B -> (ImportResultId: 'dc13107c9cadb72a6fe5304eea4e53a0') in 0.001632834 seconds
[Worker0] Imported GUID: 9e34f4abaa67d47cb8f75c5c3b78ddf0 - Path: Packages/com.unity.xr.arfoundation/Runtime/VisualScripting/Units/Events/EventUnits/Deprecated/EnvironmentProbesChangedEventUnit.deprecated.cs - Importer: ScriptedImporter/UnityEditor.QuickSearchModule:UnityEditor.Search:ASIAI0B -> (ImportResultId: 'a9bf39f1f67264c9452e5095e7e212b3') in 0.001354791 seconds
[Worker0] Imported GUID: e0a2d5d4ced73224fa45156921c628cb - Path: Packages/com.unity.xr.arfoundation/Runtime/ARSubsystems/Common/Promise.cs - Importer: ScriptedImporter/UnityEditor.QuickSearchModule:UnityEditor.Search:ASIAI0B -> (ImportResultId: '1f7c5ef55e8ab342b2627ef78b829eca') in 0.001902792 seconds
[Worker0] Imported GUID: bad3391e4a30445c9272f7f48af91bbd - Path: Packages/com.unity.xr.arfoundation/Runtime/ARSubsystems/Planes/BoundedPlaneBuilder.cs - Importer: ScriptedImporter/UnityEditor.QuickSearchModule:UnityEditor.Search:ASIAI0B -> (ImportResultId: '299fa7f1fb0475bb1f56a626e670415a') in 0.001438584 seconds
[Worker0] Imported GUID: 41d7cb6edc1f547a884bef1db0d62ef5 - Path: Packages/com.unity.xr.arfoundation/Editor/VisualScripting/GetPlanesUnitDescriptor.cs - Importer: ScriptedImporter/UnityEditor.QuickSearchModule:UnityEditor.Search:ASIAI0B -> (ImportResultId: '19d035b1f3cccca7cfcd30f91993824f') in 0.001486166 seconds
[Worker0] Imported GUID: e140c899c3d924dff8f41e493d33d3a7 - Path: Packages/com.unity.xr.arkit/Tests/Editor/Assets/TestReferenceImageLibrary.asset - Importer: ScriptedImporter/UnityEditor.QuickSearchModule:UnityEditor.Search:ASIAI0B -> (ImportResultId: '0160fc4be9670895069e62784f23acb1') in 0.047989792 seconds
[Worker0] Imported GUID: abb13e18b7f635846ae5227543a999ed - Path: Packages/com.unity.xr.arfoundation/Assets - Importer: ScriptedImporter/UnityEditor.QuickSearchModule:UnityEditor.Search:ASIAI0B -> (ImportResultId: '7b887d180e1e02e9db3d84fe69a11725') in 0.00166725 seconds
[Worker0] Imported GUID: 910d3836c6f5c2a4492fb89eda5b4b86 - Path: Packages/com.unity.xr.arfoundation/Assets/Shaders/SimulationRoomXRay.shader - Importer: ScriptedImporter/UnityEditor.QuickSearchModule:UnityEditor.Search:ASIAI0B -> (ImportResultId: 'c2580cef4b873a86ba2e564e05ec91f8') in 0.004822833 seconds
[Worker0] Imported GUID: d8531ac98d01b314bbeb68d6d7b426e7 - Path: Packages/com.unity.xr.arfoundation/Runtime/Simulation/Environment/SimulatedAnchor.cs - Importer: ScriptedImporter/UnityEditor.QuickSearchModule:UnityEditor.Search:ASIAI0B -> (ImportResultId: 'bb2afd3483d5f6f93bbb3fe49eef2aeb') in 0.001922916 seconds
[Worker0] Imported GUID: c39bb24e2bd7a482ca08117fb44b8e44 - Path: Packages/com.unity.xr.arfoundation/Runtime/Simulation/Environment/SimulatedTrackedImage.cs - Importer: ScriptedImporter/UnityEditor.QuickSearchModule:UnityEditor.Search:ASIAI0B -> (ImportResultId: '1b743da8019ceed6fa6a8627d3f172f4') in 0.001917292 seconds
[Worker0] Imported GUID: 825bfbbb9dc9041c2b5ff7a729249748 - Path: Packages/com.unity.xr.arfoundation/Runtime/VisualScripting/Constants.cs - Importer: ScriptedImporter/UnityEditor.QuickSearchModule:UnityEditor.Search:ASIAI0B -> (ImportResultId: '0083a450e34704d748b3081a02c0b247') in 0.001471291 seconds
[Worker0] Imported GUID: a9cbc4b8d8ac4879991424c0f0d85830 - Path: Packages/com.unity.xr.arfoundation/Runtime/ARSubsystems/Utils/AwaitableUtils.cs - Importer: ScriptedImporter/UnityEditor.QuickSearchModule:UnityEditor.Search:ASIAI0B -> (ImportResultId: '271b0053e4881d38e29e53d0f84b6c2e') in 0.00155775 seconds
[Worker0] Imported GUID: 9fa589e99fc5d46ef942dc2d6fdc6420 - Path: Packages/com.unity.xr.arfoundation/Editor/VisualScripting/Deprecated/EnvironmentProbesChangedEventUnitDescriptor.deprecated.cs - Importer: ScriptedImporter/UnityEditor.QuickSearchModule:UnityEditor.Search:ASIAI0B -> (ImportResultId: '7d7579866601a1f415e6e15b0ee509e7') in 0.001692875 seconds
[Worker0] Imported GUID: 6e92bfd272562a5458a6e7ead8305e2f - Path: Packages/com.unity.xr.arfoundation/Runtime/ARFoundation/Deprecated/ARTrackedImagesChangedEventArgs.deprecated.cs - Importer: ScriptedImporter/UnityEditor.QuickSearchModule:UnityEditor.Search:ASIAI0B -> (ImportResultId: '40a84c93e76bd8c4b3ae6280059507dc') in 0.002521708 seconds
[Worker0] Imported GUID: 52a208bb46e934bb5aba0a4973595f80 - Path: Packages/com.unity.xr.arfoundation/Assets/Textures/DialogBackground@4x.png - Importer: ScriptedImporter/UnityEditor.QuickSearchModule:UnityEditor.Search:ASIAI0B -> (ImportResultId: '0e469a16adf6baa8580b9cf7a2ee604c') in 0.006457209 seconds
[Worker0] Imported GUID: 009aaebfacf574ac6974b18b13f4d534 - Path: Packages/com.unity.xr.arfoundation/Editor/VisualScripting/Deprecated/HumanBodiesChangedEventUnitDescriptor.deprecated.cs - Importer: ScriptedImporter/UnityEditor.QuickSearchModule:UnityEditor.Search:ASIAI0B -> (ImportResultId: '072af9faa3050f531d78955d9d4a7c85') in 0.002248208 seconds
[Worker0] Imported GUID: 20aba02fbd6687c45829f2d152c68609 - Path: Packages/com.unity.xr.arfoundation/Runtime/ARFoundation/Planes/ARPlaneBoundaryChangedEventArgs.cs - Importer: ScriptedImporter/UnityEditor.QuickSearchModule:UnityEditor.Search:ASIAI0B -> (ImportResultId: '479a70bed3b793c01a0e9284de9b7a64') in 0.001575291 seconds
[Worker0] Imported GUID: cb18101c80c8b48a5ae36383ae708609 - Path: Packages/com.unity.xr.arfoundation/Editor/VisualScripting/GetParticipantsUnitDescriptor.cs - Importer: ScriptedImporter/UnityEditor.QuickSearchModule:UnityEditor.Search:ASIAI0B -> (ImportResultId: 'a118531c3d18576dddf38455d0c7cdd1') in 0.001401334 seconds
[Worker0] Imported GUID: f997752ba79e74c83ae8d9566198aac7 - Path: Packages/com.unity.xr.arkit/Editor/ObjectTracking/ARObjectInfo.cs - Importer: ScriptedImporter/UnityEditor.QuickSearchModule:UnityEditor.Search:ASIAI0B -> (ImportResultId: '4027fd80bf2be724491c6c0cf0f33dbb') in 0.00132825 seconds
[Worker0] Imported GUID: 869c9be541a2f4a998e3bf6dd0964735 - Path: Packages/com.unity.xr.arfoundation/Runtime/ARFoundation/Common - Importer: ScriptedImporter/UnityEditor.QuickSearchModule:UnityEditor.Search:ASIAI0B -> (ImportResultId: '639962edc128d5d2133a60f7a260f05e') in 0.001161625 seconds
[Worker0] Imported GUID: 276e51989aae14b7abf932ccecc8911d - Path: Packages/com.unity.xr.arfoundation/Tests/Editor/ARFoundation/SceneUtilsTests.cs - Importer: ScriptedImporter/UnityEditor.QuickSearchModule:UnityEditor.Search:ASIAI0B -> (ImportResultId: 'b2b45ab1d4da9fa6333e508da59bf16e') in 0.0012185 seconds
[Worker0] Imported GUID: 0ad967c9b039c4c5db35830a2211d12b - Path: Packages/com.unity.xr.arfoundation/Assets/Shaders/SoftOcclusionPreprocessing.shader - Importer: ScriptedImporter/UnityEditor.QuickSearchModule:UnityEditor.Search:ASIAI0B -> (ImportResultId: '60927c2fc42f61f8ba6dd878da7556bf') in 0.00258675 seconds
[Worker0] Imported GUID: 075a0517e04d494da58fb60f37730271 - Path: Packages/com.unity.xr.arfoundation/Editor/Simulation/XREnvironmentViewManager.cs - Importer: ScriptedImporter/UnityEditor.QuickSearchModule:UnityEditor.Search:ASIAI0B -> (ImportResultId: '0db380e0b1fefd1c3f82d4eaac59b03c') in 0.001484459 seconds
[Worker0] Imported GUID: 5f6b10434e7f4bce97074a8c54a2da59 - Path: Packages/com.unity.xr.arfoundation/Runtime/Simulation/Subsystems/EnvironmentProbe - Importer: ScriptedImporter/UnityEditor.QuickSearchModule:UnityEditor.Search:ASIAI0B -> (ImportResultId: '27a1e4f1cf0a44c7041f4f25c519ffc2') in 0.001397583 seconds
[Worker0] Imported GUID: 5018cdcbd1c1949d7884fbbf34d29672 - Path: Packages/com.unity.xr.arkit/Editor/ObjectTracking/ARObject.cs - Importer: ScriptedImporter/UnityEditor.QuickSearchModule:UnityEditor.Search:ASIAI0B -> (ImportResultId: 'e07f9126ba8ee8485a486498af8033d6') in 0.001436542 seconds
[Worker0] Imported GUID: 5f264e44be4b84fb1beb4a7679f7b1e5 - Path: Packages/com.unity.xr.arfoundation/Runtime/VisualScripting/Units/Events/MessageListeners/Deprecated/ARPointCloudManagerListener.deprecated.cs - Importer: ScriptedImporter/UnityEditor.QuickSearchModule:UnityEditor.Search:ASIAI0B -> (ImportResultId: 'ef5f6613e5afc15888a0e396def0c6a1') in 0.001458417 seconds
[Worker0] Imported GUID: ad63b296373364c6099ead21544f7185 - Path: Packages/com.unity.xr.arkit/Runtime/Frameworks/ARKit/ARCoachingOverlayTransition.cs - Importer: ScriptedImporter/UnityEditor.QuickSearchModule:UnityEditor.Search:ASIAI0B -> (ImportResultId: '1ad6852708e78f533936fcfe15417655') in 0.001459375 seconds
[Worker0] Imported GUID: d872c4aafa0ad4480b08ee596f80d9ba - Path: Packages/com.unity.xr.arkit/Runtime/Constants.cs - Importer: ScriptedImporter/UnityEditor.QuickSearchModule:UnityEditor.Search:ASIAI0B -> (ImportResultId: 'cb34540fe3de5b385ec63c0ae5cbf2a4') in 0.001253958 seconds
[Worker0] Imported GUID: ef71a65dba1a40ebacf5f04136d30d31 - Path: Packages/com.unity.xr.arkit/Runtime/Camera/ARKitCpuImageApi.cs - Importer: ScriptedImporter/UnityEditor.QuickSearchModule:UnityEditor.Search:ASIAI0B -> (ImportResultId: 'a464a5fedc57e64f47861d4587aa3de7') in 0.001673542 seconds
[Worker0] Imported GUID: b99aacf904b7147c09de807b3c8f56e5 - Path: Packages/com.unity.xr.arfoundation/Runtime/ARFoundation/DebugMenu/DebugSlider.cs - Importer: ScriptedImporter/UnityEditor.QuickSearchModule:UnityEditor.Search:ASIAI0B -> (ImportResultId: '2d8d11433001d556e20629c6d13d5da6') in 0.001768458 seconds
[Worker0] Imported GUID: dfd0ce20189d48e5b22bb4134b558f5a - Path: Packages/com.unity.xr.arkit/Runtime/Unity.XR.ARKit.asmdef - Importer: ScriptedImporter/UnityEditor.QuickSearchModule:UnityEditor.Search:ASIAI0B -> (ImportResultId: 'ee33de547e916cc1dd4b821ff39a7f50') in 0.002552958 seconds
[Worker0] Imported GUID: 34cb3d9cb3dcf2c479d9c2034853c49e - Path: Packages/com.unity.xr.arfoundation/Runtime/Simulation - Importer: ScriptedImporter/UnityEditor.QuickSearchModule:UnityEditor.Search:ASIAI0B -> (ImportResultId: 'c247be738e5ec0cbbbe4065427d4a7c4') in 0.001627708 seconds
[Worker0] Imported GUID: 357beecef99065242a6f2a17807a553b - Path: Packages/com.unity.xr.arfoundation/Runtime/ARSubsystems/Common/TrackingSubsystem/ITrackable.cs - Importer: ScriptedImporter/UnityEditor.QuickSearchModule:UnityEditor.Search:ASIAI0B -> (ImportResultId: 'e9de71bba64298f8697055f4ba5df1ef') in 0.001445625 seconds
[Worker0] Imported GUID: a49c62393703f0c4c840e5c6bcb83867 - Path: Packages/com.unity.xr.arfoundation/Runtime/Simulation/Plugins/linux/XRSimulationSubsystem.debug - Importer: ScriptedImporter/UnityEditor.QuickSearchModule:UnityEditor.Search:ASIAI0B -> (ImportResultId: 'b670b7be8543440013fd8eca5ffa8d40') in 0.001835625 seconds
[Worker0] Imported GUID: 4b0f2438e67114da4ac58152a08f3f93 - Path: Packages/com.unity.xr.arfoundation/Runtime/ARFoundation/Camera - Importer: ScriptedImporter/UnityEditor.QuickSearchModule:UnityEditor.Search:ASIAI0B -> (ImportResultId: '5b1c2b34d52b795b3757e3e8dcc5867d') in 0.001355625 seconds
[Worker0] Imported GUID: dc68255ffd5e54e389473dc518aabcb0 - Path: Packages/com.unity.xr.arfoundation/Runtime/ARFoundation/Utils - Importer: ScriptedImporter/UnityEditor.QuickSearchModule:UnityEditor.Search:ASIAI0B -> (ImportResultId: 'db96c5035445981644c7784436a7c9e2') in 0.001827416 seconds
[Worker0] Imported GUID: 6743a50a812740be8c0aa3fccc46fae9 - Path: Packages/com.unity.xr.arkit/Assets/Shaders/ARKitBackgroundAfterOpaques.shader - Importer: ScriptedImporter/UnityEditor.QuickSearchModule:UnityEditor.Search:ASIAI0B -> (ImportResultId: '3a13759663faff01ae33361dfa112ceb') in 0.002235959 seconds
[Worker0] Imported GUID: 329f488ec6bd4d4e9ac636aa6c5bc189 - Path: Packages/com.unity.xr.arfoundation/Runtime/VisualScripting/Units/Events/MessageListeners/ARHumanBodiesChangedListener.cs - Importer: ScriptedImporter/UnityEditor.QuickSearchModule:UnityEditor.Search:ASIAI0B -> (ImportResultId: '6137e3e77663e0557e1a28ebf193b366') in 0.00171775 seconds
[Worker0] Imported GUID: 8e58b3bb0ecf482f8d24cd12b28c1c40 - Path: Packages/com.unity.xr.arkit/Editor/ARKitBuildProcessor.cs - Importer: ScriptedImporter/UnityEditor.QuickSearchModule:UnityEditor.Search:ASIAI0B -> (ImportResultId: 'b0cb458e0f2420eccb671a20ed8a42a3') in 0.002092375 seconds
[Worker0] Imported GUID: 109b1eed01024e2fbdf1b109fff8813c - Path: Packages/com.unity.xr.arfoundation/Runtime/ARSubsystems/Markers/XRSpatialBufferType.cs - Importer: ScriptedImporter/UnityEditor.QuickSearchModule:UnityEditor.Search:ASIAI0B -> (ImportResultId: 'b73897735c5b1a24877a1cb6d753c0a0') in 0.001842791 seconds
[Worker0] Imported GUID: 2a91e1f16d3bef84eb6c25e4c6a63fdb - Path: Packages/com.unity.xr.arfoundation/Assets/Prefabs/ARPointCloud.prefab - Importer: ScriptedImporter/UnityEditor.QuickSearchModule:UnityEditor.Search:ASIAI0B -> (ImportResultId: '481e11dae8f2026bf366cb779097dd46') in 0.050232292 seconds
[Worker0] Imported GUID: 864ca89a59879504d8f94a4e6ef5bb30 - Path: Packages/com.unity.xr.arfoundation/Runtime/ARSubsystems/Session - Importer: ScriptedImporter/UnityEditor.QuickSearchModule:UnityEditor.Search:ASIAI0B -> (ImportResultId: '4891dbceedd9885ba0830d8f43c4f25c') in 0.001955792 seconds
[Worker0] Imported GUID: ca647a4b079694d9e9475d9f1e1f035b - Path: Packages/com.unity.xr.arfoundation/Editor/VisualScripting/GetTrackedObjectsUnitDescriptor.cs - Importer: ScriptedImporter/UnityEditor.QuickSearchModule:UnityEditor.Search:ASIAI0B -> (ImportResultId: '6e8c1de2b74670759cff0cf6442ca65b') in 0.001614792 seconds
[Worker0] Imported GUID: b8c02549a931427fb127a9a438fe1f17 - Path: Packages/com.unity.xr.arfoundation/Runtime/ARFoundation/Common/TrackingSubsystem/TrackableSpawner/ARNullTrackable.cs - Importer: ScriptedImporter/UnityEditor.QuickSearchModule:UnityEditor.Search:ASIAI0B -> (ImportResultId: '2dc8758f2ad5b7922f08542145881ad2') in 0.001430709 seconds
[Worker0] Imported GUID: c2d43a954dec49b08bb85a096ea37b90 - Path: Packages/com.unity.xr.arfoundation/Runtime/ARSubsystems/PointClouds/XRDepthSubsystem.deprecated.cs - Importer: ScriptedImporter/UnityEditor.QuickSearchModule:UnityEditor.Search:ASIAI0B -> (ImportResultId: 'c0df323a3ac3f2882cfa3daa98235652') in 0.001456167 seconds
[Worker0] Imported GUID: 5bfd2d3e7771f401e9cb7e8b0987cfdc - Path: Packages/com.unity.xr.arkit/Runtime/Camera/HighResolutionCpuImagePromise.cs - Importer: ScriptedImporter/UnityEditor.QuickSearchModule:UnityEditor.Search:ASIAI0B -> (ImportResultId: '7508d35867466662f1b68ab3cd9b7832') in 0.002346709 seconds
[Worker0] Imported GUID: e3fe8b8388be44076b2e27c5d76283c6 - Path: Packages/com.unity.xr.arfoundation/Runtime/ARSubsystems/HumanBodies/XRHumanBodyJoint.cs - Importer: ScriptedImporter/UnityEditor.QuickSearchModule:UnityEditor.Search:ASIAI0B -> (ImportResultId: '63c4d2609c81e933285ba24bc42719d5') in 0.00144925 seconds
[Worker0] Imported GUID: f78e666a09634f139370c3eb8c8db836 - Path: Packages/com.unity.xr.arfoundation/Tests/Runtime/XRSimulation/SimulationTestSetup.cs - Importer: ScriptedImporter/UnityEditor.QuickSearchModule:UnityEditor.Search:ASIAI0B -> (ImportResultId: '44998356037b4f78fc709bc4929d2173') in 0.001258375 seconds
[Worker0] Imported GUID: 6a0f6fecac4584b67bb30468a2c016ef - Path: Assets/XR/Settings 1 - Importer: ScriptedImporter/UnityEditor.QuickSearchModule:UnityEditor.Search:ASIAI0B -> (ImportResultId: 'eff78f95639d469a48232b2400960ae3') in 0.0011415 seconds
[Worker0] Imported GUID: 393446da135b40b2ad4d07a9940b6593 - Path: Packages/com.unity.xr.arkit/Editor/AssemblyInfo.cs - Importer: ScriptedImporter/UnityEditor.QuickSearchModule:UnityEditor.Search:ASIAI0B -> (ImportResultId: 'c2ef17a09f09e1e1443b765ccb5cbb15') in 0.001230917 seconds
[Worker0] Imported GUID: da5e530587f7cb04cbc06011d172fb7d - Path: Packages/com.unity.xr.arfoundation/Runtime/ARSubsystems/Input/HandheldARInputDevice.cs - Importer: ScriptedImporter/UnityEditor.QuickSearchModule:UnityEditor.Search:ASIAI0B -> (ImportResultId: 'dd1f529c0aff84118a494d184954cdb9') in 0.001949417 seconds
[Worker0] Imported GUID: 7c4f957e68d474ce6a952ef2173b6099 - Path: Packages/com.unity.xr.arkit/Runtime/Camera/ARKitWhiteBalanceRange.cs - Importer: ScriptedImporter/UnityEditor.QuickSearchModule:UnityEditor.Search:ASIAI0B -> (ImportResultId: 'e199707f94aa41b2539c0034bf302351') in 0.00192675 seconds
[Worker0] Imported GUID: 6cc3cab6b4b4f4103aa5a6946f295848 - Path: Packages/com.unity.xr.arfoundation/Editor/ARSubsystems/SerializableGuidUtil.cs - Importer: ScriptedImporter/UnityEditor.QuickSearchModule:UnityEditor.Search:ASIAI0B -> (ImportResultId: 'e2c56bbffb907711430d873eec4d57c5') in 0.002097834 seconds
[Worker0] Imported GUID: d849a297add04720b454eb5b398a201c - Path: Packages/com.unity.xr.arfoundation/Runtime/ARSubsystems - Importer: ScriptedImporter/UnityEditor.QuickSearchModule:UnityEditor.Search:ASIAI0B -> (ImportResultId: 'ffe0547983c4d9c537aeff577db57189') in 0.007713584 seconds
[Worker0] Imported GUID: 87f3250b490f18d498f85044f18389c1 - Path: Packages/com.unity.xr.arfoundation/Runtime/Simulation/Subsystems/Occlusion - Importer: ScriptedImporter/UnityEditor.QuickSearchModule:UnityEditor.Search:ASIAI0B -> (ImportResultId: '88dfa476085d159d3ba19ff8e64ae16b') in 0.00242375 seconds
[Worker0] Imported GUID: 82bf9acf8efd0499a899a072d9eb1e68 - Path: Packages/com.unity.xr.arfoundation/Runtime/ARSubsystems/Faces/XRFaceMesh.cs - Importer: ScriptedImporter/UnityEditor.QuickSearchModule:UnityEditor.Search:ASIAI0B -> (ImportResultId: 'c6db4f7a28d51078b7c2c98f8143155d') in 0.007105875 seconds
[Worker0] Imported GUID: d89408adbbc2541448b230cb4472ce8f - Path: Packages/com.unity.xr.arfoundation/Runtime/VisualScripting/Units/Events/EventUnits/Deprecated/PlanesChangedEventUnit.deprecated.cs - Importer: ScriptedImporter/UnityEditor.QuickSearchModule:UnityEditor.Search:ASIAI0B -> (ImportResultId: '2a5ec1601704e381aed611f46c3fbe92') in 0.004714209 seconds
[Worker0] Imported GUID: 52a8fa5bf9b284f8face038ae393c38d - Path: Packages/com.unity.xr.arkit/Tests/Runtime/CodeSamples/ARKitCameraSubsystemTests.cs - Importer: ScriptedImporter/UnityEditor.QuickSearchModule:UnityEditor.Search:ASIAI0B -> (ImportResultId: '6de43b092960114f1c1ff9877e7f379e') in 0.001545416 seconds
[Worker0] Imported GUID: a3465b17c8b6e499495e9e20faf3347b - Path: Packages/com.unity.xr.arfoundation/Runtime/InternalUtils/PoseUtils.cs - Importer: ScriptedImporter/UnityEditor.QuickSearchModule:UnityEditor.Search:ASIAI0B -> (ImportResultId: '473757b31b31861b8a192993eff517be') in 0.001495417 seconds
[Worker0] Imported GUID: 37772415f77fd254c9a9bf93a0f31de2 - Path: Packages/com.unity.xr.arfoundation/Runtime/ARSubsystems/Utils/NativeCopyUtility.cs - Importer: ScriptedImporter/UnityEditor.QuickSearchModule:UnityEditor.Search:ASIAI0B -> (ImportResultId: '8cf9d5d7ce2f73716c84ff2d9535226b') in 0.001357041 seconds
[Worker0] Imported GUID: 3a555387190414ca883c8012a8fa1800 - Path: Packages/com.unity.xr.arfoundation/Runtime/VisualScripting/Units/Events/MessageListeners/ARCameraManagerListener.cs - Importer: ScriptedImporter/UnityEditor.QuickSearchModule:UnityEditor.Search:ASIAI0B -> (ImportResultId: '8f59a5678c15f04c09631c8e671b4b06') in 0.002298917 seconds
[Worker0] Imported GUID: 516de25e4e8ff443bafd482bd47f9019 - Path: Packages/com.unity.xr.arfoundation/Editor/Simulation/TrackedImageDiscoveryParamsPropertyDrawer.cs - Importer: ScriptedImporter/UnityEditor.QuickSearchModule:UnityEditor.Search:ASIAI0B -> (ImportResultId: '6e7890f6d07dea0113a7eda106e5b3e7') in 0.001864 seconds
[Worker0] Imported GUID: 72a0c287fbeb4e7eb82728d37fb5e04d - Path: Packages/com.unity.xr.arfoundation/Runtime/VisualScripting/Units/Events/MessageListeners/ARAnchorsChangedListener.cs - Importer: ScriptedImporter/UnityEditor.QuickSearchModule:UnityEditor.Search:ASIAI0B -> (ImportResultId: '76de344dad30cc4990a057f487954cc1') in 0.001419291 seconds
Worker ready: AssetImportWorkerHW1 1
Importing 'GUID: 1397f02a18ada4f2b95321aa173f3fe2 - Path: Assets/XR/Temp' with importer (DefaultImporter)
Imported 'GUID: 1397f02a18ada4f2b95321aa173f3fe2' -> (Import Result ID: '8c1bca2c6d121d4056f3aad4f597fb4d') in 0.004 seconds [static dependencies only]. Details - ImportResultOutputID=3c13cb4c82222fa56bb1d157e31f4c1c DependenciesID=9899e13ed17551b6b9bb9d77c8c5c3ba StaticDependenciesID=4e2470500e58ddf3b8e045b00782a8f7 
Asset Pipeline Refresh (id=2f256ebfc839245048b6362e4c406445): Total: 0.108 seconds - Initiated by StopAssetImportingV2(NoUpdateAssetOptions)
Asset Pipeline Refresh (id=e0e52a00976c0444eb28c9fe1d4c35d0): Total: 0.027 seconds - Initiated by StopAssetImportingV2(NoUpdateAssetOptions)
Asset Pipeline Refresh (id=018ba1901d26a4d7886cbf5ea0c8cc7b): Total: 0.027 seconds - Initiated by StopAssetImportingV2(NoUpdateAssetOptions)
Asset Pipeline Refresh (id=20d886d97e4a1499c97f06e8e7f31ef8): Total: 0.071 seconds - Initiated by RefreshV2(NoUpdateAssetOptions)
AcceleratorClientConnectionCallback - disconnected - :0
Importing 'GUID: 00000000000000004000000000000000 - Path: ProjectSettings/ProjectSettings.asset' with importer (LibraryAssetImporter)
Imported 'GUID: 00000000000000004000000000000000' -> (Import Result ID: '419c93b3806d9286d873633247585d3e') in 0.002 seconds [static dependencies only]. Details - ImportResultOutputID=276a810dac73e1f29404d5e5f692e214 DependenciesID=6ebb6b3b3d71b9c78509e655c606b45a StaticDependenciesID=127d8f38cb7c1cf19ba6347bb6f8937c 
Importing 'GUID: e140c899c3d924dff8f41e493d33d3a7 - Path: Packages/com.unity.xr.arkit/Tests/Editor/Assets/TestReferenceImageLibrary.asset' with importer (NativeFormatImporter)
Imported 'GUID: e140c899c3d924dff8f41e493d33d3a7' -> (Import Result ID: 'a3a72a202bb0f76c051ff5545164d88c') in 0.001 seconds [static dependencies only]. Details - ImportResultOutputID=361e847882c7b8a46c9c23ee743c2f09 DependenciesID=8449133d8cab2d26f4dc89651026e38c StaticDependenciesID=da6ec28dc47fc05417f8bbf393547cc8 
Importing 'GUID: 125cb55b44b24c4393181402bc6200e6 - Path: Assets/TextMesh Pro/Examples & Extras/Resources/Fonts & Materials/Bangers SDF.asset' with importer (NativeFormatImporter)
Imported 'GUID: 125cb55b44b24c4393181402bc6200e6' -> (Import Result ID: 'b48f55407020ce4bd88ef59c789a6882') in 0.002 seconds [static dependencies only]. Details - ImportResultOutputID=061db0d34de2d618c51840db9e68ab9f DependenciesID=233c9644b3ea873c55fec1ecfc519b6e StaticDependenciesID=c128e1f9417649a479130bcb9f46a196 
Importing 'GUID: 5302535af1044152a457ed104f1f4b91 - Path: Assets/TextMesh Pro/Examples & Extras/Resources/Fonts & Materials/Roboto-Bold SDF.asset' with importer (NativeFormatImporter)
Imported 'GUID: 5302535af1044152a457ed104f1f4b91' -> (Import Result ID: '5fbc5cf66ae8b0144c4d9c3ace3b41d8') in 0.001 seconds [static dependencies only]. Details - ImportResultOutputID=4709a61516d7f031209fe4212c2e49aa DependenciesID=618afff2ed1c994f5fc9e9cdae02f29c StaticDependenciesID=44491c05a3e7e5e4e514dd41f87ad115 
Importing 'GUID: 8a89fa14b10d46a99122fd4f73fca9a2 - Path: Assets/TextMesh Pro/Examples & Extras/Resources/Fonts & Materials/Anton SDF.asset' with importer (NativeFormatImporter)
Imported 'GUID: 8a89fa14b10d46a99122fd4f73fca9a2' -> (Import Result ID: 'dc3aae76553d248ea5e08b31c9ac8d2f') in 0.001 seconds [static dependencies only]. Details - ImportResultOutputID=94a51a7a4739ff749d8b01c9999613a1 DependenciesID=9a9173492bedb78cf26d07cc6e1aa903 StaticDependenciesID=82b4b3f5dd7a46ffe9ec41bb3fd597bc 
Importing 'GUID: dc36b3fdc14f47ebb36fd484a67e268a - Path: Assets/TextMesh Pro/Examples & Extras/Resources/Fonts & Materials/Electronic Highway Sign SDF.asset' with importer (NativeFormatImporter)
Imported 'GUID: dc36b3fdc14f47ebb36fd484a67e268a' -> (Import Result ID: '4c574243a08b42d39e5d7d2d4ea299c1') in 0.001 seconds [static dependencies only]. Details - ImportResultOutputID=65718714409f7487f869358db059e159 DependenciesID=f0943cb59ed00f4eed6537a5fe7696ee StaticDependenciesID=8a2932a41ef22c6ec5f407d525003a26 
Importing 'GUID: 2e498d1c8094910479dc3e1b768306a4 - Path: Assets/TextMesh Pro/Resources/Fonts & Materials/LiberationSans SDF - Fallback.asset' with importer (NativeFormatImporter)
Imported 'GUID: 2e498d1c8094910479dc3e1b768306a4' -> (Import Result ID: '0d72610f89fe03c345ea0f4667a82e89') in 0.001 seconds [static dependencies only]. Details - ImportResultOutputID=94ce4dace069634644df4d315a8acf11 DependenciesID=a25b592650bbf2fd53d46410ecfed6a6 StaticDependenciesID=f846e54f1d2007e45f8173a9480f97a8 
Asset Pipeline Refresh (id=b80f88b59143249e8830aea8c213ce6a): Total: 0.037 seconds - Initiated by StopAssetImportingV2(NoUpdateAssetOptions)
[Licensing::Client] Successfully resolved entitlement details
info: Microsoft.AspNetCore.Hosting.Diagnostics[1]
      Request starting HTTP/2 POST http://ilpp/UnityILPP.PostProcessing/Ping - application/grpc -
info: Microsoft.AspNetCore.Routing.EndpointMiddleware[0]
      Executing endpoint 'gRPC - /UnityILPP.PostProcessing/Ping'
info: Microsoft.AspNetCore.Routing.EndpointMiddleware[1]
      Executed endpoint 'gRPC - /UnityILPP.PostProcessing/Ping'
info: Microsoft.AspNetCore.Hosting.Diagnostics[2]
      Request finished HTTP/2 POST http://ilpp/UnityILPP.PostProcessing/Ping - 200 - application/grpc 10.7542ms
Starting: /Applications/Unity/Hub/Editor/6000.5.9f1/Unity.app/Contents/Resources/BuildPipeline/bee_backend --ipc --defer-dag-verification --dagfile="Library/Bee/900b0aESkipCompile.dag" --continue-on-failure --profile="Library/Bee/backend1.traceevents" ScriptAssembliesAndTypeDB
WorkingDir: /Users/raghavarun/FirstCardboardExperience
ExitCode: 0 Duration: 0s85ms
*** Tundra build success (0.06 seconds), 0 items updated, 3 evaluated
Asset Pipeline Refresh (id=bca15bb80151d49d1b09b231ffc070b5): Total: 0.071 seconds - Initiated by RefreshV2(NoUpdateAssetOptions)
Total cache size 89434256
[ScriptCompilation] Requested script compilation because: Recompiling scripts for player build.
BuildPlayer: start building target 9
Total cache size after purge 89434256, took 00:00:00.1220598
info: Microsoft.AspNetCore.Hosting.Diagnostics[1]
      Request starting HTTP/2 POST http://ilpp/UnityILPP.PostProcessing/Ping - application/grpc -
info: Microsoft.AspNetCore.Routing.EndpointMiddleware[0]
      Executing endpoint 'gRPC - /UnityILPP.PostProcessing/Ping'
info: Microsoft.AspNetCore.Routing.EndpointMiddleware[1]
      Executed endpoint 'gRPC - /UnityILPP.PostProcessing/Ping'
info: Microsoft.AspNetCore.Hosting.Diagnostics[2]
      Request finished HTTP/2 POST http://ilpp/UnityILPP.PostProcessing/Ping - 200 - application/grpc 0.4851ms
Starting: /Applications/Unity/Hub/Editor/6000.5.9f1/Unity.app/Contents/Resources/BuildPipeline/bee_backend --ipc --defer-dag-verification --dagfile="Library/Bee/900b0aP.dag" --continue-on-failure --profile="Library/Bee/backend1.traceevents" ScriptAssembliesAndTypeDB
WorkingDir: /Users/raghavarun/FirstCardboardExperience
ExitCode: 0 Duration: 0s72ms
[180/296    0s] CopyFiles Library/Bee/PlayerScriptAssemblies/UnityEngine.UI.dll
[181/296    0s] CopyFiles Library/Bee/PlayerScriptAssemblies/UnityEngine.UI.pdb
[194/296    0s] CopyFiles Library/Bee/PlayerScriptAssemblies/UnityEngine.SpatialTracking.dll
[195/296    0s] CopyFiles Library/Bee/PlayerScriptAssemblies/Unity.XR.Management.dll
[196/296    0s] CopyFiles Library/Bee/PlayerScriptAssemblies/Unity.XR.Management.pdb
[197/296    0s] CopyFiles Library/Bee/PlayerScriptAssemblies/UnityEngine.SpatialTracking.pdb
[202/296    0s] CopyFiles Library/Bee/PlayerScriptAssemblies/Unity.Mathematics.dll
[203/296    0s] CopyFiles Library/Bee/PlayerScriptAssemblies/Unity.Mathematics.pdb
[204/296    0s] CopyFiles Library/Bee/PlayerScriptAssemblies/Unity.Multiplayer.Center.Common.dll
[205/296    0s] CopyFiles Library/Bee/PlayerScriptAssemblies/Unity.Multiplayer.Center.Common.pdb
[210/296    0s] CopyFiles Library/Bee/PlayerScriptAssemblies/Unity.InternalAPIEngineBridge.004.dll
[211/296    0s] CopyFiles Library/Bee/PlayerScriptAssemblies/Unity.InternalAPIEngineBridge.004.pdb
[212/296    0s] CopyFiles Library/Bee/PlayerScriptAssemblies/UnityEngine.XR.LegacyInputHelpers.dll
[213/296    0s] CopyFiles Library/Bee/PlayerScriptAssemblies/UnityEngine.XR.LegacyInputHelpers.pdb
[217/296    0s] CopyFiles Library/Bee/PlayerScriptAssemblies/Unity.Timeline.dll
[218/296    0s] CopyFiles Library/Bee/PlayerScriptAssemblies/Unity.Timeline.pdb
[221/296    0s] CopyFiles Library/Bee/PlayerScriptAssemblies/Unity.TextMeshPro.dll
[222/296    0s] CopyFiles Library/Bee/PlayerScriptAssemblies/Unity.TextMeshPro.pdb
[227/296    0s] CopyFiles Library/Bee/PlayerScriptAssemblies/Unity.InputSystem.dll
[230/296    0s] CopyFiles Library/Bee/PlayerScriptAssemblies/Unity.InputSystem.pdb
[234/296    0s] CopyFiles Library/Bee/PlayerScriptAssemblies/Google.XR.Cardboard.dll
[235/296    0s] CopyFiles Library/Bee/PlayerScriptAssemblies/Google.XR.Cardboard.pdb
[236/296    0s] CopyFiles Library/Bee/PlayerScriptAssemblies/Unity.InputSystem.ForUI.pdb
[237/296    0s] CopyFiles Library/Bee/PlayerScriptAssemblies/Unity.InputSystem.ForUI.dll
[243/296    0s] CopyFiles Library/Bee/PlayerScriptAssemblies/Unity.XR.CoreUtils.dll
[245/296    0s] CopyFiles Library/Bee/PlayerScriptAssemblies/Unity.XR.CoreUtils.pdb
[246/296    0s] CopyFiles Library/Bee/PlayerScriptAssemblies/Unity.VisualScripting.Core.dll
[247/296    0s] CopyFiles Library/Bee/PlayerScriptAssemblies/Unity.VisualScripting.Core.pdb
[251/296    0s] CopyFiles Library/Bee/PlayerScriptAssemblies/Unity.XR.ARSubsystems.dll
[252/296    0s] CopyFiles Library/Bee/PlayerScriptAssemblies/Unity.XR.ARSubsystems.pdb
[259/296    0s] CopyFiles Library/Bee/PlayerScriptAssemblies/Unity.XR.ARFoundation.InternalUtils.pdb
[260/296    0s] CopyFiles Library/Bee/PlayerScriptAssemblies/Unity.XR.ARFoundation.InternalUtils.dll
[263/296    0s] CopyFiles Library/Bee/PlayerScriptAssemblies/Unity.XR.ARKit.pdb
[265/296    0s] CopyFiles Library/Bee/PlayerScriptAssemblies/Unity.XR.ARKit.dll
[268/296    0s] CopyFiles Library/Bee/PlayerScriptAssemblies/Unity.XR.ARKit.FaceTracking.pdb
[269/296    0s] CopyFiles Library/Bee/PlayerScriptAssemblies/Unity.XR.ARKit.FaceTracking.dll
[271/296    0s] CopyFiles Library/Bee/PlayerScriptAssemblies/Unity.VisualScripting.Flow.dll
[272/296    0s] CopyFiles Library/Bee/PlayerScriptAssemblies/Unity.VisualScripting.Flow.pdb
[277/296    0s] CopyFiles Library/Bee/PlayerScriptAssemblies/Unity.VisualScripting.DocCodeExamples.dll
[278/296    0s] CopyFiles Library/Bee/PlayerScriptAssemblies/Unity.VisualScripting.DocCodeExamples.pdb
[281/296    0s] CopyFiles Library/Bee/PlayerScriptAssemblies/Unity.VisualScripting.State.pdb
[283/296    0s] CopyFiles Library/Bee/PlayerScriptAssemblies/Unity.VisualScripting.State.dll
[284/296    0s] CopyFiles Library/Bee/PlayerScriptAssemblies/Unity.XR.ARFoundation.pdb
[285/296    0s] CopyFiles Library/Bee/PlayerScriptAssemblies/Unity.XR.ARFoundation.dll
[289/296    0s] CopyFiles Library/Bee/PlayerScriptAssemblies/Unity.XR.ARFoundation.VisualScripting.dll
[290/296    0s] CopyFiles Library/Bee/PlayerScriptAssemblies/Unity.XR.ARFoundation.VisualScripting.pdb
[292/296    0s] CopyFiles Library/Bee/PlayerScriptAssemblies/Assembly-CSharp.dll
[293/296    0s] CopyFiles Library/Bee/PlayerScriptAssemblies/Assembly-CSharp.pdb
*** Tundra build success (0.05 seconds), 48 items updated, 296 evaluated
Total cache size 89434256
Total cache size after purge 89434256, took 00:00:00.0265517
Not rebuilding Data files -- no changes
[Licensing::Client] Successfully resolved entitlement details
[Licensing::Client] Successfully resolved entitlement details


Mono dependencies included in the build
Dependency assembly - System.Threading.ThreadPool.dll
Dependency assembly - System.Reflection.Emit.dll
Dependency assembly - System.Web.dll
Dependency assembly - System.Diagnostics.StackTrace.dll
Dependency assembly - System.Reflection.Emit.Lightweight.dll
Dependency assembly - Unity.InternalAPIEngineBridge.004.dll
Dependency assembly - System.Text.Encoding.CodePages.dll
Dependency assembly - System.IO.UnmanagedMemoryStream.dll
Dependency assembly - System.IO.FileSystem.Primitives.dll
Dependency assembly - System.Runtime.Serialization.Formatters.Soap.dll
Dependency assembly - Unity.Timeline.dll
Dependency assembly - System.Xml.ReaderWriter.dll
Dependency assembly - Microsoft.Bcl.AsyncInterfaces.dll
Dependency assembly - System.Dynamic.Runtime.dll
Dependency assembly - Accessibility.dll
Dependency assembly - System.Security.dll
Dependency assembly - System.ServiceModel.NetTcp.dll
Dependency assembly - System.EnterpriseServices.dll
Dependency assembly - System.ComponentModel.Primitives.dll
Dependency assembly - System.Net.HttpListener.dll
Dependency assembly - Microsoft.Extensions.Logging.Abstractions.dll
Dependency assembly - System.Data.Entity.dll
Dependency assembly - System.ComponentModel.EventBasedAsync.dll
Dependency assembly - System.DirectoryServices.Protocols.dll
Dependency assembly - System.Data.Common.dll
Dependency assembly - I18N.West.dll
Dependency assembly - System.Diagnostics.Debug.dll
Dependency assembly - System.ServiceModel.Http.dll
Dependency assembly - System.IO.MemoryMappedFiles.dll
Dependency assembly - System.Security.Cryptography.Algorithms.dll
Dependency assembly - System.Reflection.dll
Dependency assembly - Assembly-CSharp.dll
Dependency assembly - System.Numerics.Vectors.dll
Dependency assembly - System.Net.Sockets.dll
Dependency assembly - System.Net.Ping.dll
Dependency assembly - System.Net.WebSockets.Client.dll
Dependency assembly - System.IO.FileSystem.Watcher.dll
Dependency assembly - System.ComponentModel.dll
Dependency assembly - System.Security.Cryptography.Csp.dll
Dependency assembly - System.Net.Mail.dll
Dependency assembly - System.Security.Cryptography.RandomNumberGenerator.dll
Dependency assembly - System.Drawing.Primitives.dll
Dependency assembly - System.DirectoryServices.dll
Dependency assembly - System.Security.Cryptography.RSA.dll
Dependency assembly - System.Threading.Timer.dll
Dependency assembly - I18N.MidEast.dll
Dependency assembly - System.Resources.Reader.dll
Dependency assembly - System.Configuration.dll
Dependency assembly - System.Threading.dll
Dependency assembly - System.Collections.Concurrent.dll
Dependency assembly - System.Security.Cryptography.Primitives.dll
Dependency assembly - System.ServiceModel.Routing.dll
Dependency assembly - System.Net.WebHeaderCollection.dll
Dependency assembly - System.Linq.Parallel.dll
Dependency assembly - System.Data.OracleClient.dll
Dependency assembly - System.Net.Requests.dll
Dependency assembly - System.Diagnostics.Contracts.dll
Dependency assembly - System.Reflection.Primitives.dll
Dependency assembly - System.Threading.Thread.dll
Dependency assembly - System.ComponentModel.Annotations.dll
Dependency assembly - Unity.VisualScripting.DocCodeExamples.dll
Dependency assembly - System.Net.WebSockets.dll
Dependency assembly - System.Xml.XmlSerializer.dll
Dependency assembly - System.IdentityModel.dll
Dependency assembly - System.Web.RegularExpressions.dll
Dependency assembly - System.Collections.Specialized.dll
Dependency assembly - System.Net.AuthenticationManager.dll
Dependency assembly - System.Security.SecureString.dll
Dependency assembly - Microsoft.Win32.Primitives.dll
Dependency assembly - System.Data.Services.Client.dll
Dependency assembly - System.ServiceProcess.dll
Dependency assembly - mscorlib.dll
Dependency assembly - System.Runtime.Extensions.dll
Dependency assembly - System.IO.FileSystem.dll
Dependency assembly - System.Net.Security.dll
Dependency assembly - System.Diagnostics.DiagnosticSource.dll
Dependency assembly - System.Numerics.dll
Dependency assembly - System.Runtime.Loader.dll
Dependency assembly - System.Security.Claims.dll
Dependency assembly - System.AppContext.dll
Dependency assembly - System.Buffers.dll
Dependency assembly - System.IO.Pipes.dll
Dependency assembly - System.ServiceModel.Duplex.dll
Dependency assembly - System.Security.Cryptography.X509Certificates.dll
Dependency assembly - System.Runtime.InteropServices.dll
Dependency assembly - System.Windows.Forms.DataVisualization.dll
Dependency assembly - Mono.Data.Sqlite.dll
Dependency assembly - System.Security.Cryptography.DeriveBytes.dll
Dependency assembly - System.Security.Cryptography.Encryption.ECDsa.dll
Dependency assembly - System.ServiceModel.Security.dll
Dependency assembly - System.ServiceModel.dll
Dependency assembly - System.Reflection.TypeExtensions.dll
Dependency assembly - System.Security.Cryptography.Encoding.dll
Dependency assembly - Microsoft.CSharp.dll
Dependency assembly - System.Net.NameResolution.dll
Dependency assembly - System.Runtime.Serialization.Primitives.dll
Dependency assembly - System.Collections.dll
Dependency assembly - System.Security.Cryptography.OpenSsl.dll
Dependency assembly - System.ObjectModel.dll
Dependency assembly - System.Web.ApplicationServices.dll
Dependency assembly - System.Runtime.Caching.dll
Dependency assembly - System.Resources.ResourceManager.dll
Dependency assembly - System.IO.dll
Dependency assembly - System.Runtime.InteropServices.WindowsRuntime.dll
Dependency assembly - Unity.XR.ARKit.dll
Dependency assembly - UnityEngine.XR.LegacyInputHelpers.dll
Dependency assembly - System.ServiceProcess.ServiceController.dll
Dependency assembly - System.Web.Extensions.Design.dll
Dependency assembly - System.Security.Cryptography.Hashing.dll
Dependency assembly - System.Net.NetworkInformation.dll
Dependency assembly - System.Web.Extensions.dll
Dependency assembly - System.Net.dll
Dependency assembly - System.Threading.Tasks.dll
Dependency assembly - System.Management.dll
Dependency assembly - System.Net.Http.WebRequest.dll
Dependency assembly - Mono.Security.dll
Dependency assembly - System.ServiceModel.Activation.dll
Dependency assembly - System.Xml.XPath.dll
Dependency assembly - System.Runtime.DurableInstancing.dll
Dependency assembly - System.Net.Http.dll
Dependency assembly - netstandard.dll
Dependency assembly - System.Net.ServicePoint.dll
Dependency assembly - System.Threading.Tasks.Extensions.dll
Dependency assembly - System.Xml.XDocument.dll
Dependency assembly - System.Security.Cryptography.ProtectedData.dll
Dependency assembly - Unity.XR.ARFoundation.InternalUtils.dll
Dependency assembly - System.Windows.Forms.dll
Dependency assembly - System.Diagnostics.TraceSource.dll
Dependency assembly - System.ComponentModel.Composition.dll
Dependency assembly - System.Drawing.Design.dll
Dependency assembly - System.Security.Cryptography.Pkcs.dll
Dependency assembly - System.ServiceModel.Internals.dll
Dependency assembly - Microsoft.Win32.Registry.AccessControl.dll
Dependency assembly - System.Memory.dll
Dependency assembly - System.Security.Cryptography.Hashing.Algorithms.dll
Dependency assembly - System.ComponentModel.DataAnnotations.dll
Dependency assembly - System.Data.SqlClient.dll
Dependency assembly - Unity.XR.ARKit.FaceTracking.dll
Dependency assembly - System.Web.Services.dll
Dependency assembly - System.Collections.NonGeneric.dll
Dependency assembly - System.Runtime.CompilerServices.Unsafe.dll
Dependency assembly - Unity.Multiplayer.Center.Common.dll
Dependency assembly - System.ServiceModel.Discovery.dll
Dependency assembly - System.Globalization.dll
Dependency assembly - System.IO.IsolatedStorage.dll
Dependency assembly - System.Security.Cryptography.Encryption.ECDiffieHellman.dll
Dependency assembly - System.Linq.Queryable.dll
Dependency assembly - System.Xml.Xsl.Primitives.dll
Dependency assembly - System.Diagnostics.Tracing.dll
Dependency assembly - System.Data.DataSetExtensions.dll
Dependency assembly - System.Diagnostics.FileVersionInfo.dll
Dependency assembly - System.Diagnostics.Process.dll
Dependency assembly - System.Runtime.Serialization.dll
Dependency assembly - System.Linq.Expressions.dll
Dependency assembly - System.ServiceModel.Web.dll
Dependency assembly - System.Diagnostics.Tools.dll
Dependency assembly - System.Text.Encoding.dll
Dependency assembly - System.Windows.dll
Dependency assembly - System.Drawing.dll
Dependency assembly - UnityEngine.UI.dll
Dependency assembly - Microsoft.Win32.Registry.dll
Dependency assembly - System.Linq.dll
Dependency assembly - System.Diagnostics.TextWriterTraceListener.dll
Dependency assembly - System.Diagnostics.TraceEvent.dll
Dependency assembly - System.Net.Primitives.dll
Dependency assembly - System.Runtime.Serialization.Json.dll
Dependency assembly - System.dll
Dependency assembly - System.Text.Encoding.Extensions.dll
Dependency assembly - Unity.VisualScripting.State.dll
Dependency assembly - System.IdentityModel.Selectors.dll
Dependency assembly - System.Text.Json.dll
Dependency assembly - System.Runtime.Handles.dll
Dependency assembly - Microsoft.Extensions.DependencyInjection.Abstractions.dll
Dependency assembly - System.IO.Compression.ZipFile.dll
Dependency assembly - System.Runtime.Serialization.Formatters.dll
Dependency assembly - System.ServiceModel.Primitives.dll
Dependency assembly - System.Threading.Overlapped.dll
Dependency assembly - Unity.XR.ARFoundation.dll
Dependency assembly - System.Text.Encodings.Web.dll
Dependency assembly - System.Xml.XPath.XmlDocument.dll
Dependency assembly - Unity.TextMeshPro.dll
Dependency assembly - System.Text.RegularExpressions.dll
Dependency assembly - System.Xml.Serialization.dll
Dependency assembly - Unity.InputSystem.ForUI.dll
Dependency assembly - System.Resources.Writer.dll
Dependency assembly - System.Net.Utilities.dll
Dependency assembly - Unity.VisualScripting.Flow.dll
Dependency assembly - System.Xaml.dll
Dependency assembly - System.Xml.dll
Dependency assembly - Mono.Data.Tds.dll
Dependency assembly - System.Reflection.Context.dll
Dependency assembly - System.Xml.Linq.dll
Dependency assembly - System.Reflection.DispatchProxy.dll
Dependency assembly - System.Data.Services.dll
Dependency assembly - System.IO.FileSystem.AccessControl.dll
Dependency assembly - UnityEngine.SpatialTracking.dll
Dependency assembly - System.Security.Cryptography.Encryption.Aes.dll
Dependency assembly - System.Xml.XmlDocument.dll
Dependency assembly - System.Console.dll
Dependency assembly - Unity.XR.Management.dll
Dependency assembly - System.Json.dll
Dependency assembly - Unity.VisualScripting.Core.dll
Dependency assembly - System.Design.dll
Dependency assembly - System.Threading.Tasks.Parallel.dll
Dependency assembly - System.Runtime.CompilerServices.VisualC.dll
Dependency assembly - Unity.XR.CoreUtils.dll
Dependency assembly - System.Runtime.Serialization.Xml.dll
Dependency assembly - System.Security.Principal.dll
Dependency assembly - System.Web.DynamicData.dll
Dependency assembly - System.Runtime.Remoting.dll
Dependency assembly - System.IO.Hashing.dll
Dependency assembly - System.Security.Cryptography.Encryption.dll
Dependency assembly - System.Runtime.Numerics.dll
Dependency assembly - System.Configuration.Install.dll
Dependency assembly - System.Security.Cryptography.Cng.dll
Dependency assembly - Unity.XR.ARFoundation.VisualScripting.dll
Dependency assembly - System.Core.dll
Dependency assembly - System.Messaging.dll
Dependency assembly - System.Xml.XPath.XDocument.dll
Dependency assembly - Unity.Mathematics.dll
Dependency assembly - I18N.Rare.dll
Dependency assembly - System.Resources.ReaderWriter.dll
Dependency assembly - System.Data.dll
Dependency assembly - System.Threading.AccessControl.dll
Dependency assembly - I18N.dll
Dependency assembly - System.Reflection.Emit.ILGeneration.dll
Dependency assembly - System.Security.AccessControl.dll
Dependency assembly - System.Reflection.Metadata.dll
Dependency assembly - Unity.XR.ARSubsystems.dll
Dependency assembly - System.Runtime.InteropServices.RuntimeInformation.dll
Dependency assembly - System.ValueTuple.dll
Dependency assembly - Google.XR.Cardboard.dll
Dependency assembly - System.IO.Compression.dll
Dependency assembly - I18N.CJK.dll
Dependency assembly - System.Data.Linq.dll
Dependency assembly - System.Net.Cache.dll
Dependency assembly - System.Globalization.Calendars.dll
Dependency assembly - I18N.Other.dll
Dependency assembly - System.ComponentModel.TypeConverter.dll
Dependency assembly - System.Collections.Immutable.dll
Dependency assembly - System.Reflection.Extensions.dll
Dependency assembly - Unity.InputSystem.dll
Dependency assembly - System.Runtime.dll
Dependency assembly - System.IO.FileSystem.DriveInfo.dll
Dependency assembly - System.Globalization.Extensions.dll
Dependency assembly - System.Security.Principal.Windows.dll
Dependency assembly - Unity.VisualScripting.Antlr3.Runtime.dll
Dependency assembly - System.IO.Compression.FileSystem.dll
Dependency assembly - System.Transactions.dll

info: Microsoft.AspNetCore.Hosting.Diagnostics[1]
      Request starting HTTP/2 POST http://ilpp/UnityILPP.PostProcessing/Ping - application/grpc -
info: Microsoft.AspNetCore.Routing.EndpointMiddleware[0]
      Executing endpoint 'gRPC - /UnityILPP.PostProcessing/Ping'
info: Microsoft.AspNetCore.Routing.EndpointMiddleware[1]
      Executed endpoint 'gRPC - /UnityILPP.PostProcessing/Ping'
info: Microsoft.AspNetCore.Hosting.Diagnostics[2]
      Request finished HTTP/2 POST http://ilpp/UnityILPP.PostProcessing/Ping - 200 - application/grpc 0.2148ms
Starting: /Applications/Unity/Hub/Editor/6000.5.9f1/Unity.app/Contents/Resources/BuildPipeline/bee_backend --ipc --dagfile="Library/Bee/Playerded8ce12.dag" --profile="Library/Bee/backend1.traceevents" Player
WorkingDir: /Users/raghavarun/FirstCardboardExperience
Rebuilding DAG because FileSignature timestamp changed: Library/Bee/Playerded8ce12-inputdata.json
*** Tundra requires additional run (0.05 seconds), 0 items updated, 0 evaluated
Starting: /Applications/Unity/Hub/Editor/6000.5.9f1/Unity.app/Contents/Resources/Scripting/netcorerun/netcorerun "/Applications/Unity/Hub/Editor/6000.5.9f1/PlaybackEngines/iOSSupport/iOSPlayerBuildProgram.exe" "/Applications/Unity/Hub/Editor/6000.5.9f1/PlaybackEngines/iOSSupport/Bee:/Applications/Unity/Hub/Editor/6000.5.9f1/Unity.app/Contents/Resources/BuildPipeline" "Library/Bee/Playerded8ce12.dag.json" "Library/Bee/Playerded8ce12-inputdata.json" "Library/Bee/buildprogram0.traceevents"
WorkingDir: /Users/raghavarun/FirstCardboardExperience
ExitCode: 4 Duration: 0s133ms
ExitCode: 0 Duration: 0s790ms
Starting: /Applications/Unity/Hub/Editor/6000.5.9f1/Unity.app/Contents/Resources/BuildPipeline/bee_backend --ipc --dagfile="Library/Bee/Playerded8ce12.dag" --dagfilejson="Library/Bee/Playerded8ce12.dag.json" --profile="Library/Bee/backend2.traceevents" Player
WorkingDir: /Users/raghavarun/FirstCardboardExperience
Finished compiling graph: 3405 nodes, 7323 flattened edges (7314 ToBuild, 9 ToUse), maximum node priority 450
[ 275/3404  0s] CopyFiles Temp/EditorBuildOutput/UnityLinkerToEditorData.json
[2623/3404  0s] AddBootConfigGUID Library/Bee/artifacts/iOS/boot.config
[2817/3404  0s] CopyFiles /Users/raghavarun/Documents/Builds/CardboardBall/Data/boot.config
[3344/3404  0s] CopyFiles /Users/raghavarun/Documents/Builds/CardboardBall/Classes/UI/Keyboard.mm
[3403/3404  0s] WriteText /Users/raghavarun/Documents/Builds/CardboardBall/Unity-iPhone.xcodeproj/project.pbxproj
*** Tundra build success (0.31 seconds), 5 items updated, 3404 evaluated
Total cache size 89434256
Total cache size after purge 89434256, took 00:00:00.0452229
ExitCode: 0 Duration: 0s436ms
Asset Pipeline Refresh (id=3dbe7e8060dde47d3a470d7c7aa6214d): Total: 0.031 seconds - Initiated by StopAssetImportingV2(NoUpdateAssetOptions)
Asset Pipeline Refresh (id=a7db450827aa54868bf437d32a34b128): Total: 0.022 seconds - Initiated by StopAssetImportingV2(NoUpdateAssetOptions)
Asset Pipeline Refresh (id=6d376ef21ceaa41d9aefef4e837939a2): Total: 0.022 seconds - Initiated by StopAssetImportingV2(NoUpdateAssetOptions)
Asset Pipeline Refresh (id=e4b192d46add04bc5bd9ff87104485a4): Total: 0.073 seconds - Initiated by RefreshV2(NoUpdateAssetOptions)
2026-09-01 02:06:39.568 Unity[6183:55116] warning: couldn't resolve application pid 8163.
*** Terminating app due to uncaught exception 'NSInvalidArgumentException', reason: '-[SBApplication activeWorkspaceDocument]: unrecognized selector sent to instance 0x92e678450'
*** First throw call stack:
(
	0   CoreFoundation                      0x000000018720f1f0 __exceptionPreprocess + 176
	1   libobjc.A.dylib                     0x0000000186c8a91c objc_exception_throw + 88
	2   CoreFoundation                      0x00000001872d03b4 -[NSObject(NSObject) __retain_OA] + 0
	3   CoreFoundation                      0x000000018717ff68 ___forwarding___ + 1480
	4   CoreFoundation                      0x000000018717f8e0 _CF_forwarding_prep_0 + 96
	5   UnityEditor.iOS.Native.dylib        0x0000000173b92b10 SetXcodeActiveRunDestinationFirstNonGenericDevice + 76
	6   ???                                 0x000000032f76ea7c 0x0 + 13681224316
	7   ???                                 0x000000032f76e9a8 0x0 + 13681224104
	8   ???                                 0x000000032f76d35c 0x0 + 13681218396
	9   ???                                 0x000000032f76cec0 0x0 + 13681217216
	10  ???                                 0x000000032f76cc38 0x0 + 13681216568
	11  ???                                 0x000000032f76c7fc 0x0 + 13681215484
	12  ???                                 0x000000032f76cae0 0x0 + 13681216224
	13  libmonobdwgc-2.0.dylib              0x0000000168fcf0a8 mono_jit_runtime_invoke + 1924
	14  libmonobdwgc-2.0.dylib              0x0000000169154b38 do_runtime_invoke + 104
	15  libmonobdwgc-2.0.dylib              0x0000000169154a78 mono_runtime_invoke + 36
	16  Unity                               0x0000000104ff95dc _Z23scripting_method_invoke18ScriptingMethodPtr18ScriptingObjectPtrR18ScriptingArgumentsP21ScriptingExceptionPtrb + 92
	17  Unity                               0x0000000104fd085c _ZN19ScriptingInvocation6InvokeEP21ScriptingExceptionPtrb + 204
	18  Unity                               0x00000001035ae61c _ZN9Scripting11UnityEditor27PostprocessBuildPlayerProxy6LaunchEiN4core16basic_string_refIcEES4_i18ScriptingObjectPtrP21ScriptingExceptionPtr + 192
	19  Unity                               0x0000000102e94568 _Z23LaunchPlayerIfSupportedRKN4core12basic_stringIcNS_20StringStorageDefaultIcEEEE19BuildTargetPlatform18BuildPlayerOptionsRN14BuildReporting11BuildReportE + 620
	20  Unity                               0x00000001036d0b30 _Z28BuildPlayerInternalPostBuildRN14BuildReporting11BuildReportE + 492
	21  Unity                               0x00000001036d3170 _ZL23DoBuildPlayer_PostBuildRN4core12basic_stringIcNS_20StringStorageDefaultIcEEEE18BuildPlayerOptions18ScriptingObjectPtr19BuildTargetPlatformiRN14BuildReporting11BuildReportE + 2728
	22  Unity                               0x00000001036d5dc4 _Z15BuildPlayerStepRK16BuildPlayerSetupRN14BuildReporting11BuildReportE + 4348
	23  Unity                               0x00000001036d4b44 _Z11BuildPlayerRK16BuildPlayerSetupRN14BuildReporting11BuildReportE + 1996
	24  Unity                               0x0000000103496468 _Z40BuildPipeline_CUSTOM_BuildPlayerInternalP36ScriptingBackendNativeArrayPtrOpaqueP19BindingsManagedSpanS2_24BuildTargetPlatformGroup19BuildTargetPlatformi18BuildPlayerOptionsS0_S0_h + 1612
	25  ???                                 0x000000032e25b9b4 0x0 + 13659126196
	26  ???                                 0x000000032e25b49c 0x0 + 13659124892
	27  ???                                 0x000000032e25b0c0 0x0 + 13659123904
	28  ???                                 0x000000032e259b3c 0x0 + 13659118396
	29  ???                                 0x000000032e2542cc 0x0 + 13659095756
	30  ???                                 0x000000032e253f24 0x0 + 13659094820
	31  ???                                 0x000000032e253ea8 0x0 + 13659094696
	32  ???                                 0x000000032df3f790 0x0 + 13655865232
	33  ???                                 0x000000017c8a2998 0x0 + 6384396696
	34  libmonobdwgc-2.0.dylib              0x0000000168fcf0a8 mono_jit_runtime_invoke + 1924
	35  libmonobdwgc-2.0.dylib              0x0000000169154b38 do_runtime_invoke + 104
	36  libmonobdwgc-2.0.dylib              0x0000000169154a78 mono_runtime_invoke + 36
	37  Unity                               0x0000000104ff95dc _Z23scripting_method_invoke18ScriptingMethodPtr18ScriptingObjectPtrR18ScriptingArgumentsP21ScriptingExceptionPtrb + 92
	38  Unity                               0x0000000104fd085c _ZN19ScriptingInvocation6InvokeEP21ScriptingExceptionPtrb + 204
	39  Unity                               0x00000001035a8e9c _ZN9Scripting11UnityEditor22EditorApplicationProxy27Internal_CallDelayFunctionsEP21ScriptingExceptionPtr + 84
	40  Unity                               0x0000000102d5e9b8 _ZN11Application9TickTimerEv + 3940
	41  Unity                               0x0000000102acad8c -[EditorApplication onEditorUpdatesTickTimer] + 408
	42  Foundation                          0x0000000188a26ed0 __NSFireTimer + 104
	43  CoreFoundation                      0x00000001871ba348 __CFRUNLOOP_IS_CALLING_OUT_TO_A_TIMER_CALLBACK_FUNCTION__ + 32
	44  CoreFoundation                      0x00000001871ba040 __CFRunLoopDoTimer + 980
	45  CoreFoundation                      0x00000001871b9bb8 __CFRunLoopDoTimers + 280
	46  CoreFoundation                      0x000000018719fc68 __CFRunLoopRun + 1816
	47  CoreFoundation                      0x0000000187272264 _CFRunLoopRunSpecificWithOptions + 532
	48  HIToolbox                           0x0000000193f8b560 RunCurrentEventLoopInMode + 320
	49  HIToolbox                           0x0000000193f8e8bc ReceiveNextEventCommon + 488
	50  HIToolbox                           0x000000019411814c _BlockUntilNextEventMatchingListInMode + 48
	51  AppKit                              0x000000018bc823d0 _DPSBlockUntilNextEventMatchingListInMode + 228
	52  AppKit                              0x000000018b5d6084 _DPSNextEvent + 576
	53  AppKit                              0x000000018c16b96c -[NSApplication(NSEventRouting) _nextEventMatchingEventMask:untilDate:inMode:dequeue:] + 688
	54  AppKit                              0x000000018c16b678 -[NSApplication(NSEventRouting) nextEventMatchingMask:untilDate:inMode:dequeue:] + 72
	55  AppKit                              0x000000018b5c913c -[NSApplication run] + 368
	56  AppKit                              0x000000018b5a17b0 NSApplicationMain + 880
	57  Unity                               0x0000000102ad8f50 _Z10EditorMainiPPKc + 660
	58  Unity                               0x0000000102ad9250 main + 12
	59  dyld                                0x0000000186d184e4 start + 6992
)
libc++abi: terminating due to uncaught exception of type NSException
Obtained 67 stack frames.
#0  0x000001870a85e8 in __pthread_kill
#1  0x00000186fe9978 in abort
#2  0x0000018709a72c in __cxxabiv1::__shim_type_info::~__shim_type_info()
#3  0x00000187087588 in std::set_unexpected(void (*)())
#4  0x00000186c94894 in _objc_terminate()
#5  0x0000018709775c in std::__terminate(void (*)())
#6  0x00000187099be4 in __cxa_get_exception_ptr
#7  0x0000018708609c in __cxa_get_globals
#8  0x00000186c8aa84 in objc_exception_throw
#9  0x000001872d03b4 in -[NSObject(NSObject) __retain_OA]
#10 0x0000018717ff68 in ___forwarding___
#11 0x0000018717f8e0 in _CF_forwarding_prep_0
#12 0x00000173b92b10 in SetXcodeActiveRunDestinationFirstNonGenericDevice
#13 0x0000032f76ea7c in  (wrapper managed-to-native) UnityEditor.iOS.XCodeUtils:SetXcodeActiveRunDestinationFirstNonGenericDevice (string) [{0x91e915638} + 0x6c]  (0x32f76ea10 0x32f76eae4) [0x164642a80 - Unity Child Domain]
#14 0x0000032f76e9a8 in  UnityEditor.iOS.XcodeController:SetActiveRunDestinationFirstNonGenericDevice () [{0x91e914e20} + 0x18] [/Users/bokken/build/output/unity/unity/PlatformDependent/CommonApple/Extensions/XcodeController.cs :: 87u] (0x32f76e990 0x32f76e9bc) [0x164642a80 - Unity Child Domain]
#15 0x0000032f76d35c in  UnityEditor.iOS.XcodeHelper:LaunchInXcode (string,string,bool,UnityEditor.BuildTarget) [{0x91e914ba8} + 0x1dc] [/Users/bokken/build/output/unity/unity/PlatformDependent/CommonApple/Extensions/XcodeHelper.cs :: 124u] (0x32f76d180 0x32f76d474) [0x164642a80 - Unity Child Domain]
#16 0x0000032f76cec0 in  UnityEditor.iOS.XcodeHelper:Launch (UnityEditor.Modules.BuildLaunchPlayerArgs) [{0x91e914ac0} + 0x1b8] [/Users/bokken/build/output/unity/unity/PlatformDependent/CommonApple/Extensions/XcodeHelper.cs :: 90u] (0x32f76cd08 0x32f76ced0) [0x164642a80 - Unity Child Domain]
#17 0x0000032f76cc38 in  UnityEditor.iOS.iOSBuildPostprocessor:LaunchPlayer (UnityEditor.Modules.BuildLaunchPlayerArgs) [{0x9300238b8} + 0x50] [/Users/bokken/build/output/unity/unity/PlatformDependent/iPhonePlayer/Extensions/Common/iOSBuildPostprocessor.cs :: 70u] (0x32f76cbe8 0x32f76cc88) [0x164642a80 - Unity Child Domain]
#18 0x0000032f76c7fc in  UnityEditor.PostprocessBuildPlayer:Launch (UnityEditor.BuildTarget,string,string,UnityEditor.BuildOptions,UnityEditor.Build.Reporting.BuildReport) [{0x928d689e0} + 0x17c] [/Users/bokken/build/output/unity/unity/Editor/Mono/BuildPipeline/PostprocessBuildPlayer.cs :: 183u] (0x32f76c680 0x32f76c8d4) [0x164642a80 - Unity Child Domain]
#19 0x0000032f76cae0 in  (wrapper runtime-invoke) <Module>:runtime_invoke_void_int_object_object_int_object (object,intptr,intptr,intptr) [{0x91dbab330} + 0x88]  (0x32f76ca58 0x32f76cb94) [0x164642a80 - Unity Child Domain]
#20 0x00000168fcf0a8 in mono_jit_runtime_invoke
#21 0x00000169154b38 in do_runtime_invoke
#22 0x00000169154a78 in mono_runtime_invoke
#23 0x00000104ff95dc in scripting_method_invoke(ScriptingMethodPtr, ScriptingObjectPtr, ScriptingArguments&, ScriptingExceptionPtr*, bool)
#24 0x00000104fd085c in ScriptingInvocation::Invoke(ScriptingExceptionPtr*, bool)
#25 0x000001035ae61c in Scripting::UnityEditor::PostprocessBuildPlayerProxy::Launch(int, core::basic_string_ref<char>, core::basic_string_ref<char>, int, ScriptingObjectPtr, ScriptingExceptionPtr*)
#26 0x00000102e94568 in LaunchPlayerIfSupported(core::basic_string<char, core::StringStorageDefault<char>> const&, BuildTargetPlatform, BuildPlayerOptions, BuildReporting::BuildReport&)
#27 0x000001036d0b30 in BuildPlayerInternalPostBuild(BuildReporting::BuildReport&)
#28 0x000001036d3170 in DoBuildPlayer_PostBuild(core::basic_string<char, core::StringStorageDefault<char>>&, BuildPlayerOptions, ScriptingObjectPtr, BuildTargetPlatform, int, BuildReporting::BuildReport&)
#29 0x000001036d5dc4 in BuildPlayerStep(BuildPlayerSetup const&, BuildReporting::BuildReport&)
#30 0x000001036d4b44 in BuildPlayer(BuildPlayerSetup const&, BuildReporting::BuildReport&)
#31 0x00000103496468 in BuildPipeline_CUSTOM_BuildPlayerInternal(ScriptingBackendNativeArrayPtrOpaque*, BindingsManagedSpan*, BindingsManagedSpan*, BuildTargetPlatformGroup, BuildTargetPlatform, int, BuildPlayerOptions, ScriptingBackendNativeArrayPtrOpaque*, ScriptingBackendNativeArrayPtrOpaque*, unsigned char)
#32 0x0000032e25b9b4 in  (wrapper managed-to-native) UnityEditor.BuildPipeline:BuildPlayerInternal_Injected (string[],UnityEngine.Bindings.ManagedSpanWrapper&,UnityEngine.Bindings.ManagedSpanWrapper&,UnityEditor.BuildTargetGroup,UnityEditor.BuildTarget,int,UnityEditor.BuildOptions,string[],string[],bool) [{0x91ea42418} + 0xbc]  (0x32e25b8f8 0x32e25ba1c) [0x164642a80 - Unity Child Domain]
#33 0x0000032e25b49c in  UnityEditor.BuildPipeline:BuildPlayerInternal (string[],string,string,UnityEditor.BuildTargetGroup,UnityEditor.BuildTarget,int,UnityEditor.BuildOptions,string[],string[],bool) [{0x9289f9278} + 0x37c]  (0x32e25b120 0x32e25b7c4) [0x164642a80 - Unity Child Domain]
#34 0x0000032e25b0c0 in  UnityEditor.BuildPipeline:BuildPlayerFromUI (UnityEditor.BuildPlayerOptions,bool) [{0x9289f91a0} + 0x78] [/Users/bokken/build/output/unity/unity/Editor/Mono/BuildPipeline/BuildPipeline.bindings.cs :: 297u] (0x32e25b048 0x32e25b0cc) [0x164642a80 - Unity Child Domain]
#35 0x0000032e259b3c in  UnityEditor.BuildPlayerWindow/DefaultBuildMethods:BuildPlayer (UnityEditor.BuildPlayerOptions) [{0x91ec4c178} + 0x2ac] [/Users/bokken/build/output/unity/unity/Editor/Mono/BuildPlayerWindowBuildMethods.cs :: 169u] (0x32e259890 0x32e25a0ac) [0x164642a80 - Unity Child Domain]
#36 0x0000032e2542cc in  UnityEditor.BuildPlayerWindow:CallBuildMethods (bool,UnityEditor.BuildOptions) [{0x9289fa888} + 0x34c] [/Users/bokken/build/output/unity/unity/Editor/Mono/BuildPlayerWindowBuildMethods.cs :: 97u] (0x32e253f80 0x32e254350) [0x164642a80 - Unity Child Domain]
#37 0x0000032e253f24 in  UnityEditor.Build.Profile.BuildProfileModuleUtil:CallInternalBuildMethods (bool,UnityEditor.BuildOptions) [{0x9289e9ee0} + 0x1c] [/Users/bokken/build/output/unity/unity/Editor/Mono/BuildProfile/BuildProfileModuleUtil.cs :: 447u] (0x32e253f08 0x32e253f30) [0x164642a80 - Unity Child Domain]
#38 0x0000032e253ea8 in  UnityEditor.Build.Profile.BuildProfileWindow/<>c__DisplayClass55_0:<OnBuildButtonClicked>b__0 () [{0x9210025e8} + 0x20] [/Users/bokken/build/output/unity/unity/Modules/BuildProfileEditor/BuildProfileWindow.cs :: 666u] (0x32e253e88 0x32e253eb8) [0x164642a80 - Unity Child Domain]
#39 0x0000032df3f790 in  UnityEditor.EditorApplication:Internal_CallDelayFunctions () [{0x928821100} + 0xe8] [/Users/bokken/build/output/unity/unity/Editor/Mono/EditorApplication.cs :: 418u] (0x32df3f6a8 0x32df3f7f0) [0x164642a80 - Unity Child Domain]
#40 0x0000017c8a2998 in  (wrapper runtime-invoke) object:runtime_invoke_void (object,intptr,intptr,intptr) [{0x9297500b8} + 0x68]  (0x17c8a2930 0x17c8a2a2c) [0x164642a80 - Unity Child Domain]
#41 0x00000168fcf0a8 in mono_jit_runtime_invoke
#42 0x00000169154b38 in do_runtime_invoke
#43 0x00000169154a78 in mono_runtime_invoke
#44 0x00000104ff95dc in scripting_method_invoke(ScriptingMethodPtr, ScriptingObjectPtr, ScriptingArguments&, ScriptingExceptionPtr*, bool)
#45 0x00000104fd085c in ScriptingInvocation::Invoke(ScriptingExceptionPtr*, bool)
#46 0x000001035a8e9c in Scripting::UnityEditor::EditorApplicationProxy::Internal_CallDelayFunctions(ScriptingExceptionPtr*)
#47 0x00000102d5e9b8 in Application::TickTimer()
#48 0x00000102acad8c in -[EditorApplication onEditorUpdatesTickTimer]
#49 0x00000188a26ed0 in __NSFireTimer
#50 0x000001871ba348 in __CFRUNLOOP_IS_CALLING_OUT_TO_A_TIMER_CALLBACK_FUNCTION__
#51 0x000001871ba040 in __CFRunLoopDoTimer
#52 0x000001871b9bb8 in __CFRunLoopDoTimers
#53 0x0000018719fc68 in __CFRunLoopRun
#54 0x00000187272264 in _CFRunLoopRunSpecificWithOptions
#55 0x00000193f8b560 in RunCurrentEventLoopInMode
#56 0x00000193f8e8bc in ReceiveNextEventCommon
#57 0x0000019411814c in _BlockUntilNextEventMatchingListInMode
#58 0x0000018bc823d0 in _DPSBlockUntilNextEventMatchingListInMode
#59 0x0000018b5d6084 in _DPSNextEvent
#60 0x0000018c16b96c in -[NSApplication(NSEventRouting) _nextEventMatchingEventMask:untilDate:inMode:dequeue:]
#61 0x0000018c16b678 in -[NSApplication(NSEventRouting) nextEventMatchingMask:untilDate:inMode:dequeue:]
#62 0x0000018b5c913c in -[NSApplication run]
#63 0x0000018b5a17b0 in NSApplicationMain
#64 0x00000102ad8f50 in EditorMain(int, char const**)
#65 0x00000102ad9250 in main
#66 0x00000186d184e4 in start
Launching bug reporter
Error compiling MSL shader: #include <metal_stdlib>
#include <simd/simd.h>
using namespace metal;
struct Inputs {
    float2 inPosition  [[attribute(0)]];
    float4 inColor  [[attribute(1)]];
    ushort2 inTextureCoords  [[attribute(2)]];
};
struct Outputs {
    float4 sk_Position [[position]];
    float2 vTextureCoords_Stage0  [[user(locn0)]];
    float vTexIndex_Stage0  [[user(locn1)]];
    float4 vinColor_Stage0  [[user(locn2)]];
    float sk_PointSize [[point_size]];
};
struct uniformBuffer {
    float4 sk_RTAdjust;
    float2 uAtlasSizeInv_Stage0;
};
struct Globals {
    constant uniformBuffer* _anonInterface0;
};





vertex Outputs vertexMain(Inputs _in [[stage_in]], constant uniformBuffer& _anonInterface0 [[buffer(0)]], uint sk_VertexID [[vertex_id]], uint sk_InstanceID [[instance_id]]) {
    Globals globalStruct{&_anonInterface0};
    thread Globals* _globals = &globalStruct;
    (void)_globals;
    Outputs _outputStruct;
    thread Outputs* _out = &_outputStruct;
    float2 unormTexCoords = float2(float(_in.inTextureCoords.x), float(_in.inTextureCoords.y));
    _out->vTextureCoords_Stage0 = unormTexCoords * _globals->_anonInterface0->uAtlasSizeInv_Stage0;
    _out->vTexIndex_Stage0 = 0.0;
    _out->vinColor_Stage0 = _in.inColor;
    _out->sk_Position = float4(_in.inPosition.x, _in.inPosition.y, 0.0, 1.0);
    _out->sk_Position = float4(_out->sk_Position.xy * _globals->_anonInterface0->sk_RTAdjust.xz + _out->sk_Position.ww * _globals->_anonInterface0->sk_RTAdjust.yw, 0.0, _out->sk_Position.w);
    _out->sk_Position.y = -_out->sk_Position.y;
    return *_out;
}

Error Domain=org.skia.ganesh Code=1 "Compilation took longer than 300 ms" UserInfo={NSLocalizedDescription=Compilation took longer than 300 ms}
info: Microsoft.Hosting.Lifetime[0]
      Application is shutting down...
